<?xml version="1.0" encoding="UTF-8"?>
<list xmlns:xsi="http://www.w3.org/2001/XMLSchema-instance" xsi:noNamespaceSchemaLocation="../xsd/buylist.xsd">
	<npcs>
		<npc>30060</npc> <!-- Sabrin -->
	</npcs>
	<item id="2" price="163200" /> <!-- Long Sword -->
	<item id="218" price="163200" /> <!-- Throwing Knife -->
	<item id="272" price="163200" /> <!-- Forest Bow -->
	<item id="15" price="163200" /> <!-- Short Spear -->
	<item id="256" price="163200" /> <!-- Cestus -->
	<item id="68" price="292800" /> <!-- Falchion -->
	<item id="219" price="292800" /> <!-- Sword Breaker -->
	<item id="273" price="292800" /> <!-- Compound Bow -->
	<item id="155" price="292800" /> <!-- Flanged Mace -->
	<item id="87" price="292800" /> <!-- Iron Hammer -->
	<item id="16" price="292800" /> <!-- Great Spear -->
	<item id="257" price="292800" /> <!-- Viper Fang -->
	<item id="123" price="490800" /> <!-- Saber -->
	<item id="7880" price="490800" /> <!-- Steel Sword -->
	<item id="220" price="490800" /> <!-- Crafted Dagger -->
	<item id="221" price="490800" /> <!-- Assassin Knife -->
	<item id="274" price="490800" /> <!-- Reinforced Bow -->
	<item id="156" price="490800" /> <!-- Hand Axe -->
	<item id="166" price="490800" /> <!-- Heavy Mace -->
	<item id="168" price="490800" /> <!-- Work Hammer -->
	<item id="291" price="490800" /> <!-- Trident -->
	<item id="258" price="490800" /> <!-- Bagh-Nakh -->
	<item id="69" price="772800" /> <!-- Bastard Sword -->
	<item id="222" price="772800" /> <!-- Poniard Dagger -->
	<item id="275" price="772800" /> <!-- Longbow -->
	<item id="277" price="772800" /> <!-- Dark Elven Bow -->
	<item id="292" price="772800" /> <!-- Pike -->
	<item id="295" price="772800" /> <!-- Dwarven Trident -->
	<item id="259" price="772800" /> <!-- Single-Edged Jamadhr -->
	<item id="88" price="1680000" /> <!-- Morning Star -->
</list>
