﻿<?xml version="1.0" encoding="UTF-8"?>
<list xmlns:xsi="http://www.w3.org/2001/XMLSchema-instance" xsi:noNamespaceSchemaLocation="../xsd/buylist.xsd">
	<item id="2500" price="0" /> <!-- Dark Legion's Edge -->
	<item id="81" price="0" /> <!-- Dragon Slayer -->
	<item id="151" price="0" /> <!-- Sword of Miracles -->
	<item id="150" price="0" /> <!-- Elemental Sword -->
	<item id="80" price="0" /> <!-- Tallum Blade -->
	<item id="305" price="0" /> <!-- Tallum Glaive -->
	<item id="98" price="0" /> <!-- Halberd -->
	<item id="270" price="0" /> <!-- Dragon Grinder -->
	<item id="269" price="0" /> <!-- Blood Tornado -->
	<item id="236" price="0" /> <!-- Soul Separator -->
	<item id="235" price="0" /> <!-- Bloody Orchid -->
	<item id="289" price="0" /> <!-- Soul Bow -->
	<item id="288" price="0" /> <!-- Carnage Bow -->
	<item id="213" price="0" /> <!-- Branch of The Mother Tree -->
	<item id="164" price="0" /> <!-- Elysian -->
	<item id="2504" price="0" /> <!-- Meteor Shower -->
	<item id="209" price="0" /> <!-- Divine Staff -->
	<item id="8678" price="0" /> <!-- Sirra's Blade -->
	<item id="8679" price="0" /> <!-- Sword of Ipos -->
	<item id="8680" price="0" /> <!-- Barakiel's Axe -->
	<item id="8681" price="0" /> <!-- Behemoth's Tuning Fork -->
	<item id="8682" price="0" /> <!-- Naga Storm -->
	<item id="8683" price="0" /> <!-- Tiphon's Spear -->
	<item id="8684" price="0" /> <!-- Shyeed's Bow -->
	<item id="8685" price="0" /> <!-- Sobekk's Hurricane -->
	<item id="8686" price="0" /> <!-- Themis' Tongue -->
	<item id="8687" price="0" /> <!-- Cabrio's Hand -->
	<item id="8688" price="0" /> <!-- Daimon Crystal -->
	<item id="7902" price="0" /> <!-- Doom Crusher -->
	<item id="7899" price="0" /> <!-- Destroyer Hammer -->
	<item id="7894" price="0" /> <!-- Spiritual Eye -->
	<item id="7895" price="0" /> <!-- Flaming Dragon Skull -->
	<item id="5596" price="0" /> <!-- Dasparion's Staff - Mana Up -->
	<item id="5597" price="0" /> <!-- Dasparion's Staff - Conversion -->
	<item id="5598" price="0" /> <!-- Dasparion's Staff - Acumen -->
	<item id="5599" price="0" /> <!-- Meteor Shower - Focus -->
	<item id="5600" price="0" /> <!-- Meteor Shower - Critical Bleed -->
	<item id="5601" price="0" /> <!-- Meteor Shower - Rsk. Haste -->
	<item id="5602" price="0" /> <!-- Elysian - Health -->
	<item id="5603" price="0" /> <!-- Elysian - Anger -->
	<item id="5604" price="0" /> <!-- Elysian - Critical Drain -->
	<item id="5605" price="0" /> <!-- Branch of The Mother Tree - Conversion -->
	<item id="5606" price="0" /> <!-- Branch of The Mother Tree - Magic Damage -->
	<item id="5607" price="0" /> <!-- Branch of The Mother Tree - Acumen -->
	<item id="5608" price="0" /> <!-- Carnage Bow - Light -->
	<item id="5609" price="0" /> <!-- Carnage Bow - Critical Bleed -->
	<item id="5610" price="0" /> <!-- Carnage Bow - Mana Up -->
	<item id="5611" price="0" /> <!-- Soul Bow - Cheap Shot -->
	<item id="5612" price="0" /> <!-- Soul Bow - Quick Recovery -->
	<item id="5613" price="0" /> <!-- Soul Bow - Critical Poison -->
	<item id="5614" price="0" /> <!-- Bloody Orchid - Focus -->
	<item id="5615" price="0" /> <!-- Bloody Orchid - Back Blow -->
	<item id="5616" price="0" /> <!-- Bloody Orchid - Critical Bleed -->
	<item id="5617" price="0" /> <!-- Soul Separator - Guidance -->
	<item id="5618" price="0" /> <!-- Soul Separator - Critical Damage -->
	<item id="5619" price="0" /> <!-- Soul Separator - Rsk. Haste -->
	<item id="5620" price="0" /> <!-- Blood Tornado - Haste -->
	<item id="5621" price="0" /> <!-- Blood Tornado - Focus -->
	<item id="5622" price="0" /> <!-- Blood Tornado - Anger -->
	<item id="5623" price="0" /> <!-- Dragon Grinder - Rsk. Evasion -->
	<item id="5624" price="0" /> <!-- Dragon Grinder - Guidance -->
	<item id="5625" price="0" /> <!-- Dragon Grinder - Health -->
	<item id="5626" price="0" /> <!-- Halberd - Haste -->
	<item id="5627" price="0" /> <!-- Halberd - Critical Stun -->
	<item id="5628" price="0" /> <!-- Halberd - Wide Blow -->
	<item id="5632" price="0" /> <!-- Tallum Glaive - Guidance -->
	<item id="5633" price="0" /> <!-- Tallum Glaive - Health -->
	<item id="5634" price="0" /> <!-- Tallum Glaive - Wide Blow -->
	<item id="5635" price="0" /> <!-- Tallum Blade - Critical Poison -->
	<item id="5636" price="0" /> <!-- Tallum Blade - Haste -->
	<item id="5637" price="0" /> <!-- Tallum Blade - Anger -->
	<item id="5638" price="0" /> <!-- Elemental Sword - Magic Power -->
	<item id="5639" price="0" /> <!-- Elemental Sword - Magic Paralyze -->
	<item id="5640" price="0" /> <!-- Elemental Sword - Empower -->
	<item id="5641" price="0" /> <!-- Sword of Miracles - Magic Power -->
	<item id="5642" price="0" /> <!-- Sword of Miracles - Magic Silence -->
	<item id="5643" price="0" /> <!-- Sword of Miracles - Acumen -->
	<item id="5644" price="0" /> <!-- Dragon Slayer - Health -->
	<item id="5645" price="0" /> <!-- Dragon Slayer - Critical Bleed -->
	<item id="5646" price="0" /> <!-- Dragon Slayer - Critical Drain -->
	<item id="5647" price="0" /> <!-- Dark Legion's Edge - Critical Damage -->
	<item id="5648" price="0" /> <!-- Dark Legion's Edge - Health -->
	<item id="5649" price="0" /> <!-- Dark Legion's Edge - Rsk. Focus -->
	<item id="8788" price="0" /> <!-- Sirra's Blade - Haste -->
	<item id="8789" price="0" /> <!-- Sirra's Blade - Health -->
	<item id="8790" price="0" /> <!-- Sirra's Blade - Critical Poison -->
	<item id="8791" price="0" /> <!-- Sword of Ipos - Focus -->
	<item id="8792" price="0" /> <!-- Sword of Ipos - Haste -->
	<item id="8793" price="0" /> <!-- Sword of Ipos - Health -->
	<item id="8794" price="0" /> <!-- Barakiel's Axe - Health -->
	<item id="8795" price="0" /> <!-- Barakiel's Axe - Haste -->
	<item id="8796" price="0" /> <!-- Barakiel's Axe - Focus -->
	<item id="8797" price="0" /> <!-- Behemoth's Tuning Fork - Focus -->
	<item id="8798" price="0" /> <!-- Behemoth's Tuning Fork - Health -->
	<item id="8799" price="0" /> <!-- Behemoth's Tuning Fork - Anger -->
	<item id="8800" price="0" /> <!-- Naga Storm - Focus -->
	<item id="8801" price="0" /> <!-- Naga Storm - Critical Damage -->
	<item id="8802" price="0" /> <!-- Naga Storm - Back Blow -->
	<item id="8803" price="0" /> <!-- Tiphon's Spear - Critical Stun -->
	<item id="8804" price="0" /> <!-- Tiphon's Spear - Towering Blow -->
	<item id="8805" price="0" /> <!-- Tiphon's Spear - Wild Blow -->
	<item id="8806" price="0" /> <!-- Shyeed's Bow - Cheap Shot -->
	<item id="8807" price="0" /> <!-- Shyeed's Bow - Focus -->
	<item id="8808" price="0" /> <!-- Shyeed's Bow - Quick Recovery -->
	<item id="8809" price="0" /> <!-- Sobekk's Hurricane - Rsk. Haste -->
	<item id="8810" price="0" /> <!-- Sobekk's Hurricane - Haste -->
	<item id="8811" price="0" /> <!-- Sobekk's Hurricane - Critical Drain -->
	<item id="8812" price="0" /> <!-- Themis' Tongue - Mana Up -->
	<item id="8813" price="0" /> <!-- Themis' Tongue - Magic Mental Shield -->
	<item id="8814" price="0" /> <!-- Themis' Tongue - Magic Focus -->
	<item id="8815" price="0" /> <!-- Cabrio's Hand - Conversion -->
	<item id="8816" price="0" /> <!-- Cabrio's Hand - Mana Up -->
	<item id="8817" price="0" /> <!-- Cabrio's Hand - Magic Silence -->
	<item id="8818" price="0" /> <!-- Daimon Crystal - Mana Up -->
	<item id="8819" price="0" /> <!-- Daimon Crystal - Acumen -->
	<item id="8820" price="0" /> <!-- Daimon Crystal - Magic Mental Shield -->
	<item id="8126" price="0" /> <!-- Destroyer Hammer - Health -->
	<item id="8127" price="0" /> <!-- Destroyer Hammer - Haste -->
	<item id="8128" price="0" /> <!-- Destroyer Hammer - Critical Drain -->
	<item id="8135" price="0" /> <!-- Doom Crusher - Health -->
	<item id="8136" price="0" /> <!-- Doom Crusher - Anger -->
	<item id="8137" price="0" /> <!-- Doom Crusher - Rsk. Haste -->
	<item id="8147" price="0" /> <!-- Spiritual Eye - Mana Up -->
	<item id="8148" price="0" /> <!-- Spiritual Eye - Magic Poison -->
	<item id="8149" price="0" /> <!-- Spiritual Eye - Acumen -->
	<item id="8150" price="0" /> <!-- Flaming Dragon Skull - Acumen -->
	<item id="8151" price="0" /> <!-- Flaming Dragon Skull - Magic Power -->
	<item id="8152" price="0" /> <!-- Flaming Dragon Skull - Magic Silence -->
	<item id="5704" price="0" /> <!-- Keshanberk*Keshanberk -->
	<item id="5705" price="0" /> <!-- Keshanberk*Damascus -->
	<item id="5706" price="0" /> <!-- Damascus*Damascus -->
	<item id="8763" price="0" /> <!-- Elrokian Trap -->
</list>
