﻿<?xml version="1.0" encoding="UTF-8"?>
<list xmlns:xsi="http://www.w3.org/2001/XMLSchema-instance" xsi:noNamespaceSchemaLocation="../xsd/buylist.xsd">
	<item id="79" price="0" /> <!-- Sword of Damascus -->
	<item id="136" price="0" /> <!-- Blade of Serenity -->
	<item id="137" price="0" /> <!-- Mist Sword -->
	<item id="138" price="0" /> <!-- Sword of Desert -->
	<item id="139" price="0" /> <!-- Dusk Sword -->
	<item id="140" price="0" /> <!-- Eminence Sword -->
	<item id="141" price="0" /> <!-- Hazard Sword -->
	<item id="142" price="0" /> <!-- Keshanberk -->
	<item id="146" price="0" /> <!-- Ghoulbane -->
	<item id="148" price="0" /> <!-- Sword of Valhalla -->
	<item id="4714" price="0" /> <!-- Keshanberk - Guidance -->
	<item id="4715" price="0" /> <!-- Keshanberk - Focus -->
	<item id="4716" price="0" /> <!-- Keshanberk - Back Blow -->
	<item id="4717" price="0" /> <!-- Sword of Damascus - Focus -->
	<item id="4718" price="0" /> <!-- Sword of Damascus - Critical Damage -->
	<item id="4719" price="0" /> <!-- Sword of Damascus - Haste -->
	<item id="7722" price="0" /> <!-- Sword of Valhalla - Acumen -->
	<item id="7723" price="0" /> <!-- Sword of Valhalla - Magic Weakness -->
	<item id="7724" price="0" /> <!-- Sword of Valhalla - Magic Regeneration -->
</list>
