﻿<?xml version="1.0" encoding="UTF-8"?>
<list xmlns:xsi="http://www.w3.org/2001/XMLSchema-instance" xsi:noNamespaceSchemaLocation="../xsd/buylist.xsd">
	<item id="4734" price="0" /> <!-- Silver Axe - Haste -->
	<item id="4735" price="0" /> <!-- Skull Graver - Anger -->
	<item id="4736" price="0" /> <!-- Skull Graver - Health -->
	<item id="4737" price="0" /> <!-- Skull Graver - Rsk.Focus -->
	<item id="4738" price="0" /> <!-- Dwarven War Hammer - Anger -->
	<item id="4739" price="0" /> <!-- Dwarven War Hammer - Health -->
	<item id="4740" price="0" /> <!-- Dwarven War Hammer - Haste -->
	<item id="4741" price="0" /> <!-- War Axe - Anger -->
	<item id="4742" price="0" /> <!-- War Axe - Health -->
	<item id="4743" price="0" /> <!-- War Axe - Haste -->
	<item id="4744" price="0" /> <!-- Yaksa Mace - Anger -->
	<item id="4745" price="0" /> <!-- Yaksa Mace - Health -->
	<item id="4746" price="0" /> <!-- Yaksa Mace - Rsk. Focus -->
	<item id="7701" price="0" /> <!-- Stick of Faith - Mana Up -->
	<item id="7702" price="0" /> <!-- Stick of Faith - Magic Hold -->
	<item id="7703" price="0" /> <!-- Stick of Faith - Magic Shield -->
	<item id="7704" price="0" /> <!-- Stick of Eternity - Empower -->
	<item id="7705" price="0" /> <!-- Stick of Eternity - Rsk., Evasion -->
	<item id="7706" price="0" /> <!-- Stick of Eternity - Blessed Body -->
	<item id="7707" price="0" /> <!-- Nirvana Axe - Magic Power -->
	<item id="7708" price="0" /> <!-- Nirvana Axe - Magic Poison -->
	<item id="7709" price="0" /> <!-- Nirvana Axe - Magic Weakness -->
	<item id="7710" price="0" /> <!-- Club of Nature - Acumen -->
	<item id="7711" price="0" /> <!-- Club of Nature - Magic Mental Shield -->
	<item id="7712" price="0" /> <!-- Club of Nature - Magic Hold -->
	<item id="7713" price="0" /> <!-- Mace of The Underworld - Mana Up -->
	<item id="7714" price="0" /> <!-- Mace of The Underworld - Magic Silence -->
	<item id="7715" price="0" /> <!-- Mace of The Underworld - Conversion -->
	<item id="2503" price="0" /> <!-- Yaksa Mace -->
	<item id="162" price="0" /> <!-- War Axe -->
	<item id="202" price="0" /> <!-- Mace of The Underworld -->
	<item id="201" price="0" /> <!-- Club of Nature -->
	<item id="196" price="0" /> <!-- Stick of Eternity -->
	<item id="174" price="0" /> <!-- Nirvana Axe -->
	<item id="2502" price="0" /> <!-- Dwarven War Hammer -->
	<item id="173" price="0" /> <!-- Skull Graver -->
	<item id="161" price="0" /> <!-- Silver Axe -->
	<item id="160" price="0" /> <!-- Battle Axe -->
	<item id="85" price="0" /> <!-- Phantom Sword -->
	<item id="193" price="0" /> <!-- Stick of Faith -->
</list>
