﻿<?xml version="1.0" encoding="UTF-8"?>
<list xmlns:xsi="http://www.w3.org/2001/XMLSchema-instance" xsi:noNamespaceSchemaLocation="../xsd/buylist.xsd">
	<item id="8193" price="0" /> <!-- Fisherman's Potion - Green -->
	<item id="8194" price="0" /> <!-- Fisherman's Potion - Jade -->
	<item id="8195" price="0" /> <!-- Fisherman's Potion - Blue -->
	<item id="8196" price="0" /> <!-- Fisherman's Potion - Yellow -->
	<item id="8197" price="0" /> <!-- Fisherman's Potion - Orange -->
	<item id="8198" price="0" /> <!-- Fisherman's Potion - Purple -->
	<item id="8199" price="0" /> <!-- Fisherman's Potion - Red -->
	<item id="8200" price="0" /> <!-- Fisherman's Potion - White -->
	<item id="8201" price="0" /> <!-- Fisherman's Potion - Black -->
	<item id="8202" price="0" /> <!-- Fishing Potion -->
</list>
