﻿<?xml version="1.0" encoding="UTF-8"?>
<list xmlns:xsi="http://www.w3.org/2001/XMLSchema-instance" xsi:noNamespaceSchemaLocation="../xsd/buylist.xsd">
	<item id="229" price="0" /> <!-- Kris -->
	<item id="234" price="0" /> <!-- Demon Dagger -->
	<item id="243" price="0" /> <!-- Hell Knife -->
	<item id="4777" price="0" /> <!-- Kris - Evasion -->
	<item id="4778" price="0" /> <!-- Kris - Focus -->
	<item id="4779" price="0" /> <!-- Kris - Back Blow -->
	<item id="4780" price="0" /> <!-- Demon Dagger - Critical Bleed -->
	<item id="4781" price="0" /> <!-- Demon Dagger - Critical Poison -->
	<item id="4782" price="0" /> <!-- Demon Dagger - Mortal Strike -->
	<item id="4786" price="0" /> <!-- Hell Knife - Focus -->
	<item id="4787" price="0" /> <!-- Hell Knife - Back Blow -->
	<item id="4788" price="0" /> <!-- Hell Knife - Mortal Strike -->
	<item id="6359" price="0" /> <!-- Demon Dagger - Critical Damage -->
	<item id="7813" price="0" /> <!-- Hell Knife - Magic Regeneration -->
	<item id="7814" price="0" /> <!-- Hell Knife - Mental Shield -->
	<item id="7815" price="0" /> <!-- Hell Knife - Magic Weakness -->
</list>
