﻿<?xml version="1.0" encoding="UTF-8"?>
<list xmlns:xsi="http://www.w3.org/2001/XMLSchema-instance" xsi:noNamespaceSchemaLocation="../xsd/buylist.xsd">
	<item id="6727" price="0" /> <!-- Seed: Alternative Great Coba -->
	<item id="6728" price="0" /> <!-- Seed: Alternative Sea Coba -->
	<item id="6729" price="0" /> <!-- Seed: Alternative Sea Coba -->
	<item id="6730" price="0" /> <!-- Seed: Alternative Sea Coba -->
	<item id="6731" price="0" /> <!-- Seed: Alternative Red Coba -->
	<item id="6732" price="0" /> <!-- Seed: Alternative Red Coba -->
	<item id="6733" price="0" /> <!-- Seed: Alternative Red Coba -->
	<item id="6734" price="0" /> <!-- Seed: Alternative Red Coba -->
	<item id="6735" price="0" /> <!-- Seed: Alternative Red Coba -->
	<item id="6736" price="0" /> <!-- Seed: Alternative Desert Coba -->
	<item id="6737" price="0" /> <!-- Seed: Alternative Desert Coba -->
	<item id="6738" price="0" /> <!-- Seed: Alternative Desert Coba -->
	<item id="6739" price="0" /> <!-- Seed: Alternative Desert Coba -->
	<item id="6740" price="0" /> <!-- Seed: Alternative Desert Coba -->
	<item id="6741" price="0" /> <!-- Seed: Alternative Twin Coba -->
	<item id="6742" price="0" /> <!-- Seed: Alternative Blue Coba -->
	<item id="6743" price="0" /> <!-- Seed: Alternative Blue Coba -->
	<item id="6744" price="0" /> <!-- Seed: Alternative Blue Coba -->
	<item id="6745" price="0" /> <!-- Seed: Alternative Blue Coba -->
	<item id="6746" price="0" /> <!-- Seed: Alternative Blue Coba -->
	<item id="6747" price="0" /> <!-- Seed: Alternative Golden Coba -->
	<item id="6748" price="0" /> <!-- Seed: Alternative Golden Coba -->
	<item id="6749" price="0" /> <!-- Seed: Alternative Golden Coba -->
	<item id="6750" price="0" /> <!-- Seed: Alternative Golden Coba -->
	<item id="6751" price="0" /> <!-- Seed: Alternative Golden Coba -->
	<item id="6752" price="0" /> <!-- Seed: Alternative Golden Coba -->
	<item id="6753" price="0" /> <!-- Seed: Great Coba -->
	<item id="6754" price="0" /> <!-- Seed: Sea Coba -->
	<item id="6755" price="0" /> <!-- Seed: Sea Coba -->
	<item id="6756" price="0" /> <!-- Seed: Sea Coba -->
	<item id="6757" price="0" /> <!-- Seed: Red Coba -->
	<item id="6758" price="0" /> <!-- Seed: Red Coba -->
	<item id="6759" price="0" /> <!-- Seed: Red Coba -->
	<item id="6760" price="0" /> <!-- Seed: Red Coba -->
	<item id="6761" price="0" /> <!-- Seed: Red Coba -->
	<item id="6762" price="0" /> <!-- Seed: Desert Coba -->
	<item id="6763" price="0" /> <!-- Seed: Desert Coba -->
	<item id="6764" price="0" /> <!-- Seed: Desert Coba -->
	<item id="6765" price="0" /> <!-- Seed: Desert Coba -->
	<item id="6766" price="0" /> <!-- Seed: Desert Coba -->
	<item id="6767" price="0" /> <!-- Seed: Twin Coba -->
	<item id="6768" price="0" /> <!-- Seed: Blue Coba -->
	<item id="6769" price="0" /> <!-- Seed: Blue Coba -->
	<item id="6770" price="0" /> <!-- Seed: Blue Coba -->
	<item id="6771" price="0" /> <!-- Seed: Blue Coba -->
	<item id="6772" price="0" /> <!-- Seed: Blue Coba -->
	<item id="6773" price="0" /> <!-- Seed: Golden Coba -->
	<item id="6774" price="0" /> <!-- Seed: Golden Coba -->
	<item id="6775" price="0" /> <!-- Seed: Golden Coba -->
	<item id="6776" price="0" /> <!-- Seed: Golden Coba -->
	<item id="6777" price="0" /> <!-- Seed: Golden Coba -->
	<item id="6778" price="0" /> <!-- Seed: Golden Coba -->
	<item id="7016" price="0" /> <!-- Seed: Blue Cobol -->
	<item id="7017" price="0" /> <!-- Seed: Blue Codran -->
	<item id="7018" price="0" /> <!-- Seed: Blue Codran -->
	<item id="7019" price="0" /> <!-- Seed: Chilly Cobol -->
	<item id="7020" price="0" /> <!-- Seed: Chilly Coda -->
	<item id="7021" price="0" /> <!-- Seed: Chilly Codran -->
	<item id="7022" price="0" /> <!-- Seed: Chilly Codran -->
	<item id="7023" price="0" /> <!-- Seed: Desert Codran -->
	<item id="7024" price="0" /> <!-- Seed: Desert Codran -->
	<item id="7025" price="0" /> <!-- Seed: Golden Cobol -->
	<item id="7026" price="0" /> <!-- Seed: Golden Coda -->
	<item id="7027" price="0" /> <!-- Seed: Great Cobol -->
	<item id="7028" price="0" /> <!-- Seed: Great Codran -->
	<item id="7029" price="0" /> <!-- Seed: Great Codran -->
	<item id="7030" price="0" /> <!-- Seed: Alternative Blue Cobol -->
	<item id="7031" price="0" /> <!-- Seed: Alternative Blue Codran -->
	<item id="7032" price="0" /> <!-- Seed: Alternative Blue Codran -->
	<item id="7033" price="0" /> <!-- Seed: Alternative Chilly Cobol -->
	<item id="7034" price="0" /> <!-- Seed: Alternative Chilly Coda -->
	<item id="7035" price="0" /> <!-- Seed: Alternative Chilly Codran -->
	<item id="7036" price="0" /> <!-- Seed: Alternative Chilly Codran -->
	<item id="7037" price="0" /> <!-- Seed: Alternative Desert Codran -->
	<item id="7038" price="0" /> <!-- Seed: Alternative Desert Codran -->
	<item id="7039" price="0" /> <!-- Seed: Alternative Golden Cobol -->
	<item id="7040" price="0" /> <!-- Seed: Alternative Golden Coda -->
	<item id="7041" price="0" /> <!-- Seed: Alternative Great Cobol -->
	<item id="7042" price="0" /> <!-- Seed: Alternative Great Codran -->
	<item id="7043" price="0" /> <!-- Seed: Alternative Great Codran -->
	<item id="7044" price="0" /> <!-- Seed: Alternative Red Cobol -->
	<item id="7045" price="0" /> <!-- Seed: Alternative Red Codran -->
	<item id="7046" price="0" /> <!-- Seed: Alternative Red Codran -->
	<item id="7047" price="0" /> <!-- Seed: Alternative Sea Codran -->
	<item id="7048" price="0" /> <!-- Seed: Alternative Sea Codran -->
	<item id="7049" price="0" /> <!-- Seed: Alternative Sea Codran -->
	<item id="7050" price="0" /> <!-- Seed: Alternative Twin Codran -->
	<item id="7051" price="0" /> <!-- Seed: Red Cobol -->
	<item id="7052" price="0" /> <!-- Seed: Red Codran -->
	<item id="7053" price="0" /> <!-- Seed: Red Codran -->
	<item id="7054" price="0" /> <!-- Seed: Sea Codran -->
	<item id="7055" price="0" /> <!-- Seed: Sea Codran -->
	<item id="7056" price="0" /> <!-- Seed: Sea Codran -->
	<item id="7057" price="0" /> <!-- Seed: Twin Codran -->
	<item id="6541" price="0" /> <!-- Blue Coba -->
	<item id="6542" price="0" /> <!-- Red Coba -->
	<item id="6543" price="0" /> <!-- Gold Coba -->
	<item id="6544" price="0" /> <!-- Desert Coba -->
	<item id="6545" price="0" /> <!-- Sea Coba -->
	<item id="6546" price="0" /> <!-- Twin Coba -->
	<item id="6547" price="0" /> <!-- King Coba -->
	<item id="6548" price="0" /> <!-- Alternative Blue Coba -->
	<item id="6549" price="0" /> <!-- Alternative Red Coba -->
	<item id="6550" price="0" /> <!-- Alternative Gold Coba -->
	<item id="6551" price="0" /> <!-- Alternative Desert Coba -->
	<item id="6552" price="0" /> <!-- Alternative Sea Coba -->
	<item id="6553" price="0" /> <!-- Alternative Twin Coba -->
	<item id="6554" price="0" /> <!-- Alternative King Coba -->
	<item id="6555" price="0" /> <!-- Ripe Blue Coba -->
	<item id="6556" price="0" /> <!-- Ripe Red Coba -->
	<item id="6557" price="0" /> <!-- Ripe Gold Coba -->
	<item id="6558" price="0" /> <!-- Ripe Desert Coba -->
	<item id="6559" price="0" /> <!-- Ripe Sea Coba -->
	<item id="6560" price="0" /> <!-- Ripe Twin Coba -->
	<item id="6561" price="0" /> <!-- Ripe King Coba -->
	<item id="6562" price="0" /> <!-- Ripe Alternative Blue Coba -->
	<item id="6563" price="0" /> <!-- Ripe Alternative Red Coba -->
	<item id="6564" price="0" /> <!-- Ripe Alternative Gold Coba -->
	<item id="6565" price="0" /> <!-- Ripe Alternative Desert Coba -->
	<item id="6566" price="0" /> <!-- Ripe Alternative Sea Coba -->
	<item id="6567" price="0" /> <!-- Ripe Alternative Twin Coba -->
	<item id="6568" price="0" /> <!-- Ripe Alternative King Coba -->
	<item id="8223" price="0" /> <!-- Seed: Twin Codran -->
	<item id="8224" price="0" /> <!-- Seed: Great Codran -->
	<item id="8225" price="0" /> <!-- Seed: Desert Codran -->
	<item id="8226" price="0" /> <!-- Seed: Blue Coba -->
	<item id="8227" price="0" /> <!-- Seed: Red Coba -->
	<item id="8228" price="0" /> <!-- Seed: Golden Coba -->
	<item id="8229" price="0" /> <!-- Seed: Desert Coba -->
	<item id="8230" price="0" /> <!-- Seed: Alternative Twin Codran -->
	<item id="8231" price="0" /> <!-- Seed: Alternative Great Codran -->
	<item id="8232" price="0" /> <!-- Seed: Alternative Desert Codran -->
	<item id="8233" price="0" /> <!-- Seed: Alternative Blue Coba -->
	<item id="8234" price="0" /> <!-- Seed: Alternative Red Coba -->
	<item id="8235" price="0" /> <!-- Seed: Alternative Golden Coba -->
	<item id="8236" price="0" /> <!-- Seed: Alternative Desert Coba -->
	<item id="8237" price="0" /> <!-- Seed: Dark Coda -->
	<item id="8238" price="0" /> <!-- Seed: Red Coda -->
	<item id="8239" price="0" /> <!-- Seed: Chilly Coda -->
	<item id="8240" price="0" /> <!-- Seed: Blue Coda -->
	<item id="8241" price="0" /> <!-- Seed: Golden Coda -->
	<item id="8242" price="0" /> <!-- Seed: Lute Coda -->
	<item id="8243" price="0" /> <!-- Seed: Desert Coda -->
	<item id="8244" price="0" /> <!-- Seed: Red Cobol -->
	<item id="8245" price="0" /> <!-- Seed: Chilly Cobol -->
	<item id="8246" price="0" /> <!-- Seed: Blue Cobol -->
	<item id="8247" price="0" /> <!-- Seed: Thorn Cobol -->
	<item id="8248" price="0" /> <!-- Seed: Golden Cobol -->
	<item id="8249" price="0" /> <!-- Seed: Great Cobol -->
	<item id="8250" price="0" /> <!-- Seed: Red Codran -->
	<item id="8251" price="0" /> <!-- Seed: Sea Codran -->
	<item id="8252" price="0" /> <!-- Seed: Chilly Codran -->
	<item id="8253" price="0" /> <!-- Seed: Blue Codran -->
	<item id="8254" price="0" /> <!-- Seed: Twin Codran -->
	<item id="8255" price="0" /> <!-- Alternative Dark Coda Seed -->
	<item id="8256" price="0" /> <!-- Alternative Red Coda Seed -->
	<item id="8257" price="0" /> <!-- Seed: Alternative Chilly Coda -->
	<item id="8258" price="0" /> <!-- Alternative Blue Coda Seed -->
	<item id="8259" price="0" /> <!-- Seed: Alternative Golden Coda -->
	<item id="8260" price="0" /> <!-- Alternative Lute Coda Seed -->
	<item id="8261" price="0" /> <!-- Alternative Desert Coda Seed -->
	<item id="8262" price="0" /> <!-- Seed: Alternative Red Cobol -->
	<item id="8263" price="0" /> <!-- Seed: Alternative Chilly Cobol -->
	<item id="8264" price="0" /> <!-- Seed: Alternative Blue Cobol -->
	<item id="8265" price="0" /> <!-- Alternative Thorn Cobol Seed -->
	<item id="8266" price="0" /> <!-- Seed: Alternative Golden Cobol -->
	<item id="8267" price="0" /> <!-- Seed: Alternative Great Cobol -->
	<item id="8268" price="0" /> <!-- Seed: Alternative Red Codran -->
	<item id="8269" price="0" /> <!-- Seed: Alternative Sea Codran -->
	<item id="8270" price="0" /> <!-- Seed: Alternative Chilly Codran -->
	<item id="8271" price="0" /> <!-- Seed: Alternative Blue Codran -->
	<item id="8272" price="0" /> <!-- Seed: Alternative Twin Codran -->
	<item id="8521" price="0" /> <!-- Seed: Sea Coba -->
	<item id="8522" price="0" /> <!-- Seed: Alternative Sea Coba -->
	<item id="8523" price="0" /> <!-- Seed: Twin Coba -->
	<item id="8524" price="0" /> <!-- Seed: Alternative Twin Coba -->
	<item id="8525" price="0" /> <!-- Seed: Great Coba -->
	<item id="8526" price="0" /> <!-- Seed: Alternative Great Coba -->
</list>
