<?xml version="1.0" encoding="UTF-8"?>
<list xmlns:xsi="http://www.w3.org/2001/XMLSchema-instance" xsi:noNamespaceSchemaLocation="../xsd/buylist.xsd">
	<item id="6688" price="0" /> <!-- Forgotten Blade Edge -->
	<item id="6689" price="0" /> <!-- Basalt Battlehammer Head -->
	<item id="6690" price="0" /> <!-- Imperial Staff Head -->
	<item id="6691" price="0" /> <!-- Angel Slayer Blade -->
	<item id="6692" price="0" /> <!-- Shining Bow Shaft -->
	<item id="6693" price="0" /> <!-- Dragon Hunter Axe Blade -->
	<item id="6694" price="0" /> <!-- Saint Spear Blade -->
	<item id="6695" price="0" /> <!-- Demon Splinter Blade -->
	<item id="6696" price="0" /> <!-- Heavens Divider Edge -->
	<item id="6697" price="0" /> <!-- Arcana Mace Head -->
	<item id="6698" price="0" /> <!-- Sealed Tateossian Earring Part -->
	<item id="6699" price="0" /> <!-- Sealed Tateossian Ring Gem -->
	<item id="6700" price="0" /> <!-- Sealed Tateossian Necklace Chain -->
	<item id="6701" price="0" /> <!-- Sealed Imperial Crusader Breastplate Part -->
	<item id="6702" price="0" /> <!-- Sealed Imperial Crusader Gaiters Pattern -->
	<item id="6703" price="0" /> <!-- Sealed Imperial Crusader Gauntlets Design -->
	<item id="6704" price="0" /> <!-- Sealed Imperial Crusader Boots Design -->
	<item id="6705" price="0" /> <!-- Sealed Imperial Crusader Shield Part -->
	<item id="6706" price="0" /> <!-- Sealed Imperial Crusader Helmet Pattern -->
	<item id="6707" price="0" /> <!-- Sealed Draconic Leather Armor Part -->
	<item id="6708" price="0" /> <!-- Sealed Draconic Leather Gloves Fabric -->
	<item id="6709" price="0" /> <!-- Sealed Draconic Leather Boots Design -->
	<item id="6710" price="0" /> <!-- Sealed Draconic Leather Helmet Pattern -->
	<item id="6711" price="0" /> <!-- Sealed Major Arcana Robe Part -->
	<item id="6712" price="0" /> <!-- Sealed Major Arcana Gloves fabric -->
	<item id="6713" price="0" /> <!-- Sealed Major Arcana Boots Design -->
	<item id="6714" price="0" /> <!-- Sealed Major Arcana Circlet Pattern -->
</list>
