﻿<?xml version="1.0" encoding="UTF-8"?>
<list xmlns:xsi="http://www.w3.org/2001/XMLSchema-instance" xsi:noNamespaceSchemaLocation="../xsd/buylist.xsd">
	<item id="1864" price="0" /> <!-- Stem -->
	<item id="1865" price="0" /> <!-- Varnish -->
	<item id="1866" price="0" /> <!-- Suede -->
	<item id="1867" price="0" /> <!-- Animal Skin -->
	<item id="1868" price="0" /> <!-- Thread -->
	<item id="1869" price="0" /> <!-- Iron Ore -->
	<item id="1870" price="0" /> <!-- Coal -->
	<item id="1871" price="0" /> <!-- Charcoal -->
	<item id="1872" price="0" /> <!-- Animal Bone -->
	<item id="1873" price="0" /> <!-- Silver Nugget -->
	<item id="1874" price="0" /> <!-- Oriharukon Ore -->
	<item id="1875" price="0" /> <!-- Stone of Purity -->
	<item id="1876" price="0" /> <!-- Mithril Ore -->
	<item id="1877" price="0" /> <!-- Adamantite Nugget -->
	<item id="1878" price="0" /> <!-- Braided Hemp -->
	<item id="1879" price="0" /> <!-- Cokes -->
	<item id="1880" price="0" /> <!-- Steel -->
	<item id="1881" price="0" /> <!-- Coarse Bone Powder -->
	<item id="1882" price="0" /> <!-- Leather -->
	<item id="1883" price="0" /> <!-- Steel Mold -->
	<item id="1884" price="0" /> <!-- Cord -->
	<item id="1885" price="0" /> <!-- High Grade Suede -->
	<item id="1886" price="0" /> <!-- Silver Mold -->
	<item id="1887" price="0" /> <!-- Varnish of Purity -->
	<item id="1888" price="0" /> <!-- Synthetic Cokes -->
	<item id="1889" price="0" /> <!-- Compound Braid -->
	<item id="1890" price="0" /> <!-- Mithril Alloy -->
	<item id="1891" price="0" /> <!-- Artisan's Frame -->
	<item id="1892" price="0" /> <!-- Blacksmith's Frame -->
	<item id="1893" price="0" /> <!-- Oriharukon -->
	<item id="1894" price="0" /> <!-- Crafted Leather -->
	<item id="1895" price="0" /> <!-- Metallic Fiber -->
	<item id="4039" price="0" /> <!-- Mold Glue -->
	<item id="4040" price="0" /> <!-- Mold Lubricant -->
	<item id="4041" price="0" /> <!-- Mold Hardener -->
	<item id="4042" price="0" /> <!-- Enria -->
	<item id="4043" price="0" /> <!-- Asofe -->
	<item id="4044" price="0" /> <!-- Thons -->
	<item id="4045" price="0" /> <!-- Maestro Holder -->
	<item id="4046" price="0" /> <!-- Maestro Anvil Lock -->
	<item id="4047" price="0" /> <!-- Craftsman Mold -->
	<item id="4048" price="0" /> <!-- Maestro Mold -->
	<item id="5549" price="0" /> <!-- Metallic Thread -->
	<item id="5550" price="0" /> <!-- Durable Metal Plate -->
	<item id="5551" price="0" /> <!-- Leolin's Mold -->
	<item id="5552" price="0" /> <!-- Warsmith's Mold -->
	<item id="5553" price="0" /> <!-- Arcsmith's Anvil -->
	<item id="5554" price="0" /> <!-- Warsmith's Holder -->
</list>
