﻿<?xml version="1.0" encoding="UTF-8"?>
<list xmlns:xsi="http://www.w3.org/2001/XMLSchema-instance" xsi:noNamespaceSchemaLocation="../xsd/buylist.xsd">
	<item id="357" price="0" /> <!-- Zubei's Breastplate -->
	<item id="383" price="0" /> <!-- Zubei's Gaiters -->
	<item id="503" price="0" /> <!-- Zubei's Helmet -->
	<item id="5710" price="0" /> <!-- Zubei's Gauntlets - Heavy Armor -->
	<item id="5726" price="0" /> <!-- Zubei's Boots - Heavy Armor -->
	<item id="633" price="0" /> <!-- Zubei's Shield -->
	<item id="358" price="0" /> <!-- Blue Wolf Breastplate -->
	<item id="2380" price="0" /> <!-- Blue Wolf Gaiters -->
	<item id="2416" price="0" /> <!-- Blue Wolf Helmet -->
	<item id="5718" price="0" /> <!-- Blue Wolf Gloves - Heavy Armor -->
	<item id="5734" price="0" /> <!-- Blue Wolf Boots - Heavy Armor -->
	<item id="2376" price="0" /> <!-- Avadon Breastplate -->
	<item id="2379" price="0" /> <!-- Avadon Gaiters -->
	<item id="2415" price="0" /> <!-- Avadon Circlet -->
	<item id="5714" price="0" /> <!-- Avadon Gloves - Heavy Armor -->
	<item id="5730" price="0" /> <!-- Avadon Boots - Heavy Armor -->
	<item id="673" price="0" /> <!-- Avadon Shield -->
	<item id="2381" price="0" /> <!-- Doom Plate Armor -->
	<item id="2417" price="0" /> <!-- Doom Helmet -->
	<item id="5722" price="0" /> <!-- Doom Gloves - Heavy Armor -->
	<item id="5738" price="0" /> <!-- Doom Boots - Heavy Armor -->
	<item id="110" price="0" /> <!-- Doom Shield -->
	<item id="2384" price="0" /> <!-- Zubei's Leather Shirt -->
	<item id="2388" price="0" /> <!-- Zubei's Leather Gaiters -->
	<item id="5711" price="0" /> <!-- Zubei's Gauntlets - Light Armor -->
	<item id="5727" price="0" /> <!-- Zubei's Boots - Light Armor -->
	<item id="2390" price="0" /> <!-- Avadon Leather Armor -->
	<item id="5715" price="0" /> <!-- Avadon Gloves - Light Armor -->
	<item id="5731" price="0" /> <!-- Avadon Boots - Light Armor -->
	<item id="2391" price="0" /> <!-- Blue Wolf Leather Armor -->
	<item id="5719" price="0" /> <!-- Blue Wolf Gloves - Light Armor -->
	<item id="5735" price="0" /> <!-- Blue Wolf Boots - Light Armor -->
	<item id="2392" price="0" /> <!-- Leather Armor of Doom -->
	<item id="5723" price="0" /> <!-- Doom Gloves - Light Armor -->
	<item id="5739" price="0" /> <!-- Doom Boots - Light Armor -->
	<item id="2397" price="0" /> <!-- Tunic of Zubei -->
	<item id="2402" price="0" /> <!-- Stockings of Zubei -->
	<item id="5712" price="0" /> <!-- Zubei's Gauntlets - Robe -->
	<item id="5728" price="0" /> <!-- Zubei's Boots - Robe -->
	<item id="2398" price="0" /> <!-- Blue Wolf Tunic -->
	<item id="2403" price="0" /> <!-- Blue Wolf Stockings -->
	<item id="5720" price="0" /> <!-- Blue Wolf Gloves - Robe -->
	<item id="5736" price="0" /> <!-- Blue Wolf Boots - Robe -->
	<item id="2399" price="0" /> <!-- Tunic of Doom -->
	<item id="2404" price="0" /> <!-- Stockings of Doom -->
	<item id="5724" price="0" /> <!-- Doom Gloves - Robe -->
	<item id="5740" price="0" /> <!-- Doom Boots - Robe -->
	<item id="2406" price="0" /> <!-- Avadon Robe -->
	<item id="5716" price="0" /> <!-- Avadon Gloves - Robe -->
	<item id="5732" price="0" /> <!-- Avadon Boots - Robe -->
	<item id="554" price="0" /> <!-- Zubei's Boots -->
	<item id="612" price="0" /> <!-- Zubei's Gauntlets -->
	<item id="5709" price="0" /> <!-- Sealed Zubei's Gauntlets -->
	<item id="5725" price="0" /> <!-- Sealed Zubei's Boots -->
	<item id="2439" price="0" /> <!-- Blue Wolf Boots -->
	<item id="2487" price="0" /> <!-- Blue Wolf Gloves -->
	<item id="5717" price="0" /> <!-- Sealed Blue Wolf Gloves -->
	<item id="5733" price="0" /> <!-- Sealed Blue Wolf Boots -->
	<item id="600" price="0" /> <!-- Avadon Boots -->
	<item id="2464" price="0" /> <!-- Avadon Gloves -->
	<item id="5713" price="0" /> <!-- Sealed Avadon Gloves -->
	<item id="5729" price="0" /> <!-- Sealed Avadon Boots -->
	<item id="601" price="0" /> <!-- Boots of Doom -->
	<item id="2475" price="0" /> <!-- Doom Gloves -->
	<item id="5721" price="0" /> <!-- Sealed Doom Gloves -->
	<item id="5737" price="0" /> <!-- Sealed Boots of Doom -->
</list>
