﻿<?xml version="1.0" encoding="UTF-8"?>
<list xmlns:xsi="http://www.w3.org/2001/XMLSchema-instance" xsi:noNamespaceSchemaLocation="../xsd/buylist.xsd">
	<item id="92" price="0" /> <!-- Sprite's Staff -->
	<item id="207" price="0" /> <!-- Staff of Phantom -->
	<item id="208" price="0" /> <!-- Staff of Seal -->
	<item id="209" price="0" /> <!-- Divine Staff -->
	<item id="210" price="0" /> <!-- Staff of Evil Spirits -->
	<item id="211" price="0" /> <!-- Staff of Nobility -->
	<item id="4897" price="0" /> <!-- Sprite's Staff - Magic Regeneration -->
	<item id="4898" price="0" /> <!-- Sprite's Staff - Mental Shield -->
	<item id="4899" price="0" /> <!-- Sprite's Staff - Magic Hold -->
	<item id="4900" price="0" /> <!-- Staff of Evil Spirits - Magic Focus -->
	<item id="4901" price="0" /> <!-- Staff of Evil Spirits - Bodily Blessing -->
	<item id="4902" price="0" /> <!-- Staff of Evil Spirits - Magic Poison -->
</list>
