<?xml version="1.0" encoding="UTF-8"?>
<list xmlns:xsi="http://www.w3.org/2001/XMLSchema-instance" xsi:noNamespaceSchemaLocation="../xsd/buylist.xsd">
	<item id="8634" price="0" /> <!-- Elixir of CP (No Grade) -->
	<item id="8635" price="0" /> <!-- Elixir of CP (D-Grade) -->
	<item id="8636" price="0" /> <!-- Elixir of CP (C-Grade) -->
	<item id="8637" price="0" /> <!-- Elixir of CP (B-Grade) -->
	<item id="8638" price="0" /> <!-- Elixir of CP (A-Grade) -->
	<item id="8639" price="0" /> <!-- Elixir of CP (S-Grade) -->
	<item id="8622" price="0" /> <!-- Elixir of Life (No Grade) -->
	<item id="8623" price="0" /> <!-- Elixir of Life (D-Grade) -->
	<item id="8624" price="0" /> <!-- Elixir of Life (C-Grade) -->
	<item id="8625" price="0" /> <!-- Elixir of Life (B-Grade) -->
	<item id="8626" price="0" /> <!-- Elixir of Life (A-Grade) -->
	<item id="8627" price="0" /> <!-- Elixir of Life (S-Grade) -->
	<item id="8628" price="0" /> <!-- Elixir of Mental Strength (No Grade) -->
	<item id="8629" price="0" /> <!-- Elixir of Mental Strength (D-Grade) -->
	<item id="8630" price="0" /> <!-- Elixir of Mental Strength (C-Grade) -->
	<item id="8631" price="0" /> <!-- Elixir of Mental Strength (B-Grade) -->
	<item id="8632" price="0" /> <!-- Elixir of Mental Strength (A-Grade) -->
	<item id="8633" price="0" /> <!-- Elixir of Mental Strength (S-Grade) -->
</list>
