﻿<?xml version="1.0" encoding="UTF-8"?>
<list xmlns:xsi="http://www.w3.org/2001/XMLSchema-instance" xsi:noNamespaceSchemaLocation="../xsd/buylist.xsd">
	<item id="8723" price="0" /> <!-- Life Stone: level 46 -->
	<item id="8724" price="0" /> <!-- Life Stone: level 49 -->
	<item id="8725" price="0" /> <!-- Life Stone: level 52 -->
	<item id="8726" price="0" /> <!-- Life Stone: level 55 -->
	<item id="8727" price="0" /> <!-- Life Stone: level 58 -->
	<item id="8728" price="0" /> <!-- Life Stone: level 61 -->
	<item id="8729" price="0" /> <!-- Life Stone: level 64 -->
	<item id="8730" price="0" /> <!-- Life Stone: level 67 -->
	<item id="8731" price="0" /> <!-- Life Stone: level 70 -->
	<item id="8732" price="0" /> <!-- Life Stone: level 76 -->
	<item id="8733" price="0" /> <!-- Mid-Grade Life Stone: level 46 -->
	<item id="8734" price="0" /> <!-- Mid-Grade Life Stone: level 49 -->
	<item id="8735" price="0" /> <!-- Mid-Grade Life Stone: level 52 -->
	<item id="8736" price="0" /> <!-- Mid-Grade Life Stone: level 55 -->
	<item id="8737" price="0" /> <!-- Mid-Grade Life Stone: level 58 -->
	<item id="8738" price="0" /> <!-- Mid-Grade Life Stone: level 61 -->
	<item id="8739" price="0" /> <!-- Mid-Grade Life Stone: level 64 -->
	<item id="8740" price="0" /> <!-- Mid-Grade Life Stone: level 67 -->
	<item id="8741" price="0" /> <!-- Mid-Grade Life Stone: level 70 -->
	<item id="8742" price="0" /> <!-- Mid-Grade Life Stone: level 76 -->
	<item id="8743" price="0" /> <!-- High-Grade Life Stone: level 46 -->
	<item id="8744" price="0" /> <!-- High-Grade Life Stone: level 49 -->
	<item id="8745" price="0" /> <!-- High-Grade Life Stone: level 52 -->
	<item id="8746" price="0" /> <!-- High-Grade Life Stone: level 55 -->
	<item id="8747" price="0" /> <!-- High-Grade Life Stone: level 58 -->
	<item id="8748" price="0" /> <!-- High-Grade Life Stone: level 61 -->
	<item id="8749" price="0" /> <!-- High-Grade Life Stone: level 64 -->
	<item id="8750" price="0" /> <!-- High-Grade Life Stone: level 67 -->
	<item id="8751" price="0" /> <!-- High-Grade Life Stone: level 70 -->
	<item id="8752" price="0" /> <!-- High-Grade Life Stone: level 76 -->
	<item id="8753" price="0" /> <!-- Top-Grade Life Stone: level 46 -->
	<item id="8754" price="0" /> <!-- Top-Grade Life Stone: level 49 -->
	<item id="8755" price="0" /> <!-- Top-Grade Life Stone: level 52 -->
	<item id="8756" price="0" /> <!-- Top-Grade Life Stone: level 55 -->
	<item id="8757" price="0" /> <!-- Top-Grade Life Stone: level 58 -->
	<item id="8758" price="0" /> <!-- Top-Grade Life Stone: level 61 -->
	<item id="8759" price="0" /> <!-- Top-Grade Life Stone: level 64 -->
	<item id="8760" price="0" /> <!-- Top-Grade Life Stone: level 67 -->
	<item id="8761" price="0" /> <!-- Top-Grade Life Stone: level 70 -->
	<item id="8762" price="0" /> <!-- Top-Grade Life Stone: level 76 -->
</list>
