﻿<?xml version="1.0" encoding="UTF-8"?>
<list xmlns:xsi="http://www.w3.org/2001/XMLSchema-instance" xsi:noNamespaceSchemaLocation="../xsd/buylist.xsd">
	<item id="6364" price="0" /> <!-- Forgotten Blade -->
	<item id="6365" price="0" /> <!-- Basalt Battlehammer -->
	<item id="6366" price="0" /> <!-- Imperial Staff -->
	<item id="6367" price="0" /> <!-- Angel Slayer -->
	<item id="6368" price="0" /> <!-- Shining Bow -->
	<item id="6369" price="0" /> <!-- Dragon Hunter Axe -->
	<item id="6370" price="0" /> <!-- Saint Spear -->
	<item id="6371" price="0" /> <!-- Demon Splinter -->
	<item id="6372" price="0" /> <!-- Heaven's Divider -->
	<item id="6579" price="0" /> <!-- Arcana Mace -->
	<item id="6580" price="0" /> <!-- Tallum Blade*Dark Legion's Edge -->
	<item id="7575" price="0" /> <!-- Draconic Bow -->
	<item id="6581" price="0" /> <!-- Forgotten Blade - Haste -->
	<item id="6582" price="0" /> <!-- Forgotten Blade - Health -->
	<item id="6583" price="0" /> <!-- Forgotten Blade - Focus -->
	<item id="6584" price="0" /> <!-- Basalt Battlehammer - HP Drain -->
	<item id="6585" price="0" /> <!-- Basalt Battlehammer - Health -->
	<item id="6586" price="0" /> <!-- Basalt Battlehammer - HP Regeneration -->
	<item id="6587" price="0" /> <!-- Imperial Staff - Empower -->
	<item id="6588" price="0" /> <!-- Imperial Staff - MP Regeneration -->
	<item id="6589" price="0" /> <!-- Imperial Staff - Magic Hold -->
	<item id="6590" price="0" /> <!-- Angel Slayer - Crt. Damage -->
	<item id="6591" price="0" /> <!-- Angel Slayer - HP Drain -->
	<item id="6592" price="0" /> <!-- Angel Slayer - Haste -->
	<item id="6593" price="0" /> <!-- Shining Bow - Cheap Shot -->
	<item id="6594" price="0" /> <!-- Shining Bow - Focus -->
	<item id="6595" price="0" /> <!-- Shining Bow - Crt. Slow -->
	<item id="6596" price="0" /> <!-- Dragon Hunter Axe - HP Regeneration -->
	<item id="6597" price="0" /> <!-- Dragon Hunter Axe - Health -->
	<item id="6598" price="0" /> <!-- Dragon Hunter Axe - HP Drain -->
	<item id="6599" price="0" /> <!-- Saint Spear - Health -->
	<item id="6600" price="0" /> <!-- Saint Spear - Guidance -->
	<item id="6601" price="0" /> <!-- Saint Spear - Haste -->
	<item id="6602" price="0" /> <!-- Demon Splinter - Focus -->
	<item id="6603" price="0" /> <!-- Demon Splinter - Health -->
	<item id="6604" price="0" /> <!-- Demon Splinter - Crt. Stun -->
	<item id="6605" price="0" /> <!-- Heavens Divider - Haste -->
	<item id="6606" price="0" /> <!-- Heavens Divider - Health -->
	<item id="6607" price="0" /> <!-- Heavens Divider - Focus -->
	<item id="6608" price="0" /> <!-- Arcana Mace - Acumen -->
	<item id="6609" price="0" /> <!-- Arcana Mace - MP Regeneration -->
	<item id="6610" price="0" /> <!-- Arcana Mace - Mana Up -->
	<item id="7576" price="0" /> <!-- Draconic Bow - Cheap Shot -->
	<item id="7577" price="0" /> <!-- Draconic Bow - Focus -->
	<item id="7578" price="0" /> <!-- Draconic Bow - Critical Slow -->
</list>
