﻿<?xml version="1.0" encoding="UTF-8"?>
<list xmlns:xsi="http://www.w3.org/2001/XMLSchema-instance" xsi:noNamespaceSchemaLocation="../xsd/buylist.xsd">
	<item id="72" price="0" /> <!-- Stormbringer -->
	<item id="73" price="0" /> <!-- Shamshir -->
	<item id="74" price="0" /> <!-- Katana -->
	<item id="75" price="0" /> <!-- Caliburs -->
	<item id="76" price="0" /> <!-- Sword of Delusion -->
	<item id="77" price="0" /> <!-- Tsurugi -->
	<item id="84" price="0" /> <!-- Homunkulus's Sword -->
	<item id="131" price="0" /> <!-- Spirit Sword -->
	<item id="132" price="0" /> <!-- Sword of Limit -->
	<item id="133" price="0" /> <!-- Raid Sword -->
	<item id="134" price="0" /> <!-- Sword of Nightmare -->
	<item id="135" price="0" /> <!-- Samurai Longsword -->
	<item id="145" price="0" /> <!-- Sword of Whispering Death -->
	<item id="4681" price="0" /> <!-- Stormbringer - Critical Anger -->
	<item id="4682" price="0" /> <!-- Stormbringer - Focus -->
	<item id="4683" price="0" /> <!-- Stormbringer - Light -->
	<item id="4684" price="0" /> <!-- Shamshir - Guidance -->
	<item id="4685" price="0" /> <!-- Shamshir - Back Blow -->
	<item id="4686" price="0" /> <!-- Shamshir - Rsk. Evasion -->
	<item id="4687" price="0" /> <!-- Katana - Focus -->
	<item id="4688" price="0" /> <!-- Katana - Critical Damage -->
	<item id="4689" price="0" /> <!-- Katana - Haste -->
	<item id="4690" price="0" /> <!-- Spirit Sword - Critical Damage -->
	<item id="4691" price="0" /> <!-- Spirit Sword - Critical Poison -->
	<item id="4692" price="0" /> <!-- Spirit Sword - Haste -->
	<item id="4693" price="0" /> <!-- Raid Sword - Focus -->
	<item id="4694" price="0" /> <!-- Raid Sword - Critical Drain -->
	<item id="4695" price="0" /> <!-- Raid Sword - Critical Poison -->
	<item id="4696" price="0" /> <!-- Caliburs - Guidance -->
	<item id="4697" price="0" /> <!-- Caliburs - Focus -->
	<item id="4698" price="0" /> <!-- Caliburs - Critical Damage -->
	<item id="4699" price="0" /> <!-- Sword of Delusion - Focus -->
	<item id="4700" price="0" /> <!-- Sword of Delusion - Health -->
	<item id="4701" price="0" /> <!-- Sword of Delusion - Rsk. Haste -->
	<item id="4702" price="0" /> <!-- Tsurugi - Focus -->
	<item id="4703" price="0" /> <!-- Tsurugi - Critical Damage -->
	<item id="4704" price="0" /> <!-- Tsurugi - Haste -->
	<item id="4705" price="0" /> <!-- Sword of Nightmare - Health -->
	<item id="4706" price="0" /> <!-- Sword of Nightmare - Focus -->
	<item id="4707" price="0" /> <!-- Sword of Nightmare - Light -->
	<item id="4708" price="0" /> <!-- Samurai Longsword - Focus -->
	<item id="4709" price="0" /> <!-- Samurai Longsword - Critical Damage -->
	<item id="4710" price="0" /> <!-- Samurai Longsword - Haste -->
	<item id="5793" price="0" /> <!-- Tomb Savant A -->
	<item id="5794" price="0" /> <!-- Tomb Savant B -->
	<item id="5797" price="0" /> <!-- Tomb Savant A -->
	<item id="5798" price="0" /> <!-- Tomb Savant B -->
	<item id="5800" price="0" /> <!-- Nephilim Lord -->
	<item id="5801" price="0" /> <!-- Dusk -->
	<item id="6307" price="0" /> <!-- Sword of Limit - Guidance -->
	<item id="6308" price="0" /> <!-- Sword of Limit - Critical Drain -->
	<item id="6309" price="0" /> <!-- Sword of Limit - Health -->
	<item id="6310" price="0" /> <!-- Sword of Whispering Death - Empower -->
	<item id="6311" price="0" /> <!-- Sword of Whispering Death - Magic Power -->
	<item id="6312" price="0" /> <!-- Sword of Whispering Death - Magic Silence -->
	<item id="6313" price="0" /> <!-- Homunkulus's Sword - Acumen -->
	<item id="6314" price="0" /> <!-- Homunkulus's Sword - Conversion -->
	<item id="6315" price="0" /> <!-- Homunkulus's Sword - Magic Paralyze -->
</list>
