﻿<?xml version="1.0" encoding="UTF-8"?>
<list xmlns:xsi="http://www.w3.org/2001/XMLSchema-instance" xsi:noNamespaceSchemaLocation="../xsd/buylist.xsd">
	<item id="365" price="0" /> <!-- Dark Crystal Breastplate -->
	<item id="388" price="0" /> <!-- Dark Crystal Gaiters -->
	<item id="512" price="0" /> <!-- Dark Crystal Helmet -->
	<item id="5765" price="0" /> <!-- Dark Crystal Gloves - Heavy Armor -->
	<item id="5777" price="0" /> <!-- Dark Crystal Boots - Heavy Armor -->
	<item id="641" price="0" /> <!-- Dark Crystal Shield -->
	<item id="2382" price="0" /> <!-- Tallum Plate Armor -->
	<item id="547" price="0" /> <!-- Tallum Helm -->
	<item id="5768" price="0" /> <!-- Tallum Gloves - Heavy Armor -->
	<item id="5780" price="0" /> <!-- Tallum Boots - Heavy Armor -->
	<item id="2385" price="0" /> <!-- Dark Crystal Leather Armor -->
	<item id="2389" price="0" /> <!-- Dark Crystal Leggings -->
	<item id="5766" price="0" /> <!-- Dark Crystal Gloves - Light Armor -->
	<item id="5778" price="0" /> <!-- Dark Crystal Boots - Light Armor -->
	<item id="2393" price="0" /> <!-- Tallum Leather Armor -->
	<item id="5769" price="0" /> <!-- Tallum Gloves - Light Armor -->
	<item id="5781" price="0" /> <!-- Tallum Boots - Light Armor -->
	<item id="2400" price="0" /> <!-- Tallum Tunic -->
	<item id="2405" price="0" /> <!-- Tallum Stockings -->
	<item id="5770" price="0" /> <!-- Tallum Gloves - Robe -->
	<item id="5782" price="0" /> <!-- Tallum Boots - Robe -->
	<item id="2407" price="0" /> <!-- Dark Crystal Robe -->
	<item id="5767" price="0" /> <!-- Dark Crystal Gloves - Robe -->
	<item id="5779" price="0" /> <!-- Dark Crystal Boots - Robe -->
	<item id="374" price="0" /> <!-- Armor of Nightmare -->
	<item id="2418" price="0" /> <!-- Helm of Nightmare -->
	<item id="5771" price="0" /> <!-- Gauntlets of Nightmare - Heavy Armor -->
	<item id="5783" price="0" /> <!-- Boots of Nightmare - Heavy Armor -->
	<item id="2498" price="0" /> <!-- Shield of Nightmare -->
	<item id="2383" price="0" /> <!-- Majestic Plate Armor -->
	<item id="2419" price="0" /> <!-- Majestic Circlet -->
	<item id="5774" price="0" /> <!-- Majestic Gauntlets - Heavy Armor -->
	<item id="5786" price="0" /> <!-- Majestic Boots - Heavy Armor -->
	<item id="2394" price="0" /> <!-- Nightmarish Leather Armor -->
	<item id="5772" price="0" /> <!-- Gauntlets of Nightmare - Light Armor -->
	<item id="5784" price="0" /> <!-- Boots of Nightmare - Light Armor -->
	<item id="2395" price="0" /> <!-- Majestic Leather Armor -->
	<item id="5775" price="0" /> <!-- Majestic Gauntlets - Light Armor -->
	<item id="5787" price="0" /> <!-- Majestic Boots - Light Armor -->
	<item id="2408" price="0" /> <!-- Nightmare Robe -->
	<item id="5773" price="0" /> <!-- Gauntlets of Nightmare - Robe -->
	<item id="5785" price="0" /> <!-- Boots of Nightmare - Robe -->
	<item id="2409" price="0" /> <!-- Majestic Robe -->
	<item id="5776" price="0" /> <!-- Majestic Gauntlets - Robe -->
	<item id="5788" price="0" /> <!-- Majestic Boots - Robe -->
	<item id="5287" price="0" /> <!-- Sealed Dark Crystal breastplate -->
	<item id="5288" price="0" /> <!-- Sealed Dark Crystal Gaiters -->
	<item id="5289" price="0" /> <!-- Sealed Dark Crystal Helmet -->
	<item id="5290" price="0" /> <!-- Sealed Dark Crystal Gloves -->
	<item id="5291" price="0" /> <!-- Sealed Dark Crystal Boots -->
	<item id="5292" price="0" /> <!-- Sealed Dark Crystal Shield -->
	<item id="5297" price="0" /> <!-- Sealed Dark Crystal Leather Armor -->
	<item id="5298" price="0" /> <!-- Sealed Dark Crystal Leggings -->
	<item id="5308" price="0" /> <!-- Sealed Dark Crystal Robe -->
	<item id="5293" price="0" /> <!-- Sealed Tallum Plate Armor -->
	<item id="5294" price="0" /> <!-- Sealed Tallum Helmet -->
	<item id="5295" price="0" /> <!-- Sealed Tallum Gloves -->
	<item id="5296" price="0" /> <!-- Sealed Tallum Boots -->
	<item id="5301" price="0" /> <!-- Sealed Tallum Leather Armor -->
	<item id="5304" price="0" /> <!-- Sealed Tallum Tunic -->
	<item id="5305" price="0" /> <!-- Sealed Tallum Stockings -->
	<item id="5311" price="0" /> <!-- Sealed Armor of Nightmare -->
	<item id="5312" price="0" /> <!-- Sealed Helm of Nightmare -->
	<item id="5313" price="0" /> <!-- Sealed Gauntlets of Nightmare -->
	<item id="5314" price="0" /> <!-- Sealed Boots of Nightmare -->
	<item id="5315" price="0" /> <!-- Sealed Shield of Nightmare -->
	<item id="5320" price="0" /> <!-- Sealed Leather Armor of Nightmare -->
	<item id="5326" price="0" /> <!-- Sealed Nightmare Robe -->
	<item id="5316" price="0" /> <!-- Sealed Majestic Plate Armor -->
	<item id="5317" price="0" /> <!-- Sealed Majestic Circlet -->
	<item id="5318" price="0" /> <!-- Sealed Majestic Gauntlets -->
	<item id="5319" price="0" /> <!-- Sealed Majestic Boots -->
	<item id="5323" price="0" /> <!-- Sealed Majestic Leather Armor -->
	<item id="5329" price="0" /> <!-- Sealed Majestic Robe -->
</list>
