﻿<?xml version="1.0" encoding="UTF-8"?>
<list xmlns:xsi="http://www.w3.org/2001/XMLSchema-instance" xsi:noNamespaceSchemaLocation="../xsd/buylist.xsd">
	<item id="1270" price="0" /> <!-- Orb of Abyss -->
	<item id="1201" price="0" /> <!-- Mark of Faith -->
	<item id="1261" price="0" /> <!-- Jewel of Darkness -->
	<item id="1161" price="0" /> <!-- Sword of Ritual -->
	<item id="1292" price="0" /> <!-- Bead of Season -->
	<item id="1615" price="0" /> <!-- Khavatari Totem -->
	<item id="1244" price="0" /> <!-- Gaze of Abyss -->
	<item id="1642" price="0" /> <!-- Ring of Raven -->
	<item id="1190" price="0" /> <!-- Bezique's Recommendation -->
	<item id="1145" price="0" /> <!-- Medallion of Warrior -->
	<item id="1252" price="0" /> <!-- Iron Heart -->
	<item id="1204" price="0" /> <!-- Elven Knight Brooch -->
	<item id="1235" price="0" /> <!-- Leaf of Oracle -->
	<item id="1217" price="0" /> <!-- Reisa's Recommendation -->
	<item id="1542" price="0" /> <!-- Bear Fur Cloak -->
	<item id="1230" price="0" /> <!-- Eternity Diamond -->
	<item id="1227" price="0" /> <!-- Rosella's Recommendation -->
	<item id="1205" price="0" /> <!-- Topaz Piece -->
	<item id="1251" price="0" /> <!-- Arkenia's Recommendation -->
	<item id="1635" price="0" /> <!-- Final Pass Certificate -->
	<item id="1617" price="0" /> <!-- Kasha Bear Pelt -->
	<item id="1618" price="0" /> <!-- Kasha Blade Spider Husk -->
	<item id="1265" price="0" /> <!-- Garmiel Book -->
	<item id="1253" price="0" /> <!-- Seed of Anger -->
	<item id="1254" price="0" /> <!-- Seed of Despair -->
	<item id="1255" price="0" /> <!-- Seed of Horror -->
	<item id="1256" price="0" /> <!-- Seed of Lunacy -->
	<item id="1238" price="0" /> <!-- Lycanthrope Skull -->
	<item id="1229" price="0" /> <!-- Fertility Peridot -->
</list>
