﻿<?xml version="1.0" encoding="UTF-8"?>
<list xmlns:xsi="http://www.w3.org/2001/XMLSchema-instance" xsi:noNamespaceSchemaLocation="../xsd/buylist.xsd">
	<item id="4" price="0" /> <!-- Club -->
	<item id="5" price="0" /> <!-- Mace -->
	<item id="6" price="0" /> <!-- Apprentice's Wand -->
	<item id="7" price="0" /> <!-- Apprentice's Rod -->
	<item id="87" price="0" /> <!-- Iron Hammer -->
	<item id="152" price="0" /> <!-- Heavy Chisel -->
	<item id="153" price="0" /> <!-- Sickle -->
	<item id="154" price="0" /> <!-- Dwarven Mace -->
	<item id="155" price="0" /> <!-- Buzdygan -->
	<item id="747" price="0" /> <!-- Wand of Adept -->
	<item id="748" price="0" /> <!-- Gallint's Oak Wand -->
	<item id="1300" price="0" /> <!-- Apprentice's Rod -->
	<item id="1301" price="0" /> <!-- Big Hammer -->
	<item id="1511" price="0" /> <!-- Silversmith Hammer -->
	<item id="2370" price="0" /> <!-- Guild Member's Club -->
	<item id="2501" price="0" /> <!-- Bone Club -->
	<item id="4221" price="0" /> <!-- Ubiquitous Axe -->
	<item id="7817" price="0" /> <!-- Apprentice Adventurer's Bone Club -->
</list>
