﻿<?xml version="1.0" encoding="UTF-8"?>
<list xmlns:xsi="http://www.w3.org/2001/XMLSchema-instance" xsi:noNamespaceSchemaLocation="../xsd/buylist.xsd">
	<item id="7906" price="0" /> <!-- Blessing of Fire -->
	<item id="7907" price="0" /> <!-- Blessing of Water -->
	<item id="7908" price="0" /> <!-- Blessing of Wind -->
	<item id="7909" price="0" /> <!-- Blessing of Earth -->
	<item id="7910" price="0" /> <!-- Blessing of Darkness -->
	<item id="7911" price="0" /> <!-- Blessing of Sanctity -->
	<item id="7912" price="0" /> <!-- Fire Crystal -->
	<item id="7913" price="0" /> <!-- Water Crystal -->
	<item id="7914" price="0" /> <!-- Wind Crystal -->
	<item id="7915" price="0" /> <!-- Earth Crystal -->
	<item id="7916" price="0" /> <!-- Dark Crystal -->
	<item id="7917" price="0" /> <!-- Sanctity Crystal -->
</list>
