﻿<?xml version="1.0" encoding="UTF-8"?>
<list xmlns:xsi="http://www.w3.org/2001/XMLSchema-instance" xsi:noNamespaceSchemaLocation="../xsd/buylist.xsd">
	<item id="5808" price="0" /> <!-- Party Mask -->
	<item id="6394" price="0" /> <!-- Red Party Mask -->
	<item id="6843" price="0" /> <!-- Cat Ear -->
	<item id="6844" price="0" /> <!-- Lady's Hair Pin -->
	<item id="6845" price="0" /> <!-- Pirate's Eye Patch -->
	<item id="6846" price="0" /> <!-- Monocle -->
	<item id="7059" price="0" /> <!-- Golden Festival Mask -->
	<item id="7060" price="0" /> <!-- Tateossian Hairband -->
	<item id="7680" price="0" /> <!-- Raccoon Ears -->
	<item id="7681" price="0" /> <!-- Outlaw's Eyepatch -->
	<item id="7682" price="0" /> <!-- Maiden's Hairpin -->
	<item id="7683" price="0" /> <!-- Rabbit Ears -->
	<item id="7694" price="0" /> <!-- Noblesse Tiara -->
	<item id="7695" price="0" /> <!-- Forget-me-not Hairpin -->
	<item id="7696" price="0" /> <!-- Daisy Hairpin -->
	<item id="7836" price="0" /> <!-- Santa's Hat -->
	<item id="7837" price="0" /> <!-- Sayha's White Mask -->
	<item id="7839" price="0" /> <!-- Gran Kain's Black Mask -->
	<item id="7840" price="0" /> <!-- Rabbit Ears (Event) -->
	<item id="7841" price="0" /> <!-- Racoon Ears (Event) -->
	<item id="7842" price="0" /> <!-- Cat Ears (Event) -->
	<item id="7843" price="0" /> <!-- Pirate's Eyepatch (Event) -->
	<item id="7844" price="0" /> <!-- Monocle (Event) -->
	<item id="7845" price="0" /> <!-- Outlaw's Eyepatch (Event) -->
	<item id="7846" price="0" /> <!-- Lady's Hairpin (Event) -->
	<item id="7847" price="0" /> <!-- Noblewoman's Hairpin (Event) -->
	<item id="7848" price="0" /> <!-- Forget-me-not Hairpin (Event) -->
	<item id="7849" price="0" /> <!-- Daisy Hairpin (Event) -->
	<item id="8177" price="0" /> <!-- Raid Challenger's Circlet -->
	<item id="8178" price="0" /> <!-- Raid Adventurer's Circlet -->
	<item id="8179" price="0" /> <!-- Raid Master's Circlet -->
	<item id="8180" price="0" /> <!-- Circlet of Ice Fairy Sirra -->
	<item id="8181" price="0" /> <!-- Academy Circlet -->
	<item id="8184" price="0" /> <!-- Party Hat -->
	<item id="8185" price="0" /> <!-- Feathered Hat -->
	<item id="8186" price="0" /> <!-- Artisan's Goggles -->
	<item id="8187" price="0" /> <!-- Demon Horns -->
	<item id="8188" price="0" /> <!-- Little Angel Wings -->
	<item id="8189" price="0" /> <!-- Fairy Antennae -->
	<item id="8552" price="0" /> <!-- Mask of Spirits -->
	<item id="8557" price="0" /> <!-- Blue Party Hat -->
	<item id="8558" price="0" /> <!-- Eva's Mark -->
	<item id="8559" price="0" /> <!-- Diadem -->
	<item id="8560" price="0" /> <!-- Teddy Bear Hat -->
	<item id="8561" price="0" /> <!-- Piggy Hat -->
	<item id="8562" price="0" /> <!-- Jester Hat -->
	<item id="8563" price="0" /> <!-- Wizard Hat -->
	<item id="8564" price="0" /> <!-- Dapper Cap -->
	<item id="8565" price="0" /> <!-- Romantic Chapeau -->
	<item id="8566" price="0" /> <!-- Iron Circlet -->
	<item id="8567" price="0" /> <!-- Valakas Slayer Circlet -->
	<item id="8568" price="0" /> <!-- Antharas Slayer Circlet -->
	<item id="8569" price="0" /> <!-- Half Face Mask -->
	<item id="8660" price="0" /> <!-- Demon Horns -->
	<item id="8661" price="0" /> <!-- Mask of Spirits -->
	<item id="8662" price="0" /> <!-- Fairy Antennae (Event) -->
	<item id="8910" price="0" /> <!-- Black Feather Mask (Event) -->
	<item id="8911" price="0" /> <!-- Black Half-Mask (Event) -->
	<item id="8912" price="0" /> <!-- Single Stem Flower -->
	<item id="8913" price="0" /> <!-- Butterfly Hairpin -->
	<item id="8914" price="0" /> <!-- Luxurious Gold Circlet -->
	<item id="8915" price="0" /> <!-- Luxurious Silver Circlet -->
	<item id="8916" price="0" /> <!-- Eye Patch -->
	<item id="8917" price="0" /> <!-- Goddess Circlet -->
	<item id="8918" price="0" /> <!-- Leather Cap -->
	<item id="8919" price="0" /> <!-- First Mate's Hat -->
	<item id="8920" price="0" /> <!-- Angel Halo -->
	<item id="8921" price="0" /> <!-- Demon Circlet -->
	<item id="8922" price="0" /> <!-- Pirate Hat -->
	<item id="8923" price="0" /> <!-- Scar -->
	<item id="8936" price="0" /> <!-- Santa's Antlers -->
	<item id="8947" price="0" /> <!-- L2 Day: Rabbit Ears -->
	<item id="8948" price="0" /> <!-- L2 Day: Little Angel Wings -->
	<item id="8949" price="0" /> <!-- L2 Day: Fairy Antennae -->
	<item id="8950" price="0" /> <!-- L2 Day: Feathered Hat -->
	<item id="8951" price="0" /> <!-- L2 Day: Artisan's Goggles -->
	<item id="9138" price="0" /> <!-- Santa's Hat -->
	<item id="9145" price="0" /> <!-- Little Angel Wings (Event) -->
	<item id="9158" price="0" /> <!-- Golden Circlet of Redemption -->
	<item id="9159" price="0" /> <!-- Silver Circlet of Salvation -->
	<item id="9160" price="0" /> <!-- Pig Wrangler's Cap -->
	<item id="9208" price="0" /> <!-- Phantom Mask (Event) -->
</list>
