﻿<?xml version="1.0" encoding="UTF-8"?>
<list xmlns:xsi="http://www.w3.org/2001/XMLSchema-instance" xsi:noNamespaceSchemaLocation="../xsd/buylist.xsd">
	<item id="91" price="0" /> <!-- Heavy War Axe -->
	<item id="163" price="0" /> <!-- _ -->
	<item id="171" price="0" /> <!-- Deadman's Glory -->
	<item id="175" price="0" /> <!-- Art of Battle Axe -->
	<item id="4747" price="0" /> <!-- Heavy War Axe - Anger -->
	<item id="4748" price="0" /> <!-- Heavy War Axe - Health -->
	<item id="4749" price="0" /> <!-- Heavy War Axe - Rsk. Focus -->
	<item id="4750" price="0" /> <!-- Deadman's Glory - Anger -->
	<item id="4751" price="0" /> <!-- Deadman's Glory - Health -->
	<item id="4752" price="0" /> <!-- Deadman's Glory - Haste -->
	<item id="4753" price="0" /> <!-- Art of Battle Axe - Health -->
	<item id="4754" price="0" /> <!-- Art of Battle Axe - Rsk. Focus -->
	<item id="4755" price="0" /> <!-- Art of Battle Axe - Haste -->
	<item id="7834" price="0" /> <!-- Art of Battle Axe -->
</list>
