﻿<?xml version="1.0" encoding="UTF-8"?>
<list xmlns:xsi="http://www.w3.org/2001/XMLSchema-instance" xsi:noNamespaceSchemaLocation="../xsd/buylist.xsd">
	<item id="1674" price="0" /> <!-- Twig of Treant -->
	<item id="1675" price="0" /> <!-- Beast Blood -->
	<item id="1676" price="0" /> <!-- Beast Bone -->
	<item id="1677" price="0" /> <!-- Hot Oil -->
	<item id="1678" price="0" /> <!-- (Not used) Thread -->
	<item id="1679" price="0" /> <!-- Bronze -->
	<item id="1680" price="0" /> <!-- Fur -->
	<item id="1681" price="0" /> <!-- Elf Stone -->
	<item id="1682" price="0" /> <!-- Tear of Holy Spirit -->
	<item id="1683" price="0" /> <!-- Mithril -->
	<item id="1684" price="0" /> <!-- Durable Stem -->
	<item id="1685" price="0" /> <!-- Wooden Frame -->
	<item id="1686" price="0" /> <!-- Bark of Treant -->
	<item id="1687" price="0" /> <!-- (Not used) Coarse Bone Powder -->
	<item id="1688" price="0" /> <!-- Refined Steel -->
	<item id="1689" price="0" /> <!-- (Not used) Leather -->
	<item id="1690" price="0" /> <!-- Bowstring -->
	<item id="1691" price="0" /> <!-- Steel Frame -->
	<item id="1692" price="0" /> <!-- (Not used) Cord -->
	<item id="1693" price="0" /> <!-- Refined Bronze -->
	<item id="1694" price="0" /> <!-- Treant Potion -->
	<item id="1695" price="0" /> <!-- Spell Paper -->
	<item id="1696" price="0" /> <!-- Flaming Oil -->
	<item id="1697" price="0" /> <!-- Magic Powder -->
	<item id="1698" price="0" /> <!-- Refined Mithril -->
	<item id="1699" price="0" /> <!-- Fortified Steel -->
	<item id="1700" price="0" /> <!-- (Not used) Oriharukon -->
	<item id="1701" price="0" /> <!-- Spell Solution -->
	<item id="1702" price="0" /> <!-- Metal Frame -->
	<item id="1703" price="0" /> <!-- Steel of The Highest Grade -->
	<item id="1704" price="0" /> <!-- Stone of Anguish -->
	<item id="1705" price="0" /> <!-- Sprig of Wisdom -->
	<item id="1706" price="0" /> <!-- Blue Diamond Fragment -->
	<item id="1707" price="0" /> <!-- Saint's Molar -->
	<item id="1708" price="0" /> <!-- Smoky Quartz -->
	<item id="1709" price="0" /> <!-- Blood of Manticore -->
	<item id="1710" price="0" /> <!-- Tiger's Eye Crystal -->
	<item id="1711" price="0" /> <!-- Claw of Leopard -->
	<item id="1712" price="0" /> <!-- Leather Shoes Material -->
	<item id="1713" price="0" /> <!-- Leather Tunic Material -->
	<item id="1714" price="0" /> <!-- Leather Stockings Material -->
	<item id="1715" price="0" /> <!-- Leather Helmet Material -->
	<item id="1716" price="0" /> <!-- Leather Gloves Texture -->
	<item id="1717" price="0" /> <!-- Leather Gloves Lining -->
	<item id="1718" price="0" /> <!-- Black Bone Fragment -->
	<item id="1719" price="0" /> <!-- Hard Leather Shirt Material -->
	<item id="1720" price="0" /> <!-- Blue-Black Bone Fragment -->
	<item id="1721" price="0" /> <!-- Hard Leather Gaiter Material -->
	<item id="1722" price="0" /> <!-- Boots Material -->
	<item id="1723" price="0" /> <!-- Leather Boots Material -->
</list>
