﻿<?xml version="1.0" encoding="UTF-8"?>
<list xmlns:xsi="http://www.w3.org/2001/XMLSchema-instance" xsi:noNamespaceSchemaLocation="../xsd/buylist.xsd">
	<item id="1774" price="0" /> <!-- Piece of Two-Handed Sword -->
	<item id="1775" price="0" /> <!-- Two-Handed Sword Mold -->
	<item id="1776" price="0" /> <!-- Piece of Spiked Club -->
	<item id="1777" price="0" /> <!-- Steel Piece of Club -->
	<item id="1778" price="0" /> <!-- Shilen Bone -->
	<item id="1779" price="0" /> <!-- Shilen Mane -->
	<item id="1780" price="0" /> <!-- Purity Bronze -->
	<item id="1781" price="0" /> <!-- Gastraphetes Stave -->
	<item id="1782" price="0" /> <!-- Gastraphetes Addendum -->
	<item id="1783" price="0" /> <!-- Blood of Fiend -->
	<item id="1784" price="0" /> <!-- Cursed Leather -->
	<item id="1785" price="0" /> <!-- Soul Ore -->
	<item id="1864" price="0" /> <!-- Stem -->
	<item id="1865" price="0" /> <!-- Varnish -->
	<item id="1866" price="0" /> <!-- Suede -->
	<item id="1867" price="0" /> <!-- Animal Skin -->
	<item id="1868" price="0" /> <!-- Thread -->
	<item id="1869" price="0" /> <!-- Iron Ore -->
	<item id="1870" price="0" /> <!-- Coal -->
	<item id="1871" price="0" /> <!-- Charcoal -->
	<item id="1872" price="0" /> <!-- Animal Bone -->
	<item id="1873" price="0" /> <!-- Silver Nugget -->
	<item id="1874" price="0" /> <!-- Oriharukon Ore -->
	<item id="1875" price="0" /> <!-- Stone of Purity -->
	<item id="1876" price="0" /> <!-- Mithril Ore -->
	<item id="1877" price="0" /> <!-- Adamantite Nugget -->
	<item id="1878" price="0" /> <!-- Braided Hemp -->
	<item id="1879" price="0" /> <!-- Cokes -->
	<item id="1880" price="0" /> <!-- Steel -->
	<item id="1881" price="0" /> <!-- Coarse Bone Powder -->
	<item id="1882" price="0" /> <!-- Leather -->
	<item id="1883" price="0" /> <!-- Steel Mold -->
	<item id="1884" price="0" /> <!-- Cord -->
	<item id="1885" price="0" /> <!-- High Grade Suede -->
	<item id="1886" price="0" /> <!-- Silver Mold -->
	<item id="1887" price="0" /> <!-- Varnish of Purity -->
	<item id="1888" price="0" /> <!-- Synthetic Cokes -->
	<item id="1889" price="0" /> <!-- Compound Braid -->
	<item id="1890" price="0" /> <!-- Mithril Alloy -->
	<item id="1891" price="0" /> <!-- Artisan's Frame -->
	<item id="1892" price="0" /> <!-- Blacksmith's Frame -->
	<item id="1893" price="0" /> <!-- Oriharukon -->
	<item id="1894" price="0" /> <!-- Crafted Leather -->
	<item id="1895" price="0" /> <!-- Metallic Fiber -->
	<item id="1896" price="0" /> <!-- Necklace of Anguish Chain -->
	<item id="1897" price="0" /> <!-- Necklace of Wisdom Chain -->
	<item id="1898" price="0" /> <!-- Blue Diamond Necklace Gem -->
	<item id="1899" price="0" /> <!-- Necklace of Devotion Chain -->
	<item id="1900" price="0" /> <!-- Enchanted Necklace Chain -->
	<item id="1901" price="0" /> <!-- Tiger's Eye Earring Stone -->
</list>
