﻿<?xml version="1.0" encoding="UTF-8"?>
<list xmlns:xsi="http://www.w3.org/2001/XMLSchema-instance" xsi:noNamespaceSchemaLocation="../xsd/buylist.xsd">
	<item id="2191" price="0" /> <!-- Recipe: RIP Gauntlets -->
	<item id="2192" price="0" /> <!-- Recipe: Kite Shield -->
	<item id="2193" price="0" /> <!-- Recipe: Boots of Power -->
	<item id="2194" price="0" /> <!-- Recipe: Mithril Gloves -->
	<item id="2195" price="0" /> <!-- Recipe: Half Plate Armor -->
	<item id="2196" price="0" /> <!-- Recipe: Plate Gaiters -->
	<item id="2197" price="0" /> <!-- Recipe: Salamander Skin Mail -->
	<item id="2198" price="0" /> <!-- Recipe: Sage's Rag -->
	<item id="2199" price="0" /> <!-- Recipe: Karmian Stockings -->
	<item id="2200" price="0" /> <!-- Recipe: Chain Helmet -->
	<item id="2201" price="0" /> <!-- Recipe: Square Shield -->
	<item id="2202" price="0" /> <!-- Recipe: Assault Boots -->
	<item id="2203" price="0" /> <!-- Recipe: Mithril Boots -->
	<item id="2204" price="0" /> <!-- Recipe: Chain Mail Shirt -->
	<item id="2205" price="0" /> <!-- Recipe: Chain Gaiters -->
	<item id="2206" price="0" /> <!-- Recipe: Mithril Shirt -->
	<item id="2207" price="0" /> <!-- Recipe: Karmian Tunic -->
	<item id="2208" price="0" /> <!-- Recipe: Ogre Power Gauntlets -->
	<item id="2209" price="0" /> <!-- Recipe: Eldarake -->
	<item id="2210" price="0" /> <!-- Recipe: Steel Plate Helmet -->
	<item id="2211" price="0" /> <!-- Recipe: Plated Leather Armor -->
	<item id="2212" price="0" /> <!-- Recipe: Plated Leather Gaiters -->
	<item id="2213" price="0" /> <!-- Recipe: Dwarven Chain Mail Shirt -->
	<item id="2214" price="0" /> <!-- Recipe: Dwarven Chain Gaiters -->
	<item id="2215" price="0" /> <!-- Recipe: Robe of Seal -->
	<item id="2216" price="0" /> <!-- Recipe: Great Helmet -->
	<item id="2217" price="0" /> <!-- Recipe: Knight's Shield -->
	<item id="2218" price="0" /> <!-- Recipe: Pa'agrian Hand -->
	<item id="2219" price="0" /> <!-- Recipe: Crimson Boots -->
	<item id="2220" price="0" /> <!-- Recipe: Rind Leather Armor -->
	<item id="2221" price="0" /> <!-- Recipe: Rind Leather Gaiters -->
	<item id="2222" price="0" /> <!-- Recipe: Composite Armor -->
	<item id="2223" price="0" /> <!-- Recipe: Tower Shield -->
	<item id="2224" price="0" /> <!-- Recipe: Demon's Tunic -->
	<item id="2225" price="0" /> <!-- Recipe: Demon's Stockings -->
	<item id="2226" price="0" /> <!-- Recipe: Mithril Gauntlets -->
	<item id="2227" price="0" /> <!-- Recipe: Forgotten Boots -->
	<item id="2228" price="0" /> <!-- Recipe: Shining Circlet -->
	<item id="2229" price="0" /> <!-- Recipe: Theca Leather Armor -->
	<item id="2230" price="0" /> <!-- Recipe: Theca Leather Gaiters -->
	<item id="2231" price="0" /> <!-- Recipe: Full Plate Armor -->
	<item id="2232" price="0" /> <!-- Recipe: Drake Leather Armor -->
	<item id="2233" price="0" /> <!-- Recipe: Divine Tunic -->
	<item id="2234" price="0" /> <!-- Recipe: Divine Stockings -->
	<item id="2235" price="0" /> <!-- Recipe: Mithril Helmet -->
	<item id="2236" price="0" /> <!-- Recipe: Cap of Mana -->
	<item id="2237" price="0" /> <!-- Recipe: Paradia Hood -->
	<item id="2238" price="0" /> <!-- Recipe: Hood of Solar Eclipse -->
	<item id="2239" price="0" /> <!-- Recipe: Hood of Summoning -->
	<item id="2240" price="0" /> <!-- Recipe: Elemental Hood -->
</list>
