﻿<?xml version="1.0" encoding="UTF-8"?>
<list xmlns:xsi="http://www.w3.org/2001/XMLSchema-instance" xsi:noNamespaceSchemaLocation="../xsd/buylist.xsd">
	<item id="8223" price="0" /> <!-- Seed: Twin Codran -->
	<item id="8224" price="0" /> <!-- Seed: Great Codran -->
	<item id="8225" price="0" /> <!-- Seed: Desert Codran -->
	<item id="8226" price="0" /> <!-- Seed: Blue Coba -->
	<item id="8227" price="0" /> <!-- Seed: Red Coba -->
	<item id="8228" price="0" /> <!-- Seed: Golden Coba -->
	<item id="8229" price="0" /> <!-- Seed: Desert Coba -->
	<item id="8230" price="0" /> <!-- Seed: Alternative Twin Codran -->
	<item id="8231" price="0" /> <!-- Seed: Alternative Great Codran -->
	<item id="8232" price="0" /> <!-- Seed: Alternative Desert Codran -->
	<item id="8233" price="0" /> <!-- Seed: Alternative Blue Coba -->
	<item id="8234" price="0" /> <!-- Seed: Alternative Red Coba -->
	<item id="8235" price="0" /> <!-- Seed: Alternative Golden Coba -->
	<item id="8236" price="0" /> <!-- Seed: Alternative Desert Coba -->
	<item id="8237" price="0" /> <!-- Seed: Dark Coda -->
	<item id="8238" price="0" /> <!-- Seed: Red Coda -->
	<item id="8239" price="0" /> <!-- Seed: Chilly Coda -->
	<item id="8240" price="0" /> <!-- Seed: Blue Coda -->
	<item id="8241" price="0" /> <!-- Seed: Golden Coda -->
	<item id="8242" price="0" /> <!-- Seed: Lute Coda -->
	<item id="8243" price="0" /> <!-- Seed: Desert Coda -->
	<item id="8244" price="0" /> <!-- Seed: Red Cobol -->
	<item id="8245" price="0" /> <!-- Seed: Chilly Cobol -->
	<item id="8246" price="0" /> <!-- Seed: Blue Cobol -->
	<item id="8247" price="0" /> <!-- Seed: Thorn Cobol -->
	<item id="8248" price="0" /> <!-- Seed: Golden Cobol -->
	<item id="8249" price="0" /> <!-- Seed: Great Cobol -->
	<item id="8250" price="0" /> <!-- Seed: Red Codran -->
	<item id="8251" price="0" /> <!-- Seed: Sea Codran -->
	<item id="8252" price="0" /> <!-- Seed: Chilly Codran -->
	<item id="8253" price="0" /> <!-- Seed: Blue Codran -->
	<item id="8254" price="0" /> <!-- Seed: Twin Codran -->
	<item id="8255" price="0" /> <!-- Alternative Dark Coda Seed -->
	<item id="8256" price="0" /> <!-- Alternative Red Coda Seed -->
	<item id="8257" price="0" /> <!-- Seed: Alternative Chilly Coda -->
	<item id="8258" price="0" /> <!-- Alternative Blue Coda Seed -->
	<item id="8259" price="0" /> <!-- Seed: Alternative Golden Coda -->
	<item id="8260" price="0" /> <!-- Alternative Lute Coda Seed -->
	<item id="8261" price="0" /> <!-- Alternative Desert Coda Seed -->
	<item id="8262" price="0" /> <!-- Seed: Alternative Red Cobol -->
	<item id="8263" price="0" /> <!-- Seed: Alternative Chilly Cobol -->
	<item id="8264" price="0" /> <!-- Seed: Alternative Blue Cobol -->
	<item id="8265" price="0" /> <!-- Alternative Thorn Cobol Seed -->
	<item id="8266" price="0" /> <!-- Seed: Alternative Golden Cobol -->
	<item id="8267" price="0" /> <!-- Seed: Alternative Great Cobol -->
	<item id="8268" price="0" /> <!-- Seed: Alternative Red Codran -->
	<item id="8269" price="0" /> <!-- Seed: Alternative Sea Codran -->
	<item id="8270" price="0" /> <!-- Seed: Alternative Chilly Codran -->
	<item id="8271" price="0" /> <!-- Seed: Alternative Blue Codran -->
	<item id="8272" price="0" /> <!-- Seed: Alternative Twin Codran -->
	<item id="8521" price="0" /> <!-- Seed: Sea Coba -->
	<item id="8522" price="0" /> <!-- Seed: Alternative Sea Coba -->
	<item id="8523" price="0" /> <!-- Seed: Twin Coba -->
	<item id="8524" price="0" /> <!-- Seed: Alternative Twin Coba -->
	<item id="8525" price="0" /> <!-- Seed: Great Coba -->
	<item id="8526" price="0" /> <!-- Seed: Alternative Great Coba -->
</list>
