﻿<?xml version="1.0" encoding="UTF-8"?>
<list xmlns:xsi="http://www.w3.org/2001/XMLSchema-instance" xsi:noNamespaceSchemaLocation="../xsd/buylist.xsd">
	<npcs>
		<npc>35570</npc> <!-- Patty -->
	</npcs>
	<item id="6902" /> <!-- Pledge Shield -->
	<item id="1829" count="5" restock_delay="60" /> <!-- Scroll of Escape: Clan Hall -->
	<item id="5858" count="3" restock_delay="60" /> <!-- Blessed Scroll of Escape: Clan Hall -->
	<item id="5169" count="10" restock_delay="60" /> <!-- Deluxe Food for Strider -->
	<item id="7132" count="1" restock_delay="60" /> <!-- Scroll of Escape to Aden Castle Town -->
	<item id="7133" count="1" restock_delay="60" /> <!-- Scroll of Escape to the Town of Goddard -->
	<item id="8644" count="1" restock_delay="120" /> <!-- Recipe: Elixir of Life (A-Grade) (100%) -->
	<item id="8650" count="1" restock_delay="120" /> <!-- Recipe: Elixir of Mental Strength (A-Grade) (100%) -->
</list>
