﻿<?xml version="1.0" encoding="UTF-8"?>
<list xmlns:xsi="http://www.w3.org/2001/XMLSchema-instance" xsi:noNamespaceSchemaLocation="../xsd/buylist.xsd">
	<item id="7429" price="0" /> <!-- Resonance Amulet - 6 -->
	<item id="7430" price="0" /> <!-- Resonance Amulet - 6 -->
	<item id="7431" price="0" /> <!-- Resonance Amulet - 6 -->
	<item id="7432" price="0" /> <!-- Resonance Amulet - 6 -->
	<item id="7433" price="0" /> <!-- Resonance Amulet - 6 -->
	<item id="7434" price="0" /> <!-- Resonance Amulet - 6 -->
	<item id="7435" price="0" /> <!-- Resonance Amulet - 6 -->
	<item id="7436" price="0" /> <!-- Resonance Amulet - 6 -->
	<item id="7437" price="0" /> <!-- Resonance Amulet - 6 -->
	<item id="7438" price="0" /> <!-- Resonance Amulet - 6 -->
	<item id="7439" price="0" /> <!-- Resonance Amulet - 6 -->
	<item id="7440" price="0" /> <!-- Resonance Amulet - 6 -->
	<item id="7441" price="0" /> <!-- Resonance Amulet - 6 -->
	<item id="7442" price="0" /> <!-- Resonance Amulet - 6 -->
	<item id="7443" price="0" /> <!-- Resonance Amulet - 6 -->
	<item id="7444" price="0" /> <!-- Resonance Amulet - 6 -->
	<item id="7445" price="0" /> <!-- Resonance Amulet - 6 -->
	<item id="7446" price="0" /> <!-- Resonance Amulet - 6 -->
	<item id="7447" price="0" /> <!-- Resonance Amulet - 6 -->
	<item id="7448" price="0" /> <!-- Resonance Amulet - 6 -->
	<item id="7449" price="0" /> <!-- Resonance Amulet - 6 -->
	<item id="7450" price="0" /> <!-- Resonance Amulet - 6 -->
	<item id="7451" price="0" /> <!-- Resonance Amulet - 6 -->
	<item id="7452" price="0" /> <!-- Resonance Amulet - 6 -->
	<item id="7453" price="0" /> <!-- Resonance Amulet - 6 -->
	<item id="7454" price="0" /> <!-- Resonance Amulet - 7 -->
	<item id="7455" price="0" /> <!-- Resonance Amulet - 7 -->
	<item id="7456" price="0" /> <!-- Resonance Amulet - 7 -->
	<item id="7457" price="0" /> <!-- Resonance Amulet - 7 -->
	<item id="7458" price="0" /> <!-- Resonance Amulet - 7 -->
	<item id="7459" price="0" /> <!-- Resonance Amulet - 7 -->
	<item id="7460" price="0" /> <!-- Resonance Amulet - 7 -->
	<item id="7461" price="0" /> <!-- Resonance Amulet - 7 -->
	<item id="7462" price="0" /> <!-- Resonance Amulet - 7 -->
	<item id="7463" price="0" /> <!-- Resonance Amulet - 7 -->
	<item id="7464" price="0" /> <!-- Resonance Amulet - 7 -->
	<item id="7465" price="0" /> <!-- Resonance Amulet - 7 -->
	<item id="7466" price="0" /> <!-- Resonance Amulet - 7 -->
	<item id="7467" price="0" /> <!-- Resonance Amulet - 7 -->
	<item id="7468" price="0" /> <!-- Resonance Amulet - 7 -->
	<item id="7469" price="0" /> <!-- Resonance Amulet - 7 -->
	<item id="7470" price="0" /> <!-- Resonance Amulet - 7 -->
	<item id="7471" price="0" /> <!-- Resonance Amulet - 7 -->
	<item id="7472" price="0" /> <!-- Resonance Amulet - 7 -->
	<item id="7473" price="0" /> <!-- Resonance Amulet - 7 -->
	<item id="7474" price="0" /> <!-- Resonance Amulet - 7 -->
	<item id="7475" price="0" /> <!-- Resonance Amulet - 7 -->
	<item id="7476" price="0" /> <!-- Resonance Amulet - 7 -->
	<item id="7477" price="0" /> <!-- Resonance Amulet - 7 -->
	<item id="7478" price="0" /> <!-- Resonance Amulet - 7 -->
	<item id="7479" price="0" /> <!-- Resonance Amulet - 7 -->
	<item id="7480" price="0" /> <!-- Resonance Amulet - 7 -->
	<item id="7481" price="0" /> <!-- Resonance Amulet - 7 -->
	<item id="7482" price="0" /> <!-- Resonance Amulet - 7 -->
	<item id="7483" price="0" /> <!-- Resonance Amulet - 7 -->
	<item id="7484" price="0" /> <!-- Resonance Amulet - 7 -->
	<item id="7485" price="0" /> <!-- Halisha's Mark -->
	<item id="7486" price="0" /> <!-- Halisha's Mark -->
	<item id="7487" price="0" /> <!-- Halisha's Mark -->
	<item id="7488" price="0" /> <!-- Halisha's Mark -->
	<item id="7489" price="0" /> <!-- Halisha's Mark -->
	<item id="7490" price="0" /> <!-- Halisha's Mark -->
	<item id="7491" price="0" /> <!-- Halisha's Mark -->
	<item id="7492" price="0" /> <!-- Halisha's Mark -->
	<item id="7493" price="0" /> <!-- Halisha's Mark -->
	<item id="7494" price="0" /> <!-- Halisha's Mark -->
	<item id="7495" price="0" /> <!-- Halisha's Mark -->
	<item id="7496" price="0" /> <!-- Halisha's Mark -->
	<item id="7497" price="0" /> <!-- Halisha's Mark -->
	<item id="7498" price="0" /> <!-- Halisha's Mark -->
	<item id="7499" price="0" /> <!-- Halisha's Mark -->
	<item id="7500" price="0" /> <!-- Halisha's Mark -->
	<item id="7501" price="0" /> <!-- Halisha's Mark -->
	<item id="7502" price="0" /> <!-- Halisha's Mark -->
	<item id="7503" price="0" /> <!-- Halisha's Mark -->
	<item id="7504" price="0" /> <!-- Halisha's Mark -->
	<item id="7505" price="0" /> <!-- Halisha's Mark -->
	<item id="7506" price="0" /> <!-- Halisha's Mark -->
	<item id="7507" price="0" /> <!-- Halisha's Mark -->
	<item id="7508" price="0" /> <!-- Halisha's Mark -->
	<item id="7509" price="0" /> <!-- Halisha's Mark -->
	<item id="7510" price="0" /> <!-- Halisha's Mark -->
	<item id="7511" price="0" /> <!-- Halisha's Mark -->
	<item id="7512" price="0" /> <!-- Halisha's Mark -->
	<item id="7513" price="0" /> <!-- Halisha's Mark -->
	<item id="7514" price="0" /> <!-- Halisha's Mark -->
	<item id="7515" price="0" /> <!-- Halisha's Mark -->
	<item id="7516" price="0" /> <!-- Ice Wine -->
	<item id="7517" price="0" /> <!-- Donath's' Dish -->
	<item id="7518" price="0" /> <!-- Donath's' Note - Vol.1 -->
	<item id="7519" price="0" /> <!-- Shaved Ice -->
	<item id="7520" price="0" /> <!-- Ice Cream -->
	<item id="7521" price="0" /> <!-- Ice Crystal Gemstone -->
	<item id="7522" price="0" /> <!-- Offering -->
	<item id="7523" price="0" /> <!-- Offering -->
	<item id="7524" price="0" /> <!-- Offering -->
	<item id="7525" price="0" /> <!-- Offering -->
	<item id="7526" price="0" /> <!-- Ancient Language Dictionary -->
	<item id="7527" price="0" /> <!-- Ancient Language Dictionary -->
	<item id="7528" price="0" /> <!-- Spinneret -->
	<item id="7529" price="0" /> <!-- Investigative Report -->
	<item id="7530" price="0" /> <!-- Investigative Report -->
	<item id="7531" price="0" /> <!-- Investigative Report -->
	<item id="7532" price="0" /> <!-- Investigative Report -->
	<item id="7533" price="0" /> <!-- Investigative Report -->
	<item id="7534" price="0" /> <!-- Ice Cold Flower -->
	<item id="7535" price="0" /> <!-- Pure Ice -->
	<item id="7536" price="0" /> <!-- Bitter Cold Beer -->
	<item id="7537" price="0" /> <!-- Multiple Course Meal -->
	<item id="7538" price="0" /> <!-- Dead Souls Fish Soup -->
	<item id="7539" price="0" /> <!-- Bitter Cold Vodka -->
	<item id="7540" price="0" /> <!-- Silver Crystal -->
	<item id="7541" price="0" /> <!-- Red Crystal -->
	<item id="7542" price="0" /> <!-- Vampire's Heart -->
	<item id="7543" price="0" /> <!-- Zombie's Brain -->
	<item id="7544" price="0" /> <!-- Rib Bone of a Black Magus -->
	<item id="7545" price="0" /> <!-- Zombie's Liver -->
	<item id="7546" price="0" /> <!-- Top Quality Meat -->
	<item id="7547" price="0" /> <!-- Young Wild Beast Meat -->
	<item id="7548" price="0" /> <!-- Map Piece -->
	<item id="7549" price="0" /> <!-- Yellow Map -->
	<item id="7550" price="0" /> <!-- Map Piece -->
	<item id="7551" price="0" /> <!-- Ivory Colored Map -->
	<item id="7552" price="0" /> <!-- Broken Gemstone Fragment -->
	<item id="7553" price="0" /> <!-- Gold Colored Gemstone -->
	<item id="7562" price="0" /> <!-- Dimensional Diamond -->
	<item id="7563" price="0" /> <!-- Galladucci's Orders (Document) -->
	<item id="7564" price="0" /> <!-- Galladucci's Orders (Document) -->
	<item id="7565" price="0" /> <!-- Galladucci's Orders (Document) -->
	<item id="7566" price="0" /> <!-- Purified Magic Necklace -->
	<item id="7567" price="0" /> <!-- Gemstone Powder -->
	<item id="7568" price="0" /> <!-- Magic Sword Hilt -->
	<item id="7569" price="0" /> <!-- Four-leaf Golden Clover Coin -->
	<item id="7570" price="0" /> <!-- Mark of Traveler -->
	<item id="7571" price="0" /> <!-- Baulro's Letter -->
	<item id="7572" price="0" /> <!-- Ariel's Recommendation -->
	<item id="7573" price="0" /> <!-- Roselyn's Note -->
	<item id="7574" price="0" /> <!-- Very Expensive Necklace -->
	<item id="7587" price="0" /> <!-- Legend of Seventeen -->
	<item id="7588" price="0" /> <!-- Faded Poetry Book -->
	<item id="7589" price="0" /> <!-- Echo Crystal - Forgotten Song -->
	<item id="7590" price="0" /> <!-- Strand of Golden Hair -->
	<item id="7591" price="0" /> <!-- Ring of Goddess: Waterbinder -->
	<item id="7592" price="0" /> <!-- Necklace of Goddess: EverGreen -->
	<item id="7593" price="0" /> <!-- Staff of Goddess: Rain Song -->
	<item id="7594" price="0" /> <!-- Relic Box -->
	<item id="7595" price="0" /> <!-- Orb of Binding -->
	<item id="7596" price="0" /> <!-- Sorcery Ingredient -->
	<item id="7597" price="0" /> <!-- Malruk Succubus Claw -->
	<item id="7598" price="0" /> <!-- Crimson Moss -->
</list>
