﻿<?xml version="1.0" encoding="UTF-8"?>
<list xmlns:xsi="http://www.w3.org/2001/XMLSchema-instance" xsi:noNamespaceSchemaLocation="../xsd/buylist.xsd">
	<item id="6388" price="0" /> <!-- Lord of the Manor's Certificate of Approval -->
	<item id="6389" price="0" /> <!-- Squash Seed -->
	<item id="6390" price="0" /> <!-- Large Squash Seed -->
	<item id="6391" price="0" /> <!-- Pollen -->
	<item id="6392" price="0" /> <!-- Event - Medal -->
	<item id="6393" price="0" /> <!-- Event - Glittering Medal -->
	<item id="6399" price="0" /> <!-- Badge of Rabbit -->
	<item id="6400" price="0" /> <!-- Badge of Hyena -->
	<item id="6401" price="0" /> <!-- Badge of Fox -->
	<item id="6402" price="0" /> <!-- Badge of Wolf -->
	<item id="6673" price="0" /> <!-- Festival Adena -->
	<item id="6903" price="0" /> <!-- Music Box M -->
	<item id="7063" price="0" /> <!-- Map - Forest of the Dead -->
	<item id="7064" price="0" /> <!-- Lidia's Diary -->
	<item id="7065" price="0" /> <!-- Lidia's Letter -->
	<item id="7066" price="0" /> <!-- Contract -->
	<item id="7076" price="0" /> <!-- Mysterious Cloth -->
	<item id="7077" price="0" /> <!-- Jewel Box -->
	<item id="7078" price="0" /> <!-- Sewing Kit -->
	<item id="7079" price="0" /> <!-- Dimensional Fragment -->
	<item id="7080" price="0" /> <!-- Ice Crystal -->
	<item id="7081" price="0" /> <!-- Divine Stone of Wisdom -->
	<item id="7082" price="0" /> <!-- Guild Report -->
	<item id="7083" price="0" /> <!-- Guild Report -->
	<item id="7084" price="0" /> <!-- Guild Report -->
	<item id="7085" price="0" /> <!-- Guild Report -->
	<item id="7086" price="0" /> <!-- Guild Report -->
	<item id="7087" price="0" /> <!-- Tattered Book -->
	<item id="7088" price="0" /> <!-- Tattered Book -->
	<item id="7089" price="0" /> <!-- Tattered Book -->
	<item id="7090" price="0" /> <!-- Tattered Book -->
	<item id="7091" price="0" /> <!-- Guild Report -->
	<item id="7092" price="0" /> <!-- Guild Report -->
	<item id="7093" price="0" /> <!-- Sculpture of the Fallen Knight -->
	<item id="7094" price="0" /> <!-- Record of Mother Tree Guardian -->
	<item id="7095" price="0" /> <!-- Criticism of Biel's Song -->
	<item id="7096" price="0" /> <!-- The Last Days of Swordsman Iron -->
	<item id="7097" price="0" /> <!-- Contemplation of White Wing Army -->
	<item id="7098" price="0" /> <!-- Record of Traitor Muhark -->
	<item id="7099" price="0" /> <!-- Secret Book of Khavatari -->
	<item id="7100" price="0" /> <!-- Importance of Strain -->
	<item id="7101" price="0" /> <!-- Danger of Ice Spirit -->
	<item id="7102" price="0" /> <!-- Guardian Angel of the Tablet - Vol. 1 -->
	<item id="7103" price="0" /> <!-- Guardian Angel of the Tablet - Vol. 1 -->
	<item id="7104" price="0" /> <!-- Guardian Angel of the Tablet - Vol. 1 -->
	<item id="7105" price="0" /> <!-- Guardian Angel of the Tablet - Vol. 2 -->
	<item id="7106" price="0" /> <!-- Guardian Angel of the Tablet - Vol. 2 -->
	<item id="7107" price="0" /> <!-- Guardian Angel of the Tablet - Vol. 2 -->
	<item id="7108" price="0" /> <!-- Guild's Secret Report -->
	<item id="7109" price="0" /> <!-- Guild's Secret Report -->
	<item id="7110" price="0" /> <!-- Research Report -->
	<item id="7111" price="0" /> <!-- Research Report -->
	<item id="7112" price="0" /> <!-- Research Report -->
	<item id="7113" price="0" /> <!-- Dress Shoe Box -->
	<item id="7114" price="0" /> <!-- Voucher - Buffalo -->
	<item id="7115" price="0" /> <!-- Voucher - Cougar -->
	<item id="7116" price="0" /> <!-- Voucher - Kookaburra -->
	<item id="7136" price="0" /> <!-- Fruit Basket -->
	<item id="7137" price="0" /> <!-- Avellan Spice -->
	<item id="7138" price="0" /> <!-- Honey Pouch -->
	<item id="7139" price="0" /> <!-- Bracelet of Lizardman -->
	<item id="7140" price="0" /> <!-- Cross of Einhasad -->
	<item id="7141" price="0" /> <!-- Cross of Einhasad -->
	<item id="7142" price="0" /> <!-- Lost Skull of Elf -->
	<item id="7143" price="0" /> <!-- Letter of Innocentin -->
	<item id="7144" price="0" /> <!-- Jewel of Adventurer -->
	<item id="7145" price="0" /> <!-- Jewel of Adventurer -->
	<item id="7146" price="0" /> <!-- Sealed Report Box -->
	<item id="7147" price="0" /> <!-- Report Box -->
	<item id="7148" price="0" /> <!-- Lidia's Hairpin -->
	<item id="7149" price="0" /> <!-- Silver Key -->
	<item id="7150" price="0" /> <!-- Silver Spear -->
	<item id="7151" price="0" /> <!-- Suspicious Totem Doll -->
	<item id="7152" price="0" /> <!-- Flower Bouquet -->
	<item id="7153" price="0" /> <!-- Silver Cross of Einhasad -->
	<item id="7154" price="0" /> <!-- Broken Silver Cross of Einhasad -->
	<item id="7155" price="0" /> <!-- Lidia's Dress -->
	<item id="7156" price="0" /> <!-- Suspicious Totem Doll -->
	<item id="7157" price="0" /> <!-- Gemstone Key -->
	<item id="7158" price="0" /> <!-- Suspicious Totem Doll -->
	<item id="7159" price="0" /> <!-- Box of Cookies -->
	<item id="7160" price="0" /> <!-- Luxury Wine -->
	<item id="7161" price="0" /> <!-- Skein of Yarn -->
	<item id="7162" price="0" /> <!-- Rough Jewel -->
	<item id="7163" price="0" /> <!-- Enchanted Iron -->
	<item id="7164" price="0" /> <!-- Signet Ring -->
	<item id="7165" price="0" /> <!-- Map -->
	<item id="7166" price="0" /> <!-- Medicinal Herb -->
	<item id="7167" price="0" /> <!-- Crystal of Seal -->
	<item id="7168" price="0" /> <!-- Blood of Saint -->
	<item id="7169" price="0" /> <!-- Blood of Saint -->
	<item id="7170" price="0" /> <!-- Seal of Light -->
	<item id="7171" price="0" /> <!-- Bead of Obedience -->
	<item id="7172" price="0" /> <!-- Gem of Saints -->
	<item id="7173" price="0" /> <!-- Feather Ornament -->
	<item id="7174" price="0" /> <!-- Tooth of Totem -->
	<item id="7175" price="0" /> <!-- Tooth of Dragon -->
	<item id="7176" price="0" /> <!-- Letter of Iris -->
	<item id="7177" price="0" /> <!-- Letter of Rohmer -->
	<item id="7178" price="0" /> <!-- Black Bone Necklace -->
</list>
