﻿<?xml version="1.0" encoding="UTF-8"?>
<list xmlns:xsi="http://www.w3.org/2001/XMLSchema-instance" xsi:noNamespaceSchemaLocation="../xsd/buylist.xsd">
	<item id="7179" price="0" /> <!-- Red Bone Necklace -->
	<item id="7180" price="0" /> <!-- Incense Pouch -->
	<item id="7181" price="0" /> <!-- Gem of Maille Lizardman -->
	<item id="7182" price="0" /> <!-- Patrol's Report -->
	<item id="7183" price="0" /> <!-- Shining Gem -->
	<item id="7184" price="0" /> <!-- Shining Red Gem -->
	<item id="7185" price="0" /> <!-- Jewel of Innocence -->
	<item id="7186" price="0" /> <!-- Horn of Buffalo -->
	<item id="7187" price="0" /> <!-- Nepenthes Seed -->
	<item id="7188" price="0" /> <!-- Proof of Avenger -->
	<item id="7189" price="0" /> <!-- Eye of Darkness -->
	<item id="7190" price="0" /> <!-- Evil Spirit of Darkness -->
	<item id="7191" price="0" /> <!-- Broken Crystal -->
	<item id="7192" price="0" /> <!-- Unfinished Summon Crystal -->
	<item id="7193" price="0" /> <!-- Summon Crystal -->
	<item id="7194" price="0" /> <!-- Essence of Daimon -->
	<item id="7195" price="0" /> <!-- Boiled Eggs -->
	<item id="7196" price="0" /> <!-- Fee of Boiled Egg -->
	<item id="7197" price="0" /> <!-- Special Drink -->
	<item id="7198" price="0" /> <!-- Fee of Special Drink -->
	<item id="7199" price="0" /> <!-- Leaf of Flava -->
	<item id="7200" price="0" /> <!-- Buffalo Meat -->
	<item id="7201" price="0" /> <!-- Antelope Horn -->
	<item id="7202" price="0" /> <!-- Trunk of Nepenthes -->
	<item id="7203" price="0" /> <!-- Foot of Bandersnatchling -->
	<item id="7204" price="0" /> <!-- Secret Spice -->
	<item id="7205" price="0" /> <!-- Soy Sauce Jar -->
	<item id="7206" price="0" /> <!-- Boiled Eggs for Delivery -->
	<item id="7207" price="0" /> <!-- Special Drink for Delivery -->
	<item id="7208" price="0" /> <!-- Hot Food Box -->
	<item id="7209" price="0" /> <!-- Food for Bumbalump -->
	<item id="7210" price="0" /> <!-- Special Yeti Meat -->
	<item id="7211" price="0" /> <!-- Mark of Ketra's Alliance - Level 1 -->
	<item id="7212" price="0" /> <!-- Mark of Ketra's Alliance - Level 2 -->
	<item id="7213" price="0" /> <!-- Mark of Ketra's Alliance - Level 3 -->
	<item id="7214" price="0" /> <!-- Mark of Ketra's Alliance - Level 4 -->
	<item id="7215" price="0" /> <!-- Mark of Ketra's Alliance - Level 5 -->
	<item id="7216" price="0" /> <!-- Varka's Badge - Soldier -->
	<item id="7217" price="0" /> <!-- Varka's Badge - Captain -->
	<item id="7218" price="0" /> <!-- Varka's Badge - General -->
	<item id="7219" price="0" /> <!-- Totem of Valor -->
	<item id="7220" price="0" /> <!-- Totem of Wisdom -->
	<item id="7221" price="0" /> <!-- Mark of Varka's Alliance - Level 1 -->
	<item id="7222" price="0" /> <!-- Mark of Varka's Alliance - Level 2 -->
	<item id="7223" price="0" /> <!-- Mark of Varka's Alliance - Level 3 -->
	<item id="7224" price="0" /> <!-- Mark of Varka's Alliance - Level 4 -->
	<item id="7225" price="0" /> <!-- Mark of Varka's Alliance - Level 5 -->
	<item id="7226" price="0" /> <!-- Ketra's Badge - Soldier -->
	<item id="7227" price="0" /> <!-- Ketra's Badge - Captain -->
	<item id="7228" price="0" /> <!-- Ketra's Badge - General -->
	<item id="7229" price="0" /> <!-- Feather of Valor -->
	<item id="7230" price="0" /> <!-- Feather of Wisdom -->
	<item id="7231" price="0" /> <!-- Munitions Box -->
	<item id="7232" price="0" /> <!-- Munitions Box -->
	<item id="7233" price="0" /> <!-- Varka's Mane -->
	<item id="7234" price="0" /> <!-- Molar of Ketra Orc -->
	<item id="7235" price="0" /> <!-- Head of Shadith -->
	<item id="7236" price="0" /> <!-- Head of Mos -->
	<item id="7237" price="0" /> <!-- Stolen Green Totem -->
	<item id="7238" price="0" /> <!-- Green Totem -->
	<item id="7239" price="0" /> <!-- Ice Heart of Ashutar -->
	<item id="7240" price="0" /> <!-- Head of Hekaton -->
	<item id="7241" price="0" /> <!-- Head of Tayr -->
	<item id="7242" price="0" /> <!-- Stolen Red Totem -->
	<item id="7243" price="0" /> <!-- Red Totem -->
	<item id="7244" price="0" /> <!-- Fire Heart of Nastron -->
	<item id="7245" price="0" /> <!-- Supply Box -->
	<item id="7246" price="0" /> <!-- Golden Ram Badge - Recruit -->
	<item id="7247" price="0" /> <!-- Golden Ram Badge - Soldier -->
	<item id="7248" price="0" /> <!-- Splinter Stakato Chitin -->
	<item id="7249" price="0" /> <!-- Needle Stakato Chitin -->
	<item id="7250" price="0" /> <!-- Talon of Stakato -->
	<item id="7251" price="0" /> <!-- Golden Ram Coin -->
	<item id="7252" price="0" /> <!-- Krorin's Journal -->
	<item id="7253" price="0" /> <!-- Letter to Archaeologist -->
	<item id="7254" price="0" /> <!-- Broken Relic Part -->
	<item id="7255" price="0" /> <!-- Sealed Box -->
	<item id="7256" price="0" /> <!-- Goblet of Alectia -->
	<item id="7257" price="0" /> <!-- Goblet of Tishas -->
	<item id="7258" price="0" /> <!-- Goblet of Mekara -->
	<item id="7259" price="0" /> <!-- Goblet of Morigul -->
	<item id="7260" price="0" /> <!-- Chapel Key -->
	<item id="7261" price="0" /> <!-- Used Grave Pass -->
	<item id="7262" price="0" /> <!-- Antique Brooch -->
	<item id="7263" price="0" /> <!-- Package to Vulcan -->
	<item id="7264" price="0" /> <!-- Torch -->
	<item id="7265" price="0" /> <!-- Vacualite Ore -->
	<item id="7266" price="0" /> <!-- Vacualite -->
	<item id="7267" price="0" /> <!-- Floating Stone -->
	<item id="7268" price="0" /> <!-- Resonance Amulet - 1 -->
	<item id="7269" price="0" /> <!-- Resonance Amulet - 1 -->
	<item id="7270" price="0" /> <!-- Resonance Amulet - 1 -->
	<item id="7271" price="0" /> <!-- Resonance Amulet - 1 -->
	<item id="7272" price="0" /> <!-- Resonance Amulet - 1 -->
	<item id="7273" price="0" /> <!-- Resonance Amulet - 1 -->
	<item id="7274" price="0" /> <!-- Resonance Amulet - 1 -->
	<item id="7275" price="0" /> <!-- Resonance Amulet - 1 -->
	<item id="7276" price="0" /> <!-- Resonance Amulet - 1 -->
	<item id="7277" price="0" /> <!-- Resonance Amulet - 1 -->
	<item id="7278" price="0" /> <!-- Resonance Amulet - 1 -->
	<item id="7279" price="0" /> <!-- Resonance Amulet - 1 -->
</list>
