﻿<?xml version="1.0" encoding="UTF-8"?>
<list xmlns:xsi="http://www.w3.org/2001/XMLSchema-instance" xsi:noNamespaceSchemaLocation="../xsd/buylist.xsd">
	<npcs>
		<npc>35605</npc> <!-- Angout (Steward) -->
	</npcs>
	<item id="6902" /> <!-- Pledge Shield -->
	<item id="1829" count="5" restock_delay="60" /> <!-- Scroll of Escape: Clan Hall -->
	<item id="5858" count="2" restock_delay="60" /> <!-- Blessed Scroll of Escape: Clan Hall -->
	<item id="5169" count="10" restock_delay="60" /> <!-- Deluxe Food for Strider -->
	<item id="952" count="1" restock_delay="240" /> <!-- Scroll: Enchant Armor (Grade C) -->
	<item id="7133" count="1" restock_delay="60" /> <!-- Scroll of Escape to the Town of Goddard -->
	<item id="7132" count="1" restock_delay="60" /> <!-- Scroll of Escape to Aden Castle Town -->
	<item id="7583" count="1" restock_delay="120" /> <!-- Pet Exchange Ticket: Buffalo -->
	<item id="6927" count="1" restock_delay="60" /> <!-- Recipe: Healing Potion (100%) -->
	<item id="6933" count="1" restock_delay="60" /> <!-- Recipe: Haste Potion (100%) -->
	<item id="6934" count="1" restock_delay="60" /> <!-- Recipe: Potion of Alacrity (100%) -->
	<item id="6930" count="1" restock_delay="60" /> <!-- Recipe: Greater Antidote (100%) -->
	<item id="6932" count="1" restock_delay="60" /> <!-- Recipe: Emergency Dressing (100%) -->
	<item id="6937" count="1" restock_delay="60" /> <!-- Recipe: Magic Haste Potion (100%) -->
	<item id="6930" count="1" restock_delay="60" /> <!-- Recipe: Greater Antidote (100%) -->
	<item id="6920" count="1" restock_delay="60" /> <!-- Recipe: Greater Fish Oil (100%) -->
	<item id="8364" count="1" restock_delay="60" /> <!-- Recipe: Party Hat (100%) -->
	<item id="6925" count="1" restock_delay="60" /> <!-- Recipe: Monocle (100%) -->
	<item id="6943" count="1" restock_delay="60" /> <!-- Recipe: Dye Potion - A (100%) -->
	<item id="6944" count="1" restock_delay="60" /> <!-- Recipe: Dye Potion - B (100%) -->
	<item id="6945" count="1" restock_delay="60" /> <!-- Recipe: Dye Potion - C (100%) -->
	<item id="6946" count="1" restock_delay="60" /> <!-- Recipe: Dye Potion - D (100%) -->
	<item id="6990" count="1" restock_delay="60" /> <!-- Recipe: Greater Dye of STR <Str+3 Con-3> (100%) -->
	<item id="6991" count="1" restock_delay="60" /> <!-- Recipe: Greater Dye of STR <Str+3 Dex-3> (100%) -->
	<item id="6992" count="1" restock_delay="60" /> <!-- Recipe: Greater Dye of CON <Con+3 Str-3> (100%) -->
	<item id="6993" count="1" restock_delay="60" /> <!-- Recipe: Greater Dye of CON <Con+3 Dex-3> (100%) -->
	<item id="6994" count="1" restock_delay="60" /> <!-- Recipe: Greater Dye of DEX <Dex+3 Str-3> (100%) -->
	<item id="6995" count="1" restock_delay="60" /> <!-- Recipe: Greater Dye of DEX <Dex+3 Con-3> (100%) -->
	<item id="6996" count="1" restock_delay="60" /> <!-- Recipe: Greater Dye of INT <Int+3 Men-3> (100%) -->
	<item id="6997" count="1" restock_delay="60" /> <!-- Recipe: Greater Dye of INT <Int+3 Wit-3> (100%) -->
	<item id="6998" count="1" restock_delay="60" /> <!-- Recipe: Greater Dye of MEN <Men+3 Int-3> (100%) -->
	<item id="6999" count="1" restock_delay="60" /> <!-- Recipe: Greater Dye of MEN <Men+3 Wit-3> (100%) -->
	<item id="7000" count="1" restock_delay="60" /> <!-- Recipe: Greater Dye of WIT<Wit+3 Int-3> (100%) -->
	<item id="7001" count="1" restock_delay="60" /> <!-- Recipe: Greater Dye of WIT<Wit+3 Men-3> (100%) -->
	<item id="8645" count="1" restock_delay="60" /> <!-- Recipe: Elixir of Life (S-Grade) (100%) -->
	<item id="8651" count="1" restock_delay="60" /> <!-- Recipe: Elixir of Mental Strength (S-Grade) (100%) -->
	<item id="8751" count="1" restock_delay="120" /> <!-- High-Grade Life Stone: level 70 -->
	<item id="8762" count="1" restock_delay="720" /> <!-- Top-Grade Life Stone: level 76 -->
</list>
