<?xml version="1.0" encoding="UTF-8"?>
<list xmlns:xsi="http://www.w3.org/2001/XMLSchema-instance" xsi:noNamespaceSchemaLocation="xsd/AgathionData.xsd">
	<!-- Agathion Aries - 60-day -->
	<agathion id="90894" enchant="0" mainSkill="51030,1;51031,1;51032,1;51033,1" />
	<!-- Agathion Aries -->
	<agathion id="90895" enchant="0" mainSkill="51030,1;51031,1;51032,1;51033,1" />
	<!-- Agathion Joy -->
	<agathion id="90896" enchant="0" mainSkill="51030,1;51031,1;51032,1;51033,1;51034,1" />
	<!-- Agathion Joy - 7-day -->
	<agathion id="90897" enchant="0" mainSkill="51030,1;51031,1;51032,1;51033,1;51034,1" />
	<!-- Agathion Pisces - 15-day -->
	<agathion id="90902" enchant="0" mainSkill="51030,1;51031,1;51032,1;51033,1" />
	<!-- Agathion Cancer - 15-day -->
	<agathion id="90903" enchant="0" mainSkill="51030,1;51031,1;51032,1;51033,1" />
	<!-- Agathion Pisces - 30-day -->
	<agathion id="91111" enchant="0" mainSkill="51030,1;51031,1;51032,1;51033,1" subSkill="51100,1" />
	<!-- Agathion Cancer - 30-day -->
	<agathion id="91112" enchant="0" mainSkill="51030,1;51031,1;51032,1;51033,1" subSkill="51100,1" />
	<!-- Agathion Rudolph - 2 hours -->
	<agathion id="90909" enchant="0" mainSkill="51035,1;51037,1" subSkill="51036,1" />
	<!-- Agathion Sin Eater -->
	<agathion id="91004" enchant="0" mainSkill="51068,1" />
	<!-- Agathion Ignis -->
	<agathion id="91129" enchant="0" mainSkill="51089,1" subSkill="51093,1" />
	<!-- Agathion Nebula -->
	<agathion id="91130" enchant="0" mainSkill="51090,1" subSkill="51094,1" />
	<!-- Agathion Procella -->
	<agathion id="91131" enchant="0" mainSkill="51091,1" subSkill="51095,1" />
	<!-- Agathion Petram -->
	<agathion id="91132" enchant="0" mainSkill="51092,1" subSkill="51096,1" />
	<!-- Agathion Virgo -->
	<agathion id="48048" enchant="0" subSkill="54004,1" />
	<agathion id="48048" enchant="1" subSkill="54004,2" />
	<agathion id="48048" enchant="2" subSkill="54004,3" />
	<agathion id="48048" enchant="3" subSkill="54004,4" />
	<agathion id="48048" enchant="4" subSkill="54004,5" />
	<agathion id="48048" enchant="5" subSkill="54004,6" />
	<agathion id="48048" enchant="6" subSkill="54004,7" />
	<agathion id="48048" enchant="7" subSkill="54004,8" />
	<agathion id="48048" enchant="8" subSkill="54004,9" />
	<agathion id="48048" enchant="9" subSkill="54004,10" />
	<agathion id="48048" enchant="10" subSkill="54004,11" />
	<!-- Agathion Capricorn -->
	<agathion id="48049" enchant="0" subSkill="54006,1" />
	<agathion id="48049" enchant="1" subSkill="54006,2" />
	<agathion id="48049" enchant="2" subSkill="54006,3" />
	<agathion id="48049" enchant="3" subSkill="54006,4" />
	<agathion id="48049" enchant="4" subSkill="54006,5" />
	<agathion id="48049" enchant="5" subSkill="54006,6" />
	<agathion id="48049" enchant="6" subSkill="54006,7" />
	<agathion id="48049" enchant="7" subSkill="54006,8" />
	<agathion id="48049" enchant="8" subSkill="54006,9" />
	<agathion id="48049" enchant="9" subSkill="54006,10" />
	<agathion id="48049" enchant="10" subSkill="54006,11" />
	<!-- Agathion Libra -->
	<agathion id="48050" enchant="0" subSkill="54007,1" />
	<agathion id="48050" enchant="1" subSkill="54007,2" />
	<agathion id="48050" enchant="2" subSkill="54007,3" />
	<agathion id="48050" enchant="3" subSkill="54007,4" />
	<agathion id="48050" enchant="4" subSkill="54007,5" />
	<agathion id="48050" enchant="5" subSkill="54007,6" />
	<agathion id="48050" enchant="6" subSkill="54007,7" />
	<agathion id="48050" enchant="7" subSkill="54007,8" />
	<agathion id="48050" enchant="8" subSkill="54007,9" />
	<agathion id="48050" enchant="9" subSkill="54007,10" />
	<agathion id="48050" enchant="10" subSkill="54007,11" />
	<!-- Agathion Taurus -->
	<agathion id="48052" enchant="0" subSkill="54000,1" />
	<agathion id="48052" enchant="1" subSkill="54000,2" />
	<agathion id="48052" enchant="2" subSkill="54000,3" />
	<agathion id="48052" enchant="3" subSkill="54000,4" />
	<agathion id="48052" enchant="4" subSkill="54000,5" />
	<agathion id="48052" enchant="5" subSkill="54000,6" />
	<agathion id="48052" enchant="6" subSkill="54000,7" />
	<agathion id="48052" enchant="7" subSkill="54000,8" />
	<agathion id="48052" enchant="8" subSkill="54000,9" />
	<agathion id="48052" enchant="9" subSkill="54000,10" />
	<agathion id="48052" enchant="10" subSkill="54000,11" />
	<!-- Agathion Leo -->
	<agathion id="48053" enchant="0" subSkill="54001,1" />
	<agathion id="48053" enchant="1" subSkill="54001,2" />
	<agathion id="48053" enchant="2" subSkill="54001,3" />
	<agathion id="48053" enchant="3" subSkill="54001,4" />
	<agathion id="48053" enchant="4" subSkill="54001,5" />
	<agathion id="48053" enchant="5" subSkill="54001,6" />
	<agathion id="48053" enchant="6" subSkill="54001,7" />
	<agathion id="48053" enchant="7" subSkill="54001,8" />
	<agathion id="48053" enchant="8" subSkill="54001,9" />
	<agathion id="48053" enchant="9" subSkill="54001,10" />
	<agathion id="48053" enchant="10" subSkill="54001,11" />
	<!-- Agathion Gemini -->
	<agathion id="48054" enchant="0" subSkill="54008,1" />
	<agathion id="48054" enchant="1" subSkill="54008,2" />
	<agathion id="48054" enchant="2" subSkill="54008,3" />
	<agathion id="48054" enchant="3" subSkill="54008,4" />
	<agathion id="48054" enchant="4" subSkill="54008,5" />
	<agathion id="48054" enchant="5" subSkill="54008,6" />
	<agathion id="48054" enchant="6" subSkill="54008,7" />
	<agathion id="48054" enchant="7" subSkill="54008,8" />
	<agathion id="48054" enchant="8" subSkill="54008,9" />
	<agathion id="48054" enchant="9" subSkill="54008,10" />
	<agathion id="48054" enchant="10" subSkill="54008,11" />
	<!-- Agathion Scorpio -->
	<agathion id="48055" enchant="0" subSkill="54002,1" />
	<agathion id="48055" enchant="1" subSkill="54002,2" />
	<agathion id="48055" enchant="2" subSkill="54002,3" />
	<agathion id="48055" enchant="3" subSkill="54002,4" />
	<agathion id="48055" enchant="4" subSkill="54002,5" />
	<agathion id="48055" enchant="5" subSkill="54002,6" />
	<agathion id="48055" enchant="6" subSkill="54002,7" />
	<agathion id="48055" enchant="7" subSkill="54002,8" />
	<agathion id="48055" enchant="8" subSkill="54002,9" />
	<agathion id="48055" enchant="9" subSkill="54002,10" />
	<agathion id="48055" enchant="10" subSkill="54002,11" />
	<!-- Agathion Aquarius -->
	<agathion id="48056" enchant="0" subSkill="54005,1" />
	<agathion id="48056" enchant="1" subSkill="54005,2" />
	<agathion id="48056" enchant="2" subSkill="54005,3" />
	<agathion id="48056" enchant="3" subSkill="54005,4" />
	<agathion id="48056" enchant="4" subSkill="54005,5" />
	<agathion id="48056" enchant="5" subSkill="54005,6" />
	<agathion id="48056" enchant="6" subSkill="54005,7" />
	<agathion id="48056" enchant="7" subSkill="54005,8" />
	<agathion id="48056" enchant="8" subSkill="54005,9" />
	<agathion id="48056" enchant="9" subSkill="54005,10" />
	<agathion id="48056" enchant="10" subSkill="54005,11" />
	<!-- Agathion Sagittarius -->
	<agathion id="48058" enchant="0" subSkill="54003,1" />
	<agathion id="48058" enchant="1" subSkill="54003,2" />
	<agathion id="48058" enchant="2" subSkill="54003,3" />
	<agathion id="48058" enchant="3" subSkill="54003,4" />
	<agathion id="48058" enchant="4" subSkill="54003,5" />
	<agathion id="48058" enchant="5" subSkill="54003,6" />
	<agathion id="48058" enchant="6" subSkill="54003,7" />
	<agathion id="48058" enchant="7" subSkill="54003,8" />
	<agathion id="48058" enchant="8" subSkill="54003,9" />
	<agathion id="48058" enchant="9" subSkill="54003,10" />
	<agathion id="48058" enchant="10" subSkill="54003,11" />
	<!-- Agathion Love (Event) - 7-day -->
	<agathion id="70933" enchant="0" mainSkill="5763,1" />
	<!-- Agathion Nevit's Herald Kanna -->
	<agathion id="70934" enchant="0" mainSkill="6917,1" />
	<!-- Agathion Uthanka -->
	<agathion id="70935" enchant="0" mainSkill="23087,1" />
	<!-- Agathion Singer & Dancer -->
	<agathion id="70960" enchant="0" mainSkill="23234,1" />
	<!-- Agathion Singer & Dancer - 7-day -->
	<agathion id="70961" enchant="0" mainSkill="23234,1;55270,1;55271,1;55272,1" />
	<!-- Agathion Singer & Dancer - 30-day -->
	<agathion id="70962" enchant="0" mainSkill="23234,1;55270,1;55271,1;55272,1" />
	<!-- Agathion Singer & Dancer - 90-day -->
	<agathion id="70963" enchant="0" mainSkill="23234,1;55270,1;55271,1;55272,1" />
	<!-- Agathion Griffin - 30-day -->
	<agathion id="70964" enchant="0" mainSkill="55060,1" />
	<!-- Agathion Cheerleader Mae - 30-day -->
	<agathion id="70965" enchant="0" mainSkill="55404,1;55405,1" />
	<!-- Agathion One-eyed Bat Drove -->
	<agathion id="70966" enchant="0" mainSkill="55440,1" />
	<!-- Agathion Zaken's Spirit Swords -->
	<agathion id="70967" enchant="0" mainSkill="55441,1" />
	<!-- Agathion Pegasus -->
	<agathion id="70968" enchant="0" mainSkill="55442,1" />
	<!-- Agathion Guangong -->
	<agathion id="70969" enchant="0" mainSkill="55443,1" />
	<!-- Agathion God of Fortune -->
	<agathion id="70970" enchant="0" mainSkill="55444,1" />
	<!-- Agathion Phoenix -->
	<agathion id="70971" enchant="0" mainSkill="55445,1" />
	<!-- Agathion Saerom -->
	<agathion id="70972" enchant="0" mainSkill="55446,1" />
	<!-- Agathion Gwanseum Nyang -->
	<agathion id="70973" enchant="0" mainSkill="55447,1" />
	<!-- Agathion Blue Opera -->
	<agathion id="70974" enchant="0" mainSkill="55448,1" />
	<!-- Agathion Red Opera -->
	<agathion id="70975" enchant="0" mainSkill="55449,1" />
	<!-- Agathion Miss Chipao -->
	<agathion id="70976" enchant="0" mainSkill="55450,1" />
	<!-- Agathion Flower Fairy Spirit -->
	<agathion id="70977" enchant="0" mainSkill="55451,1" />
	<!-- Agathion Iken -->
	<agathion id="70978" enchant="0" mainSkill="55452,1" />
	<!-- Agathion Lanya -->
	<agathion id="70979" enchant="0" mainSkill="55453,1" />
	<!-- Agathion Gnosian -->
	<agathion id="70980" enchant="0" mainSkill="55454,1" />
	<!-- Agathion Cheerleader Orodriel -->
	<agathion id="70981" enchant="0" mainSkill="55455,1" />
	<!-- Agathion Lakinos -->
	<agathion id="70982" enchant="0" mainSkill="55456,1" />
	<!-- Agathion Mortia -->
	<agathion id="70983" enchant="0" mainSkill="55457,1" />
	<!-- Agathion Heintz -->
	<agathion id="70984" enchant="0" mainSkill="55458,1" />
	<!-- Agathion Meruril -->
	<agathion id="70985" enchant="0" mainSkill="55459,1" />
	<!-- Agathion Taman Zu Rapatui -->
	<agathion id="70986" enchant="0" mainSkill="55460,1" />
	<!-- Agathion Kaurin -->
	<agathion id="70987" enchant="0" mainSkill="55461,1" />
	<!-- Agathion Ahertbein -->
	<agathion id="70988" enchant="0" mainSkill="55462,1" />
	<!-- Agathion Naonin -->
	<agathion id="70989" enchant="0" mainSkill="55463,1" />
	<!-- Agathion Minion Eye - 7-day -->
	<agathion id="70991" enchant="0" mainSkill="55552,1;55553,1" />
	<!-- Agathion Minion Eye - 30-day -->
	<agathion id="70992" enchant="0" mainSkill="55552,1;55553,1" />
	<!-- Agathion Matryoshka - 7-day -->
	<agathion id="70994" enchant="0" mainSkill="55554,1;55555,1;55548,1;55549,1;55550,1;55551,1" />
	<!-- Agathion Matryoshka - 30-day -->
	<agathion id="70995" enchant="0" mainSkill="55554,1;55555,1;55548,1;55549,1;55550,1;55551,1" />
	<!-- Agathion Babayaga - 7-day -->
	<agathion id="70997" enchant="0" mainSkill="55557,1;55558,1;55548,1;55549,1;55550,1;55551,1" />
	<!-- Agathion Babayaga - 30-day -->
	<agathion id="70998" enchant="0" mainSkill="55557,1;55558,1;55548,1;55549,1;55550,1;55551,1" />
	<!-- Agathion Bugbear -->
	<agathion id="71121" enchant="0" mainSkill="55995,1" />
	<!-- Agathion Dryad -->
	<agathion id="71122" enchant="0" mainSkill="55995,1" />
	<!-- Agathion Griffin -->
	<agathion id="71123" enchant="0" mainSkill="55995,1" />
	<!-- Agathion Mermaid -->
	<agathion id="71133" enchant="0" mainSkill="56010,1" subSkill="56009,1" />
	<agathion id="71133" enchant="1" mainSkill="56010,1" subSkill="56009,2" />
	<agathion id="71133" enchant="2" mainSkill="56010,1" subSkill="56009,3" />
	<agathion id="71133" enchant="3" mainSkill="56010,1" subSkill="56009,4" />
	<agathion id="71133" enchant="4" mainSkill="56010,2" subSkill="56009,5" />
	<agathion id="71133" enchant="5" mainSkill="56010,2" subSkill="56009,6" />
	<agathion id="71133" enchant="6" mainSkill="56010,2" subSkill="56009,7" />
	<agathion id="71133" enchant="7" mainSkill="56010,3" subSkill="56009,8" />
	<agathion id="71133" enchant="8" mainSkill="56010,3" subSkill="56009,9" />
	<agathion id="71133" enchant="9" mainSkill="56010,3" subSkill="56009,10" />
	<agathion id="71133" enchant="10" mainSkill="56010,4" subSkill="56009,11" />
	<!-- Agathion Ball Trapping Gnosian -->
	<agathion id="71157" enchant="0" mainSkill="55995,1" />
	<!-- Agathion Ball Trapping Orodriel -->
	<agathion id="71158" enchant="0" mainSkill="55995,1" />
	<!-- Agathion Penalty Kick -->
	<agathion id="71159" enchant="0" mainSkill="55995,1" />
	<!-- Agathion Meliodas - Lv. 1 -->
	<agathion id="71184" enchant="0" mainSkill="56043,1" />
	<agathion id="71184" enchant="1" mainSkill="56043,2" />
	<agathion id="71184" enchant="2" mainSkill="56043,3" />
	<agathion id="71184" enchant="3" mainSkill="56043,4" />
	<agathion id="71184" enchant="4" mainSkill="56043,5" />
	<agathion id="71184" enchant="5" mainSkill="56043,6" />
	<agathion id="71184" enchant="6" mainSkill="56043,7" />
	<agathion id="71184" enchant="7" mainSkill="56043,8" />
	<!-- Agathion Elizabeth - Lv. 1 -->
	<agathion id="71185" enchant="0" mainSkill="56044,1" />
	<agathion id="71185" enchant="1" mainSkill="56044,2" />
	<agathion id="71185" enchant="2" mainSkill="56044,3" />
	<agathion id="71185" enchant="3" mainSkill="56044,4" />
	<agathion id="71185" enchant="4" mainSkill="56044,5" />
	<agathion id="71185" enchant="5" mainSkill="56044,6" />
	<agathion id="71185" enchant="6" mainSkill="56044,7" />
	<agathion id="71185" enchant="7" mainSkill="56044,8" />
	<!-- Agathion Hawk - Lv. 1 -->
	<agathion id="71186" enchant="0" mainSkill="56045,1" />
	<agathion id="71186" enchant="1" mainSkill="56045,2" />
	<agathion id="71186" enchant="2" mainSkill="56045,3" />
	<agathion id="71186" enchant="3" mainSkill="56045,4" />
	<agathion id="71186" enchant="4" mainSkill="56045,5" />
	<agathion id="71186" enchant="5" mainSkill="56045,6" />
	<agathion id="71186" enchant="6" mainSkill="56045,7" />
	<agathion id="71186" enchant="7" mainSkill="56045,8" />
	<!-- Agathion Ban - Lv. 1 -->
	<agathion id="71187" enchant="0" mainSkill="56046,1" />
	<agathion id="71187" enchant="1" mainSkill="56046,2" />
	<agathion id="71187" enchant="2" mainSkill="56046,3" />
	<agathion id="71187" enchant="3" mainSkill="56046,4" />
	<agathion id="71187" enchant="4" mainSkill="56046,5" />
	<agathion id="71187" enchant="5" mainSkill="56046,6" />
	<agathion id="71187" enchant="6" mainSkill="56046,7" />
	<agathion id="71187" enchant="7" mainSkill="56046,8" />
	<!-- Agathion Diane - Lv. 1 -->
	<agathion id="71188" enchant="0" mainSkill="56047,1" />
	<agathion id="71188" enchant="1" mainSkill="56047,2" />
	<agathion id="71188" enchant="2" mainSkill="56047,3" />
	<agathion id="71188" enchant="3" mainSkill="56047,4" />
	<agathion id="71188" enchant="4" mainSkill="56047,5" />
	<agathion id="71188" enchant="5" mainSkill="56047,6" />
	<agathion id="71188" enchant="6" mainSkill="56047,7" />
	<agathion id="71188" enchant="7" mainSkill="56047,8" />
	<!-- Agathion King - Lv. 1 -->
	<agathion id="71189" enchant="0" mainSkill="56048,1" />
	<agathion id="71189" enchant="1" mainSkill="56048,2" />
	<agathion id="71189" enchant="2" mainSkill="56048,3" />
	<agathion id="71189" enchant="3" mainSkill="56048,4" />
	<agathion id="71189" enchant="4" mainSkill="56048,5" />
	<agathion id="71189" enchant="5" mainSkill="56048,6" />
	<agathion id="71189" enchant="6" mainSkill="56048,7" />
	<agathion id="71189" enchant="7" mainSkill="56048,8" />
	<!-- Agathion Merlin - Lv. 1 -->
	<agathion id="71190" enchant="0" mainSkill="56049,1" />
	<agathion id="71190" enchant="1" mainSkill="56049,2" />
	<agathion id="71190" enchant="2" mainSkill="56049,3" />
	<agathion id="71190" enchant="3" mainSkill="56049,4" />
	<agathion id="71190" enchant="4" mainSkill="56049,5" />
	<agathion id="71190" enchant="5" mainSkill="56049,6" />
	<agathion id="71190" enchant="6" mainSkill="56049,7" />
	<agathion id="71190" enchant="7" mainSkill="56049,8" />
	<!-- Agathion Gowther - Lv. 1 -->
	<agathion id="71191" enchant="0" mainSkill="56050,1" />
	<agathion id="71191" enchant="1" mainSkill="56050,2" />
	<agathion id="71191" enchant="2" mainSkill="56050,3" />
	<agathion id="71191" enchant="3" mainSkill="56050,4" />
	<agathion id="71191" enchant="4" mainSkill="56050,5" />
	<agathion id="71191" enchant="5" mainSkill="56050,6" />
	<agathion id="71191" enchant="6" mainSkill="56050,7" />
	<agathion id="71191" enchant="7" mainSkill="56050,8" />
	<!-- Agathion Escanor - Lv. 1 -->
	<agathion id="71192" enchant="0" mainSkill="56051,1" />
	<agathion id="71192" enchant="1" mainSkill="56051,2" />
	<agathion id="71192" enchant="2" mainSkill="56051,3" />
	<agathion id="71192" enchant="3" mainSkill="56051,4" />
	<agathion id="71192" enchant="4" mainSkill="56051,5" />
	<agathion id="71192" enchant="5" mainSkill="56051,6" />
	<agathion id="71192" enchant="6" mainSkill="56051,7" />
	<agathion id="71192" enchant="7" mainSkill="56051,8" />
	<!-- Agathion Meliodas - Lv. 2 -->
	<agathion id="71193" enchant="0" mainSkill="56043,8" subSkill="56052,1" />
	<agathion id="71193" enchant="1" mainSkill="56043,8" subSkill="56052,2" />
	<agathion id="71193" enchant="2" mainSkill="56043,8" subSkill="56052,3" />
	<agathion id="71193" enchant="3" mainSkill="56043,8" subSkill="56052,4" />
	<agathion id="71193" enchant="4" mainSkill="56043,8" subSkill="56052,5" />
	<agathion id="71193" enchant="5" mainSkill="56043,8" subSkill="56052,6" />
	<agathion id="71193" enchant="6" mainSkill="56043,8" subSkill="56052,7" />
	<agathion id="71193" enchant="7" mainSkill="56043,8" subSkill="56052,8" />
	<!-- Agathion Elizabeth - Lv. 2 -->
	<agathion id="71194" enchant="0" mainSkill="56044,8" subSkill="56053,1" />
	<agathion id="71194" enchant="1" mainSkill="56044,8" subSkill="56053,2" />
	<agathion id="71194" enchant="2" mainSkill="56044,8" subSkill="56053,3" />
	<agathion id="71194" enchant="3" mainSkill="56044,8" subSkill="56053,4" />
	<agathion id="71194" enchant="4" mainSkill="56044,8" subSkill="56053,5" />
	<agathion id="71194" enchant="5" mainSkill="56044,8" subSkill="56053,6" />
	<agathion id="71194" enchant="6" mainSkill="56044,8" subSkill="56053,7" />
	<agathion id="71194" enchant="7" mainSkill="56044,8" subSkill="56053,8" />
	<!-- Agathion Hawk - Lv. 2 -->
	<agathion id="71195" enchant="0" mainSkill="56045,8" subSkill="56054,1" />
	<agathion id="71195" enchant="1" mainSkill="56045,8" subSkill="56054,2" />
	<agathion id="71195" enchant="2" mainSkill="56045,8" subSkill="56054,3" />
	<agathion id="71195" enchant="3" mainSkill="56045,8" subSkill="56054,4" />
	<agathion id="71195" enchant="4" mainSkill="56045,8" subSkill="56054,5" />
	<agathion id="71195" enchant="5" mainSkill="56045,8" subSkill="56054,6" />
	<agathion id="71195" enchant="6" mainSkill="56045,8" subSkill="56054,7" />
	<agathion id="71195" enchant="7" mainSkill="56045,8" subSkill="56054,8" />
	<!-- Agathion Ban - Lv. 2 -->
	<agathion id="71196" enchant="0" mainSkill="56046,8" subSkill="56055,1" />
	<agathion id="71196" enchant="1" mainSkill="56046,8" subSkill="56055,2" />
	<agathion id="71196" enchant="2" mainSkill="56046,8" subSkill="56055,3" />
	<agathion id="71196" enchant="3" mainSkill="56046,8" subSkill="56055,4" />
	<agathion id="71196" enchant="4" mainSkill="56046,8" subSkill="56055,5" />
	<agathion id="71196" enchant="5" mainSkill="56046,8" subSkill="56055,6" />
	<agathion id="71196" enchant="6" mainSkill="56046,8" subSkill="56055,7" />
	<agathion id="71196" enchant="7" mainSkill="56046,8" subSkill="56055,8" />
	<!-- Agathion Diane - Lv. 2 -->
	<agathion id="71197" enchant="0" mainSkill="56047,8" subSkill="56056,1" />
	<agathion id="71197" enchant="1" mainSkill="56047,8" subSkill="56056,2" />
	<agathion id="71197" enchant="2" mainSkill="56047,8" subSkill="56056,3" />
	<agathion id="71197" enchant="3" mainSkill="56047,8" subSkill="56056,4" />
	<agathion id="71197" enchant="4" mainSkill="56047,8" subSkill="56056,5" />
	<agathion id="71197" enchant="5" mainSkill="56047,8" subSkill="56056,6" />
	<agathion id="71197" enchant="6" mainSkill="56047,8" subSkill="56056,7" />
	<agathion id="71197" enchant="7" mainSkill="56047,8" subSkill="56056,8" />
	<!-- Agathion King - Lv. 2 -->
	<agathion id="71198" enchant="0" mainSkill="56048,8" subSkill="56057,1" />
	<agathion id="71198" enchant="1" mainSkill="56048,8" subSkill="56057,2" />
	<agathion id="71198" enchant="2" mainSkill="56048,8" subSkill="56057,3" />
	<agathion id="71198" enchant="3" mainSkill="56048,8" subSkill="56057,4" />
	<agathion id="71198" enchant="4" mainSkill="56048,8" subSkill="56057,5" />
	<agathion id="71198" enchant="5" mainSkill="56048,8" subSkill="56057,6" />
	<agathion id="71198" enchant="6" mainSkill="56048,8" subSkill="56057,7" />
	<agathion id="71198" enchant="7" mainSkill="56048,8" subSkill="56057,8" />
	<!-- Agathion Merlin - Lv. 2 -->
	<agathion id="71199" enchant="0" mainSkill="56049,8" subSkill="56058,1" />
	<agathion id="71199" enchant="1" mainSkill="56049,8" subSkill="56058,2" />
	<agathion id="71199" enchant="2" mainSkill="56049,8" subSkill="56058,3" />
	<agathion id="71199" enchant="3" mainSkill="56049,8" subSkill="56058,4" />
	<agathion id="71199" enchant="4" mainSkill="56049,8" subSkill="56058,5" />
	<agathion id="71199" enchant="5" mainSkill="56049,8" subSkill="56058,6" />
	<agathion id="71199" enchant="6" mainSkill="56049,8" subSkill="56058,7" />
	<agathion id="71199" enchant="7" mainSkill="56049,8" subSkill="56058,8" />
	<!-- Agathion Gowther - Lv. 2 -->
	<agathion id="71200" enchant="0" mainSkill="56050,8" subSkill="56059,1" />
	<agathion id="71200" enchant="1" mainSkill="56050,8" subSkill="56059,2" />
	<agathion id="71200" enchant="2" mainSkill="56050,8" subSkill="56059,3" />
	<agathion id="71200" enchant="3" mainSkill="56050,8" subSkill="56059,4" />
	<agathion id="71200" enchant="4" mainSkill="56050,8" subSkill="56059,5" />
	<agathion id="71200" enchant="5" mainSkill="56050,8" subSkill="56059,6" />
	<agathion id="71200" enchant="6" mainSkill="56050,8" subSkill="56059,7" />
	<agathion id="71200" enchant="7" mainSkill="56050,8" subSkill="56059,8" />
	<!-- Agathion Escanor - Lv. 2 -->
	<agathion id="71201" enchant="0" mainSkill="56051,8" subSkill="56060,1" />
	<agathion id="71201" enchant="1" mainSkill="56051,8" subSkill="56060,2" />
	<agathion id="71201" enchant="2" mainSkill="56051,8" subSkill="56060,3" />
	<agathion id="71201" enchant="3" mainSkill="56051,8" subSkill="56060,4" />
	<agathion id="71201" enchant="4" mainSkill="56051,8" subSkill="56060,5" />
	<agathion id="71201" enchant="5" mainSkill="56051,8" subSkill="56060,6" />
	<agathion id="71201" enchant="6" mainSkill="56051,8" subSkill="56060,7" />
	<agathion id="71201" enchant="7" mainSkill="56051,8" subSkill="56060,8" />
	<!-- Agathion Meliodas - Lv. 3 -->
	<agathion id="71202" enchant="0" mainSkill="56043,8" subSkill="56052,8;56061,1" />
	<agathion id="71202" enchant="1" mainSkill="56043,8" subSkill="56052,8;56061,2" />
	<agathion id="71202" enchant="2" mainSkill="56043,8" subSkill="56052,8;56061,3" />
	<agathion id="71202" enchant="3" mainSkill="56043,8" subSkill="56052,8;56061,4" />
	<agathion id="71202" enchant="4" mainSkill="56043,8" subSkill="56052,8;56061,5" />
	<agathion id="71202" enchant="5" mainSkill="56043,8" subSkill="56052,8;56061,6" />
	<agathion id="71202" enchant="6" mainSkill="56043,8" subSkill="56052,8;56061,7" />
	<agathion id="71202" enchant="7" mainSkill="56043,9" subSkill="56052,9;56061,8" />
	<!-- Agathion Elizabeth - Lv. 3 -->
	<agathion id="71203" enchant="0" mainSkill="56044,8" subSkill="56053,8;56062,1" />
	<agathion id="71203" enchant="1" mainSkill="56044,8" subSkill="56053,8;56062,2" />
	<agathion id="71203" enchant="2" mainSkill="56044,8" subSkill="56053,8;56062,3" />
	<agathion id="71203" enchant="3" mainSkill="56044,8" subSkill="56053,8;56062,4" />
	<agathion id="71203" enchant="4" mainSkill="56044,8" subSkill="56053,8;56062,5" />
	<agathion id="71203" enchant="5" mainSkill="56044,8" subSkill="56053,8;56062,6" />
	<agathion id="71203" enchant="6" mainSkill="56044,8" subSkill="56053,8;56062,7" />
	<agathion id="71203" enchant="7" mainSkill="56044,9" subSkill="56053,9;56062,8" />
	<!-- Agathion Hawk - Lv. 3 -->
	<agathion id="71204" enchant="0" mainSkill="56045,8" subSkill="56054,8;56063,1" />
	<agathion id="71204" enchant="1" mainSkill="56045,8" subSkill="56054,8;56063,2" />
	<agathion id="71204" enchant="2" mainSkill="56045,8" subSkill="56054,8;56063,3" />
	<agathion id="71204" enchant="3" mainSkill="56045,8" subSkill="56054,8;56063,4" />
	<agathion id="71204" enchant="4" mainSkill="56045,8" subSkill="56054,8;56063,5" />
	<agathion id="71204" enchant="5" mainSkill="56045,8" subSkill="56054,8;56063,6" />
	<agathion id="71204" enchant="6" mainSkill="56045,8" subSkill="56054,8;56063,7" />
	<agathion id="71204" enchant="7" mainSkill="56045,9" subSkill="56054,8;56063,8" />
	<!-- Agathion Ban - Lv. 3 -->
	<agathion id="71205" enchant="0" mainSkill="56046,8" subSkill="56055,8;56064,1" />
	<agathion id="71205" enchant="1" mainSkill="56046,8" subSkill="56055,8;56064,2" />
	<agathion id="71205" enchant="2" mainSkill="56046,8" subSkill="56055,8;56064,3" />
	<agathion id="71205" enchant="3" mainSkill="56046,8" subSkill="56055,8;56064,4" />
	<agathion id="71205" enchant="4" mainSkill="56046,8" subSkill="56055,8;56064,5" />
	<agathion id="71205" enchant="5" mainSkill="56046,8" subSkill="56055,8;56064,6" />
	<agathion id="71205" enchant="6" mainSkill="56046,8" subSkill="56055,8;56064,7" />
	<agathion id="71205" enchant="7" mainSkill="56046,9" subSkill="56055,8;56064,8" />
	<!-- Agathion Diane - Lv. 3 -->
	<agathion id="71206" enchant="0" mainSkill="56047,8" subSkill="56056,8;56065,1" />
	<agathion id="71206" enchant="1" mainSkill="56047,8" subSkill="56056,8;56065,2" />
	<agathion id="71206" enchant="2" mainSkill="56047,8" subSkill="56056,8;56065,3" />
	<agathion id="71206" enchant="3" mainSkill="56047,8" subSkill="56056,8;56065,4" />
	<agathion id="71206" enchant="4" mainSkill="56047,8" subSkill="56056,8;56065,5" />
	<agathion id="71206" enchant="5" mainSkill="56047,8" subSkill="56056,8;56065,6" />
	<agathion id="71206" enchant="6" mainSkill="56047,8" subSkill="56056,8;56065,7" />
	<agathion id="71206" enchant="7" mainSkill="56047,9" subSkill="56056,8;56065,8" />
	<!-- Agathion King - Lv. 3 -->
	<agathion id="71207" enchant="0" mainSkill="56048,8" subSkill="56057,8;56066,1" />
	<agathion id="71207" enchant="1" mainSkill="56048,8" subSkill="56057,8;56066,2" />
	<agathion id="71207" enchant="2" mainSkill="56048,8" subSkill="56057,8;56066,3" />
	<agathion id="71207" enchant="3" mainSkill="56048,8" subSkill="56057,8;56066,4" />
	<agathion id="71207" enchant="4" mainSkill="56048,8" subSkill="56057,8;56066,5" />
	<agathion id="71207" enchant="5" mainSkill="56048,8" subSkill="56057,8;56066,6" />
	<agathion id="71207" enchant="6" mainSkill="56048,8" subSkill="56057,8;56066,7" />
	<agathion id="71207" enchant="7" mainSkill="56048,9" subSkill="56057,8;56066,8" />
	<!-- Agathion Merlin - Lv. 3 -->
	<agathion id="71208" enchant="0" mainSkill="56049,8" subSkill="56058,8;56067,1" />
	<agathion id="71208" enchant="1" mainSkill="56049,8" subSkill="56058,8;56067,2" />
	<agathion id="71208" enchant="2" mainSkill="56049,8" subSkill="56058,8;56067,3" />
	<agathion id="71208" enchant="3" mainSkill="56049,8" subSkill="56058,8;56067,4" />
	<agathion id="71208" enchant="4" mainSkill="56049,8" subSkill="56058,8;56067,5" />
	<agathion id="71208" enchant="5" mainSkill="56049,8" subSkill="56058,8;56067,6" />
	<agathion id="71208" enchant="6" mainSkill="56049,8" subSkill="56058,8;56067,7" />
	<agathion id="71208" enchant="7" mainSkill="56049,9" subSkill="56058,8;56067,8" />
	<!-- Agathion Gowther - Lv. 3 -->
	<agathion id="71209" enchant="0" mainSkill="56050,8" subSkill="56059,8;56068,1" />
	<agathion id="71209" enchant="1" mainSkill="56050,8" subSkill="56059,8;56068,2" />
	<agathion id="71209" enchant="2" mainSkill="56050,8" subSkill="56059,8;56068,3" />
	<agathion id="71209" enchant="3" mainSkill="56050,8" subSkill="56059,8;56068,4" />
	<agathion id="71209" enchant="4" mainSkill="56050,8" subSkill="56059,8;56068,5" />
	<agathion id="71209" enchant="5" mainSkill="56050,8" subSkill="56059,8;56068,6" />
	<agathion id="71209" enchant="6" mainSkill="56050,8" subSkill="56059,8;56068,7" />
	<agathion id="71209" enchant="7" mainSkill="56050,9" subSkill="56059,8;56068,8" />
	<!-- Agathion Escanor - Lv. 3 -->
	<agathion id="71210" enchant="0" mainSkill="56051,8" subSkill="56060,8;56069,1" />
	<agathion id="71210" enchant="1" mainSkill="56051,8" subSkill="56060,8;56069,2" />
	<agathion id="71210" enchant="2" mainSkill="56051,8" subSkill="56060,8;56069,3" />
	<agathion id="71210" enchant="3" mainSkill="56051,8" subSkill="56060,8;56069,4" />
	<agathion id="71210" enchant="4" mainSkill="56051,8" subSkill="56060,8;56069,5" />
	<agathion id="71210" enchant="5" mainSkill="56051,8" subSkill="56060,8;56069,6" />
	<agathion id="71210" enchant="6" mainSkill="56051,8" subSkill="56060,8;56069,7" />
	<agathion id="71210" enchant="7" mainSkill="56051,9" subSkill="56060,8;56069,8" />
	<!-- Agathion Hawk - Lv. 3 - 7-day -->
	<agathion id="71237" enchant="5" mainSkill="56045,8" subSkill="56054,8;56063,6" />
</list>
