<?xml version="1.0" encoding="UTF-8"?>
<list xmlns:xsi="http://www.w3.org/2001/XMLSchema-instance" xsi:noNamespaceSchemaLocation="../xsd/buylist.xsd">
	<npcs>
		<npc>31373</npc> <!-- Atan -->
	</npcs>
	<item id="1835" price="8" /> <!-- Soulshot: No Grade -->
	<item id="2509" price="18" /> <!-- Spiritshot: No Grade -->
	<item id="3947" price="42" /> <!-- Blessed Spiritshot: No Grade -->
	<item id="5146" price="13860" /> <!-- Compressed Package of Blessed Spiritshots: No Grade -->
	<item id="5140" price="5940" /> <!-- Compressed Package of Spiritshots: No Grade -->
	<item id="5134" price="2760" /> <!-- Compressed Package of Soulshots: No Grade -->
	<item id="5262" price="46200" /> <!-- Greater Compressed Package of Blessed Spiritshots (No-Grade) -->
	<item id="5256" price="19800" /> <!-- Greater Compressed Package of Spiritshots (No-Grade) -->
	<item id="5250" price="9240" /> <!-- Greater Compressed Package of Soulshots (No-Grade) -->
	<item id="17" price="2" /> <!-- Wooden Arrow -->
	<item id="1341" price="3" /> <!-- Bone Arrow -->
	<item id="1342" price="6" /> <!-- Steel Arrow -->
	<item id="1060" price="108" /> <!-- Lesser Healing Potion -->
	<item id="1061" price="396" /> <!-- Greater Healing Potion -->
	<item id="1831" price="90" /> <!-- Antidote -->
	<item id="1832" price="216" /> <!-- Greater Antidote -->
	<item id="1833" price="90" /> <!-- Bandage -->
	<item id="1834" price="216" /> <!-- Emergency Dressing -->
	<item id="734" price="1440" /> <!-- Haste Potion -->
	<item id="735" price="2880" /> <!-- Alacrity Potion -->
	<item id="6035" price="2880" /> <!-- Magic Haste Potion -->
	<item id="6037" price="120" /> <!-- Waking Scroll -->
	<item id="736" price="480" /> <!-- Scroll of Escape -->
	<item id="737" price="2400" /> <!-- Scroll of Resurrection -->
	<item id="1829" price="600" /> <!-- Scroll of Escape: Clan Hall -->
	<item id="1830" price="600" /> <!-- Scroll of Escape: Castle -->
	<item id="5589" price="120" /> <!-- Energy Stone -->
	<item id="1661" price="1200" /> <!-- Thief Key -->
	<item id="4625" price="600" /> <!-- Dice (Heart) -->
	<item id="4626" price="600" /> <!-- Dice (Spade) -->
	<item id="4627" price="600" /> <!-- Dice (Clover) -->
	<item id="4628" price="600" /> <!-- Dice (Diamond) -->
	<item id="8622" price="1526" /> <!-- Elixir of Life (No Grade) -->
	<item id="8623" price="4050" /> <!-- Elixir of Life (D-Grade) -->
	<item id="8634" price="704" /> <!-- Elixir of CP (No Grade) -->
	<item id="8635" price="1643" /> <!-- Elixir of CP (D-Grade) -->
	<item id="8636" price="3522" /> <!-- Elixir of CP (C-Grade) -->
	<item id="8637" price="4695" /> <!-- Elixir of CP (B-Grade) -->
	<item id="8594" price="2700" /> <!-- Scroll: Recovery (No Grade) -->
	<item id="8595" price="6480" /> <!-- Scroll: Recovery (Grade D) -->
	<item id="8596" price="18900" /> <!-- Scroll: Recovery (Grade C) -->
	<item id="8597" price="37800" /> <!-- Scroll: Recovery (Grade B) -->
	<item id="8598" price="64800" /> <!-- Scroll: Recovery (Grade A) -->
</list>
