<?xml version="1.0" encoding="UTF-8"?>
<list xmlns:xsi="http://www.w3.org/2001/XMLSchema-instance" xsi:noNamespaceSchemaLocation="../xsd/buylist.xsd">
	<item id="13432" price="0" /> <!-- Vesper Breastplate -->
	<item id="13438" price="0" /> <!-- Vesper Gaiters -->
	<item id="13137" price="0" /> <!-- Vesper Helmet -->
	<item id="13439" price="0" /> <!-- Vesper Gauntlet -->
	<item id="13440" price="0" /> <!-- Vesper Boots -->
	<item id="13471" price="0" /> <!-- Vesper Shield -->
	<item id="14520" price="0" /> <!-- Vesper Breastplate {PvP} -->
	<item id="13433" price="0" /> <!-- Vesper Leather Breastplate -->
	<item id="13441" price="0" /> <!-- Vesper Leather Leggings -->
	<item id="13138" price="0" /> <!-- Vesper Leather Helmet -->
	<item id="13442" price="0" /> <!-- Vesper Leather Gloves -->
	<item id="13443" price="0" /> <!-- Vesper Leather Boots -->
	<item id="14521" price="0" /> <!-- Vesper Leather Breastplate {PvP} -->
	<item id="13434" price="0" /> <!-- Vesper Tunic -->
	<item id="13444" price="0" /> <!-- Vesper Stockings -->
	<item id="13139" price="0" /> <!-- Vesper Circlet -->
	<item id="13445" price="0" /> <!-- Vesper Gloves -->
	<item id="13446" price="0" /> <!-- Vesper Shoes -->
	<item id="14522" price="0" /> <!-- Vesper Tunic {PvP} -->
	<item id="13435" price="0" /> <!-- Vesper Noble Breastplate -->
	<item id="13448" price="0" /> <!-- Vesper Noble Gaiters -->
	<item id="13140" price="0" /> <!-- Vesper Noble Helmet -->
	<item id="13449" price="0" /> <!-- Vesper Noble Gauntlet -->
	<item id="13450" price="0" /> <!-- Vesper Noble Boots -->
	<item id="14523" price="0" /> <!-- Vesper Noble Breastplate {PvP} -->
	<item id="13436" price="0" /> <!-- Vesper Noble Leather Breastplate -->
	<item id="13451" price="0" /> <!-- Vesper Noble Leather Leggings -->
	<item id="13141" price="0" /> <!-- Vesper Noble Leather Helmet -->
	<item id="13452" price="0" /> <!-- Vesper Noble Leather Gloves -->
	<item id="13453" price="0" /> <!-- Vesper Noble Leather Boots -->
	<item id="14524" price="0" /> <!-- Vesper Noble Leather Breastplate {PvP} -->
	<item id="13437" price="0" /> <!-- Vesper Noble Tunic -->
	<item id="13454" price="0" /> <!-- Vesper Noble Stockings -->
	<item id="13142" price="0" /> <!-- Vesper Noble Circlet -->
	<item id="13455" price="0" /> <!-- Vesper Noble Gloves -->
	<item id="13456" price="0" /> <!-- Vesper Noble Shoes -->
	<item id="14525" price="0" /> <!-- Vesper Noble Tunic {PvP} -->
</list>
