<?xml version="1.0" encoding="UTF-8"?>
<list xmlns:xsi="http://www.w3.org/2001/XMLSchema-instance" xsi:noNamespaceSchemaLocation="../xsd/buylist.xsd">
	<item id="13885" price="0" /> <!-- Sealed Arcana Sigil -->
	<item id="10121" price="0" /> <!-- Sealed Arcana Sigil -->
	<item id="13886" price="0" /> <!-- Sealed Dynasty Sigil -->
	<item id="10120" price="0" /> <!-- Sealed Dynasty Sigil -->
	<item id="10117" price="0" /> <!-- Chaotic Sealed Dynasty Sigil -->
	<item id="13887" price="0" /> <!-- Sealed Vesper Sigil -->
	<item id="12811" price="0" /> <!-- Arcana Sigil -->
	<item id="13077" price="0" /> <!-- Chaotic Arcana Sigil -->
	<item id="13078" price="0" /> <!-- Arcana Sigil -->
	<item id="12812" price="0" /> <!-- Dynasty Sigil -->
	<item id="10118" price="0" /> <!-- Chaotic Dynasty Sigil -->
	<item id="10119" price="0" /> <!-- Dynasty Sigil -->
	<item id="12813" price="0" /> <!-- Vesper Sigil -->
</list>
