<?xml version="1.0" encoding="UTF-8"?>
<list xmlns:xsi="http://www.w3.org/2001/XMLSchema-instance" xsi:noNamespaceSchemaLocation="../xsd/buylist.xsd">
	<item id="6656" price="0" /> <!-- Earring of Antharas -->
	<item id="6657" price="0" /> <!-- Necklace of Valakas -->
	<item id="6658" price="0" /> <!-- Ring of Baium -->
	<item id="6659" price="0" /> <!-- Earring of Zaken -->
	<item id="6660" price="0" /> <!-- Ring of Queen Ant -->
	<item id="6661" price="0" /> <!-- Earring of Orfen -->
	<item id="6662" price="0" /> <!-- Ring of Core -->
	<item id="8191" price="0" /> <!-- Necklace of Frintezza -->
	<item id="10170" price="0" /> <!-- Baylor's Earring -->
	<item id="10314" price="0" /> <!-- Ring of Beleth -->
</list>
