<?xml version="1.0" encoding="UTF-8"?>
<list xmlns:xsi="http://www.w3.org/2001/XMLSchema-instance" xsi:noNamespaceSchemaLocation="../xsd/buylist.xsd">
	<item id="14462" price="0" /> <!-- Vesper Dual Sword {PvP} -->
	<item id="14463" price="0" /> <!-- Vesper Cutter {PvP} -->
	<item id="14464" price="0" /> <!-- Vesper Slasher {PvP} -->
	<item id="14465" price="0" /> <!-- Vesper Buster {PvP} -->
	<item id="14466" price="0" /> <!-- Vesper Shaper {PvP} -->
	<item id="14467" price="0" /> <!-- Vesper Fighter {PvP} -->
	<item id="14468" price="0" /> <!-- Vesper Stormer {PvP} -->
	<item id="14469" price="0" /> <!-- Vesper Avenger {PvP} -->
	<item id="14470" price="0" /> <!-- Vesper Retributer {PvP} -->
	<item id="14471" price="0" /> <!-- Vesper Caster {PvP} -->
	<item id="14472" price="0" /> <!-- Vesper Singer {PvP} -->
	<item id="14473" price="0" /> <!-- Vesper Thrower {PvP} -->
	<item id="14474" price="0" /> <!-- Vesper Pincer {PvP} -->
	<item id="14475" price="0" /> <!-- Vesper Shooter {PvP} -->
	<item id="14476" price="0" /> <!-- Vesper Nagan {PvP} -->
	<item id="14477" price="0" /> <!-- Vesper Dual Daggers {PvP} -->
	<item id="14478" price="0" /> <!-- Vesper Cutter {PvP} - Haste -->
	<item id="14479" price="0" /> <!-- Vesper Cutter {PvP} - Health -->
	<item id="14480" price="0" /> <!-- Vesper Cutter {PvP} - Focus -->
	<item id="14481" price="0" /> <!-- Vesper Slasher {PvP} - Haste -->
	<item id="14482" price="0" /> <!-- Vesper Slasher {PvP} - Health -->
	<item id="14483" price="0" /> <!-- Vesper Slasher {PvP} - Focus -->
	<item id="14484" price="0" /> <!-- Vesper Buster {PvP} - Mana Up -->
	<item id="14485" price="0" /> <!-- Vesper Buster {PvP} - Acumen -->
	<item id="14486" price="0" /> <!-- Vesper Buster {PvP} - Magic Hold -->
	<item id="14487" price="0" /> <!-- Vesper Shaper {PvP} - Critical Damage -->
	<item id="14488" price="0" /> <!-- Vesper Shaper {PvP} - HP Drain -->
	<item id="14489" price="0" /> <!-- Vesper Shaper {PvP} - Haste -->
	<item id="14490" price="0" /> <!-- Vesper Fighter {PvP} - Focus -->
	<item id="14491" price="0" /> <!-- Vesper Fighter {PvP} - Health -->
	<item id="14492" price="0" /> <!-- Vesper Fighter {PvP} - Critical Stun -->
	<item id="14493" price="0" /> <!-- Vesper Stormer {PvP} - Health -->
	<item id="14494" price="0" /> <!-- Vesper Stormer {PvP} - Guidance -->
	<item id="14495" price="0" /> <!-- Vesper Stormer {PvP} - Haste -->
	<item id="14496" price="0" /> <!-- Vesper Avenger {PvP} - HP Drain -->
	<item id="14497" price="0" /> <!-- Vesper Avenger {PvP} - Health -->
	<item id="14498" price="0" /> <!-- Vesper Avenger {PvP} - HP Regeneration -->
	<item id="14499" price="0" /> <!-- Vesper Retributer {PvP} - HP Regeneration -->
	<item id="14500" price="0" /> <!-- Vesper Retributer {PvP} - Health -->
	<item id="14501" price="0" /> <!-- Vesper Retributer {PvP} - HP Drain -->
	<item id="14502" price="0" /> <!-- Vesper Caster {PvP} - Acumen -->
	<item id="14503" price="0" /> <!-- Vesper Caster {PvP} - MP Regeneration -->
	<item id="14504" price="0" /> <!-- Vesper Caster {PvP} - Mana Up -->
	<item id="14505" price="0" /> <!-- Vesper Singer {PvP} - Empower -->
	<item id="14506" price="0" /> <!-- Vesper Singer {PvP} - MP Regeneration -->
	<item id="14507" price="0" /> <!-- Vesper Singer {PvP} - Magic Hold -->
	<item id="14508" price="0" /> <!-- Vesper Thrower {PvP} - Cheap Shot -->
	<item id="14509" price="0" /> <!-- Vesper Thrower {PvP} - Focus -->
	<item id="14510" price="0" /> <!-- Vesper Thrower {PvP} - Critical Slow -->
	<item id="14511" price="0" /> <!-- Vesper Pincer {PvP} - Haste -->
	<item id="14512" price="0" /> <!-- Vesper Pincer {PvP} - Health -->
	<item id="14513" price="0" /> <!-- Vesper Pincer {PvP} - Focus -->
	<item id="14514" price="0" /> <!-- Vesper Shooter {PvP} - Cheap Shot -->
	<item id="14515" price="0" /> <!-- Vesper Shooter {PvP} - Focus -->
	<item id="14516" price="0" /> <!-- Vesper Shooter {PvP} - Critical Slow -->
	<item id="14517" price="0" /> <!-- Vesper Nagan {PvP} - Haste -->
	<item id="14518" price="0" /> <!-- Vesper Nagan {PvP} - Health -->
	<item id="14519" price="0" /> <!-- Vesper Nagan {PvP} - Focus -->
</list>
