<?xml version="1.0" encoding="UTF-8"?>
<list xmlns:xsi="http://www.w3.org/2001/XMLSchema-instance" xsi:noNamespaceSchemaLocation="../xsd/buylist.xsd">
	<item id="10667" price="0" /> <!-- Sirra's Blade {PvP} - Haste -->
	<item id="10668" price="0" /> <!-- Sirra's Blade {PvP} - Health -->
	<item id="10669" price="0" /> <!-- Sirra's Blade {PvP} - Critical Poison -->
	<item id="10670" price="0" /> <!-- Sword of Ipos {PvP} - Focus -->
	<item id="10671" price="0" /> <!-- Sword of Ipos {PvP} - Haste -->
	<item id="10672" price="0" /> <!-- Sword of Ipos {PvP} - Health -->
	<item id="10673" price="0" /> <!-- Barakiel's Axe {PvP} - Health -->
	<item id="10674" price="0" /> <!-- Barakiel's Axe {PvP} - Haste -->
	<item id="10675" price="0" /> <!-- Barakiel's Axe {PvP} - Focus -->
	<item id="10676" price="0" /> <!-- Behemoth's Tuning Fork {PvP} - Focus -->
	<item id="10677" price="0" /> <!-- Behemoth's Tuning Fork {PvP} - Health -->
	<item id="10678" price="0" /> <!-- Behemoth's Tuning Fork {PvP} - Anger -->
	<item id="10679" price="0" /> <!-- Naga Storm {PvP} - Focus -->
	<item id="10680" price="0" /> <!-- Naga Storm {PvP} - Critical Damage -->
	<item id="10681" price="0" /> <!-- Naga Storm {PvP} - Back Blow -->
	<item id="10682" price="0" /> <!-- Tiphon's Spear {PvP} - Critical Stun -->
	<item id="10683" price="0" /> <!-- Tiphon's Spear {PvP} - Towering Blow -->
	<item id="10684" price="0" /> <!-- Tiphon's Spear {PvP} - Wild Blow -->
	<item id="10685" price="0" /> <!-- Shyeed's Bow {PvP} - Cheap Shot -->
	<item id="10686" price="0" /> <!-- Shyeed's Bow {PvP} - Focus -->
	<item id="10687" price="0" /> <!-- Shyeed's Bow {PvP} - Quick Recovery -->
	<item id="10688" price="0" /> <!-- Sobekk's Hurricane {PvP} - Rsk. Haste -->
	<item id="10689" price="0" /> <!-- Sobekk's Hurricane {PvP} - Haste -->
	<item id="10690" price="0" /> <!-- Sobekk's Hurricane {PvP} - Critical Drain -->
	<item id="10691" price="0" /> <!-- Themis' Tongue {PvP} - Mana Up -->
	<item id="10692" price="0" /> <!-- Themis' Tongue {PvP} - Mental Shield -->
	<item id="10693" price="0" /> <!-- Themis' Tongue {PvP} - Magic Focus -->
	<item id="10694" price="0" /> <!-- Cabrio's Hand {PvP} - Conversion -->
	<item id="10695" price="0" /> <!-- Cabrio's Hand {PvP} - Mana Up -->
	<item id="10696" price="0" /> <!-- Cabrio's Hand {PvP} - Magic Silence -->
	<item id="10697" price="0" /> <!-- Daimon Crystal {PvP} - Mana Up -->
	<item id="10698" price="0" /> <!-- Daimon Crystal {PvP} - Acumen -->
	<item id="10699" price="0" /> <!-- Daimon Crystal {PvP} - Mental Shield -->
	<item id="10700" price="0" /> <!-- Éclair Bijou {PvP} - Haste -->
	<item id="10701" price="0" /> <!-- Éclair Bijou {PvP} - Health -->
	<item id="10702" price="0" /> <!-- Éclair Bijou {PvP} - Critical Poison -->
	<item id="10703" price="0" /> <!-- Durendal {PvP} - Focus -->
	<item id="10704" price="0" /> <!-- Durendal {PvP} - Haste -->
	<item id="10705" price="0" /> <!-- Durendal {PvP} - Health -->
	<item id="10706" price="0" /> <!-- Screaming Vengeance {PvP} - Cheap Shot -->
	<item id="10707" price="0" /> <!-- Screaming Vengeance {PvP} - Focus -->
	<item id="10708" price="0" /> <!-- Screaming Vengeance {PvP} - Quick Recovery -->
	<item id="10709" price="0" /> <!-- Tallum Blade*Damascus {PvP} -->
	<item id="12852" price="0" /> <!-- Naga Storm - Molar {PvP} - Focus -->
	<item id="12853" price="0" /> <!-- Naga Storm - Molar {PvP} - Critical Damage -->
	<item id="12854" price="0" /> <!-- Naga Storm - Molar {PvP} - Back Blow -->
	<item id="12855" price="0" /> <!-- Daimon Crystal - Wisdom {PvP} - Mana Up -->
	<item id="12856" price="0" /> <!-- Daimon Crystal - Wisdom {PvP} - Acumen -->
	<item id="12857" price="0" /> <!-- Daimon Crystal - Wisdom {PvP} - Mental Shield -->
	<item id="12858" price="0" /> <!-- Barakiel's Axe - On Fire {PvP} - Health -->
	<item id="12859" price="0" /> <!-- Barakiel's Axe - On Fire {PvP} - Haste -->
	<item id="12860" price="0" /> <!-- Barakiel's Axe - On Fire {PvP} - Focus -->
	<item id="12861" price="0" /> <!-- Screaming Vengeance - Concentration {PvP} - Cheap Shot -->
	<item id="12862" price="0" /> <!-- Screaming Vengeance - Concentration {PvP} - Focus -->
	<item id="12863" price="0" /> <!-- Screaming Vengeance - Concentration {PvP} - Quick Recovery -->
	<item id="12864" price="0" /> <!-- Behemoth's Tuning Fork - Destruction {PvP} - Focus -->
	<item id="12865" price="0" /> <!-- Behemoth's Tuning Fork - Destruction {PvP} - Health -->
	<item id="12866" price="0" /> <!-- Behemoth's Tuning Fork - Destruction {PvP} - Anger -->
	<item id="12867" price="0" /> <!-- Durendal - Earth {PvP} - Focus -->
	<item id="12868" price="0" /> <!-- Durendal - Earth {PvP} - Haste -->
	<item id="12869" price="0" /> <!-- Durendal - Earth {PvP} - Health -->
	<item id="12870" price="0" /> <!-- Shyeed's Bow - Concentration {PvP} - Cheap Shot -->
	<item id="12871" price="0" /> <!-- Shyeed's Bow - Concentration {PvP} - Focus -->
	<item id="12872" price="0" /> <!-- Shyeed's Bow - Concentration {PvP} - Quick Recovery -->
	<item id="12873" price="0" /> <!-- Sword of Ipos - Earth {PvP} - Focus -->
	<item id="12874" price="0" /> <!-- Sword of Ipos - Earth {PvP} - Haste -->
	<item id="12875" price="0" /> <!-- Sword of Ipos - Earth {PvP} - Health -->
	<item id="12876" price="0" /> <!-- Sobekk's Hurricane - Landslide {PvP} - Rsk. Haste -->
	<item id="12877" price="0" /> <!-- Sobekk's Hurricane - Landslide {PvP} - Haste -->
	<item id="12878" price="0" /> <!-- Sobekk's Hurricane - Landslide {PvP} - Critical Drain -->
	<item id="12879" price="0" /> <!-- Sirra's Blade - Landslide {PvP} - Haste -->
	<item id="12880" price="0" /> <!-- Sirra's Blade - Landslide {PvP} - Health -->
	<item id="12881" price="0" /> <!-- Sirra's Blade - Landslide {PvP} - Critical Poison -->
	<item id="12882" price="0" /> <!-- Éclair Bijou - Landslide {PvP} - Haste -->
	<item id="12883" price="0" /> <!-- Éclair Bijou - Landslide {PvP} - Health -->
	<item id="12884" price="0" /> <!-- Éclair Bijou - Landslide {PvP} - Critical Poison -->
	<item id="12885" price="0" /> <!-- Tiphon's Spear - Landslide {PvP} - Critical Stun -->
	<item id="12886" price="0" /> <!-- Tiphon's Spear - Landslide {PvP} - Towering Blow -->
	<item id="12887" price="0" /> <!-- Tiphon's Spear - Landslide {PvP} - Wild Blow -->
	<item id="12888" price="0" /> <!-- Tallum Blade*Damascus - Landslide {PvP} -->
	<item id="12889" price="0" /> <!-- Themis' Tongue - Cleverness {PvP} - Mana Up -->
	<item id="12890" price="0" /> <!-- Themis' Tongue - Cleverness {PvP} - Mental Shield -->
	<item id="12891" price="0" /> <!-- Themis' Tongue - Cleverness {PvP} - Magic Focus -->
	<item id="12892" price="0" /> <!-- Cabrio's Hand - Cleverness {PvP} - Conversion -->
	<item id="12893" price="0" /> <!-- Cabrio's Hand - Cleverness {PvP} - Mana Up -->
	<item id="12894" price="0" /> <!-- Cabrio's Hand - Cleverness {PvP} - Magic Silence -->
</list>
