<?xml version="1.0" encoding="UTF-8"?>
<list xmlns:xsi="http://www.w3.org/2001/XMLSchema-instance" xsi:noNamespaceSchemaLocation="xsd/DailyMission.xsd">
	<reward id="24" reward_id="4" name="Reach Level (Lv. 2)">
		<handler name="level">
			<param name="level">2</param>
		</handler>
		<items>
			<item id="29651" count="5" />
		</items>
	</reward>
	<reward id="25" reward_id="7" name="Reach Level (Lv. 3)">
		<handler name="level">
			<param name="level">3</param>
		</handler>
		<items>
			<item id="29651" count="10" />
		</items>
	</reward>
	<reward id="26" reward_id="10" name="Reach Level (Lv. 4)">
		<handler name="level">
			<param name="level">4</param>
		</handler>
		<items>
			<item id="10650" count="1" />
		</items>
	</reward>
	<reward id="27" reward_id="13" name="Reach Level (Lv. 5)">
		<handler name="level">
			<param name="level">5</param>
		</handler>
		<items>
			<item id="70094" count="1" />
		</items>
	</reward>
	<reward id="28" reward_id="13" name="Reach Level (Lv. 6)">
		<handler name="level">
			<param name="level">6</param>
		</handler>
		<items>
			<item id="29650" count="3" />
		</items>
	</reward>
	<reward id="29" reward_id="14" name="Reach Level (Lv. 7)">
		<handler name="level">
			<param name="level">7</param>
		</handler>
		<items>
			<item id="29654" count="2" />
		</items>
	</reward>
	<reward id="30" reward_id="15" name="Reach Level (Lv. 8)">
		<handler name="level">
			<param name="level">8</param>
		</handler>
		<items>
			<item id="29651" count="10" />
		</items>
	</reward>
	<reward id="31" reward_id="25" name="Reach Level (Lv. 9)">
		<handler name="level">
			<param name="level">9</param>
		</handler>
		<items>
			<item id="10650" count="5" />
		</items>
	</reward>
	<reward id="32" reward_id="28" name="Reach Level (Lv. 10 Warrior only)">
		<classId>0</classId>
		<classId>18</classId>
		<classId>31</classId>
		<classId>44</classId>
		<classId>53</classId>
		<classId>1</classId>
		<classId>4</classId>
		<classId>19</classId>
		<classId>32</classId>
		<classId>45</classId>
		<classId>56</classId>
		<classId>2</classId>
		<classId>3</classId>
		<classId>5</classId>
		<classId>6</classId>
		<classId>20</classId>
		<classId>21</classId>
		<classId>33</classId>
		<classId>34</classId>
		<classId>46</classId>
		<classId>57</classId>
		<classId>88</classId>
		<classId>89</classId>
		<classId>90</classId>
		<classId>91</classId>
		<classId>99</classId>
		<classId>100</classId>
		<classId>106</classId>
		<classId>107</classId>
		<classId>113</classId>
		<classId>117</classId>
		<classId>118</classId>
		<handler name="level">
			<param name="level">10</param>
		</handler>
		<items>
			<item id="70095" count="1" />
			<item id="70096" count="1" />
			<item id="70097" count="1" />
		</items>
	</reward>
	<reward id="32" reward_id="29" name="Reach Level (Lv. 10 Warrior only)">
		<classId>7</classId>
		<classId>22</classId>
		<classId>35</classId>
		<classId>47</classId>
		<classId>8</classId>
		<classId>9</classId>
		<classId>23</classId>
		<classId>24</classId>
		<classId>36</classId>
		<classId>37</classId>
		<classId>54</classId>
		<classId>55</classId>
		<classId>48</classId>
		<classId>92</classId>
		<classId>93</classId>
		<classId>101</classId>
		<classId>102</classId>
		<classId>108</classId>
		<classId>109</classId>
		<classId>114</classId>
		<classId>115</classId>
		<classId>116</classId>
		<handler name="level">
			<param name="level">10</param>
		</handler>
		<items>
			<item id="70095" count="1" />
			<item id="70096" count="1" />
			<item id="70097" count="1" />
		</items>
	</reward>
	<reward id="32" reward_id="30" name="Reach Level (Lv. 10 Wizard only)">
		<classId>10</classId>
		<classId>25</classId>
		<classId>38</classId>
		<classId>11</classId>
		<classId>15</classId>
		<classId>26</classId>
		<classId>29</classId>
		<classId>39</classId>
		<classId>42</classId>
		<classId>12</classId>
		<classId>13</classId>
		<classId>14</classId>
		<classId>16</classId>
		<classId>17</classId>
		<classId>27</classId>
		<classId>28</classId>
		<classId>30</classId>
		<classId>40</classId>
		<classId>41</classId>
		<classId>43</classId>
		<classId>49</classId>
		<classId>50</classId>
		<classId>51</classId>
		<classId>52</classId>
		<classId>94</classId>
		<classId>95</classId>
		<classId>96</classId>
		<classId>97</classId>
		<classId>98</classId>
		<classId>103</classId>
		<classId>104</classId>
		<classId>105</classId>
		<classId>110</classId>
		<classId>111</classId>
		<classId>112</classId>
		<handler name="level">
			<param name="level">10</param>
		</handler>
		<items>
			<item id="70098" count="1" />
			<item id="70099" count="1" />
			<item id="70100" count="1" />
		</items>
	</reward>
	<reward id="33" reward_id="31" name="Reach Level (Lv. 11)">
		<handler name="level">
			<param name="level">11</param>
		</handler>
		<items>
			<item id="29651" count="10" />
		</items>
	</reward>
	<reward id="34" reward_id="34" name="Reach Level (Lv. 12)">
		<handler name="level">
			<param name="level">12</param>
		</handler>
		<items>
			<item id="29650" count="3" />
		</items>
	</reward>
	<reward id="35" reward_id="37" name="Reach Level (Lv. 13)">
		<handler name="level">
			<param name="level">13</param>
		</handler>
		<items>
			<item id="29654" count="2" />
		</items>
	</reward>
	<reward id="36" reward_id="40" name="Reach Level (Lv. 14)">
		<handler name="level">
			<param name="level">14</param>
		</handler>
		<items>
			<item id="29652" count="15" />
		</items>
	</reward>
	<reward id="37" reward_id="43" name="Reach Level (Lv. 15)">
		<handler name="level">
			<param name="level">15</param>
		</handler>
		<items>
			<item id="70101" count="1" />
		</items>
	</reward>
	<reward id="38" reward_id="46" name="Reach Level (Lv. 16)">
		<handler name="level">
			<param name="level">16</param>
		</handler>
		<items>
			<item id="29650" count="3" />
		</items>
	</reward>
	<reward id="39" reward_id="49" name="Reach Level (Lv. 17)">
		<handler name="level">
			<param name="level">17</param>
		</handler>
		<items>
			<item id="29654" count="3" />
		</items>
	</reward>
	<reward id="40" reward_id="52" name="Reach Level (Lv. 18 Warrior only)">
		<classId>0</classId>
		<classId>18</classId>
		<classId>31</classId>
		<classId>44</classId>
		<classId>53</classId>
		<classId>1</classId>
		<classId>4</classId>
		<classId>19</classId>
		<classId>32</classId>
		<classId>45</classId>
		<classId>56</classId>
		<classId>2</classId>
		<classId>3</classId>
		<classId>5</classId>
		<classId>6</classId>
		<classId>20</classId>
		<classId>21</classId>
		<classId>33</classId>
		<classId>34</classId>
		<classId>46</classId>
		<classId>57</classId>
		<classId>88</classId>
		<classId>89</classId>
		<classId>90</classId>
		<classId>91</classId>
		<classId>99</classId>
		<classId>100</classId>
		<classId>106</classId>
		<classId>107</classId>
		<classId>113</classId>
		<classId>117</classId>
		<classId>118</classId>
		<handler name="level">
			<param name="level">18</param>
		</handler>
		<items>
			<item id="70102" count="10" />
		</items>
	</reward>
	<reward id="40" reward_id="53" name="Reach Level (Lv. 18 Warrior only)">
		<classId>7</classId>
		<classId>22</classId>
		<classId>35</classId>
		<classId>47</classId>
		<classId>8</classId>
		<classId>9</classId>
		<classId>23</classId>
		<classId>24</classId>
		<classId>36</classId>
		<classId>37</classId>
		<classId>54</classId>
		<classId>55</classId>
		<classId>48</classId>
		<classId>92</classId>
		<classId>93</classId>
		<classId>101</classId>
		<classId>102</classId>
		<classId>108</classId>
		<classId>109</classId>
		<classId>114</classId>
		<classId>115</classId>
		<classId>116</classId>
		<handler name="level">
			<param name="level">18</param>
		</handler>
		<items>
			<item id="70102" count="10" />
		</items>
	</reward>
	<reward id="40" reward_id="54" name="Reach Level (Lv. 18 Wizard only)">
		<classId>10</classId>
		<classId>25</classId>
		<classId>38</classId>
		<classId>11</classId>
		<classId>15</classId>
		<classId>26</classId>
		<classId>29</classId>
		<classId>39</classId>
		<classId>42</classId>
		<classId>12</classId>
		<classId>13</classId>
		<classId>14</classId>
		<classId>16</classId>
		<classId>17</classId>
		<classId>27</classId>
		<classId>28</classId>
		<classId>30</classId>
		<classId>40</classId>
		<classId>41</classId>
		<classId>43</classId>
		<classId>49</classId>
		<classId>50</classId>
		<classId>51</classId>
		<classId>52</classId>
		<classId>94</classId>
		<classId>95</classId>
		<classId>96</classId>
		<classId>97</classId>
		<classId>98</classId>
		<classId>103</classId>
		<classId>104</classId>
		<classId>105</classId>
		<classId>110</classId>
		<classId>111</classId>
		<classId>112</classId>
		<handler name="level">
			<param name="level">18</param>
		</handler>
		<items>
			<item id="70103" count="10" />
		</items>
	</reward>
	<reward id="41" reward_id="55" name="Reach Level (Lv. 19)">
		<handler name="level">
			<param name="level">19</param>
		</handler>
		<items>
			<item id="7122" count="10" />
		</items>
	</reward>
	<reward id="42" reward_id="58" name="Reach Level (Lv. 20)">
		<handler name="level">
			<param name="level">20</param>
		</handler>
		<items>
			<item id="70024" count="20" />
			<item id="70182" count="1" />
			<item id="70184" count="1" />
			<item id="70186" count="1" />
		</items>
	</reward>
	<reward id="43" reward_id="61" name="Reach Level (Lv. 21)">
		<handler name="level">
			<param name="level">21</param>
		</handler>
		<items>
			<item id="29650" count="3" />
		</items>
	</reward>
	<reward id="44" reward_id="64" name="Reach Level (Lv. 22)">
		<handler name="level">
			<param name="level">22</param>
		</handler>
		<items>
			<item id="29654" count="3" />
		</items>
	</reward>
	<reward id="45" reward_id="67" name="Reach Level (Lv. 23 Warrior only)">
		<classId>0</classId>
		<classId>18</classId>
		<classId>31</classId>
		<classId>44</classId>
		<classId>53</classId>
		<classId>1</classId>
		<classId>4</classId>
		<classId>19</classId>
		<classId>32</classId>
		<classId>45</classId>
		<classId>56</classId>
		<classId>2</classId>
		<classId>3</classId>
		<classId>5</classId>
		<classId>6</classId>
		<classId>20</classId>
		<classId>21</classId>
		<classId>33</classId>
		<classId>34</classId>
		<classId>46</classId>
		<classId>57</classId>
		<classId>88</classId>
		<classId>89</classId>
		<classId>90</classId>
		<classId>91</classId>
		<classId>99</classId>
		<classId>100</classId>
		<classId>106</classId>
		<classId>107</classId>
		<classId>113</classId>
		<classId>117</classId>
		<classId>118</classId>
		<handler name="level">
			<param name="level">23</param>
		</handler>
		<items>
			<item id="70104" count="3" />
		</items>
	</reward>
	<reward id="45" reward_id="68" name="Reach Level (Lv. 23 Warrior only)">
		<classId>7</classId>
		<classId>22</classId>
		<classId>35</classId>
		<classId>47</classId>
		<classId>8</classId>
		<classId>9</classId>
		<classId>23</classId>
		<classId>24</classId>
		<classId>36</classId>
		<classId>37</classId>
		<classId>54</classId>
		<classId>55</classId>
		<classId>48</classId>
		<classId>92</classId>
		<classId>93</classId>
		<classId>101</classId>
		<classId>102</classId>
		<classId>108</classId>
		<classId>109</classId>
		<classId>114</classId>
		<classId>115</classId>
		<classId>116</classId>
		<handler name="level">
			<param name="level">18</param>
		</handler>
		<items>
			<item id="70102" count="10" />
		</items>
	</reward>
	<reward id="45" reward_id="69" name="Reach Level (Lv. 23 Wizard only)">
		<classId>10</classId>
		<classId>25</classId>
		<classId>38</classId>
		<classId>11</classId>
		<classId>15</classId>
		<classId>26</classId>
		<classId>29</classId>
		<classId>39</classId>
		<classId>42</classId>
		<classId>12</classId>
		<classId>13</classId>
		<classId>14</classId>
		<classId>16</classId>
		<classId>17</classId>
		<classId>27</classId>
		<classId>28</classId>
		<classId>30</classId>
		<classId>40</classId>
		<classId>41</classId>
		<classId>43</classId>
		<classId>49</classId>
		<classId>50</classId>
		<classId>51</classId>
		<classId>52</classId>
		<classId>94</classId>
		<classId>95</classId>
		<classId>96</classId>
		<classId>97</classId>
		<classId>98</classId>
		<classId>103</classId>
		<classId>104</classId>
		<classId>105</classId>
		<classId>110</classId>
		<classId>111</classId>
		<classId>112</classId>
		<handler name="level">
			<param name="level">23</param>
		</handler>
		<items>
			<item id="70105" count="3" />
		</items>
	</reward>
	<reward id="46" reward_id="70" name="Reach Level (Lv. 24)">
		<handler name="level">
			<param name="level">24</param>
		</handler>
		<items>
			<item id="7123" count="3" />
			<item id="7124" count="3" />
			<item id="7126" count="3" />
		</items>
	</reward>
	<reward id="47" reward_id="73" name="Reach Level (Lv. 25)">
		<handler name="level">
			<param name="level">25</param>
		</handler>
		<items>
			<item id="70114" count="1" />
		</items>
	</reward>
	<reward id="48" reward_id="76" name="Reach Level (Lv. 26)">
		<handler name="level">
			<param name="level">26</param>
		</handler>
		<items>
			<item id="29648" count="6" />
		</items>
	</reward>
	<reward id="49" reward_id="79" name="Reach Level (Lv. 27)">
		<handler name="level">
			<param name="level">27</param>
		</handler>
		<items>
			<item id="29654" count="3" />
		</items>
	</reward>
	<reward id="50" reward_id="82" name="Reach Level (Lv. 28 Warrior only)">
		<classId>0</classId>
		<classId>18</classId>
		<classId>31</classId>
		<classId>44</classId>
		<classId>53</classId>
		<classId>1</classId>
		<classId>4</classId>
		<classId>19</classId>
		<classId>32</classId>
		<classId>45</classId>
		<classId>56</classId>
		<classId>2</classId>
		<classId>3</classId>
		<classId>5</classId>
		<classId>6</classId>
		<classId>20</classId>
		<classId>21</classId>
		<classId>33</classId>
		<classId>34</classId>
		<classId>46</classId>
		<classId>57</classId>
		<classId>88</classId>
		<classId>89</classId>
		<classId>90</classId>
		<classId>91</classId>
		<classId>99</classId>
		<classId>100</classId>
		<classId>106</classId>
		<classId>107</classId>
		<classId>113</classId>
		<classId>117</classId>
		<classId>118</classId>
		<handler name="level">
			<param name="level">28</param>
		</handler>
		<items>
			<item id="70104" count="3" />
		</items>
	</reward>
	<reward id="50" reward_id="83" name="Reach Level (Lv. 28 Warrior only)">
		<classId>7</classId>
		<classId>22</classId>
		<classId>35</classId>
		<classId>47</classId>
		<classId>8</classId>
		<classId>9</classId>
		<classId>23</classId>
		<classId>24</classId>
		<classId>36</classId>
		<classId>37</classId>
		<classId>54</classId>
		<classId>55</classId>
		<classId>48</classId>
		<classId>92</classId>
		<classId>93</classId>
		<classId>101</classId>
		<classId>102</classId>
		<classId>108</classId>
		<classId>109</classId>
		<classId>114</classId>
		<classId>115</classId>
		<classId>116</classId>
		<handler name="level">
			<param name="level">28</param>
		</handler>
		<items>
			<item id="70104" count="3" />
		</items>
	</reward>
	<reward id="50" reward_id="84" name="Reach Level (Lv. 28 Wizard only)">
		<classId>10</classId>
		<classId>25</classId>
		<classId>38</classId>
		<classId>11</classId>
		<classId>15</classId>
		<classId>26</classId>
		<classId>29</classId>
		<classId>39</classId>
		<classId>42</classId>
		<classId>12</classId>
		<classId>13</classId>
		<classId>14</classId>
		<classId>16</classId>
		<classId>17</classId>
		<classId>27</classId>
		<classId>28</classId>
		<classId>30</classId>
		<classId>40</classId>
		<classId>41</classId>
		<classId>43</classId>
		<classId>49</classId>
		<classId>50</classId>
		<classId>51</classId>
		<classId>52</classId>
		<classId>94</classId>
		<classId>95</classId>
		<classId>96</classId>
		<classId>97</classId>
		<classId>98</classId>
		<classId>103</classId>
		<classId>104</classId>
		<classId>105</classId>
		<classId>110</classId>
		<classId>111</classId>
		<classId>112</classId>
		<handler name="level">
			<param name="level">28</param>
		</handler>
		<items>
			<item id="70105" count="3" />
		</items>
	</reward>
	<reward id="51" reward_id="85" name="Reach Level (Lv. 29)">
		<handler name="level">
			<param name="level">29</param>
		</handler>
		<items>
			<item id="7123" count="3" />
			<item id="7124" count="3" />
			<item id="7126" count="3" />
		</items>
	</reward>
	<reward id="52" reward_id="88" name="Reach Level (Lv. 30)">
		<handler name="level">
			<param name="level">30</param>
		</handler>
		<items>
			<item id="70106" count="1" />
		</items>
	</reward>
	<reward id="53" reward_id="91" name="Reach Level (Lv. 31)">
		<handler name="level">
			<param name="level">31</param>
		</handler>
		<items>
			<item id="29648" count="6" />
		</items>
	</reward>
	<reward id="54" reward_id="94" name="Reach Level (Lv. 32)">
		<handler name="level">
			<param name="level">32</param>
		</handler>
		<items>
			<item id="29654" count="3" />
		</items>
	</reward>
	<reward id="55" reward_id="97" name="Reach Level (Lv. 33)">
		<handler name="level">
			<param name="level">33</param>
		</handler>
		<items>
			<item id="70107" count="3" />
		</items>
	</reward>
	<reward id="56" reward_id="100" name="Reach Level (Lv. 34)">
		<handler name="level">
			<param name="level">34</param>
		</handler>
		<items>
			<item id="7123" count="3" />
			<item id="7124" count="3" />
			<item id="7126" count="3" />
		</items>
	</reward>
	<reward id="57" reward_id="103" name="Reach Level (Lv. 35)">
		<handler name="level">
			<param name="level">35</param>
		</handler>
		<items>
			<item id="29648" count="6" />
		</items>
	</reward>
	<reward id="58" reward_id="106" name="Reach Level (Lv. 36)">
		<handler name="level">
			<param name="level">36</param>
		</handler>
		<items>
			<item id="29654" count="3" />
		</items>
	</reward>
	<reward id="59" reward_id="109" name="Reach Level (Lv. 37)">
		<handler name="level">
			<param name="level">37</param>
		</handler>
		<items>
			<item id="70107" count="3" />
		</items>
	</reward>
	<reward id="60" reward_id="112" name="Reach Level (Lv. 38 Warrior only)">
		<classId>0</classId>
		<classId>18</classId>
		<classId>31</classId>
		<classId>44</classId>
		<classId>53</classId>
		<classId>1</classId>
		<classId>4</classId>
		<classId>19</classId>
		<classId>32</classId>
		<classId>45</classId>
		<classId>56</classId>
		<classId>2</classId>
		<classId>3</classId>
		<classId>5</classId>
		<classId>6</classId>
		<classId>20</classId>
		<classId>21</classId>
		<classId>33</classId>
		<classId>34</classId>
		<classId>46</classId>
		<classId>57</classId>
		<classId>88</classId>
		<classId>89</classId>
		<classId>90</classId>
		<classId>91</classId>
		<classId>99</classId>
		<classId>100</classId>
		<classId>106</classId>
		<classId>107</classId>
		<classId>113</classId>
		<classId>117</classId>
		<classId>118</classId>
		<handler name="level">
			<param name="level">38</param>
		</handler>
		<items>
			<item id="70108" count="1" />
		</items>
	</reward>
	<reward id="60" reward_id="113" name="Reach Level (Lv. 38 Warrior only)">
		<classId>7</classId>
		<classId>22</classId>
		<classId>35</classId>
		<classId>47</classId>
		<classId>8</classId>
		<classId>9</classId>
		<classId>23</classId>
		<classId>24</classId>
		<classId>36</classId>
		<classId>37</classId>
		<classId>54</classId>
		<classId>55</classId>
		<classId>48</classId>
		<classId>92</classId>
		<classId>93</classId>
		<classId>101</classId>
		<classId>102</classId>
		<classId>108</classId>
		<classId>109</classId>
		<classId>114</classId>
		<classId>115</classId>
		<classId>116</classId>
		<handler name="level">
			<param name="level">38</param>
		</handler>
		<items>
			<item id="70108" count="1" />
		</items>
	</reward>
	<reward id="60" reward_id="114" name="Reach Level (Lv. 38 Wizard only)">
		<classId>10</classId>
		<classId>25</classId>
		<classId>38</classId>
		<classId>11</classId>
		<classId>15</classId>
		<classId>26</classId>
		<classId>29</classId>
		<classId>39</classId>
		<classId>42</classId>
		<classId>12</classId>
		<classId>13</classId>
		<classId>14</classId>
		<classId>16</classId>
		<classId>17</classId>
		<classId>27</classId>
		<classId>28</classId>
		<classId>30</classId>
		<classId>40</classId>
		<classId>41</classId>
		<classId>43</classId>
		<classId>49</classId>
		<classId>50</classId>
		<classId>51</classId>
		<classId>52</classId>
		<classId>94</classId>
		<classId>95</classId>
		<classId>96</classId>
		<classId>97</classId>
		<classId>98</classId>
		<classId>103</classId>
		<classId>104</classId>
		<classId>105</classId>
		<classId>110</classId>
		<classId>111</classId>
		<classId>112</classId>
		<handler name="level">
			<param name="level">38</param>
		</handler>
		<items>
			<item id="70109" count="1" />
		</items>
	</reward>
	<reward id="61" reward_id="115" name="Reach Level (Lv. 39)">
		<handler name="level">
			<param name="level">39</param>
		</handler>
		<items>
			<item id="7123" count="3" />
			<item id="7124" count="3" />
			<item id="7126" count="3" />
		</items>
	</reward>
	<reward id="62" reward_id="118" name="Reach Level (Lv. 40)">
		<handler name="level">
			<param name="level">40</param>
		</handler>
		<items>
			<item id="70024" count="20" />
		</items>
	</reward>
	<reward id="63" reward_id="121" name="Reach Level (Lv. 41)">
		<handler name="level">
			<param name="level">41</param>
		</handler>
		<items>
			<item id="29648" count="6" />
		</items>
	</reward>
	<reward id="64" reward_id="124" name="Reach Level (Lv. 42)">
		<handler name="level">
			<param name="level">42</param>
		</handler>
		<items>
			<item id="29655" count="5" />
		</items>
	</reward>
	<reward id="65" reward_id="127" name="Reach Level (Lv. 43 Warrior only)">
		<classId>0</classId>
		<classId>18</classId>
		<classId>31</classId>
		<classId>44</classId>
		<classId>53</classId>
		<classId>1</classId>
		<classId>4</classId>
		<classId>19</classId>
		<classId>32</classId>
		<classId>45</classId>
		<classId>56</classId>
		<classId>2</classId>
		<classId>3</classId>
		<classId>5</classId>
		<classId>6</classId>
		<classId>20</classId>
		<classId>21</classId>
		<classId>33</classId>
		<classId>34</classId>
		<classId>46</classId>
		<classId>57</classId>
		<classId>88</classId>
		<classId>89</classId>
		<classId>90</classId>
		<classId>91</classId>
		<classId>99</classId>
		<classId>100</classId>
		<classId>106</classId>
		<classId>107</classId>
		<classId>113</classId>
		<classId>117</classId>
		<classId>118</classId>
		<handler name="level">
			<param name="level">43</param>
		</handler>
		<items>
			<item id="70110" count="5" />
		</items>
	</reward>
	<reward id="65" reward_id="128" name="Reach Level (Lv. 43 Warrior only)">
		<classId>10</classId>
		<classId>25</classId>
		<classId>38</classId>
		<classId>11</classId>
		<classId>15</classId>
		<classId>26</classId>
		<classId>29</classId>
		<classId>39</classId>
		<classId>42</classId>
		<classId>12</classId>
		<classId>13</classId>
		<classId>14</classId>
		<classId>16</classId>
		<classId>17</classId>
		<classId>27</classId>
		<classId>28</classId>
		<classId>30</classId>
		<classId>40</classId>
		<classId>41</classId>
		<classId>43</classId>
		<classId>49</classId>
		<classId>50</classId>
		<classId>51</classId>
		<classId>52</classId>
		<classId>94</classId>
		<classId>95</classId>
		<classId>96</classId>
		<classId>97</classId>
		<classId>98</classId>
		<classId>103</classId>
		<classId>104</classId>
		<classId>105</classId>
		<classId>110</classId>
		<classId>111</classId>
		<classId>112</classId>
		<handler name="level">
			<param name="level">43</param>
		</handler>
		<items>
			<item id="70110" count="5" />
		</items>
	</reward>
	<reward id="65" reward_id="129" name="Reach Level (Lv. 43 Wizard only)">
		<classId>10</classId>
		<classId>25</classId>
		<classId>38</classId>
		<classId>11</classId>
		<classId>15</classId>
		<classId>26</classId>
		<classId>29</classId>
		<classId>39</classId>
		<classId>42</classId>
		<classId>12</classId>
		<classId>13</classId>
		<classId>14</classId>
		<classId>16</classId>
		<classId>17</classId>
		<classId>27</classId>
		<classId>28</classId>
		<classId>30</classId>
		<classId>40</classId>
		<classId>41</classId>
		<classId>43</classId>
		<classId>49</classId>
		<classId>50</classId>
		<classId>51</classId>
		<classId>52</classId>
		<classId>94</classId>
		<classId>95</classId>
		<classId>96</classId>
		<classId>97</classId>
		<classId>98</classId>
		<classId>103</classId>
		<classId>104</classId>
		<classId>105</classId>
		<classId>110</classId>
		<classId>111</classId>
		<classId>112</classId>
		<handler name="level">
			<param name="level">43</param>
		</handler>
		<items>
			<item id="70111" count="5" />
		</items>
	</reward>
	<reward id="66" reward_id="130" name="Reach Level (Lv. 44)">
		<handler name="level">
			<param name="level">44</param>
		</handler>
		<items>
			<item id="7123" count="3" />
			<item id="7124" count="3" />
			<item id="7126" count="3" />
		</items>
	</reward>
	<reward id="67" reward_id="133" name="Reach Level (Lv. 45)">
		<handler name="level">
			<param name="level">45</param>
		</handler>
		<items>
			<item id="70112" count="1" />
		</items>
	</reward>
	<reward id="68" reward_id="136" name="Reach Level (Lv. 46)">
		<handler name="level">
			<param name="level">46</param>
		</handler>
		<items>
			<item id="29648" count="10" />
		</items>
	</reward>
	<reward id="69" reward_id="139" name="Reach Level (Lv. 47)">
		<handler name="level">
			<param name="level">47</param>
		</handler>
		<items>
			<item id="29655" count="5" />
		</items>
	</reward>
	<reward id="70" reward_id="142" name="Reach Level (Lv. 48 Warrior only)">
		<classId>0</classId>
		<classId>18</classId>
		<classId>31</classId>
		<classId>44</classId>
		<classId>53</classId>
		<classId>1</classId>
		<classId>4</classId>
		<classId>19</classId>
		<classId>32</classId>
		<classId>45</classId>
		<classId>56</classId>
		<classId>2</classId>
		<classId>3</classId>
		<classId>5</classId>
		<classId>6</classId>
		<classId>20</classId>
		<classId>21</classId>
		<classId>33</classId>
		<classId>34</classId>
		<classId>46</classId>
		<classId>57</classId>
		<classId>88</classId>
		<classId>89</classId>
		<classId>90</classId>
		<classId>91</classId>
		<classId>99</classId>
		<classId>100</classId>
		<classId>106</classId>
		<classId>107</classId>
		<classId>113</classId>
		<classId>117</classId>
		<classId>118</classId>
		<handler name="level">
			<param name="level">48</param>
		</handler>
		<items>
			<item id="70110" count="5" />
		</items>
	</reward>
	<reward id="70" reward_id="143" name="Reach Level (Lv. 48 Warrior only)">
		<classId>10</classId>
		<classId>25</classId>
		<classId>38</classId>
		<classId>11</classId>
		<classId>15</classId>
		<classId>26</classId>
		<classId>29</classId>
		<classId>39</classId>
		<classId>42</classId>
		<classId>12</classId>
		<classId>13</classId>
		<classId>14</classId>
		<classId>16</classId>
		<classId>17</classId>
		<classId>27</classId>
		<classId>28</classId>
		<classId>30</classId>
		<classId>40</classId>
		<classId>41</classId>
		<classId>43</classId>
		<classId>49</classId>
		<classId>50</classId>
		<classId>51</classId>
		<classId>52</classId>
		<classId>94</classId>
		<classId>95</classId>
		<classId>96</classId>
		<classId>97</classId>
		<classId>98</classId>
		<classId>103</classId>
		<classId>104</classId>
		<classId>105</classId>
		<classId>110</classId>
		<classId>111</classId>
		<classId>112</classId>
		<handler name="level">
			<param name="level">48</param>
		</handler>
		<items>
			<item id="70110" count="5" />
		</items>
	</reward>
	<reward id="70" reward_id="144" name="Reach Level (Lv. 48 Wizard only)">
		<classId>10</classId>
		<classId>25</classId>
		<classId>38</classId>
		<classId>11</classId>
		<classId>15</classId>
		<classId>26</classId>
		<classId>29</classId>
		<classId>39</classId>
		<classId>42</classId>
		<classId>12</classId>
		<classId>13</classId>
		<classId>14</classId>
		<classId>16</classId>
		<classId>17</classId>
		<classId>27</classId>
		<classId>28</classId>
		<classId>30</classId>
		<classId>40</classId>
		<classId>41</classId>
		<classId>43</classId>
		<classId>49</classId>
		<classId>50</classId>
		<classId>51</classId>
		<classId>52</classId>
		<classId>94</classId>
		<classId>95</classId>
		<classId>96</classId>
		<classId>97</classId>
		<classId>98</classId>
		<classId>103</classId>
		<classId>104</classId>
		<classId>105</classId>
		<classId>110</classId>
		<classId>111</classId>
		<classId>112</classId>
		<handler name="level">
			<param name="level">48</param>
		</handler>
		<items>
			<item id="70111" count="5" />
		</items>
	</reward>
	<reward id="71" reward_id="145" name="Reach Level (Lv. 49)">
		<handler name="level">
			<param name="level">49</param>
		</handler>
		<items>
			<item id="70113" count="10" />
		</items>
	</reward>
	<reward id="72" reward_id="148" name="Reach Level (Lv. 50)">
		<handler name="level">
			<param name="level">50</param>
		</handler>
		<items>
			<item id="49477" count="1" />
			<item id="49493" count="1" />
			<item id="49509" count="1" />
		</items>
	</reward>
	<reward id="224" reward_id="604" name="Login All Weekend" requiredCompletion="1" isOneTime="false" duration="WEEKEND">
		<handler name="loginweekend" />
		<items>
			<item id="29648" count="2" />
		</items>
	</reward>
	<reward id="225" reward_id="605" name="Login All Month" requiredCompletion="1" isOneTime="false" duration="MONTH">
		<handler name="loginmonth" />
		<items>
			<item id="29648" count="4" />
		</items>
	</reward>
	<reward id="226" reward_id="606" name="Quest Mania" requiredCompletion="2" isOneTime="false">
		<handler name="quest" />
		<items>
			<item id="29648" count="1" />
		</items>
	</reward>
	<reward id="231" reward_id="611" name="Fisher" requiredCompletion="3" isOneTime="false">
		<handler name="fishing" />
		<items>
			<item id="29648" count="1" />
		</items>
	</reward>
	<reward id="232" reward_id="612" name="Have you joined a clan?" requiredCompletion="1" isOneTime="true">
		<handler name="joinclan" />
		<items>
			<item id="29654" count="1" />
		</items>
	</reward>
	<reward id="233" reward_id="613" name="Olympiad Warrior" requiredCompletion="1" isOneTime="false">
		<handler name="olympiad" />
		<items>
			<item id="29654" count="1" />
		</items>
	</reward>
	<reward id="234" reward_id="614" name="Olympiad Warrior" requiredCompletion="10" isOneTime="false">
		<handler name="olympiad" />
		<items>
			<item id="70000" count="1" />
		</items>
	</reward>
	<reward id="235" reward_id="615" name="Olympiad Warrior" requiredCompletion="30" isOneTime="false">
		<handler name="olympiad" />
		<items>
			<item id="70280" count="1" />
		</items>
	</reward>
</list>