<?xml version="1.0" encoding="UTF-8"?>
<list xmlns:xsi="http://www.w3.org/2001/XMLSchema-instance" xsi:noNamespaceSchemaLocation="../xsd/buylist.xsd">
	<item id="13153" price="0" /> <!-- Player Commendation - Great Spear - Player Commendation Weapon -->
	<item id="13154" price="0" /> <!-- Player Commendation - Falchion - Player Commendation Weapon -->
	<item id="13155" price="0" /> <!-- Player Commendation - Iron Hammer - Player Commendation Weapon -->
	<item id="13156" price="0" /> <!-- Player Commendation - Voodoo Doll - Player Commendation Weapon -->
	<item id="13157" price="0" /> <!-- Player Commendation - Flanged Mace - Player Commendation Weapon -->
	<item id="13158" price="0" /> <!-- Player Commendation - Mage's Wand - Player Commendation Weapon -->
	<item id="13159" price="0" /> <!-- Player Commendation - Sword Breaker - Player Commendation Weapon -->
	<item id="13160" price="0" /> <!-- Player Commendation - Viper Fang - Player Commendation Weapon -->
	<item id="13161" price="0" /> <!-- Player Commendation - Compound Bow - Player Commendation Weapon -->
	<item id="13162" price="0" /> <!-- Player Commendation - Crucifix of Blessing - Player Commendation Weapon -->
	<item id="13163" price="0" /> <!-- Player Commendation - Bastard*Crimson Sword - Player Commendation Weapon -->
	<item id="13164" price="0" /> <!-- Player Commendation - Claymore - Player Commendation Weapon -->
	<item id="13165" price="0" /> <!-- Player Commendation - Bonebreaker - Player Commendation Weapon -->
	<item id="13166" price="0" /> <!-- Player Commendation - Atuba Hammer - Player Commendation Weapon -->
	<item id="13167" price="0" /> <!-- Player Commendation - Ghost's Wand - Player Commendation Weapon -->
	<item id="13168" price="0" /> <!-- Player Commendation - Hall of Life - Player Commendation Weapon -->
	<item id="13169" price="0" /> <!-- Player Commendation - Atuba Mace - Player Commendation Weapon -->
	<item id="13170" price="0" /> <!-- Player Commendation - Mithril Dagger - Player Commendation Weapon -->
	<item id="13171" price="0" /> <!-- Player Commendation - Scallop Jamadhr - Player Commendation Weapon -->
	<item id="13172" price="0" /> <!-- Player Commendation - Crossbow - Player Commendation Weapon -->
	<item id="13173" price="0" /> <!-- Player Commendation - Glaive - Player Commendation Weapon -->
	<item id="13174" price="0" /> <!-- Player Commendation - Elven Long Sword - Player Commendation Weapon -->
	<item id="13175" price="0" /> <!-- Player Commendation - Grand Epee - Player Commendation Weapon -->
	<item id="13176" price="0" /> <!-- Player Commendation - General Katzbalger - Player Commendation Weapon -->
	<item id="13177" price="0" /> <!-- Player Commendation - Cranequin - Player Commendation Weapon -->
	<item id="13178" price="0" /> <!-- Player Commendation - Samurai Long Sword - Player Commendation Weapon -->
	<item id="13179" price="0" /> <!-- Player Commendation - Ghost's Wand - Player Commendation Weapon -->
	<item id="13180" price="0" /> <!-- Player Commendation - Ghoul's Wand - Player Commendation Weapon -->
	<item id="13181" price="0" /> <!-- Player Commendation - Devil's Wand - Player Commendation Weapon -->
	<item id="13182" price="0" /> <!-- Player Commendation - Crystal Dagger - Player Commendation Weapon -->
	<item id="13183" price="0" /> <!-- Player Commendation - Great Pata - Player Commendation Weapon -->
	<item id="13184" price="0" /> <!-- Player Commendation - Eminence Bow - Player Commendation Weapon -->
	<item id="13185" price="0" /> <!-- Player Commendation - Orcish Poleaxe - Player Commendation Weapon -->
	<item id="13186" price="0" /> <!-- Player Commendation - Yaksa Mace - Player Commendation Weapon -->
	<item id="13187" price="0" /> <!-- Player Commendation - Shamshir*Shamshir - Player Commendation Weapon -->
	<item id="13188" price="0" /> <!-- Player Commendation - Admiral's Estoc - Player Commendation Weapon -->
	<item id="13189" price="0" /> <!-- Player Commendation - Saber Tooth - Player Commendation Weapon -->
	<item id="13190" price="0" /> <!-- Player Commendation - Sharpshooter - Player Commendation Weapon -->
	<item id="13191" price="0" /> <!-- Player Commendation - Ecliptic Sword - Player Commendation Weapon -->
	<item id="13192" price="0" /> <!-- Player Commendation - Ecliptic Axe - Player Commendation Weapon -->
	<item id="13193" price="0" /> <!-- Player Commendation - Dwarven Hammer - Player Commendation Weapon -->
	<item id="13194" price="0" /> <!-- Player Commendation - Damascus Sword - Player Commendation Weapon -->
	<item id="13195" price="0" /> <!-- Player Commendation - Lance - Player Commendation Weapon -->
	<item id="13196" price="0" /> <!-- Player Commendation - Deadman's Glory - Player Commendation Weapon -->
	<item id="13197" price="0" /> <!-- Player Commendation - Art of Battle Axe - Player Commendation Weapon -->
	<item id="13198" price="0" /> <!-- Player Commendation - Staff of Evil Spirits - Player Commendation Weapon -->
	<item id="13199" price="0" /> <!-- Player Commendation - Devil's Dagger - Player Commendation Weapon -->
	<item id="13200" price="0" /> <!-- Player Commendation - Bellion Cestus - Player Commendation Weapon -->
	<item id="13201" price="0" /> <!-- Player Commendation - Bow of Peril - Player Commendation Weapon -->
	<item id="13202" price="0" /> <!-- Player Commendation - Samurai*Samurai - Player Commendation Weapon -->
	<item id="13203" price="0" /> <!-- Player Commendation - Guardian's Sword - Player Commendation Weapon -->
	<item id="13204" price="0" /> <!-- Player Commendation - Wizard's Tear - Player Commendation Weapon -->
	<item id="13205" price="0" /> <!-- Player Commendation - Kaim Vanul's Bones - Player Commendation Weapon -->
	<item id="13206" price="0" /> <!-- Player Commendation - Star Buster - Player Commendation Weapon -->
	<item id="13207" price="0" /> <!-- Player Commendation - Colichemarde - Player Commendation Weapon -->
	<item id="13208" price="0" /> <!-- Player Commendation - Dismantler - Player Commendation Weapon -->
	<item id="13209" price="0" /> <!-- Player Commendation - Hell Hound - Player Commendation Weapon -->
	<item id="13210" price="0" /> <!-- Player Commendation - Sirra's Blade - Player Commendation Weapon -->
	<item id="13211" price="0" /> <!-- Player Commendation - Sword of Ipos - Player Commendation Weapon -->
	<item id="13212" price="0" /> <!-- Player Commendation - Barakiel's Axe - Player Commendation Weapon -->
	<item id="13213" price="0" /> <!-- Player Commendation - Behemoth Tuning Fork - Player Commendation Weapon -->
	<item id="13214" price="0" /> <!-- Player Commendation - Naga Storm - Player Commendation Weapon -->
	<item id="13215" price="0" /> <!-- Player Commendation - Tiphon's Spear - Player Commendation Weapon -->
	<item id="13216" price="0" /> <!-- Player Commendation - Shyeed's Bow - Player Commendation Weapon -->
	<item id="13217" price="0" /> <!-- Player Commendation - Sobekk's Hurricane - Player Commendation Weapon -->
	<item id="13218" price="0" /> <!-- Player Commendation - Themis' Tongue - Player Commendation Weapon -->
	<item id="13219" price="0" /> <!-- Player Commendation - Cabrio's Hand - Player Commendation Weapon -->
	<item id="13220" price="0" /> <!-- Player Commendation - Daimon Crystal - Player Commendation Weapon -->
	<item id="13221" price="0" /> <!-- Player Commendation - Tallum Blade*Damascus - Player Commendation Weapon -->
	<item id="13222" price="0" /> <!-- Player Commendation - Éclair Bijou - Player Commendation Weapon -->
	<item id="13223" price="0" /> <!-- Player Commendation - Durendal - Player Commendation Weapon -->
	<item id="13224" price="0" /> <!-- Player Commendation - Screaming Vengeance - Player Commendation Weapon -->
</list>
