<?xml version="1.0" encoding="UTF-8"?>
<list xmlns:xsi="http://www.w3.org/2001/XMLSchema-instance" xsi:noNamespaceSchemaLocation="../xsd/buylist.xsd">
	<item id="9452" price="0" /> <!-- Sealed Dynasty Earring -->
	<item id="9453" price="0" /> <!-- Sealed Dynasty Necklace -->
	<item id="9454" price="0" /> <!-- Sealed Dynasty Ring -->
	<item id="9455" price="0" /> <!-- Dynasty Earrings -->
	<item id="9456" price="0" /> <!-- Dynasty Necklace -->
	<item id="9457" price="0" /> <!-- Dynasty Ring -->
	<item id="9458" price="0" /> <!-- Dynasty Earrings - Stun Resistance -->
	<item id="9459" price="0" /> <!-- Dynasty Necklace - Stun Resistance -->
	<item id="9460" price="0" /> <!-- Dynasty Ring - Stun Resistance -->
	<item id="9461" price="0" /> <!-- Dynasty Earrings - Poison Resistance -->
	<item id="9462" price="0" /> <!-- Dynasty Necklace - Poison Resistance -->
	<item id="9463" price="0" /> <!-- Dynasty Ring - Poison Resistance -->
	<item id="9464" price="0" /> <!-- Dynasty Earrings - Bleed Resistance -->
	<item id="9465" price="0" /> <!-- Dynasty Necklace - Bleed Resistance -->
	<item id="9466" price="0" /> <!-- Dynasty Ring - Bleed Resistance -->
	<item id="9467" price="0" /> <!-- Dynasty Earrings - Sleep Resistance -->
	<item id="9468" price="0" /> <!-- Dynasty Necklace - Sleep Resistance -->
	<item id="9469" price="0" /> <!-- Dynasty Ring - Sleep Resistance -->
	<item id="9470" price="0" /> <!-- Dynasty Earrings - Paralysis Resistance -->
	<item id="9471" price="0" /> <!-- Dynasty Necklace - Paralysis Resistance -->
	<item id="9472" price="0" /> <!-- Dynasty Ring - Paralysis Resistance -->
	<item id="9473" price="0" /> <!-- Dynasty Earrings - Hold Resistance -->
	<item id="9474" price="0" /> <!-- Dynasty Necklace - Hold Resistance -->
	<item id="9475" price="0" /> <!-- Dynasty Ring - Hold Resistance -->
	<item id="9476" price="0" /> <!-- Dynasty Earrings - Fear Resistance -->
	<item id="9477" price="0" /> <!-- Dynasty Necklace - Fear Resistance -->
	<item id="9478" price="0" /> <!-- Dynasty Ring - Fear Resistance -->
	<item id="9479" price="0" /> <!-- Dynasty Earrings (Not In Use) - Resistance to Dark -->
	<item id="9480" price="0" /> <!-- Dynasty Necklace (Not In Use) - Resistance to Dark -->
	<item id="9481" price="0" /> <!-- Dynasty Ring (Not In Use) - Resistance to Dark -->
	<item id="11602" price="0" /> <!-- Sealed Dynasty Necklace -->
	<item id="11603" price="0" /> <!-- Sealed Dynasty Ring -->
	<item id="11604" price="0" /> <!-- Sealed Dynasty Earring -->
	<item id="15723" price="0" /> <!-- Moirai Ring -->
	<item id="15724" price="0" /> <!-- Moirai Earring -->
	<item id="15725" price="0" /> <!-- Moirai Necklace -->
	<item id="15766" price="0" /> <!-- Sealed Moirai Ring -->
	<item id="15767" price="0" /> <!-- Sealed Moirai Earring -->
	<item id="15768" price="0" /> <!-- Sealed Moirai Necklace -->
</list>
