<?xml version="1.0" encoding="UTF-8"?>
<list xmlns:xsi="http://www.w3.org/2001/XMLSchema-instance" xsi:noNamespaceSchemaLocation="../xsd/buylist.xsd">
	<item id="6373" price="0" /> <!-- Imperial Crusader Breastplate -->
	<item id="6374" price="0" /> <!-- Imperial Crusader Gaiters -->
	<item id="6378" price="0" /> <!-- Imperial Crusader Helmet -->
	<item id="6375" price="0" /> <!-- Imperial Crusader Gauntlets -->
	<item id="6376" price="0" /> <!-- Imperial Crusader Boots -->
	<item id="6377" price="0" /> <!-- Imperial Crusader Shield -->
	<item id="10799" price="0" /> <!-- Imperial Crusader Breastplate {PvP} -->
	<item id="6379" price="0" /> <!-- Draconic Leather Armor -->
	<item id="6382" price="0" /> <!-- Draconic Leather Helmet -->
	<item id="6380" price="0" /> <!-- Draconic Leather Gloves -->
	<item id="6381" price="0" /> <!-- Draconic Leather Boots -->
	<item id="10800" price="0" /> <!-- Draconic Leather Armor {PvP} -->
	<item id="6383" price="0" /> <!-- Major Arcana Robe -->
	<item id="6386" price="0" /> <!-- Major Arcana Circlet -->
	<item id="6384" price="0" /> <!-- Major Arcana Gloves -->
	<item id="6385" price="0" /> <!-- Major Arcana Boots -->
	<item id="10801" price="0" /> <!-- Major Arcana Robe {PvP} -->
	<item id="6679" price="0" /> <!-- Sealed Imperial Crusader Helmet -->
	<item id="6674" price="0" /> <!-- Sealed Imperial Crusader Breastplate -->
	<item id="6675" price="0" /> <!-- Sealed Imperial Crusader Gaiters -->
	<item id="6676" price="0" /> <!-- Sealed Imperial Crusader Gauntlet -->
	<item id="6677" price="0" /> <!-- Sealed Imperial Crusader Boots -->
	<item id="6678" price="0" /> <!-- Sealed Imperial Crusader Shield -->
	<item id="6680" price="0" /> <!-- Sealed Draconic Leather Armor -->
	<item id="6681" price="0" /> <!-- Sealed Draconic Leather Glove -->
	<item id="6682" price="0" /> <!-- Sealed Draconic Leather Boots -->
	<item id="6683" price="0" /> <!-- Sealed Draconic Leather Helmet -->
	<item id="6684" price="0" /> <!-- Sealed Major Arcana Robe -->
	<item id="6685" price="0" /> <!-- Sealed Major Arcana Glove -->
	<item id="6686" price="0" /> <!-- Sealed Major Arcana Boots -->
	<item id="6687" price="0" /> <!-- Sealed Major Arcana Circlet -->
</list>
