<?xml version="1.0" encoding="UTF-8"?>
<list xmlns:xsi="http://www.w3.org/2001/XMLSchema-instance" xsi:noNamespaceSchemaLocation="../xsd/buylist.xsd">
	<item id="6658" price="0" /> <!-- Ring of Baium -->
	<item id="6656" price="0" /> <!-- Earring of Antharas -->
	<item id="6657" price="0" /> <!-- Necklace of Valakas -->
	<item id="6725" price="0" /> <!-- Sealed Tateossian Ring -->
	<item id="6724" price="0" /> <!-- Sealed Tateossian Earring -->
	<item id="6726" price="0" /> <!-- Sealed Tateossian Necklace -->
	<item id="889" price="0" /> <!-- Tateossian Ring -->
	<item id="858" price="0" /> <!-- Tateossian Earring -->
	<item id="920" price="0" /> <!-- Tateossian Necklace -->
	<item id="6659" price="0" /> <!-- Earring of Zaken -->
</list>
