<?xml version="1.0" encoding="UTF-8"?>
<list xmlns:xsi="http://www.w3.org/2001/XMLSchema-instance" xsi:noNamespaceSchemaLocation="xsd/EnchantItemData.xsd">
	<!-- Scrolls: Enchant Weapon -->
	<enchant id="959" targetGrade="S" maxEnchant="16" />
	<enchant id="729" targetGrade="A" maxEnchant="16" />
	<enchant id="947" targetGrade="B" maxEnchant="16" />
	<enchant id="951" targetGrade="C" maxEnchant="16" />
	<enchant id="955" targetGrade="D" maxEnchant="16" />

	<!-- Scrolls: Enchant Armor -->
	<enchant id="960" targetGrade="S" maxEnchant="16" />
	<enchant id="730" targetGrade="A" maxEnchant="16" />
	<enchant id="948" targetGrade="B" maxEnchant="16" />
	<enchant id="952" targetGrade="C" maxEnchant="16" />
	<enchant id="956" targetGrade="D" maxEnchant="16" scrollGroupId="0" /> <!-- Default scroll groups binding. -->

	<!-- Blessed Scrolls: Enchant Weapon -->
	<enchant id="6577" targetGrade="S" maxEnchant="16" />
	<enchant id="6569" targetGrade="A" maxEnchant="16" />
	<enchant id="6571" targetGrade="B" maxEnchant="16" />
	<enchant id="6573" targetGrade="C" maxEnchant="16" />
	<enchant id="6575" targetGrade="D" maxEnchant="16" />
	<!-- TODO: S -->
	<enchant id="22223" targetGrade="A" maxEnchant="7" />
	<enchant id="49486" targetGrade="B" maxEnchant="7" />
	<enchant id="49484" targetGrade="C" maxEnchant="7" />
	<enchant id="49482" targetGrade="D" maxEnchant="7" />

	<!-- Blessed Scrolls: Enchant Armor -->
	<enchant id="6578" targetGrade="S" maxEnchant="16" />
	<enchant id="6570" targetGrade="A" maxEnchant="16" />
	<enchant id="6572" targetGrade="B" maxEnchant="16" />
	<enchant id="6574" targetGrade="C" maxEnchant="16" />
	<enchant id="6576" targetGrade="D" maxEnchant="16" />
	<!-- TODO: S -->
	<enchant id="22224" targetGrade="A" maxEnchant="6" />
	<enchant id="49485" targetGrade="B" maxEnchant="6" />
	<enchant id="49483" targetGrade="C" maxEnchant="6" />
	<enchant id="49481" targetGrade="D" maxEnchant="6" />

	<!-- Improved Scrolls: Enchant Weapon -->
	<!-- TODO: S -->
	<enchant id="33809" targetGrade="A" maxEnchant="16" />
	<enchant id="33808" targetGrade="B" maxEnchant="16" />
	<enchant id="33807" targetGrade="C" maxEnchant="16" />
	<enchant id="33806" targetGrade="D" maxEnchant="16" />

	<!-- Improved Scrolls: Enchant Armor -->
	<!-- TODO: S -->
	<enchant id="33815" targetGrade="A" maxEnchant="16" />
	<enchant id="33814" targetGrade="B" maxEnchant="16" />
	<enchant id="33813" targetGrade="C" maxEnchant="16" />
	<enchant id="33812" targetGrade="D" maxEnchant="16" />
</list>
