<?xml version="1.0" encoding="UTF-8"?>
<list xmlns:xsi="http://www.w3.org/2001/XMLSchema-instance" xsi:noNamespaceSchemaLocation="xsd/InstanceNames.xsd">
	<instance id="147" name="Olympiad" />
	<instance id="148" name="Olympiad" />
	<instance id="149" name="Olympiad" />
	<instance id="150" name="Olympiad" />
	<instance id="182" name="Balthus Knights - Baium" />
	<instance id="183" name="Balthus Knights - Antharas" />
	<instance id="184" name="Balthus Knights - Zaken" />
	<instance id="186" name="Orchid Hall" />
	<instance id="187" name="Ellia Hall" />
	<instance id="188" name="Laurell Hall" />
	<instance id="189" name="Orchid Hall" />
	<instance id="190" name="Ellia Hall" />
	<instance id="191" name="Laurell Hall" />
	<instance id="192" name="Monster Arena" />
	<instance id="193" name="Elite Monster Arena" />
	<instance id="194" name="Clan Arena" />
	<instance id="195" name="Residence of King Ignis" />
	<instance id="196" name="Residence of Queen Nebula" />
	<instance id="197" name="Residence of King Procella" />
	<instance id="198" name="Residence of King Petram" />
	<instance id="199" name="Lilith" />
	<instance id="200" name="Anakim" />
	<instance id="201" name="Residence of King Ignis (extreme)" />
	<instance id="202" name="Residence of Queen Nebula (extreme)" />
	<instance id="203" name="Residence of King Procella (extreme)" />
	<instance id="204" name="Residence of King Petram (extreme)" />
	<instance id="205" name="Last Imperial Tomb - Frintezza" />
	<instance id="206" name="Red Libra Guild Event - Talking Island" />
</list>