<?xml version="1.0" encoding="UTF-8"?>
<list xmlns:xsi="http://www.w3.org/2001/XMLSchema-instance" xsi:noNamespaceSchemaLocation="../../xsd/buylist.xsd">
	<item id="2633" price="0" /> <!-- Mark of Duty -->
	<item id="2627" price="0" /> <!-- Mark of Challenger -->
	<item id="3119" price="0" /> <!-- Mark of Guildsman -->
	<item id="2721" price="0" /> <!-- Mark of Pilgrim -->
	<item id="2674" price="0" /> <!-- Mark of Scholar -->
	<item id="2673" price="0" /> <!-- Mark of Seeker -->
	<item id="3172" price="0" /> <!-- Mark of Fate -->
	<item id="3202" price="0" /> <!-- Arkenia's Letter -->
	<item id="3140" price="0" /> <!-- Mark of Life -->
	<item id="3238" price="0" /> <!-- Mark of Prosperity -->
	<item id="2734" price="0" /> <!-- Mark of Trust -->
	<item id="2840" price="0" /> <!-- Mark of Magus -->
	<item id="3293" price="0" /> <!-- Mark of Sagittarius -->
	<item id="2762" price="0" /> <!-- Mark of Duelist -->
	<item id="2820" price="0" /> <!-- Mark of Healer -->
	<item id="3390" price="0" /> <!-- Mark of Lord -->
	<item id="2867" price="0" /> <!-- Mark of Maestro -->
	<item id="2821" price="0" /> <!-- Mark of Reformer -->
	<item id="2809" price="0" /> <!-- Mark of Searcher -->
	<item id="3336" price="0" /> <!-- Mark of Summoner -->
	<item id="2876" price="0" /> <!-- Stinger Wasp Needle -->
	<item id="3307" price="0" /> <!-- Mark of Witchcraft -->
</list>
