<?xml version="1.0" encoding="UTF-8"?>
<list xmlns:xsi="http://www.w3.org/2001/XMLSchema-instance" xsi:noNamespaceSchemaLocation="../data/xsd/MentorCoins.xsd">
	<mentee level="10" coins="2" />
	<mentee level="20" coins="25" />
	<mentee level="30" coins="45" />
	<mentee level="40" coins="109" />
	<mentee level="50" coins="175" />
	<mentee level="51" coins="179" />
	<mentee level="52" coins="199" />
	<mentee level="53" coins="221" />
	<mentee level="54" coins="243" />
	<mentee level="55" coins="266" />
	<mentee level="56" coins="290" />
	<mentee level="57" coins="315" />
	<mentee level="58" coins="341" />
	<mentee level="59" coins="367" />
	<mentee level="60" coins="395" />
	<mentee level="61" coins="424" />
	<mentee level="62" coins="432" />
	<mentee level="63" coins="461" />
	<mentee level="64" coins="445" />
	<mentee level="65" coins="473" />
	<mentee level="66" coins="488" />
	<mentee level="67" coins="516" />
	<mentee level="68" coins="544" />
	<mentee level="69" coins="573" />
	<mentee level="70" coins="602" />
	<mentee level="71" coins="561" />
	<mentee level="72" coins="589" />
	<mentee level="73" coins="618" />
	<mentee level="74" coins="647" />
	<mentee level="75" coins="676" />
	<mentee level="76" coins="689" />
	<mentee level="77" coins="488" />
	<mentee level="78" coins="514" />
	<mentee level="79" coins="542" />
	<mentee level="80" coins="576" />
	<mentee level="81" coins="726" />
	<mentee level="82" coins="759" />
	<mentee level="83" coins="793" />
	<mentee level="84" coins="829" />
	<mentee level="85" coins="863" />
	<mentee level="86" coins="1" />
</list>
