<?xml version="1.0" encoding="UTF-8"?>
<list xmlns:xsi="http://www.w3.org/2001/XMLSchema-instance" xsi:noNamespaceSchemaLocation="../xsd/buylist.xsd">
	<npcs>
		<npc>30731</npc> <!-- Pet Manager Martin -->
		<npc>30827</npc> <!-- Pet Manager Lundy -->
		<npc>30828</npc> <!-- Pet Manager Waters -->
		<npc>30830</npc> <!-- Pet Manager Joey -->
		<npc>31265</npc> <!-- Pet Manager Annette -->
		<npc>30831</npc> <!-- Pet Manager Nelson -->
		<npc>31309</npc> <!-- Pet Manager Woods -->
		<npc>31954</npc> <!-- Pet Manager Saroyan -->
		<npc>30829</npc> <!-- Pet Manager Cooper -->
		<npc>31067</npc> <!-- Pet Manager Rood -->
		<npc>33579</npc> <!-- Pet Manager Rood -->
		<npc>30869</npc> <!-- Pet Manager Graman -->
	</npcs>
	<item id="6645" price="24" /> <!-- Beast Soulshot -->
	<item id="6646" price="60" /> <!-- Beast Spiritshot -->
	<item id="93966" price="2400" /> <!-- Pet food -->
	<item id="93967" price="144" /> <!-- Pet HP Potion (Tradable) -->
</list>