<?xml version="1.0" encoding="UTF-8"?>
<list xmlns:xsi="http://www.w3.org/2001/XMLSchema-instance" xsi:noNamespaceSchemaLocation="../xsd/buylist.xsd">
	<npcs>
		<npc>30147</npc> <!-- Unoren -->
	</npcs>
	<item id="7" price="883" /> <!-- Apprentice's Rod -->
	<item id="308" price="883" /> <!-- Buffalo's Horn -->
	<item id="8" price="14375" /> <!-- Willow Staff -->
	<item id="99" price="14375" /> <!-- Apprentice's Spellbook -->
	<item id="9" price="62215" /> <!-- Cedar Staff -->
	<item id="176" price="156400" /> <!-- Apprentice's Staff -->
	<item id="310" price="156400" /> <!-- Relic of the Saints -->
</list>
