<?xml version="1.0" encoding="UTF-8"?>
<list xmlns:xsi="http://www.w3.org/2001/XMLSchema-instance" xsi:noNamespaceSchemaLocation="../xsd/buylist.xsd">
	<npcs>
		<npc>30230</npc> <!-- Edroc -->
	</npcs>
	<item id="412" price="12700" /> <!-- Cotton Pants -->
	<item id="390" price="20300" /> <!-- Cotton Shirt -->
	<item id="24" price="20300" /> <!-- Bone Bronze -->
	<item id="31" price="12700" /> <!-- Bone Gaiters -->
	<item id="102" price="7110" /> <!-- Round Shield -->
	<item id="50" price="6770" /> <!-- Leather Gloves -->
	<item id="38" price="6770" /> <!-- Low Boots -->
	<item id="44" price="10200" /> <!-- Leather Helm -->
	<item id="25" price="31800" /> <!-- Piece Bone Breastplate -->
	<item id="32" price="19900" /> <!-- Piece Bone Gaiters -->
	<item id="26" price="49200" /> <!-- Bronze Breastplate -->
	<item id="33" price="23000" /> <!-- Durable Leather Gaiters -->
	<item id="27" price="36900" /> <!-- Durable Leather Shirt -->
	<item id="34" price="30700" /> <!-- Bronze Gaiters -->
	<item id="625" price="12900" /> <!-- Bone Shield -->
	<item id="51" price="12300" /> <!-- Bracer -->
	<item id="39" price="12300" /> <!-- Boots -->
	<item id="1148" price="18400" /> <!-- Durable Leather Helmet -->
	<item id="413" price="39100" /> <!-- Puma Skin Gaiters -->
	<item id="347" price="83500" /> <!-- Ring Breastplate -->
	<item id="376" price="52200" /> <!-- Iron Plate Gaiters -->
	<item id="391" price="62600" /> <!-- Puma Skin Shirt -->
	<item id="626" price="21900" /> <!-- Bronze Shield -->
	<item id="604" price="20900" /> <!-- Quality Leather Gloves -->
	<item id="40" price="20900" /> <!-- Leather Boots -->
	<item id="45" price="31300" /> <!-- Bone Helmet -->
	<item id="414" price="62500" /> <!-- Lion Skin Gaiters -->
	<item id="392" price="99900" /> <!-- Lion Skin Shirt -->
	<item id="627" price="35000" /> <!-- Aspis -->
	<item id="605" price="33300" /> <!-- Leather Gauntlets -->
	<item id="1123" price="33300" /> <!-- Blue Buckskin Boots -->
	<item id="46" price="50000" /> <!-- Bronze Helmet -->
	<item id="58" price="183000" /> <!-- Mithril Breastplate -->
	<item id="59" price="127000" /> <!-- Mithril Gaiters -->
	<item id="415" price="95200" /> <!-- Mithril Banded Gaiters -->
	<item id="393" price="152000" /> <!-- Mithril Banded Mail -->
</list>
