<?xml version="1.0" encoding="UTF-8"?>
<list xmlns:xsi="http://www.w3.org/2001/XMLSchema-instance" xsi:noNamespaceSchemaLocation="../xsd/buylist.xsd">
	<npcs>
		<npc>34217</npc> <!-- Dresen -->
		<npc>34218</npc> <!-- Greeno -->
	</npcs>
	<item id="1104" price="12700" /> <!-- Stockings of Devotion -->
	<item id="1101" price="20300" /> <!-- Tunic of Devotion -->
	<item id="102" price="7110" /> <!-- Round Shield -->
	<item id="50" price="6770" /> <!-- Leather Gloves -->
	<item id="38" price="6770" /> <!-- Low Boots -->
	<item id="44" price="10200" /> <!-- Leather Helm -->
	<item id="1105" price="23000" /> <!-- Stockings of Magic -->
	<item id="1102" price="36900" /> <!-- Tunic of Magic -->
	<item id="625" price="12900" /> <!-- Bone Shield -->
	<item id="51" price="12300" /> <!-- Bracer -->
	<item id="39" price="12300" /> <!-- Boots -->
	<item id="1148" price="18400" /> <!-- Durable Leather Helmet -->
	<item id="465" price="39100" /> <!-- Crused Stockings -->
	<item id="432" price="62600" /> <!-- Crused Tunic -->
	<item id="626" price="21900" /> <!-- Bronze Shield -->
	<item id="604" price="20900" /> <!-- Quality Leather Gloves -->
	<item id="40" price="20900" /> <!-- Leather Boots -->
	<item id="45" price="31300" /> <!-- Bone Helmet -->
	<item id="467" price="62500" /> <!-- Dark Stockings -->
	<item id="434" price="99900" /> <!-- White Tunic -->
	<item id="468" price="62500" /> <!-- Wizard Stockings -->
	<item id="435" price="99900" /> <!-- Wizard Tunic -->
	<item id="627" price="35000" /> <!-- Aspis -->
	<item id="605" price="33300" /> <!-- Leather Gauntlets -->
	<item id="1123" price="33300" /> <!-- Blue Buckskin Boots -->
	<item id="46" price="50000" /> <!-- Bronze Helmet -->
	<item id="469" price="95200" /> <!-- Stockings of Knowledge -->
	<item id="436" price="152000" /> <!-- Tunic of Knowledge -->
	<item id="628" price="53300" /> <!-- Hoplon -->
	<item id="63" price="50800" /> <!-- Gauntlets -->
	<item id="2447" price="50800" /> <!-- Gloves of Knowledge -->
	<item id="553" price="50800" /> <!-- Iron Boots -->
	<item id="2423" price="50800" /> <!-- Boots of Knowledge -->
	<item id="47" price="76200" /> <!-- Helmet -->
	<item id="470" price="140000" /> <!-- Mithril Stockings -->
	<item id="437" price="224000" /> <!-- Mithril Tunic -->
	<item id="629" price="78400" /> <!-- Kite Shield -->
	<item id="2493" price="78400" /> <!-- Brigandine Shield -->
	<item id="606" price="74700" /> <!-- Rip Gauntlets -->
	<item id="1124" price="74700" /> <!-- Boots of Strength -->
	<item id="2426" price="74700" /> <!-- Elven Mithril Boots -->
	<item id="93083" price="19350" /> <!-- Wooden Sigil -->
	<item id="93110" price="35000" /> <!-- Elven Sigil -->
	<item id="93085" price="375000" /> <!-- Chain Sigil -->
	<item id="438" price="429000" /> <!-- Sage's Rags -->
	<item id="2401" price="140000" /> <!-- Elven Mithril Stocking -->
	<item id="471" price="237000" /> <!-- Karmian Stockings -->
	<item id="472" price="460000" /> <!-- Demon's Stockings -->
	<item id="2396" price="224000" /> <!-- Elven Mithril Tunic -->
	<item id="433" price="99900" /> <!-- Elven Tunic -->
	<item id="439" price="379000" /> <!-- Karmian Tunic -->
	<item id="441" price="736000" /> <!-- Demon's Tunic -->
	<item id="2412" price="147000" /> <!-- Plate Helmet -->
	<item id="2411" price="112000" /> <!-- Brigandine Helmet -->
	<item id="61" price="97800" /> <!-- Mithril Gloves -->
	<item id="607" price="97800" /> <!-- Ogre Power Gauntlets -->
	<item id="2451" price="97800" /> <!-- Sage's Worn Gloves -->
	<item id="2450" price="74700" /> <!-- Elven Mithril Gloves -->
	<item id="2452" price="126000" /> <!-- Reinforced Mithril Gloves -->
	<item id="608" price="245000" /> <!-- Mithril Gauntlets -->
	<item id="1125" price="97800" /> <!-- Assault Boots -->
	<item id="2427" price="97800" /> <!-- Salamander Skin Boots -->
	<item id="2428" price="97800" /> <!-- Plate Boots -->
	<item id="2429" price="126000" /> <!-- Chain Boots -->
	<item id="64" price="245000" /> <!-- Compound Boots -->
</list>