<?xml version='1.0' encoding='utf-8'?>
<!-- This file contains all special info about seeds. -->
<list xmlns:xsi="http://www.w3.org/2001/XMLSchema-instance" xsi:noNamespaceSchemaLocation="xsd/ManorSeeds.xsd">
	<seed id="5016" level="10" cropId="5073" matureId="5103" reward1="1864" reward2="1878" castleId="1" isAlternative="false" seedLimit="8100" cropLimit="9000" /> <!-- Seed: Dark Coda -->
	<seed id="5017" level="13" cropId="5068" matureId="5098" reward1="1865" reward2="1879" castleId="1" isAlternative="false" seedLimit="8100" cropLimit="9000" /> <!-- Seed: Red Coda -->
	<seed id="5018" level="16" cropId="5065" matureId="5095" reward1="1866" reward2="1874" castleId="1" isAlternative="false" seedLimit="8100" cropLimit="9000" /> <!-- Seed: Chilly Coda -->
	<seed id="5019" level="19" cropId="5067" matureId="5097" reward1="1867" reward2="1894" castleId="1" isAlternative="false" seedLimit="4050" cropLimit="4500" /> <!-- Seed: Blue Coda -->
	<seed id="5020" level="22" cropId="5069" matureId="5099" reward1="1868" reward2="1876" castleId="1" isAlternative="false" seedLimit="2025" cropLimit="2250" /> <!-- Seed: Golden Coda -->
	<seed id="5021" level="25" cropId="5071" matureId="5101" reward1="1869" reward2="1895" castleId="1" isAlternative="false" seedLimit="1350" cropLimit="1500" /> <!-- Seed: Lute Coda -->
	<seed id="5022" level="28" cropId="5070" matureId="5100" reward1="1870" reward2="1877" castleId="1" isAlternative="false" seedLimit="2025" cropLimit="2250" /> <!-- Seed: Desert Coda -->
	<seed id="5023" level="37" cropId="5077" matureId="5107" reward1="1873" reward2="4044" castleId="1" isAlternative="false" seedLimit="810" cropLimit="900" /> <!-- Seed: Blue Cobol -->
	<seed id="5024" level="19" cropId="5067" matureId="5097" reward1="1867" reward2="1894" castleId="2" isAlternative="false" seedLimit="4194" cropLimit="4660" /> <!-- Seed: Blue Coda -->
	<seed id="5025" level="22" cropId="5069" matureId="5099" reward1="1868" reward2="1876" castleId="2" isAlternative="false" seedLimit="2097" cropLimit="2330" /> <!-- Seed: Golden Coda -->
	<seed id="5026" level="25" cropId="5071" matureId="5101" reward1="1869" reward2="1895" castleId="2" isAlternative="false" seedLimit="1398" cropLimit="1553" /> <!-- Seed: Lute Coda -->
	<seed id="5027" level="28" cropId="5070" matureId="5100" reward1="1870" reward2="1877" castleId="2" isAlternative="false" seedLimit="2097" cropLimit="2330" /> <!-- Seed: Desert Coda -->
	<seed id="5028" level="31" cropId="5078" matureId="5108" reward1="1871" reward2="4042" castleId="2" isAlternative="false" seedLimit="2097" cropLimit="2330" /> <!-- Seed: Red Cobol -->
	<seed id="5029" level="34" cropId="5075" matureId="5105" reward1="1872" reward2="1880" castleId="2" isAlternative="false" seedLimit="1677" cropLimit="1864" /> <!-- Seed: Chilly Cobol -->
	<seed id="5030" level="40" cropId="5082" matureId="5112" reward1="1864" reward2="5549" castleId="2" isAlternative="false" seedLimit="838" cropLimit="932" /> <!-- Seed: Thorn Cobol -->
	<seed id="5031" level="43" cropId="5079" matureId="5109" reward1="1865" reward2="4039" castleId="2" isAlternative="false" seedLimit="838" cropLimit="932" /> <!-- Seed: Golden Cobol -->
	<seed id="5032" level="46" cropId="5084" matureId="5114" reward1="1866" reward2="1885" castleId="2" isAlternative="false" seedLimit="838" cropLimit="932" /> <!-- Seed: Great Cobol -->
	<seed id="5033" level="31" cropId="5078" matureId="5108" reward1="1871" reward2="4042" castleId="3" isAlternative="false" seedLimit="2250" cropLimit="2500" /> <!-- Seed: Red Cobol -->
	<seed id="5034" level="34" cropId="5075" matureId="5105" reward1="1872" reward2="1880" castleId="3" isAlternative="false" seedLimit="1800" cropLimit="2000" /> <!-- Seed: Chilly Cobol -->
	<seed id="5035" level="37" cropId="5077" matureId="5107" reward1="1873" reward2="4044" castleId="3" isAlternative="false" seedLimit="900" cropLimit="1000" /> <!-- Seed: Blue Cobol -->
	<seed id="5036" level="40" cropId="5082" matureId="5112" reward1="1864" reward2="5549" castleId="3" isAlternative="false" seedLimit="900" cropLimit="1000" /> <!-- Seed: Thorn Cobol -->
	<seed id="5037" level="43" cropId="5079" matureId="5109" reward1="1865" reward2="4039" castleId="3" isAlternative="false" seedLimit="900" cropLimit="1000" /> <!-- Seed: Golden Cobol -->
	<seed id="5038" level="46" cropId="5084" matureId="5114" reward1="1866" reward2="1885" castleId="3" isAlternative="false" seedLimit="900" cropLimit="1000" /> <!-- Seed: Great Cobol -->
	<seed id="5039" level="49" cropId="5088" matureId="5118" reward1="1867" reward2="4043" castleId="3" isAlternative="false" seedLimit="1125" cropLimit="1250" /> <!-- Seed: Red Codran -->
	<seed id="5040" level="58" cropId="5092" matureId="5122" reward1="1871" reward2="4040" castleId="3" isAlternative="false" seedLimit="900" cropLimit="1000" /> <!-- Seed: Twin Codran -->
	<seed id="5041" level="64" cropId="5090" matureId="5120" reward1="1873" reward2="5550" castleId="3" isAlternative="false" seedLimit="450" cropLimit="500" /> <!-- Seed: Desert Codran -->
	<seed id="5042" level="10" cropId="5073" matureId="5103" reward1="1864" reward2="1878" castleId="4" isAlternative="false" seedLimit="7200" cropLimit="8000" /> <!-- Seed: Dark Coda -->
	<seed id="5043" level="13" cropId="5068" matureId="5098" reward1="1865" reward2="1879" castleId="4" isAlternative="false" seedLimit="7200" cropLimit="8000" /> <!-- Seed: Red Coda -->
	<seed id="5044" level="19" cropId="5067" matureId="5097" reward1="1867" reward2="1894" castleId="4" isAlternative="false" seedLimit="3600" cropLimit="4000" /> <!-- Seed: Blue Coda -->
	<seed id="5045" level="31" cropId="5078" matureId="5108" reward1="1871" reward2="4042" castleId="4" isAlternative="false" seedLimit="1800" cropLimit="2000" /> <!-- Seed: Red Cobol -->
	<seed id="5046" level="34" cropId="5075" matureId="5105" reward1="1872" reward2="1880" castleId="4" isAlternative="false" seedLimit="1440" cropLimit="1600" /> <!-- Seed: Chilly Cobol -->
	<seed id="5047" level="37" cropId="5077" matureId="5107" reward1="1873" reward2="4044" castleId="4" isAlternative="false" seedLimit="720" cropLimit="800" /> <!-- Seed: Blue Cobol -->
	<seed id="5048" level="40" cropId="5082" matureId="5112" reward1="1864" reward2="5549" castleId="4" isAlternative="false" seedLimit="720" cropLimit="800" /> <!-- Seed: Thorn Cobol -->
	<seed id="5049" level="50" cropId="5091" matureId="5121" reward1="1868" reward2="1884" castleId="4" isAlternative="false" seedLimit="720" cropLimit="800" /> <!-- Seed: Sea Codran -->
	<seed id="5050" level="52" cropId="5085" matureId="5115" reward1="1869" reward2="4041" castleId="4" isAlternative="false" seedLimit="900" cropLimit="1000" /> <!-- Seed: Chilly Codran -->
	<seed id="5051" level="55" cropId="5087" matureId="5117" reward1="1870" reward2="1882" castleId="4" isAlternative="false" seedLimit="720" cropLimit="800" /> <!-- Seed: Blue Codran -->
	<seed id="5052" level="58" cropId="5092" matureId="5122" reward1="1871" reward2="4040" castleId="4" isAlternative="false" seedLimit="720" cropLimit="800" /> <!-- Seed: Twin Codran -->
	<seed id="5053" level="40" cropId="5082" matureId="5112" reward1="1864" reward2="5549" castleId="5" isAlternative="false" seedLimit="1344" cropLimit="1494" /> <!-- Seed: Thorn Cobol -->
	<seed id="5054" level="43" cropId="5079" matureId="5109" reward1="1865" reward2="4039" castleId="5" isAlternative="false" seedLimit="1344" cropLimit="1494" /> <!-- Seed: Golden Cobol -->
	<seed id="5055" level="46" cropId="5084" matureId="5114" reward1="1866" reward2="1885" castleId="5" isAlternative="false" seedLimit="1344" cropLimit="1494" /> <!-- Seed: Great Cobol -->
	<seed id="5056" level="49" cropId="5088" matureId="5118" reward1="1867" reward2="4043" castleId="5" isAlternative="false" seedLimit="1680" cropLimit="1867" /> <!-- Seed: Red Codran -->
	<seed id="5057" level="52" cropId="5085" matureId="5115" reward1="1869" reward2="4041" castleId="5" isAlternative="false" seedLimit="1680" cropLimit="1867" /> <!-- Seed: Chilly Codran -->
	<seed id="5058" level="55" cropId="5087" matureId="5117" reward1="1870" reward2="1882" castleId="5" isAlternative="false" seedLimit="1344" cropLimit="1494" /> <!-- Seed: Blue Codran -->
	<seed id="5059" level="58" cropId="5092" matureId="5122" reward1="1871" reward2="4040" castleId="5" isAlternative="false" seedLimit="1344" cropLimit="1494" /> <!-- Seed: Twin Codran -->
	<seed id="5060" level="61" cropId="5094" matureId="5124" reward1="1872" reward2="1881" castleId="5" isAlternative="false" seedLimit="896" cropLimit="996" /> <!-- Seed: Great Codran -->
	<seed id="5061" level="64" cropId="5090" matureId="5120" reward1="1873" reward2="5550" castleId="5" isAlternative="false" seedLimit="672" cropLimit="747" /> <!-- Seed: Desert Codran -->
	<seed id="5221" level="34" cropId="5075" matureId="5105" reward1="1872" reward2="1880" castleId="6" isAlternative="false" seedLimit="2592" cropLimit="2880" /> <!-- Seed: Chilly Cobol -->
	<seed id="5222" level="37" cropId="5077" matureId="5107" reward1="1873" reward2="4044" castleId="6" isAlternative="false" seedLimit="1296" cropLimit="1440" /> <!-- Seed: Blue Cobol -->
	<seed id="5223" level="40" cropId="5082" matureId="5112" reward1="1864" reward2="5549" castleId="6" isAlternative="false" seedLimit="1296" cropLimit="1440" /> <!-- Seed: Thorn Cobol -->
	<seed id="5224" level="43" cropId="5079" matureId="5109" reward1="1865" reward2="4039" castleId="6" isAlternative="false" seedLimit="1296" cropLimit="1440" /> <!-- Seed: Golden Cobol -->
	<seed id="5225" level="46" cropId="5084" matureId="5114" reward1="1866" reward2="1885" castleId="6" isAlternative="false" seedLimit="1296" cropLimit="1440" /> <!-- Seed: Great Cobol -->
	<seed id="5226" level="49" cropId="5088" matureId="5118" reward1="1867" reward2="4043" castleId="6" isAlternative="false" seedLimit="1620" cropLimit="1800" /> <!-- Seed: Red Codran -->
	<seed id="5227" level="50" cropId="5091" matureId="5121" reward1="1868" reward2="1884" castleId="6" isAlternative="false" seedLimit="1296" cropLimit="1440" /> <!-- Seed: Sea Codran -->
	<seed id="5650" level="10" cropId="5818" matureId="5838" reward1="1864" reward2="1878" castleId="1" isAlternative="true" seedLimit="22500" cropLimit="2250" /> <!-- Alternative Dark Coda Seed -->
	<seed id="5651" level="13" cropId="5819" matureId="5839" reward1="1865" reward2="1879" castleId="1" isAlternative="true" seedLimit="22500" cropLimit="2250" /> <!-- Alternative Red Coda Seed -->
	<seed id="5652" level="16" cropId="5820" matureId="5840" reward1="1866" reward2="1874" castleId="1" isAlternative="true" seedLimit="22500" cropLimit="2250" /> <!-- Alternative Chilly Coda Seed -->
	<seed id="5653" level="19" cropId="5821" matureId="5841" reward1="1867" reward2="1894" castleId="1" isAlternative="true" seedLimit="11250" cropLimit="1125" /> <!-- Alternative Blue Coda Seed -->
	<seed id="5654" level="22" cropId="5822" matureId="5842" reward1="1868" reward2="1876" castleId="1" isAlternative="true" seedLimit="5625" cropLimit="562" /> <!-- Alternative Golden Coda Seed -->
	<seed id="5655" level="25" cropId="5823" matureId="5843" reward1="1869" reward2="1895" castleId="1" isAlternative="true" seedLimit="3750" cropLimit="375" /> <!-- Alternative Lute Coda Seed -->
	<seed id="5656" level="28" cropId="5824" matureId="5844" reward1="1870" reward2="1877" castleId="1" isAlternative="true" seedLimit="5625" cropLimit="562" /> <!-- Alternative Desert Coda Seed -->
	<seed id="5657" level="37" cropId="5827" matureId="5847" reward1="1873" reward2="4044" castleId="1" isAlternative="true" seedLimit="2250" cropLimit="225" /> <!-- Alternative Blue Cobol Seed -->
	<seed id="5658" level="19" cropId="5821" matureId="5841" reward1="1867" reward2="1894" castleId="2" isAlternative="true" seedLimit="11650" cropLimit="1165" /> <!-- Alternative Blue Coda Seed -->
	<seed id="5659" level="22" cropId="5822" matureId="5842" reward1="1868" reward2="1876" castleId="2" isAlternative="true" seedLimit="5825" cropLimit="582" /> <!-- Alternative Golden Coda Seed -->
	<seed id="5660" level="25" cropId="5823" matureId="5843" reward1="1869" reward2="1895" castleId="2" isAlternative="true" seedLimit="3883" cropLimit="388" /> <!-- Alternative Lute Coda Seed -->
	<seed id="5661" level="28" cropId="5824" matureId="5844" reward1="1870" reward2="1877" castleId="2" isAlternative="true" seedLimit="5825" cropLimit="582" /> <!-- Alternative Desert Coda Seed -->
	<seed id="5662" level="31" cropId="5825" matureId="5845" reward1="1871" reward2="4042" castleId="2" isAlternative="true" seedLimit="5825" cropLimit="582" /> <!-- Alternative Red Cobol Seed -->
	<seed id="5663" level="34" cropId="5826" matureId="5846" reward1="1872" reward2="1880" castleId="2" isAlternative="true" seedLimit="4660" cropLimit="466" /> <!-- Alternative Chilly Cobol Seed -->
	<seed id="5664" level="40" cropId="5828" matureId="5848" reward1="1864" reward2="5549" castleId="2" isAlternative="true" seedLimit="2330" cropLimit="233" /> <!-- Alternative Thorn Cobol Seed -->
	<seed id="5665" level="43" cropId="5829" matureId="5849" reward1="1865" reward2="4039" castleId="2" isAlternative="true" seedLimit="2330" cropLimit="233" /> <!-- Alternative Golden Cobol Seed -->
	<seed id="5666" level="46" cropId="5830" matureId="5850" reward1="1866" reward2="1885" castleId="2" isAlternative="true" seedLimit="2912" cropLimit="291" /> <!-- Alternative Great Cobol Seed -->
	<seed id="5667" level="31" cropId="5825" matureId="5845" reward1="1871" reward2="4042" castleId="3" isAlternative="true" seedLimit="6250" cropLimit="625" /> <!-- Alternative Red Cobol Seed -->
	<seed id="5668" level="34" cropId="5826" matureId="5846" reward1="1872" reward2="1880" castleId="3" isAlternative="true" seedLimit="5000" cropLimit="500" /> <!-- Alternative Chilly Cobol Seed -->
	<seed id="5669" level="37" cropId="5827" matureId="5847" reward1="1873" reward2="4044" castleId="3" isAlternative="true" seedLimit="2500" cropLimit="250" /> <!-- Alternative Blue Cobol Seed -->
	<seed id="5670" level="40" cropId="5828" matureId="5848" reward1="1864" reward2="5549" castleId="3" isAlternative="true" seedLimit="2500" cropLimit="250" /> <!-- Alternative Thorn Cobol Seed -->
	<seed id="5671" level="43" cropId="5829" matureId="5849" reward1="1865" reward2="4039" castleId="3" isAlternative="true" seedLimit="2500" cropLimit="250" /> <!-- Alternative Golden Cobol Seed -->
	<seed id="5672" level="46" cropId="5830" matureId="5850" reward1="1866" reward2="1885" castleId="3" isAlternative="true" seedLimit="3125" cropLimit="312" /> <!-- Alternative Great Cobol Seed -->
	<seed id="5673" level="49" cropId="5831" matureId="5851" reward1="1867" reward2="4043" castleId="3" isAlternative="true" seedLimit="3125" cropLimit="312" /> <!-- Alternative Red Codran Seed -->
	<seed id="5674" level="58" cropId="5835" matureId="5855" reward1="1871" reward2="4040" castleId="3" isAlternative="true" seedLimit="2500" cropLimit="250" /> <!-- Alternative Twin Codran Seed -->
	<seed id="5675" level="64" cropId="5837" matureId="5857" reward1="1873" reward2="5550" castleId="3" isAlternative="true" seedLimit="1250" cropLimit="125" /> <!-- Alternative Desert Codran Seed -->
	<seed id="5676" level="10" cropId="5818" matureId="5838" reward1="1864" reward2="1878" castleId="4" isAlternative="true" seedLimit="20000" cropLimit="2000" /> <!-- Alternative Dark Coda Seed -->
	<seed id="5677" level="13" cropId="5819" matureId="5839" reward1="1865" reward2="1879" castleId="4" isAlternative="true" seedLimit="20000" cropLimit="2000" /> <!-- Alternative Red Coda Seed -->
	<seed id="5678" level="19" cropId="5821" matureId="5841" reward1="1867" reward2="1894" castleId="4" isAlternative="true" seedLimit="10000" cropLimit="1000" /> <!-- Alternative Blue Coda Seed -->
	<seed id="5679" level="31" cropId="5825" matureId="5845" reward1="1871" reward2="4042" castleId="4" isAlternative="true" seedLimit="5000" cropLimit="500" /> <!-- Alternative Red Cobol Seed -->
	<seed id="5680" level="34" cropId="5826" matureId="5846" reward1="1872" reward2="1880" castleId="4" isAlternative="true" seedLimit="4000" cropLimit="400" /> <!-- Alternative Chilly Cobol Seed -->
	<seed id="5681" level="37" cropId="5827" matureId="5847" reward1="1873" reward2="4044" castleId="4" isAlternative="true" seedLimit="2000" cropLimit="200" /> <!-- Alternative Blue Cobol Seed -->
	<seed id="5682" level="40" cropId="5828" matureId="5848" reward1="1864" reward2="5549" castleId="4" isAlternative="true" seedLimit="2000" cropLimit="200" /> <!-- Alternative Thorn Cobol Seed -->
	<seed id="5683" level="50" cropId="5832" matureId="5852" reward1="1868" reward2="1884" castleId="4" isAlternative="true" seedLimit="2000" cropLimit="200" /> <!-- Alternative Sea Codran Seed -->
	<seed id="5684" level="52" cropId="5833" matureId="5853" reward1="1869" reward2="4041" castleId="4" isAlternative="true" seedLimit="2500" cropLimit="250" /> <!-- Alternative Chilly Codran Seed -->
	<seed id="5685" level="55" cropId="5834" matureId="5854" reward1="1870" reward2="1882" castleId="4" isAlternative="true" seedLimit="2000" cropLimit="200" /> <!-- Alternative Blue Codran Seed -->
	<seed id="5686" level="58" cropId="5835" matureId="5855" reward1="1871" reward2="4040" castleId="4" isAlternative="true" seedLimit="2000" cropLimit="200" /> <!-- Alternative Twin Codran Seed -->
	<seed id="5687" level="40" cropId="5828" matureId="5848" reward1="1864" reward2="5549" castleId="5" isAlternative="true" seedLimit="3735" cropLimit="373" /> <!-- Alternative Thorn Cobol Seed -->
	<seed id="5688" level="43" cropId="5829" matureId="5849" reward1="1865" reward2="4039" castleId="5" isAlternative="true" seedLimit="3735" cropLimit="373" /> <!-- Alternative Golden Cobol Seed -->
	<seed id="5689" level="46" cropId="5830" matureId="5850" reward1="1866" reward2="1885" castleId="5" isAlternative="true" seedLimit="4668" cropLimit="466" /> <!-- Alternative Great Cobol Seed -->
	<seed id="5690" level="49" cropId="5831" matureId="5851" reward1="1867" reward2="4043" castleId="5" isAlternative="true" seedLimit="4668" cropLimit="466" /> <!-- Alternative Red Codran Seed -->
	<seed id="5691" level="52" cropId="5833" matureId="5853" reward1="1869" reward2="4041" castleId="5" isAlternative="true" seedLimit="4668" cropLimit="466" /> <!-- Alternative Chilly Codran Seed -->
	<seed id="5692" level="55" cropId="5834" matureId="5854" reward1="1870" reward2="1882" castleId="5" isAlternative="true" seedLimit="3735" cropLimit="373" /> <!-- Alternative Blue Codran Seed -->
	<seed id="5693" level="58" cropId="5835" matureId="5855" reward1="1871" reward2="4040" castleId="5" isAlternative="true" seedLimit="3735" cropLimit="373" /> <!-- Alternative Twin Codran Seed -->
	<seed id="5694" level="61" cropId="5836" matureId="5856" reward1="1872" reward2="1881" castleId="5" isAlternative="true" seedLimit="2490" cropLimit="249" /> <!-- Alternative Great Codran Seed -->
	<seed id="5695" level="64" cropId="5837" matureId="5857" reward1="1873" reward2="5550" castleId="5" isAlternative="true" seedLimit="1867" cropLimit="186" /> <!-- Alternative Desert Codran Seed -->
	<seed id="5696" level="34" cropId="5826" matureId="5846" reward1="1872" reward2="1880" castleId="6" isAlternative="true" seedLimit="7200" cropLimit="720" /> <!-- Alternative Chilly Cobol Seed -->
	<seed id="5697" level="37" cropId="5827" matureId="5847" reward1="1873" reward2="4044" castleId="6" isAlternative="true" seedLimit="3600" cropLimit="360" /> <!-- Alternative Blue Cobol Seed -->
	<seed id="5698" level="40" cropId="5828" matureId="5848" reward1="1864" reward2="5549" castleId="6" isAlternative="true" seedLimit="3600" cropLimit="360" /> <!-- Alternative Thorn Cobol Seed -->
	<seed id="5699" level="43" cropId="5829" matureId="5849" reward1="1865" reward2="4039" castleId="6" isAlternative="true" seedLimit="3600" cropLimit="360" /> <!-- Alternative Golden Cobol Seed -->
	<seed id="5700" level="46" cropId="5830" matureId="5850" reward1="1866" reward2="1885" castleId="6" isAlternative="true" seedLimit="4500" cropLimit="450" /> <!-- Alternative Great Cobol Seed -->
	<seed id="5701" level="49" cropId="5831" matureId="5851" reward1="1867" reward2="4043" castleId="6" isAlternative="true" seedLimit="4500" cropLimit="450" /> <!-- Alternative Red Codran Seed -->
	<seed id="5702" level="50" cropId="5832" matureId="5852" reward1="1868" reward2="1884" castleId="6" isAlternative="true" seedLimit="3600" cropLimit="360" /> <!-- Alternative Sea Codran Seed -->
	<seed id="6727" level="85" cropId="6554" matureId="6568" reward1="5549" reward2="5550" castleId="7" isAlternative="true" seedLimit="208" cropLimit="90" /> <!-- Seed: Alternative Great Coba -->
	<seed id="6728" level="79" cropId="6552" matureId="6566" reward1="4044" reward2="4042" castleId="4" isAlternative="true" seedLimit="111" cropLimit="44" /> <!-- Seed: Alternative Sea Coba -->
	<seed id="6729" level="79" cropId="6552" matureId="6566" reward1="4044" reward2="4042" castleId="5" isAlternative="true" seedLimit="207" cropLimit="83" /> <!-- Seed: Alternative Sea Coba -->
	<seed id="6730" level="79" cropId="6552" matureId="6566" reward1="4044" reward2="4042" castleId="7" isAlternative="true" seedLimit="277" cropLimit="111" /> <!-- Seed: Alternative Sea Coba -->
	<seed id="6731" level="70" cropId="6549" matureId="6563" reward1="1888" reward2="4040" castleId="3" isAlternative="true" seedLimit="250" cropLimit="83" /> <!-- Seed: Alternative Red Coba -->
	<seed id="6732" level="70" cropId="6549" matureId="6563" reward1="1888" reward2="4040" castleId="5" isAlternative="true" seedLimit="373" cropLimit="124" /> <!-- Seed: Alternative Red Coba -->
	<seed id="6733" level="70" cropId="6549" matureId="6563" reward1="1888" reward2="4040" castleId="6" isAlternative="true" seedLimit="360" cropLimit="120" /> <!-- Seed: Alternative Red Coba -->
	<seed id="6734" level="70" cropId="6549" matureId="6563" reward1="1888" reward2="4040" castleId="8" isAlternative="true" seedLimit="500" cropLimit="166" /> <!-- Seed: Alternative Red Coba -->
	<seed id="6735" level="70" cropId="6549" matureId="6563" reward1="1888" reward2="4040" castleId="8" isAlternative="true" seedLimit="500" cropLimit="166" /> <!-- Seed: Alternative Red Coba -->
	<seed id="6736" level="76" cropId="6551" matureId="6565" reward1="4043" reward2="1890" castleId="4" isAlternative="true" seedLimit="133" cropLimit="50" /> <!-- Seed: Alternative Desert Coba -->
	<seed id="6737" level="76" cropId="6551" matureId="6565" reward1="4043" reward2="1890" castleId="5" isAlternative="true" seedLimit="249" cropLimit="93" /> <!-- Seed: Alternative Desert Coba -->
	<seed id="6738" level="76" cropId="6551" matureId="6565" reward1="4043" reward2="1890" castleId="6" isAlternative="true" seedLimit="240" cropLimit="90" /> <!-- Seed: Alternative Desert Coba -->
	<seed id="6739" level="76" cropId="6551" matureId="6565" reward1="4043" reward2="1890" castleId="7" isAlternative="true" seedLimit="333" cropLimit="125" /> <!-- Seed: Alternative Desert Coba -->
	<seed id="6740" level="76" cropId="6551" matureId="6565" reward1="4043" reward2="1890" castleId="8" isAlternative="true" seedLimit="333" cropLimit="125" /> <!-- Seed: Alternative Desert Coba -->
	<seed id="6741" level="82" cropId="6553" matureId="6567" reward1="1885" reward2="1893" castleId="7" isAlternative="true" seedLimit="250" cropLimit="100" /> <!-- Seed: Alternative Twin Coba -->
	<seed id="6742" level="67" cropId="6548" matureId="6562" reward1="1894" reward2="4039" castleId="1" isAlternative="true" seedLimit="281" cropLimit="90" /> <!-- Seed: Alternative Blue Coba -->
	<seed id="6743" level="67" cropId="6548" matureId="6562" reward1="1894" reward2="4039" castleId="3" isAlternative="true" seedLimit="312" cropLimit="100" /> <!-- Seed: Alternative Blue Coba -->
	<seed id="6744" level="67" cropId="6548" matureId="6562" reward1="1894" reward2="4039" castleId="5" isAlternative="true" seedLimit="466" cropLimit="149" /> <!-- Seed: Alternative Blue Coba -->
	<seed id="6745" level="67" cropId="6548" matureId="6562" reward1="1894" reward2="4039" castleId="7" isAlternative="true" seedLimit="625" cropLimit="200" /> <!-- Seed: Alternative Blue Coba -->
	<seed id="6746" level="67" cropId="6548" matureId="6562" reward1="1894" reward2="4039" castleId="8" isAlternative="true" seedLimit="625" cropLimit="200" /> <!-- Seed: Alternative Blue Coba -->
	<seed id="6747" level="73" cropId="6550" matureId="6564" reward1="1887" reward2="4041" castleId="3" isAlternative="true" seedLimit="192" cropLimit="71" /> <!-- Seed: Alternative Golden Coba -->
	<seed id="6748" level="73" cropId="6550" matureId="6564" reward1="1887" reward2="4041" castleId="4" isAlternative="true" seedLimit="153" cropLimit="57" /> <!-- Seed: Alternative Golden Coba -->
	<seed id="6749" level="73" cropId="6550" matureId="6564" reward1="1887" reward2="4041" castleId="5" isAlternative="true" seedLimit="287" cropLimit="106" /> <!-- Seed: Alternative Golden Coba -->
	<seed id="6750" level="73" cropId="6550" matureId="6564" reward1="1887" reward2="4041" castleId="7" isAlternative="true" seedLimit="384" cropLimit="142" /> <!-- Seed: Alternative Golden Coba -->
	<seed id="6751" level="73" cropId="6550" matureId="6564" reward1="1887" reward2="4041" castleId="7" isAlternative="true" seedLimit="384" cropLimit="142" /> <!-- Seed: Alternative Golden Coba -->
	<seed id="6752" level="73" cropId="6550" matureId="6564" reward1="1887" reward2="4041" castleId="8" isAlternative="true" seedLimit="384" cropLimit="142" /> <!-- Seed: Alternative Golden Coba -->
	<seed id="6753" level="85" cropId="6547" matureId="6561" reward1="5549" reward2="5550" castleId="7" isAlternative="false" seedLimit="75" cropLimit="363" /> <!-- Seed: Great Coba -->
	<seed id="6754" level="79" cropId="6545" matureId="6559" reward1="4044" reward2="4042" castleId="4" isAlternative="false" seedLimit="40" cropLimit="177" /> <!-- Seed: Sea Coba -->
	<seed id="6755" level="79" cropId="6545" matureId="6559" reward1="4044" reward2="4042" castleId="5" isAlternative="false" seedLimit="74" cropLimit="332" /> <!-- Seed: Sea Coba -->
	<seed id="6756" level="79" cropId="6545" matureId="6559" reward1="4044" reward2="4042" castleId="7" isAlternative="false" seedLimit="100" cropLimit="444" /> <!-- Seed: Sea Coba -->
	<seed id="6757" level="70" cropId="6542" matureId="6556" reward1="1888" reward2="4040" castleId="3" isAlternative="false" seedLimit="90" cropLimit="333" /> <!-- Seed: Red Coba -->
	<seed id="6758" level="70" cropId="6542" matureId="6556" reward1="1888" reward2="4040" castleId="5" isAlternative="false" seedLimit="134" cropLimit="498" /> <!-- Seed: Red Coba -->
	<seed id="6759" level="70" cropId="6542" matureId="6556" reward1="1888" reward2="4040" castleId="6" isAlternative="false" seedLimit="129" cropLimit="480" /> <!-- Seed: Red Coba -->
	<seed id="6760" level="70" cropId="6542" matureId="6556" reward1="1888" reward2="4040" castleId="7" isAlternative="false" seedLimit="180" cropLimit="666" /> <!-- Seed: Red Coba -->
	<seed id="6761" level="70" cropId="6542" matureId="6556" reward1="1888" reward2="4040" castleId="8" isAlternative="false" seedLimit="180" cropLimit="666" /> <!-- Seed: Red Coba -->
	<seed id="6762" level="76" cropId="6544" matureId="6558" reward1="4043" reward2="1890" castleId="4" isAlternative="false" seedLimit="48" cropLimit="200" /> <!-- Seed: Desert Coba -->
	<seed id="6763" level="76" cropId="6544" matureId="6558" reward1="4043" reward2="1890" castleId="5" isAlternative="false" seedLimit="89" cropLimit="373" /> <!-- Seed: Desert Coba -->
	<seed id="6764" level="76" cropId="6544" matureId="6558" reward1="4043" reward2="1890" castleId="6" isAlternative="false" seedLimit="86" cropLimit="360" /> <!-- Seed: Desert Coba -->
	<seed id="6765" level="76" cropId="6544" matureId="6558" reward1="4043" reward2="1890" castleId="7" isAlternative="false" seedLimit="120" cropLimit="500" /> <!-- Seed: Desert Coba -->
	<seed id="6766" level="76" cropId="6544" matureId="6558" reward1="4043" reward2="1890" castleId="8" isAlternative="false" seedLimit="120" cropLimit="500" /> <!-- Seed: Desert Coba -->
	<seed id="6767" level="82" cropId="6546" matureId="6560" reward1="1885" reward2="1893" castleId="7" isAlternative="false" seedLimit="90" cropLimit="400" /> <!-- Seed: Twin Coba -->
	<seed id="6768" level="67" cropId="6541" matureId="6555" reward1="1894" reward2="4039" castleId="1" isAlternative="false" seedLimit="101" cropLimit="360" /> <!-- Seed: Blue Coba -->
	<seed id="6769" level="67" cropId="6541" matureId="6555" reward1="1894" reward2="4039" castleId="3" isAlternative="false" seedLimit="112" cropLimit="400" /> <!-- Seed: Blue Coba -->
	<seed id="6770" level="67" cropId="6541" matureId="6555" reward1="1894" reward2="4039" castleId="5" isAlternative="false" seedLimit="168" cropLimit="597" /> <!-- Seed: Blue Coba -->
	<seed id="6771" level="67" cropId="6541" matureId="6555" reward1="1894" reward2="4039" castleId="7" isAlternative="false" seedLimit="225" cropLimit="800" /> <!-- Seed: Blue Coba -->
	<seed id="6772" level="67" cropId="6541" matureId="6555" reward1="1894" reward2="4039" castleId="8" isAlternative="false" seedLimit="225" cropLimit="800" /> <!-- Seed: Blue Coba -->
	<seed id="6773" level="73" cropId="6543" matureId="6557" reward1="1887" reward2="4041" castleId="3" isAlternative="false" seedLimit="69" cropLimit="285" /> <!-- Seed: Golden Coba -->
	<seed id="6774" level="73" cropId="6543" matureId="6557" reward1="1887" reward2="4041" castleId="4" isAlternative="false" seedLimit="55" cropLimit="228" /> <!-- Seed: Golden Coba -->
	<seed id="6775" level="73" cropId="6543" matureId="6557" reward1="1887" reward2="4041" castleId="5" isAlternative="false" seedLimit="103" cropLimit="426" /> <!-- Seed: Golden Coba -->
	<seed id="6776" level="73" cropId="6543" matureId="6557" reward1="1887" reward2="4041" castleId="6" isAlternative="false" seedLimit="99" cropLimit="411" /> <!-- Seed: Golden Coba -->
	<seed id="6777" level="73" cropId="6543" matureId="6557" reward1="1887" reward2="4041" castleId="7" isAlternative="false" seedLimit="138" cropLimit="571" /> <!-- Seed: Golden Coba -->
	<seed id="6778" level="73" cropId="6543" matureId="6557" reward1="1887" reward2="4041" castleId="8" isAlternative="false" seedLimit="138" cropLimit="571" /> <!-- Seed: Golden Coba -->
	<seed id="7016" level="37" cropId="5077" matureId="5107" reward1="1873" reward2="4044" castleId="2" isAlternative="false" seedLimit="838" cropLimit="932" /> <!-- Seed: Blue Cobol -->
	<seed id="7017" level="55" cropId="5087" matureId="5117" reward1="1870" reward2="1882" castleId="1" isAlternative="false" seedLimit="810" cropLimit="900" /> <!-- Seed: Blue Codran -->
	<seed id="7018" level="55" cropId="5087" matureId="5117" reward1="1870" reward2="1882" castleId="3" isAlternative="false" seedLimit="900" cropLimit="1000" /> <!-- Seed: Blue Codran -->
	<seed id="7019" level="34" cropId="5075" matureId="5105" reward1="1872" reward2="1880" castleId="1" isAlternative="false" seedLimit="1620" cropLimit="1800" /> <!-- Seed: Chilly Cobol -->
	<seed id="7020" level="16" cropId="5065" matureId="5095" reward1="1866" reward2="1874" castleId="4" isAlternative="false" seedLimit="7200" cropLimit="8000" /> <!-- Seed: Chilly Coda -->
	<seed id="7021" level="52" cropId="5085" matureId="5115" reward1="1869" reward2="4041" castleId="1" isAlternative="false" seedLimit="1012" cropLimit="1125" /> <!-- Seed: Chilly Codran -->
	<seed id="7022" level="52" cropId="5085" matureId="5115" reward1="1869" reward2="4041" castleId="3" isAlternative="false" seedLimit="1125" cropLimit="1250" /> <!-- Seed: Chilly Codran -->
	<seed id="7023" level="64" cropId="5090" matureId="5120" reward1="1873" reward2="5550" castleId="1" isAlternative="false" seedLimit="405" cropLimit="450" /> <!-- Seed: Desert Codran -->
	<seed id="7024" level="64" cropId="5090" matureId="5120" reward1="1873" reward2="5550" castleId="7" isAlternative="false" seedLimit="900" cropLimit="1000" /> <!-- Seed: Desert Codran -->
	<seed id="7025" level="43" cropId="5079" matureId="5109" reward1="1865" reward2="4039" castleId="4" isAlternative="false" seedLimit="720" cropLimit="800" /> <!-- Seed: Golden Cobol -->
	<seed id="7026" level="22" cropId="5069" matureId="5099" reward1="1868" reward2="1876" castleId="4" isAlternative="false" seedLimit="1800" cropLimit="2000" /> <!-- Seed: Golden Coda -->
	<seed id="7027" level="46" cropId="5084" matureId="5114" reward1="1866" reward2="1885" castleId="4" isAlternative="false" seedLimit="720" cropLimit="800" /> <!-- Seed: Great Cobol -->
	<seed id="7028" level="61" cropId="5094" matureId="5124" reward1="1872" reward2="1881" castleId="1" isAlternative="false" seedLimit="540" cropLimit="600" /> <!-- Seed: Great Codran -->
	<seed id="7029" level="61" cropId="5094" matureId="5124" reward1="1872" reward2="1881" castleId="3" isAlternative="false" seedLimit="600" cropLimit="666" /> <!-- Seed: Great Codran -->
	<seed id="7030" level="37" cropId="5827" matureId="5847" reward1="1873" reward2="4044" castleId="2" isAlternative="true" seedLimit="2330" cropLimit="233" /> <!-- Seed: Alternative Blue Cobol -->
	<seed id="7031" level="55" cropId="5834" matureId="5854" reward1="1870" reward2="1882" castleId="1" isAlternative="true" seedLimit="2250" cropLimit="225" /> <!-- Seed: Alternative Blue Codran -->
	<seed id="7032" level="55" cropId="5834" matureId="5854" reward1="1870" reward2="1882" castleId="3" isAlternative="true" seedLimit="2500" cropLimit="250" /> <!-- Seed: Alternative Blue Codran -->
	<seed id="7033" level="34" cropId="5826" matureId="5846" reward1="1872" reward2="1880" castleId="1" isAlternative="true" seedLimit="4500" cropLimit="450" /> <!-- Seed: Alternative Chilly Cobol -->
	<seed id="7034" level="16" cropId="5820" matureId="5840" reward1="1866" reward2="1874" castleId="4" isAlternative="true" seedLimit="20000" cropLimit="2000" /> <!-- Seed: Alternative Chilly Coda -->
	<seed id="7035" level="52" cropId="5833" matureId="5853" reward1="1869" reward2="4041" castleId="1" isAlternative="true" seedLimit="2812" cropLimit="281" /> <!-- Seed: Alternative Chilly Codran -->
	<seed id="7036" level="52" cropId="5833" matureId="5853" reward1="1869" reward2="4041" castleId="3" isAlternative="true" seedLimit="3125" cropLimit="312" /> <!-- Seed: Alternative Chilly Codran -->
	<seed id="7037" level="64" cropId="5837" matureId="5857" reward1="1873" reward2="5550" castleId="1" isAlternative="true" seedLimit="1125" cropLimit="112" /> <!-- Seed: Alternative Desert Codran -->
	<seed id="7038" level="64" cropId="5837" matureId="5857" reward1="1873" reward2="5550" castleId="7" isAlternative="true" seedLimit="2500" cropLimit="250" /> <!-- Seed: Alternative Desert Codran -->
	<seed id="7039" level="43" cropId="5829" matureId="5849" reward1="1865" reward2="4039" castleId="4" isAlternative="true" seedLimit="2000" cropLimit="200" /> <!-- Seed: Alternative Golden Cobol -->
	<seed id="7040" level="22" cropId="5822" matureId="5842" reward1="1868" reward2="1876" castleId="4" isAlternative="true" seedLimit="5000" cropLimit="500" /> <!-- Seed: Alternative Golden Coda -->
	<seed id="7041" level="46" cropId="5830" matureId="5850" reward1="1866" reward2="1885" castleId="4" isAlternative="true" seedLimit="2500" cropLimit="250" /> <!-- Seed: Alternative Great Cobol -->
	<seed id="7042" level="61" cropId="5836" matureId="5856" reward1="1872" reward2="1881" castleId="1" isAlternative="true" seedLimit="1500" cropLimit="150" /> <!-- Seed: Alternative Great Codran -->
	<seed id="7043" level="61" cropId="5836" matureId="5856" reward1="1872" reward2="1881" castleId="3" isAlternative="true" seedLimit="1666" cropLimit="166" /> <!-- Seed: Alternative Great Codran -->
	<seed id="7044" level="31" cropId="5825" matureId="5845" reward1="1871" reward2="4042" castleId="1" isAlternative="true" seedLimit="5625" cropLimit="562" /> <!-- Seed: Alternative Red Cobol -->
	<seed id="7045" level="49" cropId="5831" matureId="5851" reward1="1867" reward2="4043" castleId="2" isAlternative="true" seedLimit="2912" cropLimit="291" /> <!-- Seed: Alternative Red Codran -->
	<seed id="7046" level="49" cropId="5831" matureId="5851" reward1="1867" reward2="4043" castleId="4" isAlternative="true" seedLimit="2500" cropLimit="250" /> <!-- Seed: Alternative Red Codran -->
	<seed id="7047" level="50" cropId="5832" matureId="5852" reward1="1868" reward2="1884" castleId="2" isAlternative="true" seedLimit="2330" cropLimit="233" /> <!-- Seed: Alternative Sea Codran -->
	<seed id="7048" level="50" cropId="5832" matureId="5852" reward1="1868" reward2="1884" castleId="3" isAlternative="true" seedLimit="2500" cropLimit="250" /> <!-- Seed: Alternative Sea Codran -->
	<seed id="7049" level="50" cropId="5832" matureId="5852" reward1="1868" reward2="1884" castleId="5" isAlternative="true" seedLimit="3735" cropLimit="373" /> <!-- Seed: Alternative Sea Codran -->
	<seed id="7050" level="58" cropId="5835" matureId="5855" reward1="1871" reward2="4040" castleId="1" isAlternative="true" seedLimit="2250" cropLimit="225" /> <!-- Seed: Alternative Twin Codran -->
	<seed id="7051" level="31" cropId="5078" matureId="5108" reward1="1871" reward2="4042" castleId="1" isAlternative="false" seedLimit="2025" cropLimit="2250" /> <!-- Seed: Red Cobol -->
	<seed id="7052" level="49" cropId="5088" matureId="5118" reward1="1867" reward2="4043" castleId="2" isAlternative="false" seedLimit="1048" cropLimit="1165" /> <!-- Seed: Red Codran -->
	<seed id="7053" level="49" cropId="5088" matureId="5118" reward1="1867" reward2="4043" castleId="4" isAlternative="false" seedLimit="900" cropLimit="1000" /> <!-- Seed: Red Codran -->
	<seed id="7054" level="50" cropId="5091" matureId="5121" reward1="1868" reward2="1884" castleId="2" isAlternative="false" seedLimit="838" cropLimit="932" /> <!-- Seed: Sea Codran -->
	<seed id="7055" level="50" cropId="5091" matureId="5121" reward1="1868" reward2="1884" castleId="3" isAlternative="false" seedLimit="900" cropLimit="1000" /> <!-- Seed: Sea Codran -->
	<seed id="7056" level="50" cropId="5091" matureId="5121" reward1="1868" reward2="1884" castleId="5" isAlternative="false" seedLimit="1344" cropLimit="1494" /> <!-- Seed: Sea Codran -->
	<seed id="7057" level="58" cropId="5092" matureId="5122" reward1="1871" reward2="4040" castleId="1" isAlternative="false" seedLimit="810" cropLimit="900" /> <!-- Seed: Twin Codran -->
</list>