<?xml version="1.0" encoding="UTF-8"?>
<list xmlns:xsi="http://www.w3.org/2001/XMLSchema-instance" xsi:noNamespaceSchemaLocation="../../xsd/buylist.xsd">
	<item id="291" price="0" /> <!-- Trident -->
	<item id="295" price="0" /> <!-- Dwarven Trident -->
	<item id="292" price="0" /> <!-- Pike -->
	<item id="296" price="0" /> <!-- Dwarven Pike -->
	<item id="293" price="0" /> <!-- War Hammer -->
	<item id="294" price="0" /> <!-- War Pick -->
	<item id="93" price="0" /> <!-- Winged Spear -->
	<item id="297" price="0" /> <!-- Glaive -->
</list>
