<?xml version="1.0" encoding="UTF-8"?>
<list xmlns:xsi="http://www.w3.org/2001/XMLSchema-instance" xsi:noNamespaceSchemaLocation="../xsd/buylist.xsd">
	<npcs>
		<npc>30150</npc> <!-- Heribel -->
	</npcs>
	<item id="1835" price="8" /> <!-- Soulshot: No Grade -->
	<item id="2509" price="17" /> <!-- Spiritshot: No Grade -->
	<item id="3947" price="40" /> <!-- Blessed Spiritshot: No Grade -->
	<item id="5146" price="13282" /> <!-- Compressed Package of Blessed Spiritshots: No Grade -->
	<item id="5140" price="5692" /> <!-- Compressed Package of Spiritshots: No Grade -->
	<item id="5134" price="2645" /> <!-- Compressed Package of Soulshots: No Grade -->
	<item id="5262" price="44275" /> <!-- Greater Compressed Package of Blessed Spiritshots (No-Grade) -->
	<item id="5256" price="18975" /> <!-- Greater Compressed Package of Spiritshots (No-Grade) -->
	<item id="5250" price="8855" /> <!-- Greater Compressed Package of Soulshots (No-Grade) -->
	<item id="17" price="2" /> <!-- Wooden Arrow -->
	<item id="1341" price="3" /> <!-- Bone Arrow -->
	<item id="1060" price="103" /> <!-- Healing Potion -->
	<item id="1061" price="379" /> <!-- Major Healing Potion -->
	<item id="1831" price="86" /> <!-- Antidote -->
	<item id="1833" price="86" /> <!-- Bandage -->
	<item id="734" price="1380" /> <!-- Wind walk Potion -->
	<item id="735" price="2760" /> <!-- Haste Potion -->
	<item id="6035" price="2760" /> <!-- Magic Haste Potion -->
	<item id="736" price="460" /> <!-- Scroll of Escape -->
	<item id="737" price="2300" /> <!-- Scroll of Resurrection -->
	<item id="3031" price="460" /> <!-- Spirit Ore -->
	<item id="1785" price="287" /> <!-- Soulstone -->
	<item id="5589" price="115" /> <!-- Momentum Stone -->
	<item id="1661" price="1150" /> <!-- Thief Key -->
	<item id="5192" price="115" /> <!-- Magic Rope (D-grade) -->
</list>
