<?xml version="1.0" encoding="UTF-8"?>
<list xmlns:xsi="http://www.w3.org/2001/XMLSchema-instance" xsi:noNamespaceSchemaLocation="xsd/DailyMission.xsd">
	<reward id="24" reward_id="1000" name="Reach Level (Lv. 2)" requiredCompletion="2">
		<!-- After creating a character, if you reach Lv. 2 you can get a reward for that level once. -->
		<handler name="level">
			<param name="level">2</param>
		</handler>
		<items>
			<item id="29651" count="5" />
		</items>
	</reward>
	<reward id="25" reward_id="1001" name="Reach Level (Lv. 3)" requiredCompletion="3">
		<!-- After creating a character, if you reach Lv. 3 you can get a reward for that level once. -->
		<handler name="level">
			<param name="level">3</param>
		</handler>
		<items>
			<item id="29651" count="10" />
		</items>
	</reward>
	<reward id="26" reward_id="1002" name="Reach Level (Lv. 4)" requiredCompletion="4">
		<!-- After creating a character, if you reach Lv. 4 you can get a reward for that level once. -->
		<handler name="level">
			<param name="level">4</param>
		</handler>
		<items>
			<item id="10650" count="5" />
		</items>
	</reward>
	<reward id="27" reward_id="1003" name="Reach Level (Lv. 5)" requiredCompletion="5">
		<!-- After creating a character, if you reach Lv. 5 you can get a reward for that level once. -->
		<handler name="level">
			<param name="level">5</param>
		</handler>
		<items>
			<item id="70094" count="1" />
		</items>
	</reward>
	<reward id="28" reward_id="1004" name="Reach Level (Lv. 6)" requiredCompletion="6">
		<!-- After creating a character, if you reach Lv. 6 you can get a reward for that level once. -->
		<handler name="level">
			<param name="level">6</param>
		</handler>
		<items>
			<item id="29650" count="3" />
		</items>
	</reward>
	<reward id="29" reward_id="1005" name="Reach Level (Lv. 7)" requiredCompletion="7">
		<!-- After creating a character, if you reach Lv. 7 you can get a reward for that level once. -->
		<handler name="level">
			<param name="level">7</param>
		</handler>
		<items>
			<item id="29654" count="2" />
		</items>
	</reward>
	<reward id="30" reward_id="1006" name="Reach Level (Lv. 8)" requiredCompletion="8">
		<!-- After creating a character, if you reach Lv. 8 you can get a reward for that level once. -->
		<handler name="level">
			<param name="level">8</param>
		</handler>
		<items>
			<item id="29651" count="10" />
		</items>
	</reward>
	<reward id="31" reward_id="1007" name="Reach Level (Lv. 9)" requiredCompletion="9">
		<!-- After creating a character, if you reach Lv. 9 you can get a reward for that level once. -->
		<handler name="level">
			<param name="level">9</param>
		</handler>
		<items>
			<item id="49036" count="5" />
			<item id="10650" count="5" />
		</items>
	</reward>
	<reward id="32" reward_id="1008" name="Reach Level (Lv. 10 Warrior only)" requiredCompletion="10">
		<!-- After creating a character, if you reach Lv. 10 you can get a reward for that level once. -->
		<classId>0</classId>
		<classId>18</classId>
		<classId>31</classId>
		<classId>44</classId>
		<classId>53</classId>
		<classId>1</classId>
		<classId>4</classId>
		<classId>19</classId>
		<classId>32</classId>
		<classId>45</classId>
		<classId>56</classId>
		<classId>2</classId>
		<classId>3</classId>
		<classId>5</classId>
		<classId>6</classId>
		<classId>20</classId>
		<classId>21</classId>
		<classId>33</classId>
		<classId>34</classId>
		<classId>46</classId>
		<classId>57</classId>
		<classId>88</classId>
		<classId>89</classId>
		<classId>90</classId>
		<classId>91</classId>
		<classId>99</classId>
		<classId>100</classId>
		<classId>106</classId>
		<classId>107</classId>
		<classId>113</classId>
		<classId>117</classId>
		<classId>118</classId>
		<handler name="level">
			<param name="level">10</param>
		</handler>
		<items>
			<item id="70096" count="1" />
			<item id="70097" count="1" />
			<item id="70095" count="1" />
		</items>
	</reward>
	<reward id="32" reward_id="1009" name="Reach Level (Lv. 10 Warrior only)" requiredCompletion="10">
		<!-- After creating a character, if you reach Lv. 10 you can get a reward for that level once. -->
		<classId>7</classId>
		<classId>22</classId>
		<classId>35</classId>
		<classId>47</classId>
		<classId>8</classId>
		<classId>9</classId>
		<classId>23</classId>
		<classId>24</classId>
		<classId>36</classId>
		<classId>37</classId>
		<classId>54</classId>
		<classId>55</classId>
		<classId>48</classId>
		<classId>92</classId>
		<classId>93</classId>
		<classId>101</classId>
		<classId>102</classId>
		<classId>108</classId>
		<classId>109</classId>
		<classId>114</classId>
		<classId>115</classId>
		<classId>116</classId>
		<handler name="level">
			<param name="level">10</param>
		</handler>
		<items>
			<item id="70096" count="1" />
			<item id="70097" count="1" />
			<item id="70095" count="1" />
		</items>
	</reward>
	<reward id="32" reward_id="1010" name="Reach Level (Lv. 10 Wizard only)" requiredCompletion="10">
		<!-- After creating a character, if you reach Lv. 10 you can get a reward for that level once. -->
		<classId>10</classId>
		<classId>25</classId>
		<classId>38</classId>
		<classId>11</classId>
		<classId>15</classId>
		<classId>26</classId>
		<classId>29</classId>
		<classId>39</classId>
		<classId>42</classId>
		<classId>12</classId>
		<classId>13</classId>
		<classId>14</classId>
		<classId>16</classId>
		<classId>17</classId>
		<classId>27</classId>
		<classId>28</classId>
		<classId>30</classId>
		<classId>40</classId>
		<classId>41</classId>
		<classId>43</classId>
		<classId>49</classId>
		<classId>50</classId>
		<classId>51</classId>
		<classId>52</classId>
		<classId>94</classId>
		<classId>95</classId>
		<classId>96</classId>
		<classId>97</classId>
		<classId>98</classId>
		<classId>103</classId>
		<classId>104</classId>
		<classId>105</classId>
		<classId>110</classId>
		<classId>111</classId>
		<classId>112</classId>
		<handler name="level">
			<param name="level">10</param>
		</handler>
		<items>
			<item id="70099" count="1" />
			<item id="70100" count="1" />
			<item id="70098" count="1" />
		</items>
	</reward>
	<reward id="33" reward_id="1011" name="Reach Level (Lv. 11)" requiredCompletion="11">
		<!-- After creating a character, if you reach Lv. 11 you can get a reward for that level once. -->
		<handler name="level">
			<param name="level">11</param>
		</handler>
		<items>
			<item id="29651" count="10" />
		</items>
	</reward>
	<reward id="34" reward_id="1012" name="Reach Level (Lv. 12)" requiredCompletion="12">
		<!-- After creating a character, if you reach Lv. 12 you can get a reward for that level once. -->
		<handler name="level">
			<param name="level">12</param>
		</handler>
		<items>
			<item id="29650" count="3" />
		</items>
	</reward>
	<reward id="35" reward_id="1013" name="Reach Level (Lv. 13)" requiredCompletion="13">
		<!-- After creating a character, if you reach Lv. 13 you can get a reward for that level once. -->
		<handler name="level">
			<param name="level">13</param>
		</handler>
		<items>
			<item id="29654" count="2" />
		</items>
	</reward>
	<reward id="36" reward_id="1014" name="Reach Level (Lv. 14)" requiredCompletion="14">
		<!-- After creating a character, if you reach Lv. 14 you can get a reward for that level once. -->
		<handler name="level">
			<param name="level">14</param>
		</handler>
		<items>
			<item id="29652" count="15" />
		</items>
	</reward>
	<reward id="37" reward_id="1015" name="Reach Level (Lv. 15)" requiredCompletion="15">
		<!-- After creating a character, if you reach Lv. 15 you can get a reward for that level once. -->
		<handler name="level">
			<param name="level">15</param>
		</handler>
		<items>
			<item id="70101" count="1" />
		</items>
	</reward>
	<reward id="38" reward_id="1016" name="Reach Level (Lv. 16)" requiredCompletion="16">
		<!-- After creating a character, if you reach Lv. 16 you can get a reward for that level once. -->
		<handler name="level">
			<param name="level">16</param>
		</handler>
		<items>
			<item id="29650" count="3" />
		</items>
	</reward>
	<reward id="39" reward_id="1017" name="Reach Level (Lv. 17)" requiredCompletion="17">
		<!-- After creating a character, if you reach Lv. 17 you can get a reward for that level once. -->
		<handler name="level">
			<param name="level">17</param>
		</handler>
		<items>
			<item id="29654" count="3" />
		</items>
	</reward>
	<reward id="40" reward_id="1018" name="Reach Level (Lv. 18 Warrior only)" requiredCompletion="18">
		<!-- After creating a character, if you reach Lv. 18 you can get a reward for that level once. -->
		<classId>0</classId>
		<classId>18</classId>
		<classId>31</classId>
		<classId>44</classId>
		<classId>53</classId>
		<classId>1</classId>
		<classId>4</classId>
		<classId>19</classId>
		<classId>32</classId>
		<classId>45</classId>
		<classId>56</classId>
		<classId>2</classId>
		<classId>3</classId>
		<classId>5</classId>
		<classId>6</classId>
		<classId>20</classId>
		<classId>21</classId>
		<classId>33</classId>
		<classId>34</classId>
		<classId>46</classId>
		<classId>57</classId>
		<classId>88</classId>
		<classId>89</classId>
		<classId>90</classId>
		<classId>91</classId>
		<classId>99</classId>
		<classId>100</classId>
		<classId>106</classId>
		<classId>107</classId>
		<classId>113</classId>
		<classId>117</classId>
		<classId>118</classId>
		<handler name="level">
			<param name="level">18</param>
		</handler>
		<items>
			<item id="70102" count="10" />
		</items>
	</reward>
	<reward id="40" reward_id="1019" name="Reach Level (Lv. 18 Warrior only)" requiredCompletion="18">
		<!-- After creating a character, if you reach Lv. 18 you can get a reward for that level once. -->
		<classId>7</classId>
		<classId>22</classId>
		<classId>35</classId>
		<classId>47</classId>
		<classId>8</classId>
		<classId>9</classId>
		<classId>23</classId>
		<classId>24</classId>
		<classId>36</classId>
		<classId>37</classId>
		<classId>54</classId>
		<classId>55</classId>
		<classId>48</classId>
		<classId>92</classId>
		<classId>93</classId>
		<classId>101</classId>
		<classId>102</classId>
		<classId>108</classId>
		<classId>109</classId>
		<classId>114</classId>
		<classId>115</classId>
		<classId>116</classId>
		<handler name="level">
			<param name="level">18</param>
		</handler>
		<items>
			<item id="70102" count="10" />
		</items>
	</reward>
	<reward id="40" reward_id="1020" name="Reach Level (Lv. 18 Wizard only)" requiredCompletion="18">
		<!-- After creating a character, if you reach Lv. 18 you can get a reward for that level once. -->
		<classId>10</classId>
		<classId>25</classId>
		<classId>38</classId>
		<classId>11</classId>
		<classId>15</classId>
		<classId>26</classId>
		<classId>29</classId>
		<classId>39</classId>
		<classId>42</classId>
		<classId>12</classId>
		<classId>13</classId>
		<classId>14</classId>
		<classId>16</classId>
		<classId>17</classId>
		<classId>27</classId>
		<classId>28</classId>
		<classId>30</classId>
		<classId>40</classId>
		<classId>41</classId>
		<classId>43</classId>
		<classId>49</classId>
		<classId>50</classId>
		<classId>51</classId>
		<classId>52</classId>
		<classId>94</classId>
		<classId>95</classId>
		<classId>96</classId>
		<classId>97</classId>
		<classId>98</classId>
		<classId>103</classId>
		<classId>104</classId>
		<classId>105</classId>
		<classId>110</classId>
		<classId>111</classId>
		<classId>112</classId>
		<handler name="level">
			<param name="level">18</param>
		</handler>
		<items>
			<item id="70103" count="10" />
		</items>
	</reward>
	<reward id="41" reward_id="1021" name="Reach Level (Lv. 19)" requiredCompletion="19">
		<!-- After creating a character, if you reach Lv. 19 you can get a reward for that level once. -->
		<handler name="level">
			<param name="level">19</param>
		</handler>
		<items>
			<item id="49036" count="10" />
		</items>
	</reward>
	<reward id="42" reward_id="1022" name="Reach Level (Lv. 20)" requiredCompletion="20">
		<!-- After creating a character, if you reach Lv. 20 you can get a reward for that level once. -->
		<handler name="level">
			<param name="level">20</param>
		</handler>
		<items>
			<item id="70182" count="1" />
			<item id="70184" count="1" />
			<item id="70186" count="1" />
			<item id="70024" count="20" />
		</items>
	</reward>
	<reward id="43" reward_id="1023" name="Reach Level (Lv. 21)" requiredCompletion="21">
		<!-- After creating a character, if you reach Lv. 21 you can get a reward for that level once. -->
		<handler name="level">
			<param name="level">21</param>
		</handler>
		<items>
			<item id="29650" count="3" />
		</items>
	</reward>
	<reward id="44" reward_id="1024" name="Reach Level (Lv. 22)" requiredCompletion="22">
		<!-- After creating a character, if you reach Lv. 22 you can get a reward for that level once. -->
		<handler name="level">
			<param name="level">22</param>
		</handler>
		<items>
			<item id="29654" count="3" />
		</items>
	</reward>
	<reward id="45" reward_id="1025" name="Reach Level (Lv. 23 Warrior only)" requiredCompletion="23">
		<!-- After creating a character, if you reach Lv. 23 you can get a reward for that level once. -->
		<classId>0</classId>
		<classId>18</classId>
		<classId>31</classId>
		<classId>44</classId>
		<classId>53</classId>
		<classId>1</classId>
		<classId>4</classId>
		<classId>19</classId>
		<classId>32</classId>
		<classId>45</classId>
		<classId>56</classId>
		<classId>2</classId>
		<classId>3</classId>
		<classId>5</classId>
		<classId>6</classId>
		<classId>20</classId>
		<classId>21</classId>
		<classId>33</classId>
		<classId>34</classId>
		<classId>46</classId>
		<classId>57</classId>
		<classId>88</classId>
		<classId>89</classId>
		<classId>90</classId>
		<classId>91</classId>
		<classId>99</classId>
		<classId>100</classId>
		<classId>106</classId>
		<classId>107</classId>
		<classId>113</classId>
		<classId>117</classId>
		<classId>118</classId>
		<handler name="level">
			<param name="level">23</param>
		</handler>
		<items>
			<item id="70104" count="3" />
		</items>
	</reward>
	<reward id="45" reward_id="1026" name="Reach Level (Lv. 23 Warrior only)" requiredCompletion="23">
		<!-- After creating a character, if you reach Lv. 23 you can get a reward for that level once. -->
		<classId>7</classId>
		<classId>22</classId>
		<classId>35</classId>
		<classId>47</classId>
		<classId>8</classId>
		<classId>9</classId>
		<classId>23</classId>
		<classId>24</classId>
		<classId>36</classId>
		<classId>37</classId>
		<classId>54</classId>
		<classId>55</classId>
		<classId>48</classId>
		<classId>92</classId>
		<classId>93</classId>
		<classId>101</classId>
		<classId>102</classId>
		<classId>108</classId>
		<classId>109</classId>
		<classId>114</classId>
		<classId>115</classId>
		<classId>116</classId>
		<handler name="level">
			<param name="level">23</param>
		</handler>
		<items>
			<item id="70104" count="3" />
		</items>
	</reward>
	<reward id="45" reward_id="1027" name="Reach Level (Lv. 23 Wizard only)" requiredCompletion="23">
		<!-- After creating a character, if you reach Lv. 23 you can get a reward for that level once. -->
		<classId>10</classId>
		<classId>25</classId>
		<classId>38</classId>
		<classId>11</classId>
		<classId>15</classId>
		<classId>26</classId>
		<classId>29</classId>
		<classId>39</classId>
		<classId>42</classId>
		<classId>12</classId>
		<classId>13</classId>
		<classId>14</classId>
		<classId>16</classId>
		<classId>17</classId>
		<classId>27</classId>
		<classId>28</classId>
		<classId>30</classId>
		<classId>40</classId>
		<classId>41</classId>
		<classId>43</classId>
		<classId>49</classId>
		<classId>50</classId>
		<classId>51</classId>
		<classId>52</classId>
		<classId>94</classId>
		<classId>95</classId>
		<classId>96</classId>
		<classId>97</classId>
		<classId>98</classId>
		<classId>103</classId>
		<classId>104</classId>
		<classId>105</classId>
		<classId>110</classId>
		<classId>111</classId>
		<classId>112</classId>
		<handler name="level">
			<param name="level">23</param>
		</handler>
		<items>
			<item id="70105" count="3" />
		</items>
	</reward>
	<reward id="46" reward_id="1028" name="Reach Level (Lv. 24)" requiredCompletion="24">
		<!-- After creating a character, if you reach Lv. 24 you can get a reward for that level once. -->
		<handler name="level">
			<param name="level">24</param>
		</handler>
		<items>
			<item id="29648" count="6" />
		</items>
	</reward>
	<reward id="47" reward_id="1029" name="Reach Level (Lv. 25)" requiredCompletion="25">
		<!-- After creating a character, if you reach Lv. 25 you can get a reward for that level once. -->
		<handler name="level">
			<param name="level">25</param>
		</handler>
		<items>
			<item id="70924" count="1" />
			<item id="70961" count="1" />
		</items>
	</reward>
	<reward id="48" reward_id="1030" name="Reach Level (Lv. 26)" requiredCompletion="26">
		<!-- After creating a character, if you reach Lv. 26 you can get a reward for that level once. -->
		<handler name="level">
			<param name="level">26</param>
		</handler>
		<items>
			<item id="29648" count="6" />
		</items>
	</reward>
	<reward id="49" reward_id="1031" name="Reach Level (Lv. 27)" requiredCompletion="27">
		<!-- After creating a character, if you reach Lv. 27 you can get a reward for that level once. -->
		<handler name="level">
			<param name="level">27</param>
		</handler>
		<items>
			<item id="29654" count="3" />
		</items>
	</reward>
	<reward id="50" reward_id="1032" name="Reach Level (Lv. 28 Warrior only)" requiredCompletion="28">
		<!-- After creating a character, if you reach Lv. 28 you can get a reward for that level once. -->
		<classId>0</classId>
		<classId>18</classId>
		<classId>31</classId>
		<classId>44</classId>
		<classId>53</classId>
		<classId>1</classId>
		<classId>4</classId>
		<classId>19</classId>
		<classId>32</classId>
		<classId>45</classId>
		<classId>56</classId>
		<classId>2</classId>
		<classId>3</classId>
		<classId>5</classId>
		<classId>6</classId>
		<classId>20</classId>
		<classId>21</classId>
		<classId>33</classId>
		<classId>34</classId>
		<classId>46</classId>
		<classId>57</classId>
		<classId>88</classId>
		<classId>89</classId>
		<classId>90</classId>
		<classId>91</classId>
		<classId>99</classId>
		<classId>100</classId>
		<classId>106</classId>
		<classId>107</classId>
		<classId>113</classId>
		<classId>117</classId>
		<classId>118</classId>
		<handler name="level">
			<param name="level">28</param>
		</handler>
		<items>
			<item id="70104" count="3" />
		</items>
	</reward>
	<reward id="50" reward_id="1033" name="Reach Level (Lv. 28 Warrior only)" requiredCompletion="28">
		<!-- After creating a character, if you reach Lv. 28 you can get a reward for that level once. -->
		<classId>7</classId>
		<classId>22</classId>
		<classId>35</classId>
		<classId>47</classId>
		<classId>8</classId>
		<classId>9</classId>
		<classId>23</classId>
		<classId>24</classId>
		<classId>36</classId>
		<classId>37</classId>
		<classId>54</classId>
		<classId>55</classId>
		<classId>48</classId>
		<classId>92</classId>
		<classId>93</classId>
		<classId>101</classId>
		<classId>102</classId>
		<classId>108</classId>
		<classId>109</classId>
		<classId>114</classId>
		<classId>115</classId>
		<classId>116</classId>
		<handler name="level">
			<param name="level">28</param>
		</handler>
		<items>
			<item id="70104" count="3" />
		</items>
	</reward>
	<reward id="50" reward_id="1034" name="Reach Level (Lv. 28 Wizard only)" requiredCompletion="28">
		<!-- After creating a character, if you reach Lv. 28 you can get a reward for that level once. -->
		<classId>10</classId>
		<classId>25</classId>
		<classId>38</classId>
		<classId>11</classId>
		<classId>15</classId>
		<classId>26</classId>
		<classId>29</classId>
		<classId>39</classId>
		<classId>42</classId>
		<classId>12</classId>
		<classId>13</classId>
		<classId>14</classId>
		<classId>16</classId>
		<classId>17</classId>
		<classId>27</classId>
		<classId>28</classId>
		<classId>30</classId>
		<classId>40</classId>
		<classId>41</classId>
		<classId>43</classId>
		<classId>49</classId>
		<classId>50</classId>
		<classId>51</classId>
		<classId>52</classId>
		<classId>94</classId>
		<classId>95</classId>
		<classId>96</classId>
		<classId>97</classId>
		<classId>98</classId>
		<classId>103</classId>
		<classId>104</classId>
		<classId>105</classId>
		<classId>110</classId>
		<classId>111</classId>
		<classId>112</classId>
		<handler name="level">
			<param name="level">28</param>
		</handler>
		<items>
			<item id="70105" count="3" />
		</items>
	</reward>
	<reward id="51" reward_id="1035" name="Reach Level (Lv. 29)" requiredCompletion="29">
		<!-- After creating a character, if you reach Lv. 29 you can get a reward for that level once. -->
		<handler name="level">
			<param name="level">29</param>
		</handler>
		<items>
			<item id="29648" count="6" />
		</items>
	</reward>
	<reward id="52" reward_id="1036" name="Reach Level (Lv. 30)" requiredCompletion="30">
		<!-- After creating a character, if you reach Lv. 30 you can get a reward for that level once. -->
		<handler name="level">
			<param name="level">30</param>
		</handler>
		<items>
			<item id="70106" count="1" />
		</items>
	</reward>
	<reward id="53" reward_id="1037" name="Reach Level (Lv. 31)" requiredCompletion="31">
		<!-- After creating a character, if you reach Lv. 31 you can get a reward for that level once. -->
		<handler name="level">
			<param name="level">31</param>
		</handler>
		<items>
			<item id="29648" count="6" />
		</items>
	</reward>
	<reward id="54" reward_id="1038" name="Reach Level (Lv. 32)" requiredCompletion="32">
		<!-- After creating a character, if you reach Lv. 32 you can get a reward for that level once. -->
		<handler name="level">
			<param name="level">32</param>
		</handler>
		<items>
			<item id="29654" count="3" />
		</items>
	</reward>
	<reward id="55" reward_id="1039" name="Reach Level (Lv. 33)" requiredCompletion="33">
		<!-- After creating a character, if you reach Lv. 33 you can get a reward for that level once. -->
		<handler name="level">
			<param name="level">33</param>
		</handler>
		<items>
			<item id="70107" count="3" />
		</items>
	</reward>
	<reward id="56" reward_id="1040" name="Reach Level (Lv. 34)" requiredCompletion="34">
		<!-- After creating a character, if you reach Lv. 34 you can get a reward for that level once. -->
		<handler name="level">
			<param name="level">34</param>
		</handler>
		<items>
			<item id="29648" count="6" />
		</items>
	</reward>
	<reward id="57" reward_id="1041" name="Reach Level (Lv. 35)" requiredCompletion="35">
		<!-- After creating a character, if you reach Lv. 35 you can get a reward for that level once. -->
		<handler name="level">
			<param name="level">35</param>
		</handler>
		<items>
			<item id="29648" count="6" />
		</items>
	</reward>
	<reward id="58" reward_id="1042" name="Reach Level (Lv. 36)" requiredCompletion="36">
		<!-- After creating a character, if you reach Lv. 36 you can get a reward for that level once. -->
		<handler name="level">
			<param name="level">36</param>
		</handler>
		<items>
			<item id="29654" count="3" />
		</items>
	</reward>
	<reward id="59" reward_id="1043" name="Reach Level (Lv. 37)" requiredCompletion="37">
		<!-- After creating a character, if you reach Lv. 37 you can get a reward for that level once. -->
		<handler name="level">
			<param name="level">37</param>
		</handler>
		<items>
			<item id="70107" count="3" />
		</items>
	</reward>
	<reward id="60" reward_id="1044" name="Reach Level (Lv. 38 Warrior only)" requiredCompletion="38">
		<!-- After creating a character, if you reach Lv. 38 you can get a reward for that level once. -->
		<classId>0</classId>
		<classId>18</classId>
		<classId>31</classId>
		<classId>44</classId>
		<classId>53</classId>
		<classId>1</classId>
		<classId>4</classId>
		<classId>19</classId>
		<classId>32</classId>
		<classId>45</classId>
		<classId>56</classId>
		<classId>2</classId>
		<classId>3</classId>
		<classId>5</classId>
		<classId>6</classId>
		<classId>20</classId>
		<classId>21</classId>
		<classId>33</classId>
		<classId>34</classId>
		<classId>46</classId>
		<classId>57</classId>
		<classId>88</classId>
		<classId>89</classId>
		<classId>90</classId>
		<classId>91</classId>
		<classId>99</classId>
		<classId>100</classId>
		<classId>106</classId>
		<classId>107</classId>
		<classId>113</classId>
		<classId>117</classId>
		<classId>118</classId>
		<handler name="level">
			<param name="level">38</param>
		</handler>
		<items>
			<item id="70108" count="1" />
		</items>
	</reward>
	<reward id="60" reward_id="1045" name="Reach Level (Lv. 38 Warrior only)" requiredCompletion="38">
		<!-- After creating a character, if you reach Lv. 38 you can get a reward for that level once. -->
		<classId>7</classId>
		<classId>22</classId>
		<classId>35</classId>
		<classId>47</classId>
		<classId>8</classId>
		<classId>9</classId>
		<classId>23</classId>
		<classId>24</classId>
		<classId>36</classId>
		<classId>37</classId>
		<classId>54</classId>
		<classId>55</classId>
		<classId>48</classId>
		<classId>92</classId>
		<classId>93</classId>
		<classId>101</classId>
		<classId>102</classId>
		<classId>108</classId>
		<classId>109</classId>
		<classId>114</classId>
		<classId>115</classId>
		<classId>116</classId>
		<handler name="level">
			<param name="level">38</param>
		</handler>
		<items>
			<item id="70108" count="1" />
		</items>
	</reward>
	<reward id="60" reward_id="1046" name="Reach Level (Lv. 38 Wizard only)" requiredCompletion="38">
		<!-- After creating a character, if you reach Lv. 38 you can get a reward for that level once. -->
		<classId>10</classId>
		<classId>25</classId>
		<classId>38</classId>
		<classId>11</classId>
		<classId>15</classId>
		<classId>26</classId>
		<classId>29</classId>
		<classId>39</classId>
		<classId>42</classId>
		<classId>12</classId>
		<classId>13</classId>
		<classId>14</classId>
		<classId>16</classId>
		<classId>17</classId>
		<classId>27</classId>
		<classId>28</classId>
		<classId>30</classId>
		<classId>40</classId>
		<classId>41</classId>
		<classId>43</classId>
		<classId>49</classId>
		<classId>50</classId>
		<classId>51</classId>
		<classId>52</classId>
		<classId>94</classId>
		<classId>95</classId>
		<classId>96</classId>
		<classId>97</classId>
		<classId>98</classId>
		<classId>103</classId>
		<classId>104</classId>
		<classId>105</classId>
		<classId>110</classId>
		<classId>111</classId>
		<classId>112</classId>
		<handler name="level">
			<param name="level">38</param>
		</handler>
		<items>
			<item id="70109" count="1" />
		</items>
	</reward>
	<reward id="61" reward_id="1047" name="Reach Level (Lv. 39)" requiredCompletion="39">
		<!-- After creating a character, if you reach Lv. 39 you can get a reward for that level once. -->
		<handler name="level">
			<param name="level">39</param>
		</handler>
		<items>
			<item id="29517" count="5" />
		</items>
	</reward>
	<reward id="62" reward_id="1048" name="Reach Level (Lv. 40)" requiredCompletion="40">
		<!-- After creating a character, if you reach Lv. 40 you can get a reward for that level once. -->
		<handler name="level">
			<param name="level">40</param>
		</handler>
		<items>
			<item id="70024" count="20" />
		</items>
	</reward>
	<reward id="63" reward_id="1049" name="Reach Level (Lv. 41)" requiredCompletion="41">
		<!-- After creating a character, if you reach Lv. 41 you can get a reward for that level once. -->
		<handler name="level">
			<param name="level">41</param>
		</handler>
		<items>
			<item id="29648" count="6" />
		</items>
	</reward>
	<reward id="64" reward_id="1050" name="Reach Level (Lv. 42)" requiredCompletion="42">
		<!-- After creating a character, if you reach Lv. 42 you can get a reward for that level once. -->
		<handler name="level">
			<param name="level">42</param>
		</handler>
		<items>
			<item id="29655" count="5" />
		</items>
	</reward>
	<reward id="65" reward_id="1051" name="Reach Level (Lv. 43 Warrior only)" requiredCompletion="43">
		<!-- After creating a character, if you reach Lv. 43 you can get a reward for that level once. -->
		<classId>0</classId>
		<classId>18</classId>
		<classId>31</classId>
		<classId>44</classId>
		<classId>53</classId>
		<classId>1</classId>
		<classId>4</classId>
		<classId>19</classId>
		<classId>32</classId>
		<classId>45</classId>
		<classId>56</classId>
		<classId>2</classId>
		<classId>3</classId>
		<classId>5</classId>
		<classId>6</classId>
		<classId>20</classId>
		<classId>21</classId>
		<classId>33</classId>
		<classId>34</classId>
		<classId>46</classId>
		<classId>57</classId>
		<classId>88</classId>
		<classId>89</classId>
		<classId>90</classId>
		<classId>91</classId>
		<classId>99</classId>
		<classId>100</classId>
		<classId>106</classId>
		<classId>107</classId>
		<classId>113</classId>
		<classId>117</classId>
		<classId>118</classId>
		<handler name="level">
			<param name="level">43</param>
		</handler>
		<items>
			<item id="70110" count="5" />
		</items>
	</reward>
	<reward id="65" reward_id="1052" name="Reach Level (Lv. 43 Warrior only)" requiredCompletion="43">
		<!-- After creating a character, if you reach Lv. 43 you can get a reward for that level once. -->
		<classId>7</classId>
		<classId>22</classId>
		<classId>35</classId>
		<classId>47</classId>
		<classId>8</classId>
		<classId>9</classId>
		<classId>23</classId>
		<classId>24</classId>
		<classId>36</classId>
		<classId>37</classId>
		<classId>54</classId>
		<classId>55</classId>
		<classId>48</classId>
		<classId>92</classId>
		<classId>93</classId>
		<classId>101</classId>
		<classId>102</classId>
		<classId>108</classId>
		<classId>109</classId>
		<classId>114</classId>
		<classId>115</classId>
		<classId>116</classId>
		<handler name="level">
			<param name="level">43</param>
		</handler>
		<items>
			<item id="70110" count="5" />
		</items>
	</reward>
	<reward id="65" reward_id="1053" name="Reach Level (Lv. 43 Wizard only)" requiredCompletion="43">
		<!-- After creating a character, if you reach Lv. 43 you can get a reward for that level once. -->
		<classId>10</classId>
		<classId>25</classId>
		<classId>38</classId>
		<classId>11</classId>
		<classId>15</classId>
		<classId>26</classId>
		<classId>29</classId>
		<classId>39</classId>
		<classId>42</classId>
		<classId>12</classId>
		<classId>13</classId>
		<classId>14</classId>
		<classId>16</classId>
		<classId>17</classId>
		<classId>27</classId>
		<classId>28</classId>
		<classId>30</classId>
		<classId>40</classId>
		<classId>41</classId>
		<classId>43</classId>
		<classId>49</classId>
		<classId>50</classId>
		<classId>51</classId>
		<classId>52</classId>
		<classId>94</classId>
		<classId>95</classId>
		<classId>96</classId>
		<classId>97</classId>
		<classId>98</classId>
		<classId>103</classId>
		<classId>104</classId>
		<classId>105</classId>
		<classId>110</classId>
		<classId>111</classId>
		<classId>112</classId>
		<handler name="level">
			<param name="level">43</param>
		</handler>
		<items>
			<item id="70111" count="5" />
		</items>
	</reward>
	<reward id="66" reward_id="1054" name="Reach Level (Lv. 44)" requiredCompletion="44">
		<!-- After creating a character, if you reach Lv. 44 you can get a reward for that level once. -->
		<handler name="level">
			<param name="level">44</param>
		</handler>
		<items>
			<item id="29517" count="5" />
		</items>
	</reward>
	<reward id="67" reward_id="1055" name="Reach Level (Lv. 45)" requiredCompletion="45">
		<!-- After creating a character, if you reach Lv. 45 you can get a reward for that level once. -->
		<handler name="level">
			<param name="level">45</param>
		</handler>
		<items>
			<item id="70112" count="1" />
		</items>
	</reward>
	<reward id="68" reward_id="1056" name="Reach Level (Lv. 46)" requiredCompletion="46">
		<!-- After creating a character, if you reach Lv. 46 you can get a reward for that level once. -->
		<handler name="level">
			<param name="level">46</param>
		</handler>
		<items>
			<item id="29648" count="10" />
		</items>
	</reward>
	<reward id="69" reward_id="1057" name="Reach Level (Lv. 47)" requiredCompletion="47">
		<!-- After creating a character, if you reach Lv. 47 you can get a reward for that level once. -->
		<handler name="level">
			<param name="level">47</param>
		</handler>
		<items>
			<item id="29655" count="5" />
		</items>
	</reward>
	<reward id="70" reward_id="1058" name="Reach Level (Lv. 48 Warrior only)" requiredCompletion="48">
		<!-- After creating a character, if you reach Lv. 48 you can get a reward for that level once. -->
		<classId>0</classId>
		<classId>9</classId>
		<classId>18</classId>
		<classId>31</classId>
		<classId>44</classId>
		<classId>53</classId>
		<classId>1</classId>
		<classId>4</classId>
		<classId>19</classId>
		<classId>32</classId>
		<classId>45</classId>
		<classId>56</classId>
		<classId>2</classId>
		<classId>3</classId>
		<classId>5</classId>
		<classId>6</classId>
		<classId>20</classId>
		<classId>21</classId>
		<classId>33</classId>
		<classId>34</classId>
		<classId>46</classId>
		<classId>57</classId>
		<classId>88</classId>
		<classId>89</classId>
		<classId>90</classId>
		<classId>91</classId>
		<classId>99</classId>
		<classId>100</classId>
		<classId>106</classId>
		<classId>107</classId>
		<classId>113</classId>
		<classId>117</classId>
		<classId>118</classId>
		<handler name="level">
			<param name="level">48</param>
		</handler>
		<items>
			<item id="70110" count="5" />
		</items>
	</reward>
	<reward id="70" reward_id="1059" name="Reach Level (Lv. 48 Warrior only)" requiredCompletion="48">
		<!-- After creating a character, if you reach Lv. 48 you can get a reward for that level once. -->
		<classId>7</classId>
		<classId>22</classId>
		<classId>35</classId>
		<classId>47</classId>
		<classId>8</classId>
		<classId>9</classId>
		<classId>23</classId>
		<classId>24</classId>
		<classId>36</classId>
		<classId>37</classId>
		<classId>54</classId>
		<classId>55</classId>
		<classId>48</classId>
		<classId>92</classId>
		<classId>93</classId>
		<classId>101</classId>
		<classId>102</classId>
		<classId>108</classId>
		<classId>109</classId>
		<classId>114</classId>
		<classId>115</classId>
		<classId>116</classId>
		<handler name="level">
			<param name="level">48</param>
		</handler>
		<items>
			<item id="70110" count="5" />
		</items>
	</reward>
	<reward id="70" reward_id="1060" name="Reach Level (Lv. 48 Wizard only)" requiredCompletion="48">
		<!-- After creating a character, if you reach Lv. 48 you can get a reward for that level once. -->
		<classId>10</classId>
		<classId>25</classId>
		<classId>38</classId>
		<classId>11</classId>
		<classId>15</classId>
		<classId>26</classId>
		<classId>29</classId>
		<classId>39</classId>
		<classId>42</classId>
		<classId>12</classId>
		<classId>13</classId>
		<classId>14</classId>
		<classId>16</classId>
		<classId>17</classId>
		<classId>27</classId>
		<classId>28</classId>
		<classId>30</classId>
		<classId>40</classId>
		<classId>41</classId>
		<classId>43</classId>
		<classId>49</classId>
		<classId>50</classId>
		<classId>51</classId>
		<classId>52</classId>
		<classId>94</classId>
		<classId>95</classId>
		<classId>96</classId>
		<classId>97</classId>
		<classId>98</classId>
		<classId>103</classId>
		<classId>104</classId>
		<classId>105</classId>
		<classId>110</classId>
		<classId>111</classId>
		<classId>112</classId>
		<handler name="level">
			<param name="level">48</param>
		</handler>
		<items>
			<item id="70111" count="5" />
		</items>
	</reward>
	<reward id="71" reward_id="1061" name="Reach Level (Lv. 49)" requiredCompletion="49">
		<!-- After creating a character, if you reach Lv. 49 you can get a reward for that level once. -->
		<handler name="level">
			<param name="level">49</param>
		</handler>
		<items>
			<item id="29517" count="5" />
		</items>
	</reward>
	<reward id="72" reward_id="1062" name="Reach Level (Lv. 50)" requiredCompletion="50">
		<!-- After creating a character, if you reach Lv. 50 you can get a reward for that level once. -->
		<handler name="level">
			<param name="level">50</param>
		</handler>
		<items>
			<item id="49493" count="1" />
			<item id="49509" count="1" />
			<item id="49477" count="1" />
		</items>
	</reward>
	<reward id="73" reward_id="1063" name="Reach Level (Lv. 51)" requiredCompletion="51">
		<!-- After creating a character, if you reach Lv. 51 you can get a reward for that level once. -->
		<handler name="level">
			<param name="level">51</param>
		</handler>
		<items>
			<item id="90415" count="20" />
			<item id="29817" count="5" />
			<item id="70101" count="1" />
			<item id="49488" count="20" />
		</items>
	</reward>
	<reward id="74" reward_id="1064" name="Reach Level (Lv. 52 Warrior only)" requiredCompletion="52">
		<!-- After creating a character, if you reach Lv. 52 you can get a reward for that level once. -->
		<classId>0</classId>
		<classId>18</classId>
		<classId>31</classId>
		<classId>44</classId>
		<classId>53</classId>
		<classId>1</classId>
		<classId>4</classId>
		<classId>19</classId>
		<classId>32</classId>
		<classId>45</classId>
		<classId>56</classId>
		<classId>2</classId>
		<classId>3</classId>
		<classId>5</classId>
		<classId>6</classId>
		<classId>20</classId>
		<classId>21</classId>
		<classId>33</classId>
		<classId>34</classId>
		<classId>46</classId>
		<classId>57</classId>
		<classId>88</classId>
		<classId>89</classId>
		<classId>90</classId>
		<classId>91</classId>
		<classId>99</classId>
		<classId>100</classId>
		<classId>106</classId>
		<classId>107</classId>
		<classId>113</classId>
		<classId>117</classId>
		<classId>118</classId>
		<handler name="level">
			<param name="level">52</param>
		</handler>
		<items>
			<item id="90415" count="20" />
			<item id="29817" count="5" />
			<item id="70961" count="1" />
			<item id="49488" count="20" />
		</items>
	</reward>
	<reward id="74" reward_id="1065" name="Reach Level (Lv. 52 Warrior only)" requiredCompletion="52">
		<!-- After creating a character, if you reach Lv. 52 you can get a reward for that level once. -->
		<classId>7</classId>
		<classId>22</classId>
		<classId>35</classId>
		<classId>47</classId>
		<classId>8</classId>
		<classId>9</classId>
		<classId>23</classId>
		<classId>24</classId>
		<classId>36</classId>
		<classId>37</classId>
		<classId>54</classId>
		<classId>55</classId>
		<classId>48</classId>
		<classId>92</classId>
		<classId>93</classId>
		<classId>101</classId>
		<classId>102</classId>
		<classId>108</classId>
		<classId>109</classId>
		<classId>114</classId>
		<classId>115</classId>
		<classId>116</classId>
		<handler name="level">
			<param name="level">52</param>
		</handler>
		<items>
			<item id="90415" count="20" />
			<item id="29817" count="5" />
			<item id="70961" count="1" />
			<item id="49488" count="20" />
		</items>
	</reward>
	<reward id="74" reward_id="1066" name="Reach Level (Lv. 52 Wizard only)" requiredCompletion="52">
		<!-- After creating a character, if you reach Lv. 52 you can get a reward for that level once. -->
		<classId>10</classId>
		<classId>25</classId>
		<classId>38</classId>
		<classId>11</classId>
		<classId>15</classId>
		<classId>26</classId>
		<classId>29</classId>
		<classId>39</classId>
		<classId>42</classId>
		<classId>12</classId>
		<classId>13</classId>
		<classId>14</classId>
		<classId>16</classId>
		<classId>17</classId>
		<classId>27</classId>
		<classId>28</classId>
		<classId>30</classId>
		<classId>40</classId>
		<classId>41</classId>
		<classId>43</classId>
		<classId>49</classId>
		<classId>50</classId>
		<classId>51</classId>
		<classId>52</classId>
		<classId>94</classId>
		<classId>95</classId>
		<classId>96</classId>
		<classId>97</classId>
		<classId>98</classId>
		<classId>103</classId>
		<classId>104</classId>
		<classId>105</classId>
		<classId>110</classId>
		<classId>111</classId>
		<classId>112</classId>
		<handler name="level">
			<param name="level">52</param>
		</handler>
		<items>
			<item id="90415" count="20" />
			<item id="29817" count="5" />
			<item id="70961" count="1" />
			<item id="49488" count="20" />
		</items>
	</reward>
	<reward id="75" reward_id="1067" name="Reach Level (Lv. 53)" requiredCompletion="53">
		<!-- After creating a character, if you reach Lv. 53 you can get a reward for that level once. -->
		<handler name="level">
			<param name="level">53</param>
		</handler>
		<items>
			<item id="90415" count="20" />
			<item id="29817" count="5" />
			<item id="49488" count="20" />
		</items>
	</reward>
	<reward id="76" reward_id="1068" name="Reach Level (Lv. 54)" requiredCompletion="54">
		<!-- After creating a character, if you reach Lv. 54 you can get a reward for that level once. -->
		<handler name="level">
			<param name="level">54</param>
		</handler>
		<items>
			<item id="90415" count="20" />
			<item id="29817" count="5" />
			<item id="49488" count="20" />
		</items>
	</reward>
	<reward id="77" reward_id="1069" name="Reach Level (Lv. 55)" requiredCompletion="55">
		<!-- After creating a character, if you reach Lv. 55 you can get a reward for that level once. -->
		<handler name="level">
			<param name="level">55</param>
		</handler>
		<items>
			<item id="90415" count="20" />
			<item id="29817" count="5" />
			<item id="29650" count="3" />
			<item id="49488" count="20" />
		</items>
	</reward>
	<reward id="78" reward_id="1070" name="Reach Level (Lv. 56)" requiredCompletion="56">
		<!-- After creating a character, if you reach Lv. 56 you can get a reward for that level once. -->
		<handler name="level">
			<param name="level">56</param>
		</handler>
		<items>
			<item id="90415" count="20" />
			<item id="29817" count="5" />
			<item id="49488" count="20" />
		</items>
	</reward>
	<reward id="79" reward_id="1071" name="Reach Level (Lv. 57)" requiredCompletion="57">
		<!-- After creating a character, if you reach Lv. 57 you can get a reward for that level once. -->
		<handler name="level">
			<param name="level">57</param>
		</handler>
		<items>
			<item id="90415" count="20" />
			<item id="29817" count="5" />
			<item id="49488" count="20" />
		</items>
	</reward>
	<reward id="80" reward_id="1072" name="Reach Level (Lv. 58)" requiredCompletion="58">
		<!-- After creating a character, if you reach Lv. 58 you can get a reward for that level once. -->
		<handler name="level">
			<param name="level">58</param>
		</handler>
		<items>
			<item id="90415" count="20" />
			<item id="29817" count="5" />
			<item id="49488" count="20" />
		</items>
	</reward>
	<reward id="81" reward_id="1073" name="Reach Level (Lv. 59)" requiredCompletion="59">
		<!-- After creating a character, if you reach Lv. 59 you can get a reward for that level once. -->
		<handler name="level">
			<param name="level">59</param>
		</handler>
		<items>
			<item id="90415" count="20" />
			<item id="29817" count="5" />
			<item id="49488" count="20" />
		</items>
	</reward>
	<reward id="82" reward_id="1074" name="Reach Level (Lv. 60)" requiredCompletion="60">
		<!-- After creating a character, if you reach Lv. 60 you can get a reward for that level once. -->
		<handler name="level">
			<param name="level">60</param>
		</handler>
		<items>
			<item id="90415" count="20" />
			<item id="29817" count="5" />
			<item id="29650" count="3" />
			<item id="49488" count="20" />
		</items>
	</reward>
	<reward id="83" reward_id="1075" name="Reach Level (Lv. 61 Warrior only)" requiredCompletion="61">
		<!-- After creating a character, if you reach Lv. 61 you can get a reward for that level once. -->
		<classId>0</classId>
		<classId>18</classId>
		<classId>31</classId>
		<classId>44</classId>
		<classId>53</classId>
		<classId>1</classId>
		<classId>4</classId>
		<classId>19</classId>
		<classId>32</classId>
		<classId>45</classId>
		<classId>56</classId>
		<classId>2</classId>
		<classId>3</classId>
		<classId>5</classId>
		<classId>6</classId>
		<classId>20</classId>
		<classId>21</classId>
		<classId>33</classId>
		<classId>34</classId>
		<classId>46</classId>
		<classId>57</classId>
		<classId>88</classId>
		<classId>89</classId>
		<classId>90</classId>
		<classId>91</classId>
		<classId>99</classId>
		<classId>100</classId>
		<classId>106</classId>
		<classId>107</classId>
		<classId>113</classId>
		<classId>117</classId>
		<classId>118</classId>
		<handler name="level">
			<param name="level">61</param>
		</handler>
		<items>
			<item id="90415" count="20" />
			<item id="29817" count="5" />
			<item id="70961" count="1" />
			<item id="49488" count="20" />
		</items>
	</reward>
	<reward id="83" reward_id="1076" name="Reach Level (Lv. 61 Warrior only)" requiredCompletion="61">
		<!-- After creating a character, if you reach Lv. 61 you can get a reward for that level once. -->
		<classId>7</classId>
		<classId>22</classId>
		<classId>35</classId>
		<classId>47</classId>
		<classId>8</classId>
		<classId>9</classId>
		<classId>23</classId>
		<classId>24</classId>
		<classId>36</classId>
		<classId>37</classId>
		<classId>54</classId>
		<classId>55</classId>
		<classId>48</classId>
		<classId>92</classId>
		<classId>93</classId>
		<classId>101</classId>
		<classId>102</classId>
		<classId>108</classId>
		<classId>109</classId>
		<classId>114</classId>
		<classId>115</classId>
		<classId>116</classId>
		<handler name="level">
			<param name="level">61</param>
		</handler>
		<items>
			<item id="90415" count="20" />
			<item id="29817" count="5" />
			<item id="70961" count="1" />
			<item id="49488" count="20" />
		</items>
	</reward>
	<reward id="83" reward_id="1077" name="Reach Level (Lv. 61 Wizard only)" requiredCompletion="61">
		<!-- After creating a character, if you reach Lv. 61 you can get a reward for that level once. -->
		<classId>10</classId>
		<classId>25</classId>
		<classId>38</classId>
		<classId>11</classId>
		<classId>15</classId>
		<classId>26</classId>
		<classId>29</classId>
		<classId>39</classId>
		<classId>42</classId>
		<classId>12</classId>
		<classId>13</classId>
		<classId>14</classId>
		<classId>16</classId>
		<classId>17</classId>
		<classId>27</classId>
		<classId>28</classId>
		<classId>30</classId>
		<classId>40</classId>
		<classId>41</classId>
		<classId>43</classId>
		<classId>49</classId>
		<classId>50</classId>
		<classId>51</classId>
		<classId>52</classId>
		<classId>94</classId>
		<classId>95</classId>
		<classId>96</classId>
		<classId>97</classId>
		<classId>98</classId>
		<classId>103</classId>
		<classId>104</classId>
		<classId>105</classId>
		<classId>110</classId>
		<classId>111</classId>
		<classId>112</classId>
		<handler name="level">
			<param name="level">61</param>
		</handler>
		<items>
			<item id="90415" count="20" />
			<item id="29817" count="5" />
			<item id="70961" count="1" />
			<item id="49488" count="20" />
		</items>
	</reward>
	<reward id="84" reward_id="1078" name="Reach Level (Lv. 62)" requiredCompletion="62">
		<!-- After creating a character, if you reach Lv. 62 you can get a reward for that level once. -->
		<handler name="level">
			<param name="level">62</param>
		</handler>
		<items>
			<item id="90415" count="20" />
			<item id="29817" count="5" />
			<item id="49488" count="20" />
		</items>
	</reward>
	<reward id="85" reward_id="1079" name="Reach Level (Lv. 63)" requiredCompletion="63">
		<!-- After creating a character, if you reach Lv. 63 you can get a reward for that level once. -->
		<handler name="level">
			<param name="level">63</param>
		</handler>
		<items>
			<item id="90415" count="20" />
			<item id="29817" count="5" />
			<item id="49488" count="20" />
		</items>
	</reward>
	<reward id="86" reward_id="1080" name="Reach Level (Lv. 64)" requiredCompletion="64">
		<!-- After creating a character, if you reach Lv. 64 you can get a reward for that level once. -->
		<handler name="level">
			<param name="level">64</param>
		</handler>
		<items>
			<item id="90415" count="20" />
			<item id="29817" count="5" />
			<item id="49488" count="20" />
		</items>
	</reward>
	<reward id="87" reward_id="1081" name="Reach Level (Lv. 65)" requiredCompletion="65">
		<!-- After creating a character, if you reach Lv. 65 you can get a reward for that level once. -->
		<handler name="level">
			<param name="level">65</param>
		</handler>
		<items>
			<item id="90415" count="20" />
			<item id="29817" count="5" />
			<item id="29650" count="3" />
			<item id="49488" count="20" />
		</items>
	</reward>
	<reward id="88" reward_id="1082" name="Reach Level (Lv. 66)" requiredCompletion="66">
		<!-- After creating a character, if you reach Lv. 66 you can get a reward for that level once. -->
		<handler name="level">
			<param name="level">66</param>
		</handler>
		<items>
			<item id="90415" count="20" />
			<item id="29817" count="5" />
			<item id="49488" count="20" />
		</items>
	</reward>
	<reward id="89" reward_id="1083" name="Reach Level (Lv. 67)" requiredCompletion="67">
		<!-- After creating a character, if you reach Lv. 67 you can get a reward for that level once. -->
		<handler name="level">
			<param name="level">67</param>
		</handler>
		<items>
			<item id="90415" count="20" />
			<item id="29817" count="5" />
			<item id="49488" count="20" />
		</items>
	</reward>
	<reward id="90" reward_id="1084" name="Reach Level (Lv. 68)" requiredCompletion="68">
		<!-- After creating a character, if you reach Lv. 68 you can get a reward for that level once. -->
		<handler name="level">
			<param name="level">68</param>
		</handler>
		<items>
			<item id="90415" count="20" />
			<item id="29817" count="5" />
			<item id="49488" count="20" />
		</items>
	</reward>
	<reward id="91" reward_id="1085" name="Reach Level (Lv. 69)" requiredCompletion="69">
		<!-- After creating a character, if you reach Lv. 69 you can get a reward for that level once. -->
		<handler name="level">
			<param name="level">69</param>
		</handler>
		<items>
			<item id="90415" count="20" />
			<item id="29817" count="5" />
			<item id="49488" count="20" />
		</items>
	</reward>
	<reward id="92" reward_id="1086" name="Reach Level (Lv. 70)" requiredCompletion="70">
		<!-- After creating a character, if you reach Lv. 70 you can get a reward for that level once. -->
		<handler name="level">
			<param name="level">70</param>
		</handler>
		<items>
			<item id="90415" count="20" />
			<item id="29817" count="5" />
			<item id="29650" count="3" />
			<item id="49488" count="20" />
		</items>
	</reward>
	<reward id="93" reward_id="1087" name="Reach Level (Lv. 71)" requiredCompletion="71">
		<!-- After creating a character, if you reach Lv. 71 you can get a reward for that level once. -->
		<handler name="level">
			<param name="level">71</param>
		</handler>
		<items>
			<item id="90415" count="20" />
			<item id="29817" count="5" />
			<item id="49488" count="20" />
		</items>
	</reward>
	<reward id="94" reward_id="1088" name="Reach Level (Lv. 72)" requiredCompletion="72">
		<!-- After creating a character, if you reach Lv. 72 you can get a reward for that level once. -->
		<handler name="level">
			<param name="level">72</param>
		</handler>
		<items>
			<item id="90415" count="20" />
			<item id="29817" count="5" />
			<item id="49488" count="20" />
		</items>
	</reward>
	<reward id="95" reward_id="1089" name="Reach Level (Lv. 73)" requiredCompletion="73">
		<!-- After creating a character, if you reach Lv. 73 you can get a reward for that level once. -->
		<handler name="level">
			<param name="level">73</param>
		</handler>
		<items>
			<item id="90415" count="20" />
			<item id="29817" count="5" />
			<item id="49488" count="20" />
		</items>
	</reward>
	<reward id="96" reward_id="1090" name="Reach Level (Lv. 74)" requiredCompletion="74">
		<!-- After creating a character, if you reach Lv. 74 you can get a reward for that level once. -->
		<handler name="level">
			<param name="level">74</param>
		</handler>
		<items>
			<item id="90415" count="20" />
			<item id="29817" count="5" />
			<item id="49488" count="20" />
		</items>
	</reward>
	<reward id="97" reward_id="1091" name="Reach Level (Lv. 75)" requiredCompletion="75">
		<!-- After creating a character, if you reach Lv. 75 you can get a reward for that level once. -->
		<handler name="level">
			<param name="level">75</param>
		</handler>
		<items>
			<item id="90415" count="20" />
			<item id="29817" count="5" />
			<item id="29650" count="3" />
			<item id="49488" count="20" />
		</items>
	</reward>
	<reward id="98" reward_id="1092" name="Reach Level (Lv. 76 Warrior only)" requiredCompletion="76">
		<!-- After creating a character, if you reach Lv. 76 you can get a reward for that level once. -->
		<classId>0</classId>
		<classId>18</classId>
		<classId>31</classId>
		<classId>44</classId>
		<classId>53</classId>
		<classId>1</classId>
		<classId>4</classId>
		<classId>19</classId>
		<classId>32</classId>
		<classId>45</classId>
		<classId>56</classId>
		<classId>2</classId>
		<classId>3</classId>
		<classId>5</classId>
		<classId>6</classId>
		<classId>20</classId>
		<classId>21</classId>
		<classId>33</classId>
		<classId>34</classId>
		<classId>46</classId>
		<classId>57</classId>
		<classId>88</classId>
		<classId>89</classId>
		<classId>90</classId>
		<classId>91</classId>
		<classId>99</classId>
		<classId>100</classId>
		<classId>106</classId>
		<classId>107</classId>
		<classId>113</classId>
		<classId>117</classId>
		<classId>118</classId>
		<handler name="level">
			<param name="level">76</param>
		</handler>
		<items>
			<item id="90415" count="30" />
			<item id="29817" count="5" />
			<item id="90157" count="1" />
			<item id="49488" count="30" />
		</items>
	</reward>
	<reward id="98" reward_id="1093" name="Reach Level (Lv. 76 Warrior only)" requiredCompletion="76">
		<!-- After creating a character, if you reach Lv. 76 you can get a reward for that level once. -->
		<classId>7</classId>
		<classId>22</classId>
		<classId>35</classId>
		<classId>47</classId>
		<classId>8</classId>
		<classId>9</classId>
		<classId>23</classId>
		<classId>24</classId>
		<classId>36</classId>
		<classId>37</classId>
		<classId>54</classId>
		<classId>55</classId>
		<classId>48</classId>
		<classId>92</classId>
		<classId>93</classId>
		<classId>101</classId>
		<classId>102</classId>
		<classId>108</classId>
		<classId>109</classId>
		<classId>114</classId>
		<classId>115</classId>
		<classId>116</classId>
		<handler name="level">
			<param name="level">76</param>
		</handler>
		<items>
			<item id="90415" count="30" />
			<item id="29817" count="5" />
			<item id="90157" count="1" />
			<item id="49488" count="30" />
		</items>
	</reward>
	<reward id="98" reward_id="1094" name="Reach Level (Lv. 76 Wizard only)" requiredCompletion="76">
		<!-- After creating a character, if you reach Lv. 76 you can get a reward for that level once. -->
		<classId>10</classId>
		<classId>25</classId>
		<classId>38</classId>
		<classId>11</classId>
		<classId>15</classId>
		<classId>26</classId>
		<classId>29</classId>
		<classId>39</classId>
		<classId>42</classId>
		<classId>12</classId>
		<classId>13</classId>
		<classId>14</classId>
		<classId>16</classId>
		<classId>17</classId>
		<classId>27</classId>
		<classId>28</classId>
		<classId>30</classId>
		<classId>40</classId>
		<classId>41</classId>
		<classId>43</classId>
		<classId>49</classId>
		<classId>50</classId>
		<classId>51</classId>
		<classId>52</classId>
		<classId>94</classId>
		<classId>95</classId>
		<classId>96</classId>
		<classId>97</classId>
		<classId>98</classId>
		<classId>103</classId>
		<classId>104</classId>
		<classId>105</classId>
		<classId>110</classId>
		<classId>111</classId>
		<classId>112</classId>
		<handler name="level">
			<param name="level">76</param>
		</handler>
		<items>
			<item id="90415" count="30" />
			<item id="29817" count="5" />
			<item id="90157" count="1" />
			<item id="49488" count="30" />
		</items>
	</reward>
	<reward id="99" reward_id="1095" name="Reach Level (Lv. 77)" requiredCompletion="77">
		<!-- After creating a character, if you reach Lv. 77 you can get a reward for that level once. -->
		<handler name="level">
			<param name="level">77</param>
		</handler>
		<items>
			<item id="90415" count="30" />
			<item id="29817" count="5" />
			<item id="29650" count="3" />
			<item id="49488" count="30" />
		</items>
	</reward>
	<reward id="100" reward_id="1096" name="Reach Level (Lv. 78)" requiredCompletion="78">
		<!-- After creating a character, if you reach Lv. 78 you can get a reward for that level once. -->
		<handler name="level">
			<param name="level">78</param>
		</handler>
		<items>
			<item id="90415" count="30" />
			<item id="29817" count="5" />
			<item id="29650" count="3" />
			<item id="49488" count="30" />
		</items>
	</reward>
	<reward id="101" reward_id="1097" name="Reach Level (Lv. 79)" requiredCompletion="79">
		<!-- After creating a character, if you reach Lv. 79 you can get a reward for that level once. -->
		<handler name="level">
			<param name="level">79</param>
		</handler>
		<items>
			<item id="90415" count="30" />
			<item id="29817" count="5" />
			<item id="29650" count="3" />
			<item id="49488" count="30" />
		</items>
	</reward>
	<reward id="102" reward_id="1098" name="Reach Level (Lv. 80)" requiredCompletion="80">
		<!-- After creating a character, if you reach Lv. 80 you can get a reward for that level once. -->
		<handler name="level">
			<param name="level">80</param>
		</handler>
		<items>
			<item id="70774" count="1" />
			<item id="70775" count="1" />
			<item id="70776" count="1" />
			<item id="70773" count="1" />
		</items>
	</reward>
	<reward id="103" reward_id="1099" name="Reach Level (Lv. 81)" requiredCompletion="81">
		<!-- After creating a character, if you reach Lv. 81 you can get a reward for that level once. -->
		<handler name="level">
			<param name="level">81</param>
		</handler>
		<items>
			<item id="90827" count="1" />
			<item id="49533" count="30" />
			<item id="90415" count="30" />
			<item id="90826" count="1" />
		</items>
	</reward>
	<reward id="104" reward_id="1100" name="Reach Level (Lv. 82)" requiredCompletion="82">
		<!-- After creating a character, if you reach Lv. 82 you can get a reward for that level once. -->
		<handler name="level">
			<param name="level">82</param>
		</handler>
		<items>
			<item id="49533" count="30" />
			<item id="90415" count="30" />
			<item id="90825" count="1" />
		</items>
	</reward>
	<reward id="105" reward_id="1101" name="Reach Level (Lv. 83)" requiredCompletion="83">
		<!-- After creating a character, if you reach Lv. 83 you can get a reward for that level once. -->
		<handler name="level">
			<param name="level">83</param>
		</handler>
		<items>
			<item id="49533" count="30" />
			<item id="90415" count="30" />
			<item id="49593" count="1" />
		</items>
	</reward>
	<reward id="106" reward_id="1102" name="Reach Level (Lv. 84)" requiredCompletion="84">
		<!-- After creating a character, if you reach Lv. 84 you can get a reward for that level once. -->
		<handler name="level">
			<param name="level">84</param>
		</handler>
		<items>
			<item id="49533" count="30" />
			<item id="90415" count="30" />
			<item id="49591" count="1" />
		</items>
	</reward>
	<reward id="224" reward_id="100" name="Login Once During the Weekend" requiredCompletion="1" isOneTime="false" duration="WEEKEND">
		<!-- Receive it when you login once during the weekend. -->
		<handler name="loginweekend" />
		<items>
			<item id="49499" count="1" />
		</items>
	</reward>
	<reward id="225" reward_id="200" name="Login Once During the Month" requiredCompletion="1" isOneTime="false" duration="MONTH">
		<!-- Receive it when you login once during the month. -->
		<handler name="loginmonth" />
		<items>
			<item id="29648" count="4" />
		</items>
	</reward>
	<reward id="226" reward_id="1" name="Quest Mania" requiredCompletion="2">
		<!-- Receive it when you complete any two quests. -->
		<handler name="quest" />
		<items>
			<item id="29648" count="1" />
		</items>
	</reward>
	<reward id="231" reward_id="2" name="Skilful Fisherman" requiredCompletion="5">
		<!-- Receive it when you fish five times, regardless of the result. -->
		<handler name="fishing" />
		<items>
			<item id="49508" count="360" />
		</items>
	</reward>
	<reward id="232" reward_id="300" name="Join the Clan!" requiredCompletion="1">
		<!-- Receive it when you join a clan. -->
		<handler name="joinclan" />
		<items>
			<item id="29978" count="1" />
		</items>
	</reward>
	<reward id="233" reward_id="3" name="Participate in 1 Olympiad Match!" requiredCompletion="1">
		<!-- Receive it when you participate in 1 Olympiad match, regardless of the result. -->
		<handler name="olympiad" />
		<items>
			<item id="70767" count="1" />
		</items>
	</reward>
	<reward id="234" reward_id="4" name="Participate in 10 Olympiad Matches!" requiredCompletion="10">
		<!-- Receive it when you participate in 10 Olympiad matches, regardless of the result. -->
		<handler name="olympiad" />
		<items>
			<item id="29648" count="1" />
		</items>
	</reward>
	<reward id="235" reward_id="5" name="Participate in 30 Olympiad Matches!" requiredCompletion="30">
		<!-- Receive it when you participate in 30 Olympiad matches, regardless of the result. -->
		<handler name="olympiad" />
		<items>
			<item id="70280" count="1" />
		</items>
	</reward>
	<reward id="241" reward_id="6" name="Win 15 Olympiad Matches!" requiredCompletion="15">
		<!-- Receive it when you win 15 Olympiad matches. -->
		<handler name="olympiad">
			<param name="winOnly">true</param>
		</handler>
		<items>
			<item id="70024" count="15" />
		</items>
	</reward>
	<reward id="250" reward_id="301" name="Explore the Devil's Isle!" requiredCompletion="100" isOneTime="false" dailyReset="false">
		<!-- Receive it when you kill 100 monsters on the Devil's Isle. -->
		<handler name="monster">
			<param name="ids">24025,24026,24027,24028,24029,24030,24031,24032,24033,24035,24039,24040</param>
		</handler>
		<items>
			<item id="29650" count="1" />
		</items>
	</reward>
	<reward id="251" reward_id="302" name="Defeat Zaken!" requiredCompletion="1">
		<!-- Receive it when you take part in Zaken Raid. You must be in the Command Channel that defeats Zaken. -->
		<handler name="monster">
			<param name="ids">29022</param>
		</handler>
		<items>
			<item id="90767" count="1" />
		</items>
	</reward>
	<reward id="252" reward_id="101" name="Participate in the Siege!" requiredCompletion="1">
		<!-- Receive it when you are a member of the clan that is registered for the siege and you are logged in when the siege starts. -->
		<handler name="siege" />
		<items>
			<item id="29648" count="1" />
		</items>
	</reward>
	<!-- TODO: enchantitem handler
	<reward id="253" reward_id="102" name="Enchant Item!" requiredCompletion="1">
		Receive it when you enchant at least 1 item, regardless of the outcome.
		<handler name="enchantitem" />
		<items>
			<item id="49489" count="1" />
		</items>
	</reward>
	-->
	<reward id="254" reward_id="7" name="Daily Hunting (Lv. 20 or lower)" requiredCompletion="30">
		<!-- Receive it when you kill any 30 monsters. Monsters that are level 6 or lower than the character are not counted. -->
		<handler name="monster">
			<param name="minLevel">1</param>
			<param name="maxLevel">20</param>
		</handler>
		<items>
			<item id="70767" count="1" />
		</items>
	</reward>
	<reward id="255" reward_id="8" name="Daily Hunting (Lv. 21-40)" requiredCompletion="30">
		<!-- Receive it when you kill any 30 monsters. Monsters that are level 6 or lower than the character are not counted. -->
		<handler name="monster">
			<param name="minLevel">21</param>
			<param name="maxLevel">40</param>
		</handler>
		<items>
			<item id="70767" count="1" />
		</items>
	</reward>
	<reward id="256" reward_id="9" name="Daily Hunting (Lv. 41-50)" requiredCompletion="30">
		<!-- Receive it when you kill any 30 monsters. Monsters that are level 6 or lower than the character are not counted. -->
		<handler name="monster">
			<param name="minLevel">41</param>
			<param name="maxLevel">50</param>
		</handler>
		<items>
			<item id="70767" count="1" />
		</items>
	</reward>
	<reward id="257" reward_id="10" name="Daily Hunting (Lv. 51-60)" requiredCompletion="30">
		<!-- Receive it when you kill any 30 monsters. Monsters that are level 6 or lower than the character are not counted. -->
		<handler name="monster">
			<param name="minLevel">51</param>
			<param name="maxLevel">60</param>
		</handler>
		<items>
			<item id="70767" count="1" />
		</items>
	</reward>
	<reward id="258" reward_id="11" name="Daily Hunting (Lv. 61-70)" requiredCompletion="30">
		<!-- Receive it when you kill any 30 monsters. Monsters that are level 6 or lower than the character are not counted. -->
		<handler name="monster">
			<param name="minLevel">61</param>
			<param name="maxLevel">70</param>
		</handler>
		<items>
			<item id="70767" count="1" />
		</items>
	</reward>
	<reward id="259" reward_id="12" name="Daily Hunting (Lv. 71-75)" requiredCompletion="30">
		<!-- Receive it when you kill any 30 monsters. Monsters that are level 6 or lower than the character are not counted. -->
		<handler name="monster">
			<param name="minLevel">71</param>
			<param name="maxLevel">75</param>
		</handler>
		<items>
			<item id="70767" count="1" />
		</items>
	</reward>
	<reward id="260" reward_id="13" name="Daily Hunting (Lv. 76 or higher)" requiredCompletion="30">
		<!-- Receive it when you kill any 30 monsters. Monsters that are level 6 or lower than the character are not counted. -->
		<handler name="monster">
			<param name="minLevel">76</param>
			<param name="maxLevel">99</param>
		</handler>
		<items>
			<item id="70767" count="1" />
		</items>
	</reward>
	<reward id="261" reward_id="103" name="Weekly Hunting (Lv. 20 or lower)" requiredCompletion="100" duration="WEEK" isOneTime="false">
		<!-- Receive it when you kill any 100 monsters. Monsters that are level 6 or lower than the character are not counted. -->
		<handler name="monster">
			<param name="minLevel">1</param>
			<param name="maxLevel">20</param>
			<param name="duration">WEEK</param>
		</handler>
		<items>
			<item id="29648" count="1" />
		</items>
	</reward>
	<reward id="262" reward_id="104" name="Weekly Hunting (Lv. 21-40)" requiredCompletion="150" duration="WEEK" isOneTime="false">
		<!-- Receive it when you kill any 150 monsters. Monsters that are level 6 or lower than the character are not counted. -->
		<handler name="monster">
			<param name="minLevel">21</param>
			<param name="maxLevel">40</param>
			<param name="duration">WEEK</param>
		</handler>
		<items>
			<item id="29648" count="1" />
		</items>
	</reward>
	<reward id="263" reward_id="105" name="Weekly Hunting (Lv. 41-50)" requiredCompletion="200" duration="WEEK" isOneTime="false">
		<!-- Receive it when you kill any 200 monsters. Monsters that are level 6 or lower than the character are not counted. -->
		<handler name="monster">
			<param name="minLevel">41</param>
			<param name="maxLevel">50</param>
			<param name="duration">WEEK</param>
		</handler>
		<items>
			<item id="29648" count="2" />
		</items>
	</reward>
	<reward id="264" reward_id="106" name="Weekly Hunting (Lv. 51-60)" requiredCompletion="250" duration="WEEK" isOneTime="false">
		<!-- Receive it when you kill any 250 monsters. Monsters that are level 6 or lower than the character are not counted. -->
		<handler name="monster">
			<param name="minLevel">51</param>
			<param name="maxLevel">60</param>
			<param name="duration">WEEK</param>
		</handler>
		<items>
			<item id="29648" count="3" />
		</items>
	</reward>
	<reward id="265" reward_id="107" name="Weekly Hunting (Lv. 61-70)" requiredCompletion="300" duration="WEEK" isOneTime="false">
		<!-- Receive it when you kill any 300 monsters. Monsters that are level 6 or lower than the character are not counted. -->
		<handler name="monster">
			<param name="minLevel">61</param>
			<param name="maxLevel">70</param>
			<param name="duration">WEEK</param>
		</handler>
		<items>
			<item id="29649" count="2" />
		</items>
	</reward>
	<reward id="266" reward_id="108" name="Weekly Hunting (Lv. 71-75)" requiredCompletion="400" duration="WEEK" isOneTime="false">
		<!-- Receive it when you kill any 400 monsters. Monsters that are level 6 or lower than the character are not counted. -->
		<handler name="monster">
			<param name="minLevel">71</param>
			<param name="maxLevel">75</param>
			<param name="duration">WEEK</param>
		</handler>
		<items>
			<item id="29650" count="2" />
		</items>
	</reward>
	<reward id="267" reward_id="109" name="Weekly Hunting (Lv. 76 or higher)" requiredCompletion="500" duration="WEEK" isOneTime="false">
		<!-- Receive it when you kill any 500 monsters. Monsters that are level 6 or lower than the character are not counted. -->
		<handler name="monster">
			<param name="minLevel">76</param>
			<param name="maxLevel">99</param>
			<param name="duration">WEEK</param>
		</handler>
		<items>
			<item id="29650" count="3" />
		</items>
	</reward>
	<reward id="1095" reward_id="110" name="Clan Raid Attack" requiredCompletion="1" duration="WEEK" isOneTime="false">
		<!-- Receive it when you defeat 1 enemy on Clan Arena. The quest for this reward available only once per week. For characters that reached Lv. 40 or higher. -->
		<handler name="monster">
			<param name="ids">25794,25795,25796,25797,25798,25799,25800,25801,25802,25803,25804,25805,25806,25807,25808,25809,25810,25811,25812,25813</param>
			<param name="minLevel">40</param>
			<param name="maxLevel">99</param>
		</handler>
		<items>
			<item id="29650" count="1" />
		</items>
	</reward>
	<reward id="1096" reward_id="303" name="Clan Raid Suppression" requiredCompletion="20" isOneTime="true" dailyReset="false">
		<!-- Receive it when you defeat 20 enemies on Clan Arena. You can get a reward only once. For characters that reached Lv. 40 or higher. -->
		<handler name="monster">
			<param name="ids">25794,25795,25796,25797,25798,25799,25800,25801,25802,25803,25804,25805,25806,25807,25808,25809,25810,25811,25812,25813</param>
			<param name="minLevel">40</param>
			<param name="maxLevel">99</param>
		</handler>
		<items>
			<item id="90160" count="1" />
		</items>
	</reward>
	<reward id="1097" reward_id="304" name="Expedition on the Forgotten Island" requiredCompletion="300" isOneTime="true" dailyReset="false">
		<!-- Receive it when you kill any 300 monsters on the Forgotten Island. You can complete the quest for this reward only once. For characters that reached Lv. 74 or higher. -->
		<handler name="monster">
			<param name="ids">21733,21734,21735,21736,21742,21743,21744,21745</param>
		</handler>
		<items>
			<item id="29650" count="1" />
		</items>
	</reward>
	<reward id="1102" reward_id="806" name="Special Daily Hunting (Lv. 35-50)" requiredCompletion="100" isOneTime="false">
		<!-- Receive it when you kill 100 Noses on Alligator Island. -->
		<handler name="monster">
			<param name="minLevel">35</param>
			<param name="maxLevel">50</param>
			<param name="ids">20793</param>
		</handler>
		<items>
			<item id="49781" count="3" />
		</items>
	</reward>
	<reward id="1103" reward_id="807" name="Special Daily Hunting (Lv. 45-60)" requiredCompletion="30">
		<!-- Receive it when you kill 30 Earth Guardians Harits in Forest of Mirrors. -->
		<handler name="monster">
			<param name="ids">21658</param>
			<param name="minLevel">45</param>
			<param name="maxLevel">60</param>
		</handler>
		<items>
			<item id="49781" count="7" />
		</items>
	</reward>
	<reward id="1104" reward_id="808" name="Special Daily Hunting (Lv. 55-70)" requiredCompletion="30">
		<!-- Receive it when you kill 30 Earth Guardians Palibati near Seal of Shilen. -->
		<handler name="monster">
			<param name="ids">21660</param>
			<param name="minLevel">55</param>
			<param name="maxLevel">70</param>
		</handler>
		<items>
			<item id="49781" count="9" />
		</items>
	</reward>
	<reward id="1105" reward_id="809" name="Special Daily Hunting (Lv. 65-75)" requiredCompletion="30">
		<!-- Receive it when you kill 30 Sharp Talon Tigers in Forsaken Plains. -->
		<handler name="monster">
			<param name="ids">21021</param>
			<param name="minLevel">65</param>
			<param name="maxLevel">75</param>
		</handler>
		<items>
			<item id="49781" count="11" />
		</items>
	</reward>
	<reward id="1106" reward_id="810" name="Special Daily Hunting (Lv. 76+)" requiredCompletion="100">
		<!-- Receive it when you kill 100 monsters from the list in Hot Springs: Ruler of Hot Springs Hot Springs Yeti, Hot Springs Buffalo, Hot Springs Grendel. -->
		<handler name="monster">
			<param name="ids">21839,21834,21834</param>
			<param name="minLevel">76</param>
			<param name="maxLevel">99</param>
		</handler>
		<items>
			<item id="90917" count="3" />
		</items>
	</reward>
	<reward id="1107" reward_id="502" name="Attribute control">
		<!-- Attribute Spirits appeared in Aden. Ask Attribute Master Svein in Aden about hem. (Only available to characters who have completed their 3rd job advancement.) -->
		<handler name="spirit">
			<param name="kind">LEARN</param>
		</handler>
		<items>
			<item id="91030" count="1" />
		</items>
	</reward>
	<reward id="1108" reward_id="504" name="Wind Hunting Guide" requiredCompletion="700" dailyReset="false" isOneTime="true">
		<!-- Go to the Wind Attribute Hinting Ground and attack monsters with Fire Attribute to deal them more damage. (Wind Attribute Hinting Ground: Land of Winds) After completion, the Hunting Guide will continue. -->
		<handler name="monster">
			<param name="minLevel">76</param>
			<param name="maxLevel">99</param>
			<param name="element">WIND</param>
		</handler>
		<items>
			<item id="91033" count="1" />
		</items>
	</reward>
	<reward id="1109" reward_id="505" name="Earth Hunting Guide" requiredCompletion="700" dailyReset="false" isOneTime="true">
		<!-- Go to the Earth Attribute Hinting Ground and attack monsters with Wind Attribute to deal them more damage. (Earth Attribute Hinting Ground: Wall of Argos) After completion, the Hunting Guide will continue. -->
		<handler name="monster">
			<param name="minLevel">76</param>
			<param name="maxLevel">99</param>
			<param name="element">EARTH</param>
		</handler>
		<items>
			<item id="91034" count="1" />
		</items>
	</reward>
	<reward id="1110" reward_id="506" name="Water Hunting Guide" requiredCompletion="700" dailyReset="false" isOneTime="true">
		<!-- Go to the Water Attribute Hinting Ground and attack monsters with Earth Attribute to deal them more damage. (Water Attribute Hinting Ground: Garden of Eva) After completion, the Hunting Guide will continue. -->
		<handler name="monster">
			<param name="minLevel">76</param>
			<param name="maxLevel">99</param>
			<param name="element">WATER</param>
		</handler>
		<items>
			<item id="91031" count="1" />
		</items>
	</reward>
	<reward id="1111" reward_id="507" name="Fire Hunting Guide" requiredCompletion="700" dailyReset="false" isOneTime="true">
		<!-- Go to the Fire Attribute Hinting Ground and attack monsters with water Attribute to deal them more damage. (Fire Attribute Hinting Ground: Forge of Gods) After completion, the Hunting Guide will continue. -->
		<handler name="monster">
			<param name="minLevel">76</param>
			<param name="maxLevel">99</param>
			<param name="element">FIRE</param>
		</handler>
		<items>
			<item id="91032" count="1" />
		</items>
	</reward>

	<reward id="1112" reward_id="508" name="Flame Spirit Lv. 3" requiredCompletion="3">
		<!-- You can get a reward for evolving Flame Spirit. Evolve Flame Spirit up to Lv. 3. You can get a reward only once. -->
		<handler name="spirit">
			<param name="element">FIRE</param>
			<param name="kind">EVOLVE</param>
		</handler>
		<items>
			<item id="91056" count="1" />
		</items>
	</reward>
	<reward id="1113" reward_id="509" name="Water Spirit Lv. 3" requiredCompletion="3">
		<!-- You can get a reward for evolving Water Spirit. Evolve Water Spirit up to Lv. 3. You can get a reward only once. -->
		<handler name="spirit">
			<param name="element">WATER</param>
			<param name="kind">EVOLVE</param>
		</handler>
		<items>
			<item id="91055" count="1" />
		</items>
	</reward>
	<reward id="1114" reward_id="510" name="Wind Spirit Lv. 3" requiredCompletion="3">
		<!-- You can get a reward for evolving Wind Spirit. Evolve Wind Spirit up to Lv. 3. You can get a reward only once. -->
		<handler name="spirit">
			<param name="element">WIND</param>
			<param name="kind">EVOLVE</param>
		</handler>
		<items>
			<item id="91057" count="1" />
		</items>
	</reward>
	<reward id="1115" reward_id="511" name="Earth Spirit Lv. 3" requiredCompletion="3">
		<!-- You can get a reward for evolving Earth Spirit. Evolve Earth Spirit up to Lv. 3. You can get a reward only once. -->
		<handler name="spirit">
			<param name="element">EARTH</param>
			<param name="kind">EVOLVE</param>
		</handler>
		<items>
			<item id="91058" count="1" />
		</items>
	</reward>
	<reward id="1116" reward_id="118" name="Attribute monsters hunting" requiredCompletion="1800" isOneTime="false" duration="WEEK">
		<!-- Receive it once a week for Attribute monster hunting. -->
		<handler name="monster">
			<param name="ids">20792,20794,20795,20796,20797,20798,20799,20800,20801,20802,20803,20849,20995,21661,21662,21663,21664,21665,21666,21667,21668,21669,21670,21671,21672,21673,21674,21675,21676,21678,21685,21686,21761,21762,21763,21764,21765,21766,21767,21768,21769,21770,21771,21772,21773,21774,21775,21776,21777,21778,21779,21780,21781,21782,21783,21784,21785,21786,21787,21788,21789,21790,21791,21792,21793,21813,21814,21815,21816,21817,21818,21819,21820,21821,21822,21823,21824,21825,21826,21827,21828,21829,21830,21831,21832</param>
			<param name="minLevel">76</param>
			<param name="maxLevel">99</param>
		</handler>
		<items>
			<item id="91030" count="5" />
		</items>
	</reward>
	<reward id="1117" reward_id="811" name="Exploration of Giant's Cave" requiredCompletion="200" isOneTime="false">
		<!-- Receive it when you kill 200 monsters at the top and lower levels of the Giant's Cave ex?ept the Giant's Cave entrance. (For characters that reached Lv. 76 or higher.) -->
		<handler name="monster">
			<param name="ids">20651,20652,20654,20656,20657,20658,24015,24016,24021,24022,20655,20771</param>
			<param name="minLevel">76</param>
			<param name="maxLevel">99</param>
		</handler>
		<items>
			<item id="91030" count="2" />
			<item id="90917" count="3" />
		</items>
	</reward>
	<reward id="1118" reward_id="812" name="Exploration of Forgotten Island" requiredCompletion="200" isOneTime="false" dailyReset="false">
		<!-- Receive it when you kill 200 monsters in inner part of Forgotten Island. (For characters that reached Lv. 78 or higher.) -->
		<handler name="monster">
			<param name="ids">21737,21738,21739,21740,21741,21746,21747,21748,21749,21750,21752,21753</param>
			<param name="minLevel">78</param>
			<param name="maxLevel">99</param>
		</handler>
		<items>
			<item id="91030" count="2" />
			<item id="90917" count="3" />
		</items>
	</reward>
	<reward id="1119" reward_id="813" name="Exploration of Varka Silenos Barracks" requiredCompletion="300" isOneTime="false" dailyReset="false">
		<!-- Receive it when you kill 300 monsters in Varka Silenos Barracks. (For characters that reached Lv. 78 or higher.) -->
		<handler name="monster">
			<param name="ids">21869,21870,21871,21876,21877,21878,21879,21888</param>
			<param name="minLevel">78</param>
			<param name="maxLevel">99</param>
		</handler>
		<items>
			<item id="91030" count="2" />
			<item id="90917" count="3" />
		</items>
	</reward>
	<reward id="1120" reward_id="814" name="Exploration of Ketra Orc Outpost" requiredCompletion="300" isOneTime="false" dailyReset="false">
		<!-- Receive it when you kill 300 monsters in Ketra Orc Outpost. (For characters that reached Lv. 78 or higher.) -->
		<handler name="monster">
			<param name="ids">21854,21855,81856,21857,21866,21867</param>
			<param name="minLevel">78</param>
			<param name="maxLevel">99</param>
		</handler>
		<items>
			<item id="91030" count="2" />
			<item id="90917" count="3" />
		</items>
	</reward>
	<reward id="1121" reward_id="815" name="Killing of Spirit King Ignis" requiredCompletion="10" isOneTime="true" dailyReset="false">
		<!-- You can get a reward once for killing of Spirit King Ignis in his residence 10 times. (Only for characters that reached Lv. 76 and higher). -->
		<handler name="monster">
			<param name="ids">29105</param>
			<param name="minLevel">76</param>
			<param name="maxLevel">99</param>
		</handler>
		<items>
			<item id="91125" count="1" />
		</items>
	</reward>
	<reward id="1122" reward_id="816" name="Killing of Spirit Queen Nebula" requiredCompletion="10" isOneTime="true" dailyReset="false">
		<!-- You can get a reward once for killing of Spirit Queen Nebula in her Residence 10 times. (Only for characters that reached Lv. 76 and higher). -->
		<handler name="monster">
			<param name="ids">29106</param>
			<param name="minLevel">76</param>
			<param name="maxLevel">99</param>
		</handler>
		<items>
			<item id="91126" count="1" />
		</items>
	</reward>
	<reward id="1123" reward_id="817" name="Killing of Spirit King Procella" requiredCompletion="10" isOneTime="true" dailyReset="false">
		<!-- You can get a reward once for killing of Spirit King Procella in his Residence 10 times. (Only for characters that reached Lv. 76 and higher). -->
		<handler name="monster">
			<param name="ids">29107</param>
			<param name="minLevel">76</param>
			<param name="maxLevel">99</param>
		</handler>
		<items>
			<item id="91127" count="1" />
		</items>
	</reward>
	<reward id="1124" reward_id="818" name="Killing of Spirit King Petram" requiredCompletion="10" isOneTime="true" dailyReset="false">
		<!-- You can get a reward once for killing of Spirit King Petram in his Residence 10 times. (Only for characters that reached Lv. 76 and higher). -->
		<handler name="monster">
			<param name="ids">29108</param>
			<param name="minLevel">76</param>
			<param name="maxLevel">99</param>
		</handler>
		<items>
			<item id="91128" count="1" />
		</items>
	</reward>
	<reward id="1125" reward_id="1103" name="Reach Level (Lv. 85)" requiredCompletion="85">
		<!-- After creating a character, if you reach Lv. 85 you can get a reward for that level once. -->
		<handler name="level">
			<param name="level">85</param>
		</handler>
		<items>
			<item id="90950" count="1" />
			<item id="90820" count="1" />
			<item id="49533" count="30" />
			<item id="49592" count="1" />
		</items>
	</reward>
	<reward id="1126" reward_id="1104" name="Reach Level (Lv. 86)" requiredCompletion="86">
		<!-- After creating a character, if you reach Lv. 86 you can get a reward for that level once. -->
		<handler name="level">
			<param name="level">86</param>
		</handler>
		<items>
			<item id="91394" count="1" />
			<item id="91395" count="1" />
			<item id="91396" count="1" />
			<item id="91393" count="1" />
		</items>
	</reward>
	<reward id="1140" reward_id="826" name="Exploration of Imperial Tomb" requiredCompletion="500" isOneTime="false" dailyReset="false">
		<!-- Receive it when you kill 500 monsters in Imperial Tomb. (For characters that reached Lv. 78 or higher.) -->
		<handler name="monster">
			<param name="ids">21396,21397,21398,21399,21400,21401,21402,21403,21404,21405,21406,21407,21408,21409,21410,21411,21412,21413,21414,21415,21416,21417,21418,21419,21420,21421,21422,21423,21424,21425,21426,21427,21428,21429,21430,21431,21432,21433,21434,21435,21436,21437,21438,21439,21440</param>
			<param name="minLevel">78</param>
			<param name="maxLevel">99</param>
		</handler>
		<items>
			<item id="91406" count="1" />
		</items>
	</reward>
	<reward id="3000" reward_id="819" name="Hero's way I" requiredCompletion="80">
		<handler name="level">
			<param name="level">80</param>
		</handler>
		<items>
			<item id="91481" count="5" /> <!-- Soul Crystal -->
		</items>
	</reward>
	<reward id="3001" reward_id="820" name="Hero's way II" requiredCompletion="81">
		<!-- When you reach Lv. 81, you will get 1 special token for learning certification skill. -->
		<handler name="level">
			<param name="level">81</param>
		</handler>
		<items>
			<item id="91481" count="10" /> <!-- Soul Crystal -->
		</items>
	</reward>
	<reward id="3002" reward_id="821" name="Hero's way III" requiredCompletion="82">
		<!-- When you reach Lv. 82, you will get 1 special token for learning certification skill. -->
		<handler name="level">
			<param name="level">82</param>
		</handler>
		<items>
			<item id="91481" count="15" /> <!-- Soul Crystal -->
		</items>
	</reward>
	<reward id="3003" reward_id="822" name="Hero's way IV" requiredCompletion="83">
		<!-- When you reach Lv. 83, you will get 1 special token for learning certification skill. -->
		<handler name="level">
			<param name="level">83</param>
		</handler>
		<items>
			<item id="91481" count="20" /> <!-- Soul Crystal -->
		</items>
	</reward>
	<reward id="3004" reward_id="823" name="Hero's way V" requiredCompletion="84">
		<!-- When you reach Lv. 84, you will get 1 special token for learning certification skill. -->
		<handler name="level">
			<param name="level">84</param>
		</handler>
		<items>
			<item id="91481" count="40" /> <!-- Soul Crystal -->
		</items>
	</reward>
	<reward id="3005" reward_id="824" name="Hero's way VI" requiredCompletion="85">
		<!-- When you reach Lv. 85, you will get 1 special token for learning certification skill. -->
		<handler name="level">
			<param name="level">85</param>
		</handler>
		<items>
			<item id="91481" count="60" /> <!-- Soul Crystal -->
		</items>
	</reward>
	<reward id="3006" reward_id="825" name="Hero's way VII" requiredCompletion="86">
		<!-- When you reach Lv. 86, you will get 1 special token for learning certification skill. -->
		<handler name="level">
			<param name="level">86</param>
		</handler>
		<items>
			<item id="91481" count="160" /> <!-- Soul Crystal -->
		</items>
	</reward>
</list>
