<?xml version="1.0" encoding="UTF-8"?>
<list xmlns:xsi="http://www.w3.org/2001/XMLSchema-instance" xsi:noNamespaceSchemaLocation="../xsd/buylist.xsd">
	<npcs>
		<npc>30315</npc>
	</npcs>
	<item id="1835" price="8" /> <!-- Soulshot (No-grade) -->
	<item id="2509" price="17" /> <!-- Spiritshot (No-grade) -->
	<item id="3947" price="40" /> <!-- Blessed Spiritshot (No-grade) -->
	<item id="5146" price="13282" /> <!-- Blessed Spiritshot Compressed Package (No-grade) -->
	<item id="5140" price="5692" /> <!-- Spiritshot Compressed Package (No-grade) -->
	<item id="5134" price="2645" /> <!-- Soulshot Compressed Package (No-grade) -->
	<item id="5262" price="44275" /> <!-- Greater Blessed Spiritshot Compressed Package (No-grade) -->
	<item id="5256" price="18975" /> <!-- Greater Spiritshot Compressed Package (No-grade) -->
	<item id="5250" price="8855" /> <!-- Greater Soulshot Compressed Package (No-grade) -->
	<item id="17" price="2" /> <!-- Wooden Arrow -->
	<item id="1341" price="3" /> <!-- Bone Arrow -->
	<item id="1342" price="7" /> <!-- Steel Arrow -->
	<item id="1060" price="103" /> <!-- Healing Potion -->
	<item id="1061" price="379" /> <!-- Major Healing Potion -->
	<item id="1831" price="86" /> <!-- Antidote -->
	<item id="1832" price="270" /> <!-- Greater Antidote -->
	<item id="1833" price="86" /> <!-- Bandage -->
	<item id="1834" price="270" /> <!-- Emergency Dressing -->
	<item id="734" price="1380" /> <!-- Wind Walk Potion -->
	<item id="735" price="2760" /> <!-- Haste Potion -->
	<item id="6035" price="2760" /> <!-- Magic Haste Potion -->
	<item id="6037" price="150" /> <!-- Cancel Sleep Scroll -->
	<item id="736" price="460" /> <!-- Scroll of Escape -->
	<item id="737" price="2300" /> <!-- Scroll of Resurrection -->
	<item id="3031" price="460" /> <!-- Spirit Ore -->
	<item id="1785" price="287" /> <!-- Soulstone -->
	<item id="5589" price="115" /> <!-- Momentum Stone -->
	<item id="1661" price="1150" /> <!-- Thief Key -->
	<item id="5192" price="115" /> <!-- Magic Rope (D-grade) -->
	<item id="5193" price="172" /> <!-- Magic Rope (C-grade) -->
	<item id="2130" price="1150" /> <!-- Gemstone (D-grade) -->
	<item id="2131" price="4500" /> <!-- Gemstone (C-grade) -->
	<item id="4679" price="750" /> <!-- Eva's Blessing -->
	<item id="8871" price="22500" /> <!-- Strategy Guide -->
</list>
