<?xml version="1.0" encoding="UTF-8"?>
<list xmlns:xsi="http://www.w3.org/2001/XMLSchema-instance" xsi:noNamespaceSchemaLocation="../xsd/buylist.xsd">
	<npcs>
		<npc>35102</npc> <!-- Greenspan -->
	</npcs>
	<item id="3960" price="50000" />
	<item id="3961" price="60000" />
	<item id="3962" price="70000" />
	<item id="3963" price="170000" />
	<item id="3964" price="170000" />
	<item id="3965" price="50000" />
	<item id="3966" price="60000" />
	<item id="3967" price="70000" />
	<item id="3968" price="170000" />
	<item id="3969" price="170000" />
</list>
