<?xml version="1.0" encoding="UTF-8"?>
<list xmlns:xsi="http://www.w3.org/2001/XMLSchema-instance" xsi:noNamespaceSchemaLocation="../xsd/buylist.xsd">
	<npcs>
		<npc>30081</npc> <!-- Helvetia -->
	</npcs>
	<item id="91927" price="28" /> <!-- Soulshot -->
	<item id="91930" price="84" /> <!-- Blessed Spiritshot -->
	<item id="6645" price="28" /> <!-- Beast Soulshot -->
	<item id="6646" price="70" /> <!-- Beast Spiritshot -->
	<item id="91912" price="42" /> <!-- HP Potion (Tradable) -->
	<item id="3031" price="560" /> <!-- Spirit Ore -->
	<item id="736" price="560" /> <!-- Scroll of Teleport -->
	<item id="1829" price="700" /> <!-- Scroll of Escape: Clan Hall -->
	<item id="1830" price="700" /> <!-- Scroll of Escape: Castle -->
	<item id="93966" price="2800" /> <!-- Pet food -->
	<item id="93967" price="168" /> <!-- Pet HP Potion (Tradable) -->
	<item id="96617" price="16800000" /> <!-- STR Dye Lv. 0 -->
	<item id="96618" price="16800000" /> <!-- CON Dye Lv. 0 -->
	<item id="96619" price="16800000" /> <!-- DEX Dye Lv. 0 -->
	<item id="96620" price="16800000" /> <!-- INT Dye Lv. 0 -->
	<item id="96621" price="16800000" /> <!-- MEN Dye Lv. 0 -->
	<item id="96622" price="16800000" /> <!-- WIT Dye Lv. 0 -->
	<item id="93406" price="2100000" /> <!-- Scroll: Enchant B-grade Weapon -->
	<item id="93407" price="336000" /> <!-- Scroll: Enchant B-grade Armor -->
	<item id="93408" price="462000" /> <!-- Scroll: Enchant C-grade Weapon -->
	<item id="93409" price="63000" /> <!-- Scroll: Enchant C-grade Armor -->
	<item id="93410" price="210000" /> <!-- Scroll: Enchant D-grade Weapon -->
	<item id="93411" price="215200" /> <!-- Scroll: Enchant D-grade Armor -->
	<item id="17" price="1" /> <!-- Wooden Arrow -->
	<item id="1341" price="1" /> <!-- Bone Arrow -->
	<item id="1342" price="2" /> <!-- Steel Arrow -->
	<item id="1343" price="2" /> <!-- Silver Arrow -->
	<item id="1344" price="4" /> <!-- Mithril Arrow -->
	<item id="94891" price="140000" /> <!-- No-grade Elemental Orb (Sealed) -->
	<item id="94892" price="280000" /> <!-- D-grade Elemental Orb (Sealed) -->
	<item id="94893" price="420000" /> <!-- C-grade Elemental Orb (Sealed) -->
	<item id="94894" price="700000" /> <!-- B-grade Elemental Orb (Sealed) -->
	<item id="94895" price="1400000" /> <!-- A-grade Elemental Orb (Sealed) -->
	<item id="95490" price="70000" /> <!-- Infinite Wooden Quiver (Sealed) -->
	<item id="95491" price="420000" /> <!-- Infinite Bone Quiver (Sealed) -->
	<item id="95497" price="1400000" /> <!-- Infinite Steel Quiver (Sealed) -->
	<item id="95493" price="7000000" /> <!-- Infinite Silver Quiver (Sealed) -->
	<item id="95494" price="28000000" /> <!-- Infinite Mithril Quiver (Sealed) -->
	<item id="92004" price="14000000" /> <!-- Inventory Expansion Ticket Lv. 1 -->
	<item id="92005" price="14000000" /> <!-- Inventory Expansion Ticket Lv. 2 -->
	<item id="92006" price="14000000" /> <!-- Inventory Expansion Ticket Lv. 3 -->
	<item id="95495" price="28000000" /> <!-- Buff Expansion Book Lv. 1 -->
	<item id="95496" price="28000000" /> <!-- Buff Expansion Book Lv. 2 -->
	<item id="94185" price="24000000" /> <!-- Life Stone Lv. 1 - Weapon -->
	<item id="94187" price="1080000" /> <!-- Life Stone Lv. 1 - Armor -->
	<item id="93099" price="1380000" /> <!-- Life Stone Lv. 1 - Shield / Symbol -->
	<item id="1831" price="105" /> <!-- Antidote -->
	<item id="1832" price="252" /> <!-- Greater Antiddote -->
	<item id="1833" price="105" /> <!-- Bandage -->
	<item id="1834" price="252" /> <!-- Emergency Dressing -->
	<item id="734" price="1680" /> <!-- Wind Walk Potion -->
	<item id="735" price="3660" /> <!-- Haste Potion -->
	<item id="6035" price="3360" /> <!-- Cast Quickening Potion -->
	<item id="6037" price="140" /> <!-- Scroll: Cancel Sleep -->
	<item id="1785" price="350" /> <!-- Soulstone -->
	<item id="5589" price="140" /> <!-- Momentum Stone -->
	<item id="4679" price="700" /> <!-- Blessing of Eva -->
	<item id="8615" price="49000" /> <!-- Summoning Crystal -->
	<item id="93662" price="980" /> <!-- Facelifting Potion A -->
	<item id="93663" price="980" /> <!-- Facelifting Potion B -->
	<item id="93664" price="980" /> <!-- Facelifting Potion C -->
	<item id="93665" price="980" /> <!-- Dye Potion - A -->
	<item id="93666" price="980" /> <!-- Dye Potion - B -->
	<item id="93667" price="980" /> <!-- Dye Potion - C -->
	<item id="93668" price="980" /> <!-- Dye Potion - D -->
	<item id="93669" price="980" /> <!-- Hair Style Potion - A -->
	<item id="93670" price="980" /> <!-- Hair Style Potion - B -->
	<item id="93671" price="980" /> <!-- Hair Style Potion - C -->
	<item id="93672" price="980" /> <!-- Hair Style Potion - D -->
	<item id="93673" price="980" /> <!-- Hair Style Potion - E -->
	<item id="93674" price="980" /> <!-- Hair Style Potion - F -->
	<item id="93675" price="980" /> <!-- Hair Style Potion - G -->
	<item id="94041" price="140000" /> <!-- Scroll of Gear Restoration -->
</list>