<?xml version="1.0" encoding="UTF-8"?>
<list xmlns:xsi="http://www.w3.org/2001/XMLSchema-instance" xsi:noNamespaceSchemaLocation="../xsd/buylist.xsd">
	<npcs>
		<npc>30178</npc> <!-- Zenkin -->
	</npcs>
	<item id="1104" price="12700" /> <!-- Stockings of Devotion -->
	<item id="1101" price="20300" /> <!-- Tunic of Devotion -->
	<item id="102" price="7110" /> <!-- Round Shield -->
	<item id="50" price="6770" /> <!-- Leather Gloves -->
	<item id="38" price="6770" /> <!-- Low Boots -->
	<item id="44" price="10200" /> <!-- Leather Helm -->
	<item id="1105" price="27600" /> <!-- Stockings of Magic -->
	<item id="1102" price="36900" /> <!-- Tunic of Magic -->
	<item id="625" price="12900" /> <!-- Bone Shield -->
	<item id="51" price="12300" /> <!-- Bracer -->
	<item id="39" price="12300" /> <!-- Boots -->
	<item id="1148" price="18400" /> <!-- Durable Leather Helmet -->
	<item id="465" price="39100" /> <!-- Crused Stockings -->
	<item id="432" price="62600" /> <!-- Crused Tunic -->
	<item id="626" price="21900" /> <!-- Bronze Shield -->
	<item id="604" price="20900" /> <!-- Quality Leather Gloves -->
	<item id="40" price="20900" /> <!-- Leather Boots -->
	<item id="45" price="31300" /> <!-- Bone Helmet -->
	<item id="467" price="62500" /> <!-- Dark Stockings -->
	<item id="434" price="99900" /> <!-- White Tunic -->
	<item id="468" price="62500" /> <!-- Wizard Stockings -->
	<item id="435" price="99900" /> <!-- Wizard Tunic -->
	<item id="627" price="35000" /> <!-- Aspis -->
	<item id="605" price="33300" /> <!-- Leather Gauntlets -->
	<item id="1123" price="33300" /> <!-- Blue Buckskin Boots -->
	<item id="46" price="50000" /> <!-- Bronze Helmet -->
	<item id="469" price="95200" /> <!-- Stockings of Knowledge -->
	<item id="436" price="152000" /> <!-- Tunic of Knowledge -->
</list>
