<?xml version="1.0" encoding="UTF-8"?>
<list xmlns:xsi="http://www.w3.org/2001/XMLSchema-instance" xsi:noNamespaceSchemaLocation="../xsd/buylist.xsd">
	<npcs>
		<npc>30314</npc>
	</npcs>
	<item id="908" price="11900" /> <!-- Necklace of Wisdom -->
	<item id="845" price="8890" /> <!-- Cat's Eye Earring -->
	<item id="877" price="5920" /> <!-- Ring of Wisdom -->
	<item id="909" price="21300" /> <!-- Blue Diamond Necklace -->
	<item id="846" price="16000" /> <!-- Coral Earring -->
	<item id="878" price="10700" /> <!-- Blue Coral Ring -->
	<item id="910" price="35900" /> <!-- Necklace of Devotion -->
	<item id="847" price="26900" /> <!-- Red Crescent -->
	<item id="890" price="18000" /> <!-- Ring of Devotion -->
</list>
