<?xml version='1.0' encoding='utf-8'?>
<list xmlns:xsi="http://www.w3.org/2001/XMLSchema-instance" xsi:noNamespaceSchemaLocation="xsd/ArmorSets.xsd">
	<armorset name="Wooden Set" chest="23" legs="2386" head="43" gloves="0" feet="0" skillId="3500" shield="0" shieldSkillId="0" enchant6Skill="0" />
	<armorset name="Devotion Set" chest="1101" legs="1104" head="44" gloves="0" feet="0" skillId="3501" shield="0" shieldSkillId="0" enchant6Skill="0" />
	<armorset name="Mithril Robe Set" chest="58" legs="59" head="47" gloves="0" feet="0" skillId="3502" shield="628" shieldSkillId="3543" enchant6Skill="3611" />
	<armorset name="Brigandine Set" chest="352" legs="2378" head="2411" gloves="0" feet="0" skillId="3506" shield="2493" shieldSkillId="3544" enchant6Skill="3611" />
	<armorset name="Reinforced Leather Set" chest="394" legs="416" head="0" gloves="0" feet="2422" skillId="3503" shield="0" shieldSkillId="0" enchant6Skill="3612" />
	<armorset name="Manticore Skin Set" chest="395" legs="417" head="0" gloves="0" feet="2424" skillId="3505" shield="0" shieldSkillId="0" enchant6Skill="3612" />
	<armorset name="Knowledge Set" chest="436" legs="469" head="0" gloves="2447" feet="0" skillId="3504" shield="0" shieldSkillId="0" enchant6Skill="3613" />
	<armorset name="Mithril Robe Set" chest="437" legs="470" head="0" gloves="2450" feet="0" skillId="3507" shield="0" shieldSkillId="0" enchant6Skill="3613" />
	<armorset name="Chain Mail Set" chest="354" legs="381" head="2413" gloves="0" feet="0" skillId="3509" shield="2495" shieldSkillId="3545" enchant6Skill="3614" />
	<armorset name="Composite Set" chest="60" legs="0" head="517" gloves="0" feet="0" skillId="3512" shield="107" shieldSkillId="3546" enchant6Skill="3614" />
	<armorset name="Full Plate Set" chest="356" legs="0" head="2414" gloves="0" feet="0" skillId="3516" shield="2497" shieldSkillId="3547" enchant6Skill="3614" />
	<armorset name="Mithril Light Set" chest="397" legs="2387" head="0" gloves="0" feet="62" skillId="3508" shield="0" shieldSkillId="0" enchant6Skill="3615" />
	<armorset name="Plated Leather Set" chest="398" legs="418" head="0" gloves="0" feet="2431" skillId="3511" shield="0" shieldSkillId="0" enchant6Skill="3615" />
	<armorset name="Theca Leather Set" chest="400" legs="420" head="0" gloves="0" feet="2436" skillId="3514" shield="0" shieldSkillId="0" enchant6Skill="3615" />
	<armorset name="Drake Leather Set" chest="401" legs="0" head="0" gloves="0" feet="2437" skillId="3515" shield="0" shieldSkillId="0" enchant6Skill="3615" />
	<armorset name="Karmian Set" chest="439" legs="471" head="0" gloves="2454" feet="0" skillId="3510" shield="0" shieldSkillId="0" enchant6Skill="3616" />
	<armorset name="Demon Set" chest="441" legs="472" head="0" gloves="2459" feet="0" skillId="3513" shield="0" shieldSkillId="0" enchant6Skill="3616" />
	<armorset name="Divine Set" chest="442" legs="473" head="0" gloves="2463" feet="0" skillId="3517" shield="0" shieldSkillId="0" enchant6Skill="3616" />
	<armorset name="Zubei Heavy Set" chest="357" legs="383" head="503" gloves="5710" feet="5726" skillId="3518" shield="0" shieldSkillId="0" enchant6Skill="3617" />
	<armorset name="Zubei Light Set" chest="2384" legs="2388" head="503" gloves="5711" feet="5727" skillId="3520" shield="0" shieldSkillId="0" enchant6Skill="3618" />
	<armorset name="Zubei Robe Set" chest="2397" legs="2402" head="503" gloves="5712" feet="5728" skillId="3522" shield="0" shieldSkillId="0" enchant6Skill="3619" />
	<armorset name="Avadon Heavy Set" chest="2376" legs="2379" head="2415" gloves="5714" feet="5730" skillId="3519" shield="673" shieldSkillId="3548" enchant6Skill="3617" />
	<armorset name="Avadon Light Set" chest="2390" legs="0" head="2415" gloves="5715" feet="5731" skillId="3521" shield="0" shieldSkillId="0" enchant6Skill="3618" />
	<armorset name="Avadon Robe Set" chest="2406" legs="0" head="2415" gloves="5716" feet="5732" skillId="3523" shield="0" shieldSkillId="0" enchant6Skill="3619" />
	<armorset name="Blue Wolf Heavy Set" chest="358" legs="2380" head="2416" gloves="5718" feet="5734" skillId="3524" shield="0" shieldSkillId="0" enchant6Skill="3617" />
	<armorset name="Blue Wolf Light Set" chest="2391" legs="0" head="2416" gloves="5719" feet="5735" skillId="3526" shield="0" shieldSkillId="0" enchant6Skill="3618" />
	<armorset name="Blue Wolf Robe Set" chest="2398" legs="2403" head="2416" gloves="5720" feet="5736" skillId="3528" shield="0" shieldSkillId="0" enchant6Skill="3619" />
	<armorset name="Doom Heavy Set" chest="2381" legs="0" head="2417" gloves="5722" feet="5738" skillId="3525" shield="110" shieldSkillId="3549" enchant6Skill="3617" />
	<armorset name="Doom Light Set" chest="2392" legs="0" head="2417" gloves="5723" feet="5739" skillId="3527" shield="0" shieldSkillId="0" enchant6Skill="3618" />
	<armorset name="Doom Robe Set" chest="2399" legs="2404" head="2417" gloves="5724" feet="5740" skillId="3529" shield="0" shieldSkillId="0" enchant6Skill="3619" />
	<armorset name="Dark Crystal Heavy Set" chest="365" legs="388" head="512" gloves="5765" feet="5777" skillId="3530" shield="641" shieldSkillId="3550" enchant6Skill="3620" />
	<armorset name="Dark Crystal Light Set" chest="2385" legs="2389" head="512" gloves="5766" feet="5778" skillId="3532" shield="0" shieldSkillId="0" enchant6Skill="3621" />
	<armorset name="Dark Crystal Robe Set" chest="2407" legs="0" head="512" gloves="5767" feet="5779" skillId="3535" shield="0" shieldSkillId="0" enchant6Skill="3622" />
	<armorset name="Tallum Heavy Set" chest="2382" legs="0" head="547" gloves="5768" feet="5780" skillId="3531" shield="0" shieldSkillId="0" enchant6Skill="3620" />
	<armorset name="Tallum Light Set" chest="2393" legs="0" head="547" gloves="5769" feet="5781" skillId="3533" shield="0" shieldSkillId="0" enchant6Skill="3621" />
	<armorset name="Tallum Robe Set" chest="2400" legs="2405" head="547" gloves="5770" feet="5782" skillId="3534" shield="0" shieldSkillId="0" enchant6Skill="3622" />
	<armorset name="Nightmare Heavy Set" chest="374" legs="0" head="2418" gloves="5771" feet="5783" skillId="3536" shield="2498" shieldSkillId="3551" enchant6Skill="3620" />
	<armorset name="Nightmare Light Set" chest="2394" legs="0" head="2418" gloves="5772" feet="5784" skillId="3538" shield="0" shieldSkillId="0" enchant6Skill="3621" />
	<armorset name="Nightmare Robe Set" chest="2408" legs="0" head="2418" gloves="5773" feet="5785" skillId="3540" shield="0" shieldSkillId="0" enchant6Skill="3622" />
	<armorset name="Majestic Heavy Set" chest="2383" legs="0" head="2419" gloves="5774" feet="5786" skillId="3537" shield="0" shieldSkillId="0" enchant6Skill="3620" />
	<armorset name="Majestic Leather Set" chest="2395" legs="0" head="2419" gloves="5775" feet="5787" skillId="3539" shield="0" shieldSkillId="0" enchant6Skill="3621" />
	<armorset name="Majestic Robe Set" chest="2409" legs="0" head="2419" gloves="5776" feet="5788" skillId="3541" shield="0" shieldSkillId="0" enchant6Skill="3622" />
	<armorset name="Imperial Crusader Set" chest="6373" legs="6374" head="6378" gloves="6375" feet="6376" skillId="3553" shield="6377" shieldSkillId="3554" enchant6Skill="3623" />
	<armorset name="Draconic Leather Set" chest="6379" legs="0" head="6382" gloves="6380" feet="6381" skillId="3555" shield="0" shieldSkillId="0" enchant6Skill="3624" />
	<armorset name="Major Arcana Set" chest="6383" legs="0" head="6386" gloves="6384" feet="6385" skillId="3556" shield="0" shieldSkillId="0" enchant6Skill="3625" />
	<armorset name="Clan Oath Heavy Set" chest="7851" legs="0" head="7850" gloves="7852" feet="7853" skillId="3605" shield="0" shieldSkillId="0" enchant6Skill="3611" />
	<armorset name="Clan Oath Light Set" chest="7854" legs="0" head="7850" gloves="7855" feet="7856" skillId="3606" shield="0" shieldSkillId="0" enchant6Skill="3612" />
	<armorset name="Clan Oath Robe Set" chest="7857" legs="0" head="7850" gloves="7858" feet="7859" skillId="3607" shield="0" shieldSkillId="0" enchant6Skill="3613" />
	<armorset name="Apella Heavy Set" chest="7861" legs="0" head="7860" gloves="7862" feet="7863" skillId="3608" shield="0" shieldSkillId="0" enchant6Skill="3620" />
	<armorset name="Apella Light Set" chest="7864" legs="0" head="7860" gloves="7865" feet="7866" skillId="3609" shield="0" shieldSkillId="0" enchant6Skill="3621" />
	<armorset name="Apella Robe Set" chest="7867" legs="0" head="7860" gloves="7868" feet="7869" skillId="3610" shield="0" shieldSkillId="0" enchant6Skill="3622" />
</list>