<?xml version='1.0' encoding='utf-8'?>
<list xmlns:xsi="http://www.w3.org/2001/XMLSchema-instance" xsi:noNamespaceSchemaLocation="xsd/Fish.xsd">
	<fish id="6411" level="1" hp="100" hpRegen="4" type="1" group="1" guts="500" gutsCheckTime="5000" waitTime="20000" combatTime="24000" /> <!-- Small Green Nimble Fish -->
	<fish id="6412" level="1" hp="116" hpRegen="4" type="2" group="1" guts="502" gutsCheckTime="5000" waitTime="20000" combatTime="27000" /> <!-- Small Green Ugly Fish -->
	<fish id="6413" level="1" hp="132" hpRegen="4" type="0" group="1" guts="504" gutsCheckTime="5000" waitTime="20000" combatTime="31000" /> <!-- Small Green Pudgy Fish -->
	<fish id="6414" level="2" hp="150" hpRegen="6" type="1" group="1" guts="506" gutsCheckTime="5000" waitTime="20000" combatTime="25000" /> <!-- Green Nimble Fish -->
	<fish id="6415" level="2" hp="168" hpRegen="6" type="2" group="1" guts="508" gutsCheckTime="5000" waitTime="20000" combatTime="28000" /> <!-- Green Ugly Fish -->
	<fish id="6416" level="2" hp="188" hpRegen="6" type="0" group="1" guts="510" gutsCheckTime="5000" waitTime="20000" combatTime="31000" /> <!-- Green Pudgy Fish -->
	<fish id="6417" level="3" hp="208" hpRegen="8" type="1" group="1" guts="512" gutsCheckTime="5000" waitTime="20000" combatTime="26000" /> <!-- Large Green Nimble Fish -->
	<fish id="6418" level="3" hp="230" hpRegen="8" type="2" group="1" guts="514" gutsCheckTime="5000" waitTime="20000" combatTime="29000" /> <!-- Large Green Ugly Fish -->
	<fish id="6419" level="3" hp="252" hpRegen="8" type="0" group="1" guts="516" gutsCheckTime="5000" waitTime="20000" combatTime="32000" /> <!-- Large Green Pudgy Fish -->
	<fish id="6420" level="4" hp="276" hpRegen="10" type="1" group="1" guts="518" gutsCheckTime="5000" waitTime="20000" combatTime="28000" /> <!-- Small Jade Nimble Fish -->
	<fish id="6421" level="4" hp="300" hpRegen="10" type="2" group="1" guts="520" gutsCheckTime="5000" waitTime="20000" combatTime="31000" /> <!-- Small Jade Ugly Fish -->
	<fish id="6422" level="4" hp="310" hpRegen="10" type="0" group="1" guts="522" gutsCheckTime="5000" waitTime="20000" combatTime="32000" /> <!-- Small Jade Fat Fish -->
	<fish id="6423" level="5" hp="320" hpRegen="11" type="1" group="1" guts="524" gutsCheckTime="5000" waitTime="20000" combatTime="30000" /> <!-- Jade Nimble Fish -->
	<fish id="6424" level="5" hp="330" hpRegen="11" type="2" group="1" guts="526" gutsCheckTime="4000" waitTime="20000" combatTime="31000" /> <!-- Jade Ugly Fish -->
	<fish id="6425" level="5" hp="340" hpRegen="11" type="0" group="1" guts="528" gutsCheckTime="4000" waitTime="20000" combatTime="32000" /> <!-- Jade Fat Fish -->
	<fish id="6426" level="6" hp="350" hpRegen="12" type="1" group="1" guts="530" gutsCheckTime="4000" waitTime="20000" combatTime="30000" /> <!-- Big Jade Nimble Fish -->
	<fish id="6427" level="6" hp="360" hpRegen="12" type="2" group="1" guts="532" gutsCheckTime="4000" waitTime="20000" combatTime="31000" /> <!-- Big Jade Ugly Fish -->
	<fish id="6428" level="6" hp="370" hpRegen="12" type="0" group="1" guts="534" gutsCheckTime="4000" waitTime="20000" combatTime="32000" /> <!-- Big Jade Fat Fish -->
	<fish id="6429" level="7" hp="380" hpRegen="12" type="1" group="1" guts="536" gutsCheckTime="4000" waitTime="20000" combatTime="31000" /> <!-- Small Blue Nimble Fish -->
	<fish id="6430" level="7" hp="390" hpRegen="13" type="2" group="1" guts="538" gutsCheckTime="4000" waitTime="20000" combatTime="31000" /> <!-- Small Blue Ugly Fish -->
	<fish id="6431" level="7" hp="400" hpRegen="13" type="0" group="1" guts="540" gutsCheckTime="4000" waitTime="20000" combatTime="32000" /> <!-- Small Blue Fat Fish -->
	<fish id="6432" level="8" hp="410" hpRegen="13" type="1" group="1" guts="542" gutsCheckTime="4000" waitTime="20000" combatTime="31000" /> <!-- Blue Nimble Fish -->
	<fish id="6433" level="8" hp="420" hpRegen="13" type="2" group="1" guts="544" gutsCheckTime="4000" waitTime="20000" combatTime="32000" /> <!-- Blue Ugly Fish -->
	<fish id="6434" level="8" hp="430" hpRegen="14" type="0" group="1" guts="546" gutsCheckTime="4000" waitTime="20000" combatTime="31000" /> <!-- Blue Fat Fish -->
	<fish id="6435" level="9" hp="506" hpRegen="17" type="1" group="1" guts="548" gutsCheckTime="4000" waitTime="20000" combatTime="29000" /> <!-- Big Blue Nimble Fish -->
	<fish id="6436" level="9" hp="518" hpRegen="17" type="2" group="1" guts="550" gutsCheckTime="4000" waitTime="20000" combatTime="30000" /> <!-- Big Blue Ugly Fish -->
	<fish id="6437" level="9" hp="529" hpRegen="17" type="0" group="1" guts="552" gutsCheckTime="4000" waitTime="20000" combatTime="31000" /> <!-- Big Blue Fat Fish -->
	<fish id="6438" level="10" hp="541" hpRegen="18" type="1" group="1" guts="554" gutsCheckTime="4000" waitTime="20000" combatTime="30000" /> <!-- Small Yellow Nimble Fish -->
	<fish id="6439" level="10" hp="552" hpRegen="18" type="2" group="1" guts="556" gutsCheckTime="4000" waitTime="20000" combatTime="30000" /> <!-- Small Yellow Ugly Fish -->
	<fish id="6440" level="10" hp="564" hpRegen="18" type="0" group="1" guts="558" gutsCheckTime="4000" waitTime="20000" combatTime="31000" /> <!-- Small Yellow Fat Fish -->
	<fish id="6441" level="11" hp="575" hpRegen="19" type="1" group="1" guts="560" gutsCheckTime="4000" waitTime="20000" combatTime="30000" /> <!-- Yellow Nimble Fish -->
	<fish id="6442" level="11" hp="587" hpRegen="19" type="2" group="1" guts="562" gutsCheckTime="4000" waitTime="20000" combatTime="31000" /> <!-- Yellow Ugly Fish -->
	<fish id="6443" level="11" hp="598" hpRegen="19" type="0" group="1" guts="564" gutsCheckTime="4000" waitTime="20000" combatTime="31000" /> <!-- Yellow Fat Fish -->
	<fish id="6444" level="12" hp="610" hpRegen="20" type="1" group="1" guts="566" gutsCheckTime="4000" waitTime="20000" combatTime="30000" /> <!-- Big Yellow Nimble Fish -->
	<fish id="6445" level="12" hp="621" hpRegen="20" type="2" group="1" guts="568" gutsCheckTime="4000" waitTime="20000" combatTime="31000" /> <!-- Big Yellow Ugly Fish -->
	<fish id="6446" level="12" hp="633" hpRegen="20" type="0" group="1" guts="570" gutsCheckTime="4000" waitTime="20000" combatTime="31000" /> <!-- Big Yellow Fat Fish -->
	<fish id="6447" level="13" hp="644" hpRegen="21" type="1" group="1" guts="572" gutsCheckTime="4000" waitTime="20000" combatTime="30000" /> <!-- Small Orange Nimble Fish -->
	<fish id="6448" level="13" hp="656" hpRegen="21" type="2" group="1" guts="574" gutsCheckTime="4000" waitTime="20000" combatTime="31000" /> <!-- Small Orange Ugly Fish -->
	<fish id="6449" level="13" hp="667" hpRegen="21" type="0" group="1" guts="576" gutsCheckTime="3000" waitTime="20000" combatTime="32000" /> <!-- Small Orange Fat Fish -->
	<fish id="6450" level="14" hp="679" hpRegen="22" type="1" group="1" guts="578" gutsCheckTime="3000" waitTime="20000" combatTime="31000" /> <!-- Orange Nimble Fish -->
	<fish id="6451" level="14" hp="690" hpRegen="22" type="2" group="1" guts="580" gutsCheckTime="3000" waitTime="20000" combatTime="31000" /> <!-- Orange Ugly Fish -->
	<fish id="6452" level="14" hp="702" hpRegen="22" type="0" group="1" guts="582" gutsCheckTime="3000" waitTime="20000" combatTime="32000" /> <!-- Orange Fat Fish -->
	<fish id="6453" level="15" hp="713" hpRegen="25" type="1" group="1" guts="584" gutsCheckTime="3000" waitTime="20000" combatTime="29000" /> <!-- Big Orange Nimble Fish -->
	<fish id="6454" level="15" hp="819" hpRegen="27" type="2" group="1" guts="586" gutsCheckTime="3000" waitTime="20000" combatTime="30000" /> <!-- Big Orange Ugly Fish -->
	<fish id="6455" level="15" hp="832" hpRegen="28" type="0" group="1" guts="588" gutsCheckTime="3000" waitTime="20000" combatTime="30000" /> <!-- Big Orange Fat Fish -->
	<fish id="6456" level="16" hp="845" hpRegen="29" type="1" group="1" guts="590" gutsCheckTime="3000" waitTime="20000" combatTime="29000" /> <!-- Small Purple Nimble Fish -->
	<fish id="6457" level="16" hp="858" hpRegen="29" type="2" group="1" guts="592" gutsCheckTime="3000" waitTime="20000" combatTime="30000" /> <!-- Small Purple Ugly Fish -->
	<fish id="6458" level="16" hp="871" hpRegen="29" type="0" group="1" guts="594" gutsCheckTime="3000" waitTime="20000" combatTime="30000" /> <!-- Small Purple Fat Fish -->
	<fish id="6459" level="17" hp="884" hpRegen="29" type="1" group="1" guts="596" gutsCheckTime="3000" waitTime="20000" combatTime="30000" /> <!-- Purple Nimble Fish -->
	<fish id="6460" level="17" hp="897" hpRegen="30" type="2" group="1" guts="598" gutsCheckTime="3000" waitTime="20000" combatTime="30000" /> <!-- Purple Ugly Fish -->
	<fish id="6461" level="17" hp="910" hpRegen="29" type="0" group="1" guts="600" gutsCheckTime="3000" waitTime="20000" combatTime="31000" /> <!-- Purple Fat Fish -->
	<fish id="6462" level="18" hp="923" hpRegen="31" type="1" group="1" guts="602" gutsCheckTime="3000" waitTime="20000" combatTime="30000" /> <!-- Big Purple Nimble Fish -->
	<fish id="6463" level="18" hp="936" hpRegen="31" type="2" group="1" guts="604" gutsCheckTime="3000" waitTime="20000" combatTime="30000" /> <!-- Big Purple Ugly Fish -->
	<fish id="6464" level="18" hp="949" hpRegen="31" type="0" group="1" guts="606" gutsCheckTime="3000" waitTime="20000" combatTime="31000" /> <!-- Big Purple Fat Fish -->
	<fish id="6465" level="19" hp="962" hpRegen="34" type="1" group="1" guts="608" gutsCheckTime="3000" waitTime="20000" combatTime="28000" /> <!-- Small Red Nimble Fish -->
	<fish id="6466" level="19" hp="1125" hpRegen="39" type="2" group="1" guts="610" gutsCheckTime="3000" waitTime="20000" combatTime="29000" /> <!-- Small Red Ugly Fish -->
	<fish id="6467" level="19" hp="1140" hpRegen="39" type="0" group="1" guts="612" gutsCheckTime="3000" waitTime="20000" combatTime="29000" /> <!-- Small Red Fat Fish -->
	<fish id="6468" level="20" hp="1155" hpRegen="40" type="1" group="1" guts="614" gutsCheckTime="3000" waitTime="20000" combatTime="29000" /> <!-- Red Nimble Fish -->
	<fish id="6469" level="20" hp="1170" hpRegen="40" type="2" group="1" guts="616" gutsCheckTime="3000" waitTime="20000" combatTime="29000" /> <!-- Red Ugly Fish -->
	<fish id="6470" level="20" hp="1185" hpRegen="40" type="0" group="1" guts="618" gutsCheckTime="3000" waitTime="20000" combatTime="30000" /> <!-- Red Fat Fish -->
	<fish id="6471" level="21" hp="1200" hpRegen="41" type="1" group="1" guts="620" gutsCheckTime="3000" waitTime="20000" combatTime="29000" /> <!-- Big Red Nimble Fish -->
	<fish id="6472" level="21" hp="1215" hpRegen="42" type="2" group="1" guts="622" gutsCheckTime="3000" waitTime="20000" combatTime="29000" /> <!-- Big Red Ugly Fish -->
	<fish id="6473" level="21" hp="1230" hpRegen="46" type="0" group="1" guts="624" gutsCheckTime="3000" waitTime="20000" combatTime="27000" /> <!-- Big Red Fat Fish -->
	<fish id="6474" level="22" hp="1453" hpRegen="56" type="1" group="1" guts="626" gutsCheckTime="2000" waitTime="20000" combatTime="26000" /> <!-- Small White Nimble Fish -->
	<fish id="6475" level="22" hp="1470" hpRegen="54" type="2" group="1" guts="628" gutsCheckTime="2000" waitTime="20000" combatTime="27000" /> <!-- Small White Ugly Fish -->
	<fish id="6476" level="22" hp="1488" hpRegen="55" type="0" group="1" guts="630" gutsCheckTime="2000" waitTime="20000" combatTime="27000" /> <!-- Small White Fat Fish -->
	<fish id="6477" level="23" hp="1505" hpRegen="56" type="1" group="1" guts="632" gutsCheckTime="2000" waitTime="20000" combatTime="27000" /> <!-- White Nimble Fish -->
	<fish id="6478" level="23" hp="1523" hpRegen="56" type="2" group="1" guts="634" gutsCheckTime="2000" waitTime="20000" combatTime="27000" /> <!-- White Ugly Fish -->
	<fish id="6479" level="23" hp="1540" hpRegen="57" type="0" group="1" guts="636" gutsCheckTime="2000" waitTime="20000" combatTime="27000" /> <!-- White Fat Fish -->
	<fish id="6480" level="24" hp="1558" hpRegen="58" type="1" group="1" guts="638" gutsCheckTime="2000" waitTime="20000" combatTime="27000" /> <!-- Big White Nimble Fish -->
	<fish id="6481" level="24" hp="1575" hpRegen="58" type="2" group="1" guts="640" gutsCheckTime="2000" waitTime="20000" combatTime="27000" /> <!-- Big White Ugly Fish -->
	<fish id="6482" level="24" hp="1593" hpRegen="59" type="0" group="1" guts="642" gutsCheckTime="2000" waitTime="20000" combatTime="27000" /> <!-- Big White Fat Fish -->
	<fish id="6483" level="25" hp="1610" hpRegen="60" type="1" group="1" guts="644" gutsCheckTime="2000" waitTime="20000" combatTime="27000" /> <!-- Small Black Nimble Fish -->
	<fish id="6484" level="25" hp="1628" hpRegen="60" type="2" group="1" guts="646" gutsCheckTime="2000" waitTime="20000" combatTime="27000" /> <!-- Small Black Ugly Fish -->
	<fish id="6485" level="25" hp="1648" hpRegen="59" type="0" group="1" guts="648" gutsCheckTime="2000" waitTime="20000" combatTime="28000" /> <!-- Small Black Fat Fish -->
	<fish id="6486" level="26" hp="1663" hpRegen="67" type="1" group="1" guts="650" gutsCheckTime="2000" waitTime="20000" combatTime="25000" /> <!-- Black Nimble Fish -->
	<fish id="6487" level="26" hp="1872" hpRegen="75" type="2" group="1" guts="652" gutsCheckTime="2000" waitTime="20000" combatTime="25000" /> <!-- Black Ugly Fish -->
	<fish id="6488" level="26" hp="1892" hpRegen="76" type="0" group="1" guts="654" gutsCheckTime="2000" waitTime="20000" combatTime="25000" /> <!-- Black Fat Fish -->
	<fish id="6489" level="27" hp="1911" hpRegen="76" type="1" group="1" guts="656" gutsCheckTime="2000" waitTime="20000" combatTime="25000" /> <!-- Big Black Nimble Fish -->
	<fish id="6490" level="27" hp="1931" hpRegen="77" type="2" group="1" guts="658" gutsCheckTime="2000" waitTime="20000" combatTime="25000" /> <!-- Big Black Ugly Fish -->
	<fish id="6491" level="27" hp="1950" hpRegen="78" type="0" group="1" guts="660" gutsCheckTime="2000" waitTime="20000" combatTime="25000" /> <!-- Big Black Fat Fish -->
	<fish id="6492" level="1" hp="132" hpRegen="4" type="3" group="1" guts="504" gutsCheckTime="5000" waitTime="20000" combatTime="31000" /> <!-- Small Green Treasure Chest -->
	<fish id="6493" level="2" hp="188" hpRegen="6" type="3" group="1" guts="510" gutsCheckTime="5000" waitTime="20000" combatTime="31000" /> <!-- Green Treasure Chest -->
	<fish id="6494" level="3" hp="252" hpRegen="8" type="3" group="1" guts="516" gutsCheckTime="5000" waitTime="20000" combatTime="32000" /> <!-- Big Green Treasure Chest -->
	<fish id="6495" level="4" hp="310" hpRegen="10" type="3" group="1" guts="522" gutsCheckTime="5000" waitTime="20000" combatTime="32000" /> <!-- Small Jade Treasure Chest -->
	<fish id="6496" level="5" hp="340" hpRegen="11" type="3" group="1" guts="528" gutsCheckTime="4000" waitTime="20000" combatTime="32000" /> <!-- Jade Treasure Chest -->
	<fish id="6497" level="6" hp="370" hpRegen="12" type="3" group="1" guts="534" gutsCheckTime="4000" waitTime="20000" combatTime="32000" /> <!-- Big Jade Treasure Chest -->
	<fish id="6498" level="7" hp="400" hpRegen="13" type="3" group="1" guts="540" gutsCheckTime="4000" waitTime="20000" combatTime="32000" /> <!-- Small Blue Treasure Chest -->
	<fish id="6499" level="8" hp="430" hpRegen="14" type="3" group="1" guts="546" gutsCheckTime="4000" waitTime="20000" combatTime="31000" /> <!-- Blue Treasure Chest -->
	<fish id="6500" level="9" hp="529" hpRegen="17" type="3" group="1" guts="552" gutsCheckTime="4000" waitTime="20000" combatTime="31000" /> <!-- Big Blue Treasure Chest -->
	<fish id="6501" level="10" hp="564" hpRegen="18" type="3" group="1" guts="558" gutsCheckTime="4000" waitTime="20000" combatTime="31000" /> <!-- Small Yellow Treasure Chest -->
	<fish id="6502" level="11" hp="598" hpRegen="19" type="3" group="1" guts="564" gutsCheckTime="4000" waitTime="20000" combatTime="31000" /> <!-- Yellow Treasure Chest -->
	<fish id="6503" level="12" hp="633" hpRegen="20" type="3" group="1" guts="570" gutsCheckTime="4000" waitTime="20000" combatTime="31000" /> <!-- Big Yellow Treasure Chest -->
	<fish id="6504" level="13" hp="667" hpRegen="21" type="3" group="1" guts="576" gutsCheckTime="3000" waitTime="20000" combatTime="32000" /> <!-- Small Orange Treasure Chest -->
	<fish id="6505" level="14" hp="702" hpRegen="22" type="3" group="1" guts="582" gutsCheckTime="3000" waitTime="20000" combatTime="32000" /> <!-- Orange Treasure Chest -->
	<fish id="6506" level="15" hp="832" hpRegen="28" type="3" group="1" guts="588" gutsCheckTime="3000" waitTime="20000" combatTime="30000" /> <!-- Big Orange Treasure Chest -->
	<fish id="6507" level="16" hp="871" hpRegen="29" type="3" group="1" guts="594" gutsCheckTime="3000" waitTime="20000" combatTime="30000" /> <!-- Small Purple Treasure Chest -->
	<fish id="6508" level="17" hp="910" hpRegen="29" type="3" group="1" guts="600" gutsCheckTime="3000" waitTime="20000" combatTime="31000" /> <!-- Purple Treasure Chest -->
	<fish id="6509" level="18" hp="949" hpRegen="31" type="3" group="1" guts="606" gutsCheckTime="3000" waitTime="20000" combatTime="31000" /> <!-- Big Purple Treasure Chest -->
	<fish id="6510" level="19" hp="1140" hpRegen="39" type="3" group="1" guts="612" gutsCheckTime="3000" waitTime="20000" combatTime="29000" /> <!-- Small Red Treasure Chest -->
	<fish id="6511" level="20" hp="1185" hpRegen="40" type="3" group="1" guts="618" gutsCheckTime="3000" waitTime="20000" combatTime="30000" /> <!-- Red Treasure Chest -->
	<fish id="6512" level="21" hp="1230" hpRegen="46" type="3" group="1" guts="624" gutsCheckTime="3000" waitTime="20000" combatTime="27000" /> <!-- Big Red Treasure Chest -->
	<fish id="6513" level="22" hp="1488" hpRegen="55" type="3" group="1" guts="630" gutsCheckTime="2000" waitTime="20000" combatTime="27000" /> <!-- Small White Treasure Chest -->
	<fish id="6514" level="23" hp="1540" hpRegen="57" type="3" group="1" guts="636" gutsCheckTime="2000" waitTime="20000" combatTime="27000" /> <!-- White Treasure Chest -->
	<fish id="6515" level="24" hp="1593" hpRegen="59" type="3" group="1" guts="642" gutsCheckTime="2000" waitTime="20000" combatTime="27000" /> <!-- Big White Treasure Chest -->
	<fish id="6516" level="25" hp="1648" hpRegen="59" type="3" group="1" guts="648" gutsCheckTime="2000" waitTime="20000" combatTime="28000" /> <!-- Small Black Treasure Chest -->
	<fish id="6517" level="26" hp="1892" hpRegen="76" type="3" group="1" guts="654" gutsCheckTime="2000" waitTime="20000" combatTime="25000" /> <!-- Black Treasure Chest -->
	<fish id="6518" level="27" hp="1950" hpRegen="78" type="3" group="1" guts="660" gutsCheckTime="2000" waitTime="20000" combatTime="25000" /> <!-- Big Black Treasure Chest -->
	<fish id="7726" level="1" hp="100" hpRegen="4" type="5" group="0" guts="400" gutsCheckTime="5000" waitTime="20000" combatTime="35000" /> <!-- Small Green Nimble Fish - For Beginners -->
	<fish id="7727" level="1" hp="116" hpRegen="4" type="6" group="0" guts="400" gutsCheckTime="5000" waitTime="20000" combatTime="35000" /> <!-- Small Green Ugly Fish - For Beginners -->
	<fish id="7728" level="1" hp="132" hpRegen="5" type="4" group="0" guts="400" gutsCheckTime="5000" waitTime="20000" combatTime="35000" /> <!-- Small Green Pudgy Fish - For Beginners -->
	<fish id="7729" level="2" hp="150" hpRegen="5" type="5" group="0" guts="400" gutsCheckTime="5000" waitTime="20000" combatTime="35000" /> <!-- Green Nimble Fish - For Beginners -->
	<fish id="7730" level="2" hp="168" hpRegen="6" type="6" group="0" guts="400" gutsCheckTime="5000" waitTime="20000" combatTime="35000" /> <!-- Green Ugly Fish - For Beginners -->
	<fish id="7731" level="2" hp="188" hpRegen="7" type="4" group="0" guts="400" gutsCheckTime="5000" waitTime="20000" combatTime="35000" /> <!-- Green Pudgy Fish - For Beginners -->
	<fish id="7732" level="3" hp="208" hpRegen="7" type="5" group="0" guts="400" gutsCheckTime="5000" waitTime="20000" combatTime="35000" /> <!-- Large Green Nimble Fish - For Beginners -->
	<fish id="7733" level="3" hp="230" hpRegen="8" type="6" group="0" guts="400" gutsCheckTime="5000" waitTime="20000" combatTime="35000" /> <!-- Large Green Ugly Fish - For Beginners -->
	<fish id="7734" level="3" hp="252" hpRegen="9" type="4" group="0" guts="400" gutsCheckTime="5000" waitTime="20000" combatTime="35000" /> <!-- Large Green Pudgy Fish - For Beginners -->
	<fish id="7735" level="4" hp="276" hpRegen="10" type="5" group="0" guts="400" gutsCheckTime="5000" waitTime="20000" combatTime="35000" /> <!-- Small Jade Nimble Fish - For Beginners -->
	<fish id="7736" level="4" hp="300" hpRegen="11" type="6" group="0" guts="400" gutsCheckTime="5000" waitTime="20000" combatTime="35000" /> <!-- Small Jade Ugly Fish - For Beginners -->
	<fish id="7737" level="4" hp="310" hpRegen="11" type="4" group="0" guts="400" gutsCheckTime="5000" waitTime="20000" combatTime="35000" /> <!-- Small Jade Fat Fish - For Beginners -->
	<fish id="7738" level="5" hp="320" hpRegen="11" type="5" group="0" guts="400" gutsCheckTime="5000" waitTime="20000" combatTime="35000" /> <!-- Jade Nimble Fish - For Beginners -->
	<fish id="7739" level="5" hp="330" hpRegen="12" type="6" group="0" guts="400" gutsCheckTime="4000" waitTime="20000" combatTime="35000" /> <!-- Jade Ugly Fish - For Beginners -->
	<fish id="7740" level="5" hp="340" hpRegen="12" type="4" group="0" guts="400" gutsCheckTime="4000" waitTime="20000" combatTime="35000" /> <!-- Jade Fat Fish - For Beginners -->
	<fish id="7741" level="6" hp="350" hpRegen="13" type="5" group="0" guts="400" gutsCheckTime="4000" waitTime="20000" combatTime="35000" /> <!-- Large Jade Nimble Fish - For Beginners -->
	<fish id="7742" level="6" hp="360" hpRegen="13" type="6" group="0" guts="400" gutsCheckTime="4000" waitTime="20000" combatTime="35000" /> <!-- Large Jade Ugly Fish - For Beginners -->
	<fish id="7743" level="6" hp="370" hpRegen="13" type="4" group="0" guts="400" gutsCheckTime="4000" waitTime="20000" combatTime="35000" /> <!-- Large Jade Fat Fish - For Beginners -->
	<fish id="7744" level="7" hp="380" hpRegen="14" type="5" group="0" guts="400" gutsCheckTime="4000" waitTime="20000" combatTime="35000" /> <!-- Small Blue Nimble Fish - For Beginners -->
	<fish id="7745" level="7" hp="390" hpRegen="14" type="6" group="0" guts="400" gutsCheckTime="4000" waitTime="20000" combatTime="35000" /> <!-- Small Blue Ugly Fish - For Beginners -->
	<fish id="7746" level="7" hp="400" hpRegen="14" type="4" group="0" guts="400" gutsCheckTime="4000" waitTime="20000" combatTime="35000" /> <!-- Small Blue Fat Fish - For Beginners -->
	<fish id="7747" level="8" hp="410" hpRegen="15" type="5" group="0" guts="400" gutsCheckTime="4000" waitTime="20000" combatTime="35000" /> <!-- Blue Nimble Fish - For Beginners -->
	<fish id="7748" level="8" hp="420" hpRegen="15" type="6" group="0" guts="400" gutsCheckTime="4000" waitTime="20000" combatTime="35000" /> <!-- Blue Ugly Fish - For Beginners -->
	<fish id="7749" level="8" hp="430" hpRegen="15" type="4" group="0" guts="400" gutsCheckTime="4000" waitTime="20000" combatTime="35000" /> <!-- Blue Fat Fish - For Beginners -->
	<fish id="7750" level="9" hp="506" hpRegen="18" type="5" group="0" guts="400" gutsCheckTime="4000" waitTime="20000" combatTime="35000" /> <!-- Large Blue Nimble Fish - For Beginners -->
	<fish id="7751" level="9" hp="518" hpRegen="19" type="6" group="0" guts="400" gutsCheckTime="4000" waitTime="20000" combatTime="35000" /> <!-- Large Blue Ugly Fish - For Beginners -->
	<fish id="7752" level="9" hp="529" hpRegen="19" type="4" group="0" guts="400" gutsCheckTime="4000" waitTime="20000" combatTime="35000" /> <!-- Large Blue Fat Fish - For Beginners -->
	<fish id="7753" level="10" hp="541" hpRegen="19" type="5" group="0" guts="400" gutsCheckTime="4000" waitTime="20000" combatTime="35000" /> <!-- Small Yellow Nimble Fish - For Beginners -->
	<fish id="7754" level="10" hp="552" hpRegen="20" type="6" group="0" guts="400" gutsCheckTime="4000" waitTime="20000" combatTime="35000" /> <!-- Small Yellow Ugly Fish - For Beginners -->
	<fish id="7755" level="10" hp="564" hpRegen="20" type="4" group="0" guts="400" gutsCheckTime="4000" waitTime="20000" combatTime="35000" /> <!-- Small Yellow Fat Fish - For Beginners -->
	<fish id="7756" level="11" hp="575" hpRegen="21" type="5" group="0" guts="400" gutsCheckTime="4000" waitTime="20000" combatTime="35000" /> <!-- Yellow Nimble Fish - For Beginners -->
	<fish id="7757" level="11" hp="587" hpRegen="21" type="6" group="0" guts="400" gutsCheckTime="4000" waitTime="20000" combatTime="35000" /> <!-- Yellow Ugly Fish - For Beginners -->
	<fish id="7758" level="11" hp="598" hpRegen="21" type="4" group="0" guts="400" gutsCheckTime="4000" waitTime="20000" combatTime="35000" /> <!-- Yellow Fat Fish - For Beginners -->
	<fish id="7759" level="12" hp="610" hpRegen="22" type="5" group="0" guts="400" gutsCheckTime="4000" waitTime="20000" combatTime="35000" /> <!-- Large Yellow Nimble Fish - For Beginners -->
	<fish id="7760" level="12" hp="621" hpRegen="22" type="6" group="0" guts="400" gutsCheckTime="4000" waitTime="20000" combatTime="35000" /> <!-- Large Yellow Ugly Fish - For Beginners -->
	<fish id="7761" level="12" hp="633" hpRegen="23" type="4" group="0" guts="400" gutsCheckTime="4000" waitTime="20000" combatTime="35000" /> <!-- Large Yellow Fat Fish - For Beginners -->
	<fish id="7762" level="13" hp="644" hpRegen="23" type="5" group="0" guts="400" gutsCheckTime="4000" waitTime="20000" combatTime="35000" /> <!-- Small Orange Nimble Fish - For Beginners -->
	<fish id="7763" level="13" hp="656" hpRegen="23" type="6" group="0" guts="400" gutsCheckTime="4000" waitTime="20000" combatTime="35000" /> <!-- Small Orange Ugly Fish - For Beginners -->
	<fish id="7764" level="13" hp="667" hpRegen="24" type="4" group="0" guts="400" gutsCheckTime="3000" waitTime="20000" combatTime="35000" /> <!-- Small Orange Fat Fish - For Beginners -->
	<fish id="7765" level="14" hp="679" hpRegen="24" type="5" group="0" guts="400" gutsCheckTime="3000" waitTime="20000" combatTime="35000" /> <!-- Orange Nimble Fish - For Beginners -->
	<fish id="7766" level="14" hp="690" hpRegen="25" type="6" group="0" guts="400" gutsCheckTime="3000" waitTime="20000" combatTime="35000" /> <!-- Orange Ugly Fish - For Beginners -->
	<fish id="7767" level="14" hp="702" hpRegen="25" type="4" group="0" guts="400" gutsCheckTime="3000" waitTime="20000" combatTime="35000" /> <!-- Orange Fat Fish - For Beginners -->
	<fish id="7768" level="15" hp="713" hpRegen="25" type="5" group="0" guts="400" gutsCheckTime="3000" waitTime="20000" combatTime="35000" /> <!-- Large Orange Nimble Fish - For Beginners -->
	<fish id="7769" level="15" hp="819" hpRegen="29" type="6" group="0" guts="400" gutsCheckTime="3000" waitTime="20000" combatTime="35000" /> <!-- Large Orange Ugly Fish - For Beginners -->
	<fish id="7770" level="15" hp="832" hpRegen="30" type="4" group="0" guts="400" gutsCheckTime="3000" waitTime="20000" combatTime="35000" /> <!-- Large Orange Fat Fish - For Beginners -->
	<fish id="7771" level="16" hp="845" hpRegen="30" type="5" group="0" guts="400" gutsCheckTime="3000" waitTime="20000" combatTime="35000" /> <!-- Small Purple Nimble Fish - For Beginners -->
	<fish id="7772" level="16" hp="858" hpRegen="31" type="6" group="0" guts="400" gutsCheckTime="3000" waitTime="20000" combatTime="35000" /> <!-- Small Purple Ugly Fish - For Beginners -->
	<fish id="7773" level="16" hp="871" hpRegen="31" type="4" group="0" guts="400" gutsCheckTime="3000" waitTime="20000" combatTime="35000" /> <!-- Small Purple Fat Fish - For Beginners -->
	<fish id="7774" level="17" hp="884" hpRegen="32" type="5" group="0" guts="400" gutsCheckTime="3000" waitTime="20000" combatTime="35000" /> <!-- Purple Nimble Fish - For Beginners -->
	<fish id="7775" level="17" hp="897" hpRegen="32" type="6" group="0" guts="400" gutsCheckTime="3000" waitTime="20000" combatTime="35000" /> <!-- Purple Ugly Fish - For Beginners -->
	<fish id="7776" level="17" hp="910" hpRegen="33" type="4" group="0" guts="400" gutsCheckTime="3000" waitTime="20000" combatTime="35000" /> <!-- Purple Fat Fish - For Beginners -->
	<fish id="7777" level="18" hp="923" hpRegen="33" type="5" group="0" guts="400" gutsCheckTime="3000" waitTime="20000" combatTime="35000" /> <!-- Large Purple Nimble Fish - For Beginners -->
	<fish id="7778" level="18" hp="936" hpRegen="33" type="6" group="0" guts="400" gutsCheckTime="3000" waitTime="20000" combatTime="35000" /> <!-- Large Purple Ugly Fish - For Beginners -->
	<fish id="7779" level="18" hp="949" hpRegen="34" type="4" group="0" guts="400" gutsCheckTime="3000" waitTime="20000" combatTime="35000" /> <!-- Large Purple Fat Fish - For Beginners -->
	<fish id="7780" level="19" hp="962" hpRegen="34" type="5" group="0" guts="400" gutsCheckTime="3000" waitTime="20000" combatTime="35000" /> <!-- Small Red Nimble Fish - For Beginners -->
	<fish id="7781" level="19" hp="1125" hpRegen="40" type="6" group="0" guts="400" gutsCheckTime="3000" waitTime="20000" combatTime="35000" /> <!-- Small Red Ugly Fish - For Beginners -->
	<fish id="7782" level="19" hp="1140" hpRegen="41" type="4" group="0" guts="400" gutsCheckTime="3000" waitTime="20000" combatTime="35000" /> <!-- Small Red Fat Fish - For Beginners -->
	<fish id="7783" level="20" hp="1155" hpRegen="41" type="5" group="0" guts="400" gutsCheckTime="3000" waitTime="20000" combatTime="35000" /> <!-- Red Nimble Fish - For Beginners -->
	<fish id="7784" level="20" hp="1170" hpRegen="42" type="6" group="0" guts="400" gutsCheckTime="3000" waitTime="20000" combatTime="35000" /> <!-- Red Ugly Fish - For Beginners -->
	<fish id="7785" level="20" hp="1185" hpRegen="42" type="4" group="0" guts="400" gutsCheckTime="3000" waitTime="20000" combatTime="35000" /> <!-- Red Fat Fish - For Beginners -->
	<fish id="7786" level="21" hp="1200" hpRegen="43" type="5" group="0" guts="400" gutsCheckTime="3000" waitTime="20000" combatTime="35000" /> <!-- Large Red Nimble Fish - For Beginners -->
	<fish id="7787" level="21" hp="1215" hpRegen="43" type="6" group="0" guts="400" gutsCheckTime="3000" waitTime="20000" combatTime="35000" /> <!-- Large Red Ugly Fish - For Beginners -->
	<fish id="7788" level="21" hp="1230" hpRegen="44" type="4" group="0" guts="400" gutsCheckTime="3000" waitTime="20000" combatTime="35000" /> <!-- Large Red Fat Fish - For Beginners -->
	<fish id="7789" level="22" hp="1453" hpRegen="52" type="5" group="0" guts="400" gutsCheckTime="2000" waitTime="20000" combatTime="35000" /> <!-- Small White Nimble Fish - For Beginners -->
	<fish id="7790" level="22" hp="1470" hpRegen="53" type="6" group="0" guts="400" gutsCheckTime="2000" waitTime="20000" combatTime="35000" /> <!-- Small White Ugly Fish - For Beginners -->
	<fish id="7791" level="22" hp="1488" hpRegen="53" type="4" group="0" guts="400" gutsCheckTime="2000" waitTime="20000" combatTime="35000" /> <!-- Small White Fat Fish - For Beginners -->
	<fish id="7792" level="23" hp="1505" hpRegen="54" type="5" group="0" guts="400" gutsCheckTime="2000" waitTime="20000" combatTime="35000" /> <!-- White Nimble Fish - For Beginners -->
	<fish id="7793" level="23" hp="1523" hpRegen="54" type="6" group="0" guts="400" gutsCheckTime="2000" waitTime="20000" combatTime="35000" /> <!-- White Ugly Fish - For Beginners -->
	<fish id="7794" level="23" hp="1540" hpRegen="55" type="4" group="0" guts="400" gutsCheckTime="2000" waitTime="20000" combatTime="35000" /> <!-- White Fat Fish - For Beginners -->
	<fish id="7795" level="24" hp="1558" hpRegen="56" type="5" group="0" guts="400" gutsCheckTime="2000" waitTime="20000" combatTime="35000" /> <!-- Large White Nimble Fish - For Beginners -->
	<fish id="7796" level="24" hp="1575" hpRegen="56" type="6" group="0" guts="400" gutsCheckTime="2000" waitTime="20000" combatTime="35000" /> <!-- Large White Ugly Fish - For Beginners -->
	<fish id="7797" level="24" hp="1593" hpRegen="57" type="4" group="0" guts="400" gutsCheckTime="2000" waitTime="20000" combatTime="35000" /> <!-- Large White Fat Fish - For Beginners -->
	<fish id="7798" level="25" hp="1610" hpRegen="58" type="5" group="0" guts="400" gutsCheckTime="2000" waitTime="20000" combatTime="35000" /> <!-- Small Black Nimble Fish - For Beginners -->
	<fish id="7799" level="25" hp="1628" hpRegen="58" type="6" group="0" guts="400" gutsCheckTime="2000" waitTime="20000" combatTime="35000" /> <!-- Small Black Ugly Fish - For Beginners -->
	<fish id="7800" level="25" hp="1645" hpRegen="59" type="4" group="0" guts="400" gutsCheckTime="2000" waitTime="20000" combatTime="35000" /> <!-- Small Black Fat Fish - For Beginners -->
	<fish id="7801" level="26" hp="1663" hpRegen="59" type="5" group="0" guts="400" gutsCheckTime="2000" waitTime="20000" combatTime="35000" /> <!-- Black Nimble Fish - For Beginners -->
	<fish id="7802" level="26" hp="1872" hpRegen="67" type="6" group="0" guts="400" gutsCheckTime="2000" waitTime="20000" combatTime="35000" /> <!-- Black Ugly Fish - For Beginners -->
	<fish id="7803" level="26" hp="1892" hpRegen="68" type="4" group="0" guts="400" gutsCheckTime="2000" waitTime="20000" combatTime="35000" /> <!-- Black Fat Fish - For Beginners -->
	<fish id="7804" level="27" hp="1911" hpRegen="68" type="5" group="0" guts="400" gutsCheckTime="2000" waitTime="20000" combatTime="35000" /> <!-- Large Black Nimble Fish - For Beginners -->
	<fish id="7805" level="27" hp="1931" hpRegen="69" type="6" group="0" guts="400" gutsCheckTime="2000" waitTime="20000" combatTime="35000" /> <!-- Large Black Ugly Fish - For Beginners -->
	<fish id="7806" level="27" hp="1950" hpRegen="70" type="4" group="0" guts="400" gutsCheckTime="2000" waitTime="20000" combatTime="35000" /> <!-- Large Black Fat Fish - For Beginners -->
	<fish id="8403" level="1" hp="100" hpRegen="4" type="8" group="2" guts="500" gutsCheckTime="5000" waitTime="20000" combatTime="24000" /> <!-- Small Green Nimble Fish - Upper Grade -->
	<fish id="8404" level="1" hp="116" hpRegen="4" type="9" group="2" guts="502" gutsCheckTime="5000" waitTime="20000" combatTime="27000" /> <!-- Small Green Ugly Fish - Upper Grade -->
	<fish id="8405" level="1" hp="132" hpRegen="5" type="7" group="2" guts="504" gutsCheckTime="5000" waitTime="20000" combatTime="31000" /> <!-- Small Green Pudgy Fish - Upper Grade -->
	<fish id="8406" level="2" hp="150" hpRegen="6" type="8" group="2" guts="506" gutsCheckTime="5000" waitTime="20000" combatTime="25000" /> <!-- Green Nimble Fish - Upper Grade -->
	<fish id="8407" level="2" hp="168" hpRegen="6" type="9" group="2" guts="508" gutsCheckTime="5000" waitTime="20000" combatTime="28000" /> <!-- Green Ugly Fish - Upper Grade -->
	<fish id="8408" level="2" hp="188" hpRegen="6" type="7" group="2" guts="510" gutsCheckTime="5000" waitTime="20000" combatTime="31000" /> <!-- Green Pudgy Fish - Upper Grade -->
	<fish id="8409" level="3" hp="208" hpRegen="8" type="8" group="2" guts="512" gutsCheckTime="5000" waitTime="20000" combatTime="26000" /> <!-- Large Green Nimble Fish - Upper Grade -->
	<fish id="8410" level="3" hp="230" hpRegen="8" type="9" group="2" guts="514" gutsCheckTime="5000" waitTime="20000" combatTime="29000" /> <!-- Large Green Ugly Fish - Upper Grade -->
	<fish id="8411" level="3" hp="252" hpRegen="8" type="7" group="2" guts="516" gutsCheckTime="5000" waitTime="20000" combatTime="32000" /> <!-- Large Green Pudgy Fish - Upper Grade -->
	<fish id="8412" level="4" hp="276" hpRegen="10" type="8" group="2" guts="518" gutsCheckTime="5000" waitTime="20000" combatTime="28000" /> <!-- Small Jade Nimble Fish - Upper Grade -->
	<fish id="8413" level="4" hp="300" hpRegen="10" type="9" group="2" guts="520" gutsCheckTime="5000" waitTime="20000" combatTime="31000" /> <!-- Small Jade Ugly Fish - Upper Grade -->
	<fish id="8414" level="4" hp="310" hpRegen="10" type="7" group="2" guts="522" gutsCheckTime="5000" waitTime="20000" combatTime="32000" /> <!-- Small Jade Fat Fish - Upper Grade -->
	<fish id="8415" level="5" hp="320" hpRegen="11" type="8" group="2" guts="524" gutsCheckTime="5000" waitTime="20000" combatTime="30000" /> <!-- Jade Nimble Fish - Upper Grade -->
	<fish id="8416" level="5" hp="330" hpRegen="11" type="9" group="2" guts="526" gutsCheckTime="4000" waitTime="20000" combatTime="31000" /> <!-- Jade Ugly Fish - Upper Grade -->
	<fish id="8417" level="5" hp="340" hpRegen="11" type="7" group="2" guts="528" gutsCheckTime="4000" waitTime="20000" combatTime="32000" /> <!-- Jade Fat Fish - Upper Grade -->
	<fish id="8418" level="6" hp="350" hpRegen="12" type="8" group="2" guts="530" gutsCheckTime="4000" waitTime="20000" combatTime="30000" /> <!-- Large Jade Nimble Fish - Upper Grade -->
	<fish id="8419" level="6" hp="360" hpRegen="12" type="9" group="2" guts="532" gutsCheckTime="4000" waitTime="20000" combatTime="31000" /> <!-- Large Jade Ugly Fish - Upper Grade -->
	<fish id="8420" level="6" hp="370" hpRegen="12" type="7" group="2" guts="534" gutsCheckTime="4000" waitTime="20000" combatTime="32000" /> <!-- Large Jade Fat Fish - Upper Grade -->
	<fish id="8421" level="7" hp="380" hpRegen="12" type="8" group="2" guts="536" gutsCheckTime="4000" waitTime="20000" combatTime="31000" /> <!-- Small Blue Nimble Fish - Upper Grade -->
	<fish id="8422" level="7" hp="390" hpRegen="13" type="9" group="2" guts="538" gutsCheckTime="4000" waitTime="20000" combatTime="31000" /> <!-- Small Blue Ugly Fish - Upper Grade -->
	<fish id="8423" level="7" hp="400" hpRegen="13" type="7" group="2" guts="540" gutsCheckTime="4000" waitTime="20000" combatTime="32000" /> <!-- Small Blue Fat Fish - Upper Grade -->
	<fish id="8424" level="8" hp="410" hpRegen="13" type="8" group="2" guts="542" gutsCheckTime="4000" waitTime="20000" combatTime="31000" /> <!-- Blue Nimble Fish - Upper Grade -->
	<fish id="8425" level="8" hp="420" hpRegen="13" type="9" group="2" guts="544" gutsCheckTime="4000" waitTime="20000" combatTime="32000" /> <!-- Blue Ugly Fish - Upper Grade -->
	<fish id="8426" level="8" hp="430" hpRegen="14" type="7" group="2" guts="546" gutsCheckTime="4000" waitTime="20000" combatTime="31000" /> <!-- Blue Fat Fish - Upper Grade -->
	<fish id="8427" level="9" hp="506" hpRegen="17" type="8" group="2" guts="548" gutsCheckTime="4000" waitTime="20000" combatTime="29000" /> <!-- Large Blue Nimble Fish - Upper Grade -->
	<fish id="8428" level="9" hp="518" hpRegen="17" type="9" group="2" guts="550" gutsCheckTime="4000" waitTime="20000" combatTime="30000" /> <!-- Large Blue Ugly Fish - Upper Grade -->
	<fish id="8429" level="9" hp="529" hpRegen="17" type="7" group="2" guts="552" gutsCheckTime="4000" waitTime="20000" combatTime="31000" /> <!-- Large Blue Fat Fish - Upper Grade -->
	<fish id="8430" level="10" hp="541" hpRegen="18" type="8" group="2" guts="554" gutsCheckTime="4000" waitTime="20000" combatTime="30000" /> <!-- Small Yellow Nimble Fish - Upper Grade -->
	<fish id="8431" level="10" hp="552" hpRegen="18" type="9" group="2" guts="556" gutsCheckTime="4000" waitTime="20000" combatTime="30000" /> <!-- Small Yellow Ugly Fish - Upper Grade -->
	<fish id="8432" level="10" hp="564" hpRegen="18" type="7" group="2" guts="558" gutsCheckTime="4000" waitTime="20000" combatTime="31000" /> <!-- Small Yellow Fat Fish - Upper Grade -->
	<fish id="8433" level="11" hp="575" hpRegen="19" type="8" group="2" guts="560" gutsCheckTime="4000" waitTime="20000" combatTime="30000" /> <!-- Yellow Nimble Fish - Upper Grade -->
	<fish id="8434" level="11" hp="587" hpRegen="19" type="9" group="2" guts="562" gutsCheckTime="4000" waitTime="20000" combatTime="31000" /> <!-- Yellow Ugly Fish - Upper Grade -->
	<fish id="8435" level="11" hp="598" hpRegen="19" type="7" group="2" guts="564" gutsCheckTime="4000" waitTime="20000" combatTime="31000" /> <!-- Yellow Fat Fish - Upper Grade -->
	<fish id="8436" level="12" hp="610" hpRegen="20" type="8" group="2" guts="566" gutsCheckTime="4000" waitTime="20000" combatTime="30000" /> <!-- Large Yellow Nimble Fish - Upper Grade -->
	<fish id="8437" level="12" hp="621" hpRegen="20" type="9" group="2" guts="568" gutsCheckTime="4000" waitTime="20000" combatTime="31000" /> <!-- Large Yellow Ugly Fish - Upper Grade -->
	<fish id="8438" level="12" hp="633" hpRegen="20" type="7" group="2" guts="570" gutsCheckTime="4000" waitTime="20000" combatTime="31000" /> <!-- Large Yellow Fat Fish - Upper Grade -->
	<fish id="8439" level="13" hp="644" hpRegen="21" type="8" group="2" guts="572" gutsCheckTime="4000" waitTime="20000" combatTime="30000" /> <!-- Small Orange Nimble Fish - Upper Grade -->
	<fish id="8440" level="13" hp="656" hpRegen="21" type="9" group="2" guts="574" gutsCheckTime="4000" waitTime="20000" combatTime="31000" /> <!-- Small Orange Ugly Fish - Upper Grade -->
	<fish id="8441" level="13" hp="667" hpRegen="21" type="7" group="2" guts="576" gutsCheckTime="3000" waitTime="20000" combatTime="32000" /> <!-- Small Orange Fat Fish - Upper Grade -->
	<fish id="8442" level="14" hp="679" hpRegen="22" type="8" group="2" guts="578" gutsCheckTime="3000" waitTime="20000" combatTime="31000" /> <!-- Orange Nimble Fish - Upper Grade -->
	<fish id="8443" level="14" hp="690" hpRegen="22" type="9" group="2" guts="580" gutsCheckTime="3000" waitTime="20000" combatTime="31000" /> <!-- Orange Ugly Fish - Upper Grade -->
	<fish id="8444" level="14" hp="702" hpRegen="22" type="7" group="2" guts="582" gutsCheckTime="3000" waitTime="20000" combatTime="32000" /> <!-- Orange Fat Fish - Upper Grade -->
	<fish id="8445" level="15" hp="713" hpRegen="25" type="8" group="2" guts="584" gutsCheckTime="3000" waitTime="20000" combatTime="29000" /> <!-- Large Orange Nimble Fish - Upper Grade -->
	<fish id="8446" level="15" hp="819" hpRegen="27" type="9" group="2" guts="586" gutsCheckTime="3000" waitTime="20000" combatTime="30000" /> <!-- Large Orange Ugly Fish - Upper Grade -->
	<fish id="8447" level="15" hp="832" hpRegen="28" type="7" group="2" guts="588" gutsCheckTime="3000" waitTime="20000" combatTime="30000" /> <!-- Large Orange Fat Fish - Upper Grade -->
	<fish id="8448" level="16" hp="845" hpRegen="29" type="8" group="2" guts="590" gutsCheckTime="3000" waitTime="20000" combatTime="29000" /> <!-- Small Purple Nimble Fish - Upper Grade -->
	<fish id="8449" level="16" hp="858" hpRegen="29" type="9" group="2" guts="592" gutsCheckTime="3000" waitTime="20000" combatTime="30000" /> <!-- Small Purple Ugly Fish - Upper Grade -->
	<fish id="8450" level="16" hp="871" hpRegen="29" type="7" group="2" guts="594" gutsCheckTime="3000" waitTime="20000" combatTime="30000" /> <!-- Small Purple Fat Fish - Upper Grade -->
	<fish id="8451" level="17" hp="884" hpRegen="29" type="8" group="2" guts="596" gutsCheckTime="3000" waitTime="20000" combatTime="30000" /> <!-- Purple Nimble Fish - Upper Grade -->
	<fish id="8452" level="17" hp="897" hpRegen="30" type="9" group="2" guts="598" gutsCheckTime="3000" waitTime="20000" combatTime="30000" /> <!-- Purple Ugly Fish - Upper Grade -->
	<fish id="8453" level="17" hp="910" hpRegen="29" type="7" group="2" guts="600" gutsCheckTime="3000" waitTime="20000" combatTime="31000" /> <!-- Purple Fat Fish - Upper Grade -->
	<fish id="8454" level="18" hp="923" hpRegen="31" type="8" group="2" guts="602" gutsCheckTime="3000" waitTime="20000" combatTime="30000" /> <!-- Large Purple Nimble Fish - Upper Grade -->
	<fish id="8455" level="18" hp="936" hpRegen="31" type="9" group="2" guts="604" gutsCheckTime="3000" waitTime="20000" combatTime="30000" /> <!-- Large Purple Ugly Fish - Upper Grade -->
	<fish id="8456" level="18" hp="949" hpRegen="31" type="7" group="2" guts="606" gutsCheckTime="3000" waitTime="20000" combatTime="31000" /> <!-- Large Purple Fat Fish - Upper Grade -->
	<fish id="8457" level="19" hp="962" hpRegen="34" type="8" group="2" guts="608" gutsCheckTime="3000" waitTime="20000" combatTime="28000" /> <!-- Small Red Nimble Fish - Upper Grade -->
	<fish id="8458" level="19" hp="1125" hpRegen="39" type="9" group="2" guts="610" gutsCheckTime="3000" waitTime="20000" combatTime="29000" /> <!-- Small Red Ugly Fish - Upper Grade -->
	<fish id="8459" level="19" hp="1140" hpRegen="39" type="7" group="2" guts="612" gutsCheckTime="3000" waitTime="20000" combatTime="29000" /> <!-- Small Red Fat Fish - Upper Grade -->
	<fish id="8460" level="20" hp="1155" hpRegen="40" type="8" group="2" guts="614" gutsCheckTime="3000" waitTime="20000" combatTime="29000" /> <!-- Red Nimble Fish - Upper Grade -->
	<fish id="8461" level="20" hp="1170" hpRegen="40" type="9" group="2" guts="616" gutsCheckTime="3000" waitTime="20000" combatTime="29000" /> <!-- Red Ugly Fish - Upper Grade -->
	<fish id="8462" level="20" hp="1185" hpRegen="40" type="7" group="2" guts="618" gutsCheckTime="3000" waitTime="20000" combatTime="30000" /> <!-- Red Fat Fish - Upper Grade -->
	<fish id="8463" level="21" hp="1200" hpRegen="41" type="8" group="2" guts="620" gutsCheckTime="3000" waitTime="20000" combatTime="29000" /> <!-- Large Red Nimble Fish - Upper Grade -->
	<fish id="8464" level="21" hp="1215" hpRegen="42" type="9" group="2" guts="622" gutsCheckTime="3000" waitTime="20000" combatTime="29000" /> <!-- Large Red Ugly Fish - Upper Grade -->
	<fish id="8465" level="21" hp="1230" hpRegen="46" type="7" group="2" guts="624" gutsCheckTime="3000" waitTime="20000" combatTime="27000" /> <!-- Large Red Fat Fish - Upper Grade -->
	<fish id="8466" level="22" hp="1453" hpRegen="56" type="8" group="2" guts="626" gutsCheckTime="2000" waitTime="20000" combatTime="26000" /> <!-- Small White Nimble Fish - Upper Grade -->
	<fish id="8467" level="22" hp="1470" hpRegen="54" type="9" group="2" guts="628" gutsCheckTime="2000" waitTime="20000" combatTime="27000" /> <!-- Small White Ugly Fish - Upper Grade -->
	<fish id="8468" level="22" hp="1488" hpRegen="55" type="7" group="2" guts="630" gutsCheckTime="2000" waitTime="20000" combatTime="27000" /> <!-- Small White Fat Fish - Upper Grade -->
	<fish id="8469" level="23" hp="1505" hpRegen="56" type="8" group="2" guts="632" gutsCheckTime="2000" waitTime="20000" combatTime="27000" /> <!-- White Nimble Fish - Upper Grade -->
	<fish id="8470" level="23" hp="1523" hpRegen="56" type="9" group="2" guts="634" gutsCheckTime="2000" waitTime="20000" combatTime="27000" /> <!-- White Ugly Fish - Upper Grade -->
	<fish id="8471" level="23" hp="1540" hpRegen="57" type="7" group="2" guts="636" gutsCheckTime="2000" waitTime="20000" combatTime="27000" /> <!-- White Fat Fish - Upper Grade -->
	<fish id="8472" level="24" hp="1558" hpRegen="58" type="8" group="2" guts="638" gutsCheckTime="2000" waitTime="20000" combatTime="27000" /> <!-- High Grade - Large White Nimble Fish -->
	<fish id="8473" level="24" hp="1575" hpRegen="58" type="9" group="2" guts="640" gutsCheckTime="2000" waitTime="20000" combatTime="27000" /> <!-- Large White Ugly Fish - Upper Grade -->
	<fish id="8474" level="24" hp="1593" hpRegen="59" type="7" group="2" guts="642" gutsCheckTime="2000" waitTime="20000" combatTime="27000" /> <!-- Large White Fat Fish - Upper Grade -->
	<fish id="8475" level="25" hp="1610" hpRegen="60" type="8" group="2" guts="644" gutsCheckTime="2000" waitTime="20000" combatTime="27000" /> <!-- Small Black Nimble Fish - Upper Grade -->
	<fish id="8476" level="25" hp="1628" hpRegen="60" type="9" group="2" guts="646" gutsCheckTime="2000" waitTime="20000" combatTime="27000" /> <!-- Small Black Ugly Fish - Upper Grade -->
	<fish id="8477" level="25" hp="1648" hpRegen="59" type="7" group="2" guts="648" gutsCheckTime="2000" waitTime="20000" combatTime="28000" /> <!-- Small Black Fat Fish - Upper Grade -->
	<fish id="8478" level="26" hp="1663" hpRegen="67" type="8" group="2" guts="650" gutsCheckTime="2000" waitTime="20000" combatTime="25000" /> <!-- Black Nimble Fish - Upper Grade -->
	<fish id="8479" level="26" hp="1872" hpRegen="75" type="9" group="2" guts="652" gutsCheckTime="2000" waitTime="20000" combatTime="25000" /> <!-- Black Ugly Fish - Upper Grade -->
	<fish id="8480" level="26" hp="1892" hpRegen="76" type="7" group="2" guts="654" gutsCheckTime="2000" waitTime="20000" combatTime="25000" /> <!-- Black Fat Fish - Upper Grade -->
	<fish id="8481" level="27" hp="1911" hpRegen="76" type="8" group="2" guts="656" gutsCheckTime="2000" waitTime="20000" combatTime="25000" /> <!-- Large Black Nimble Fish - Upper Grade -->
	<fish id="8482" level="27" hp="1931" hpRegen="77" type="9" group="2" guts="658" gutsCheckTime="2000" waitTime="20000" combatTime="25000" /> <!-- Large Black Ugly Fish - Upper Grade -->
	<fish id="8483" level="27" hp="1950" hpRegen="78" type="7" group="2" guts="660" gutsCheckTime="2000" waitTime="20000" combatTime="25000" /> <!-- Large Black Fat Fish - Upper Grade -->
</list>