<?xml version='1.0' encoding='utf-8'?>
<list xmlns:xsi="http://www.w3.org/2001/XMLSchema-instance" xsi:noNamespaceSchemaLocation="xsd/Hennas.xsd">
	<henna symbolId="1" dyeId="4445" price="37000" INT="0" STR="1" CON="-3" MEN="0" DEX="0" WIT="0" classes="1;4;7;11;15;19;22;26;29;32;35;39;42;45;47;50;54;56" />
	<henna symbolId="2" dyeId="4446" price="37000" INT="0" STR="1" CON="0" MEN="0" DEX="-3" WIT="0" classes="1;4;7;11;15;19;22;26;29;32;35;39;42;45;47;50;54;56" />
	<henna symbolId="3" dyeId="4447" price="37000" INT="0" STR="-3" CON="1" MEN="0" DEX="0" WIT="0" classes="1;4;7;11;15;19;22;26;29;32;35;39;42;45;47;50;54;56" />
	<henna symbolId="4" dyeId="4448" price="37000" INT="0" STR="0" CON="1" MEN="0" DEX="-3" WIT="0" classes="1;4;7;11;15;19;22;26;29;32;35;39;42;45;47;50;54;56" />
	<henna symbolId="5" dyeId="4449" price="37000" INT="0" STR="-3" CON="0" MEN="0" DEX="1" WIT="0" classes="1;4;7;11;15;19;22;26;29;32;35;39;42;45;47;50;54;56" />
	<henna symbolId="6" dyeId="4450" price="37000" INT="0" STR="0" CON="-3" MEN="0" DEX="1" WIT="0" classes="1;4;7;11;15;19;22;26;29;32;35;39;42;45;47;50;54;56" />
	<henna symbolId="7" dyeId="4451" price="37000" INT="1" STR="0" CON="0" MEN="-3" DEX="0" WIT="0" classes="11;26;39" />
	<henna symbolId="8" dyeId="4452" price="37000" INT="1" STR="0" CON="0" MEN="0" DEX="0" WIT="-3" classes="1;4;7;11;19;22;26;32;35;39;45;47;54;56" />
	<henna symbolId="9" dyeId="4453" price="37000" INT="-3" STR="0" CON="0" MEN="1" DEX="0" WIT="0" classes="11;26;39" />
	<henna symbolId="10" dyeId="4454" price="37000" INT="0" STR="0" CON="0" MEN="1" DEX="0" WIT="-3" classes="11;15;26;29;39;42;50" />
	<henna symbolId="11" dyeId="4455" price="37000" INT="-3" STR="0" CON="0" MEN="0" DEX="0" WIT="1" classes="1;4;7;11;19;22;26;32;35;39;45;47;54;56" />
	<henna symbolId="12" dyeId="4456" price="37000" INT="0" STR="0" CON="0" MEN="-3" DEX="0" WIT="1" classes="11;15;26;29;39;42;50" />
	<henna symbolId="13" dyeId="4457" price="87000" INT="0" STR="1" CON="-2" MEN="0" DEX="0" WIT="0" classes="1;4;7;11;15;19;22;26;29;32;35;39;42;45;47;50;54;56" />
	<henna symbolId="14" dyeId="4458" price="87000" INT="0" STR="1" CON="0" MEN="0" DEX="-2" WIT="0" classes="1;4;7;11;15;19;22;26;29;32;35;39;42;45;47;50;54;56" />
	<henna symbolId="15" dyeId="4459" price="87000" INT="0" STR="-2" CON="1" MEN="0" DEX="0" WIT="0" classes="1;4;7;11;15;19;22;26;29;32;35;39;42;45;47;50;54;56" />
	<henna symbolId="16" dyeId="4460" price="87000" INT="0" STR="0" CON="1" MEN="0" DEX="-2" WIT="0" classes="1;4;7;11;15;19;22;26;29;32;35;39;42;45;47;50;54;56" />
	<henna symbolId="17" dyeId="4461" price="87000" INT="0" STR="-2" CON="0" MEN="0" DEX="1" WIT="0" classes="1;4;7;11;15;19;22;26;29;32;35;39;42;45;47;50;54;56" />
	<henna symbolId="18" dyeId="4462" price="87000" INT="0" STR="0" CON="-2" MEN="0" DEX="1" WIT="0" classes="1;4;7;11;15;19;22;26;29;32;35;39;42;45;47;50;54;56" />
	<henna symbolId="19" dyeId="4463" price="87000" INT="1" STR="0" CON="0" MEN="-2" DEX="0" WIT="0" classes="11;26;39" />
	<henna symbolId="20" dyeId="4464" price="87000" INT="1" STR="0" CON="0" MEN="0" DEX="0" WIT="-2" classes="1;4;7;11;19;22;26;32;35;39;45;47;54;56" />
	<henna symbolId="21" dyeId="4465" price="87000" INT="-2" STR="0" CON="0" MEN="1" DEX="0" WIT="0" classes="11;26;39" />
	<henna symbolId="22" dyeId="4466" price="87000" INT="0" STR="0" CON="0" MEN="1" DEX="0" WIT="-2" classes="11;15;26;29;39;42;50" />
	<henna symbolId="23" dyeId="4467" price="87000" INT="-2" STR="0" CON="0" MEN="0" DEX="0" WIT="1" classes="1;4;7;11;19;22;26;32;35;39;45;47;54;56" />
	<henna symbolId="24" dyeId="4468" price="87000" INT="0" STR="0" CON="0" MEN="-2" DEX="0" WIT="1" classes="11;15;26;29;39;42;50" />
	<henna symbolId="25" dyeId="4469" price="149000" INT="0" STR="1" CON="-1" MEN="0" DEX="0" WIT="0" classes="1;4;7;11;15;19;22;26;29;32;35;39;42;45;47;50;54;56" />
	<henna symbolId="26" dyeId="4470" price="149000" INT="0" STR="1" CON="0" MEN="0" DEX="-1" WIT="0" classes="1;4;7;11;15;19;22;26;29;32;35;39;42;45;47;50;54;56" />
	<henna symbolId="27" dyeId="4471" price="149000" INT="0" STR="-1" CON="1" MEN="0" DEX="0" WIT="0" classes="1;4;7;11;15;19;22;26;29;32;35;39;42;45;47;50;54;56" />
	<henna symbolId="28" dyeId="4472" price="149000" INT="0" STR="0" CON="1" MEN="0" DEX="-1" WIT="0" classes="1;4;7;11;15;19;22;26;29;32;35;39;42;45;47;50;54;56" />
	<henna symbolId="29" dyeId="4473" price="149000" INT="0" STR="-1" CON="0" MEN="0" DEX="1" WIT="0" classes="1;4;7;11;15;19;22;26;29;32;35;39;42;45;47;50;54;56" />
	<henna symbolId="30" dyeId="4474" price="149000" INT="0" STR="0" CON="-1" MEN="0" DEX="1" WIT="0" classes="1;4;7;11;15;19;22;26;29;32;35;39;42;45;47;50;54;56" />
	<henna symbolId="31" dyeId="4475" price="149000" INT="1" STR="0" CON="0" MEN="-1" DEX="0" WIT="0" classes="11;26;39" />
	<henna symbolId="32" dyeId="4476" price="149000" INT="1" STR="0" CON="0" MEN="0" DEX="0" WIT="-1" classes="1;4;7;11;19;22;26;32;35;39;45;47;54;56" />
	<henna symbolId="33" dyeId="4477" price="149000" INT="-1" STR="0" CON="0" MEN="1" DEX="0" WIT="0" classes="11;26;39" />
	<henna symbolId="34" dyeId="4478" price="149000" INT="0" STR="0" CON="0" MEN="1" DEX="0" WIT="-1" classes="11;15;26;29;39;42;50" />
	<henna symbolId="35" dyeId="4479" price="149000" INT="-1" STR="0" CON="0" MEN="0" DEX="0" WIT="1" classes="1;4;7;11;19;22;26;32;35;39;45;47;54;56" />
	<henna symbolId="36" dyeId="4480" price="149000" INT="0" STR="0" CON="0" MEN="-1" DEX="0" WIT="1" classes="11;15;26;29;39;42;50" />
	<henna symbolId="37" dyeId="4481" price="87000" INT="0" STR="1" CON="-3" MEN="0" DEX="0" WIT="0" classes="2;3;5;6;8;9;12;13;14;16;17;20;21;23;24;27;28;30;33;34;36;37;40;41;43;46;48;51;52;55;57;88;89;90;91;92;93;94;95;96;97;98;99;100;101;102;103;104;105;106;107;108;109;110;111;112;113;114;115;116;117;118" />
	<henna symbolId="38" dyeId="4482" price="87000" INT="0" STR="1" CON="0" MEN="0" DEX="-3" WIT="0" classes="2;3;5;6;8;9;12;13;14;16;17;20;21;23;24;27;28;30;33;34;36;37;40;41;43;46;48;51;52;55;57;88;89;90;91;92;93;94;95;96;97;98;99;100;101;102;103;104;105;106;107;108;109;110;111;112;113;114;115;116;117;118" />
	<henna symbolId="39" dyeId="4483" price="87000" INT="0" STR="-3" CON="1" MEN="0" DEX="0" WIT="0" classes="2;3;5;6;8;9;12;13;14;16;17;20;21;23;24;27;28;30;33;34;36;37;40;41;43;46;48;51;52;55;57;88;89;90;91;92;93;94;95;96;97;98;99;100;101;102;103;104;105;106;107;108;109;110;111;112;113;114;115;116;117;118" />
	<henna symbolId="40" dyeId="4484" price="87000" INT="0" STR="0" CON="1" MEN="0" DEX="-3" WIT="0" classes="2;3;5;6;8;9;12;13;14;16;17;20;21;23;24;27;28;30;33;34;36;37;40;41;43;46;48;51;52;55;57;88;89;90;91;92;93;94;95;96;97;98;99;100;101;102;103;104;105;106;107;108;109;110;111;112;113;114;115;116;117;118" />
	<henna symbolId="41" dyeId="4485" price="87000" INT="0" STR="-3" CON="0" MEN="0" DEX="1" WIT="0" classes="2;3;5;6;8;9;12;13;14;16;17;20;21;23;24;27;28;30;33;34;36;37;40;41;43;46;48;51;52;55;57;88;89;90;91;92;93;94;95;96;97;98;99;100;101;102;103;104;105;106;107;108;109;110;111;112;113;114;115;116;117;118" />
	<henna symbolId="42" dyeId="4486" price="87000" INT="0" STR="0" CON="-3" MEN="0" DEX="1" WIT="0" classes="2;3;5;6;8;9;12;13;14;16;17;20;21;23;24;27;28;30;33;34;36;37;40;41;43;46;48;51;52;55;57;88;89;90;91;92;93;94;95;96;97;98;99;100;101;102;103;104;105;106;107;108;109;110;111;112;113;114;115;116;117;118" />
	<henna symbolId="43" dyeId="4487" price="87000" INT="1" STR="0" CON="0" MEN="-3" DEX="0" WIT="0" classes="12;13;14;27;28;40;41;94;95;96;103;104;110;111" />
	<henna symbolId="44" dyeId="4488" price="87000" INT="1" STR="0" CON="0" MEN="0" DEX="0" WIT="-3" classes="2;3;5;6;8;9;12;13;14;20;21;23;24;27;28;33;34;36;37;40;41;46;48;55;57;88;89;90;91;92;93;94;95;96;99;100;101;102;103;104;106;107;108;109;110;111;113;114;117;118" />
	<henna symbolId="45" dyeId="4489" price="87000" INT="-3" STR="0" CON="0" MEN="1" DEX="0" WIT="0" classes="12;13;14;27;28;40;41;94;95;96;103;104;110;111" />
	<henna symbolId="46" dyeId="4490" price="87000" INT="0" STR="0" CON="0" MEN="1" DEX="0" WIT="-3" classes="12;13;14;16;17;27;28;30;40;41;43;51;52;94;95;96;97;98;103;104;105;110;111;112;115;116" />
	<henna symbolId="47" dyeId="4491" price="87000" INT="-3" STR="0" CON="0" MEN="0" DEX="0" WIT="1" classes="2;3;5;6;8;9;12;13;14;20;21;23;24;27;28;33;34;36;37;40;41;46;48;55;57;88;89;90;91;92;93;94;95;96;99;100;101;102;103;104;106;107;108;109;110;111;113;114;117;118" />
	<henna symbolId="48" dyeId="4492" price="87000" INT="0" STR="0" CON="0" MEN="-3" DEX="0" WIT="1" classes="12;13;14;16;17;27;28;30;40;41;43;51;52;94;95;96;97;98;103;104;105;110;111;112;115;116" />
	<henna symbolId="49" dyeId="4493" price="149000" INT="0" STR="1" CON="-2" MEN="0" DEX="0" WIT="0" classes="2;3;5;6;8;9;12;13;14;16;17;20;21;23;24;27;28;30;33;34;36;37;40;41;43;46;48;51;52;55;57;88;89;90;91;92;93;94;95;96;97;98;99;100;101;102;103;104;105;106;107;108;109;110;111;112;113;114;115;116;117;118" />
	<henna symbolId="50" dyeId="4494" price="149000" INT="0" STR="1" CON="0" MEN="0" DEX="-2" WIT="0" classes="2;3;5;6;8;9;12;13;14;16;17;20;21;23;24;27;28;30;33;34;36;37;40;41;43;46;48;51;52;55;57;88;89;90;91;92;93;94;95;96;97;98;99;100;101;102;103;104;105;106;107;108;109;110;111;112;113;114;115;116;117;118" />
	<henna symbolId="51" dyeId="4495" price="149000" INT="0" STR="-2" CON="1" MEN="0" DEX="0" WIT="0" classes="2;3;5;6;8;9;12;13;14;16;17;20;21;23;24;27;28;30;33;34;36;37;40;41;43;46;48;51;52;55;57;88;89;90;91;92;93;94;95;96;97;98;99;100;101;102;103;104;105;106;107;108;109;110;111;112;113;114;115;116;117;118" />
	<henna symbolId="52" dyeId="4496" price="149000" INT="0" STR="0" CON="1" MEN="0" DEX="-2" WIT="0" classes="2;3;5;6;8;9;12;13;14;16;17;20;21;23;24;27;28;30;33;34;36;37;40;41;43;46;48;51;52;55;57;88;89;90;91;92;93;94;95;96;97;98;99;100;101;102;103;104;105;106;107;108;109;110;111;112;113;114;115;116;117;118" />
	<henna symbolId="53" dyeId="4497" price="149000" INT="0" STR="-2" CON="0" MEN="0" DEX="1" WIT="0" classes="2;3;5;6;8;9;12;13;14;16;17;20;21;23;24;27;28;30;33;34;36;37;40;41;43;46;48;51;52;55;57;88;89;90;91;92;93;94;95;96;97;98;99;100;101;102;103;104;105;106;107;108;109;110;111;112;113;114;115;116;117;118" />
	<henna symbolId="54" dyeId="4498" price="149000" INT="0" STR="0" CON="-2" MEN="0" DEX="1" WIT="0" classes="2;3;5;6;8;9;12;13;14;16;17;20;21;23;24;27;28;30;33;34;36;37;40;41;43;46;48;51;52;55;57;88;89;90;91;92;93;94;95;96;97;98;99;100;101;102;103;104;105;106;107;108;109;110;111;112;113;114;115;116;117;118" />
	<henna symbolId="55" dyeId="4499" price="149000" INT="1" STR="0" CON="0" MEN="-2" DEX="0" WIT="0" classes="12;13;14;27;28;40;41;94;95;96;103;104;110;111" />
	<henna symbolId="56" dyeId="4500" price="149000" INT="1" STR="0" CON="0" MEN="0" DEX="0" WIT="-2" classes="2;3;5;6;8;9;12;13;14;20;21;23;24;27;28;33;34;36;37;40;41;46;48;55;57;88;89;90;91;92;93;94;95;96;99;100;101;102;103;104;106;107;108;109;110;111;113;114;117;118" />
	<henna symbolId="57" dyeId="4501" price="149000" INT="-2" STR="0" CON="0" MEN="1" DEX="0" WIT="0" classes="12;13;14;27;28;40;41;94;95;96;103;104;110;111" />
	<henna symbolId="58" dyeId="4502" price="149000" INT="0" STR="0" CON="0" MEN="1" DEX="0" WIT="-2" classes="12;13;14;16;17;27;28;30;40;41;43;51;52;94;95;96;97;98;103;104;105;110;111;112;115;116" />
	<henna symbolId="59" dyeId="4503" price="149000" INT="-2" STR="0" CON="0" MEN="0" DEX="0" WIT="1" classes="2;3;5;6;8;9;12;13;14;20;21;23;24;27;28;33;34;36;37;40;41;46;48;55;57;88;89;90;91;92;93;94;95;96;99;100;101;102;103;104;106;107;108;109;110;111;113;114;117;118" />
	<henna symbolId="60" dyeId="4504" price="149000" INT="0" STR="0" CON="0" MEN="-2" DEX="0" WIT="1" classes="12;13;14;16;17;27;28;30;40;41;43;51;52;94;95;96;97;98;103;104;105;110;111;112;115;116" />
	<henna symbolId="61" dyeId="4505" price="176000" INT="0" STR="2" CON="-4" MEN="0" DEX="0" WIT="0" classes="2;3;5;6;8;9;12;13;14;16;17;20;21;23;24;27;28;30;33;34;36;37;40;41;43;46;48;51;52;55;57;88;89;90;91;92;93;94;95;96;97;98;99;100;101;102;103;104;105;106;107;108;109;110;111;112;113;114;115;116;117;118" />
	<henna symbolId="62" dyeId="4506" price="176000" INT="0" STR="2" CON="0" MEN="0" DEX="-4" WIT="0" classes="2;3;5;6;8;9;12;13;14;16;17;20;21;23;24;27;28;30;33;34;36;37;40;41;43;46;48;51;52;55;57;88;89;90;91;92;93;94;95;96;97;98;99;100;101;102;103;104;105;106;107;108;109;110;111;112;113;114;115;116;117;118" />
	<henna symbolId="63" dyeId="4507" price="176000" INT="0" STR="-4" CON="2" MEN="0" DEX="0" WIT="0" classes="2;3;5;6;8;9;12;13;14;16;17;20;21;23;24;27;28;30;33;34;36;37;40;41;43;46;48;51;52;55;57;88;89;90;91;92;93;94;95;96;97;98;99;100;101;102;103;104;105;106;107;108;109;110;111;112;113;114;115;116;117;118" />
	<henna symbolId="64" dyeId="4508" price="176000" INT="0" STR="0" CON="2" MEN="0" DEX="-4" WIT="0" classes="2;3;5;6;8;9;12;13;14;16;17;20;21;23;24;27;28;30;33;34;36;37;40;41;43;46;48;51;52;55;57;88;89;90;91;92;93;94;95;96;97;98;99;100;101;102;103;104;105;106;107;108;109;110;111;112;113;114;115;116;117;118" />
	<henna symbolId="65" dyeId="4509" price="176000" INT="0" STR="-4" CON="0" MEN="0" DEX="2" WIT="0" classes="2;3;5;6;8;9;12;13;14;16;17;20;21;23;24;27;28;30;33;34;36;37;40;41;43;46;48;51;52;55;57;88;89;90;91;92;93;94;95;96;97;98;99;100;101;102;103;104;105;106;107;108;109;110;111;112;113;114;115;116;117;118" />
	<henna symbolId="66" dyeId="4510" price="176000" INT="0" STR="0" CON="-4" MEN="0" DEX="2" WIT="0" classes="2;3;5;6;8;9;12;13;14;16;17;20;21;23;24;27;28;30;33;34;36;37;40;41;43;46;48;51;52;55;57;88;89;90;91;92;93;94;95;96;97;98;99;100;101;102;103;104;105;106;107;108;109;110;111;112;113;114;115;116;117;118" />
	<henna symbolId="67" dyeId="4511" price="176000" INT="2" STR="0" CON="0" MEN="-4" DEX="0" WIT="0" classes="12;13;14;27;28;40;41;94;95;96;103;104;110;111" />
	<henna symbolId="68" dyeId="4512" price="176000" INT="2" STR="0" CON="0" MEN="0" DEX="0" WIT="-4" classes="2;3;5;6;8;9;12;13;14;20;21;23;24;27;28;33;34;36;37;40;41;46;48;55;57;88;89;90;91;92;93;94;95;96;99;100;101;102;103;104;106;107;108;109;110;111;113;114;117;118" />
	<henna symbolId="69" dyeId="4513" price="176000" INT="-4" STR="0" CON="0" MEN="2" DEX="0" WIT="0" classes="12;13;14;27;28;40;41;94;95;96;103;104;110;111" />
	<henna symbolId="70" dyeId="4514" price="176000" INT="0" STR="0" CON="0" MEN="2" DEX="0" WIT="-4" classes="12;13;14;16;17;27;28;30;40;41;43;51;52;94;95;96;97;98;103;104;105;110;111;112;115;116" />
	<henna symbolId="71" dyeId="4515" price="176000" INT="-4" STR="0" CON="0" MEN="0" DEX="0" WIT="2" classes="2;3;5;6;8;9;12;13;14;20;21;23;24;27;28;33;34;36;37;40;41;46;48;55;57;88;89;90;91;92;93;94;95;96;99;100;101;102;103;104;106;107;108;109;110;111;113;114;117;118" />
	<henna symbolId="72" dyeId="4516" price="176000" INT="0" STR="0" CON="0" MEN="-4" DEX="0" WIT="2" classes="12;13;14;16;17;27;28;30;40;41;43;51;52;94;95;96;97;98;103;104;105;110;111;112;115;116" />
	<henna symbolId="73" dyeId="4517" price="190000" INT="0" STR="2" CON="-3" MEN="0" DEX="0" WIT="0" classes="2;3;5;6;8;9;12;13;14;16;17;20;21;23;24;27;28;30;33;34;36;37;40;41;43;46;48;51;52;55;57;88;89;90;91;92;93;94;95;96;97;98;99;100;101;102;103;104;105;106;107;108;109;110;111;112;113;114;115;116;117;118" />
	<henna symbolId="74" dyeId="4518" price="190000" INT="0" STR="2" CON="0" MEN="0" DEX="-3" WIT="0" classes="2;3;5;6;8;9;12;13;14;16;17;20;21;23;24;27;28;30;33;34;36;37;40;41;43;46;48;51;52;55;57;88;89;90;91;92;93;94;95;96;97;98;99;100;101;102;103;104;105;106;107;108;109;110;111;112;113;114;115;116;117;118" />
	<henna symbolId="75" dyeId="4519" price="190000" INT="0" STR="-3" CON="2" MEN="0" DEX="0" WIT="0" classes="2;3;5;6;8;9;12;13;14;16;17;20;21;23;24;27;28;30;33;34;36;37;40;41;43;46;48;51;52;55;57;88;89;90;91;92;93;94;95;96;97;98;99;100;101;102;103;104;105;106;107;108;109;110;111;112;113;114;115;116;117;118" />
	<henna symbolId="76" dyeId="4520" price="190000" INT="0" STR="0" CON="2" MEN="0" DEX="-3" WIT="0" classes="2;3;5;6;8;9;12;13;14;16;17;20;21;23;24;27;28;30;33;34;36;37;40;41;43;46;48;51;52;55;57;88;89;90;91;92;93;94;95;96;97;98;99;100;101;102;103;104;105;106;107;108;109;110;111;112;113;114;115;116;117;118" />
	<henna symbolId="77" dyeId="4521" price="190000" INT="0" STR="-3" CON="0" MEN="0" DEX="2" WIT="0" classes="2;3;5;6;8;9;12;13;14;16;17;20;21;23;24;27;28;30;33;34;36;37;40;41;43;46;48;51;52;55;57;88;89;90;91;92;93;94;95;96;97;98;99;100;101;102;103;104;105;106;107;108;109;110;111;112;113;114;115;116;117;118" />
	<henna symbolId="78" dyeId="4522" price="190000" INT="0" STR="0" CON="-3" MEN="0" DEX="2" WIT="0" classes="2;3;5;6;8;9;12;13;14;16;17;20;21;23;24;27;28;30;33;34;36;37;40;41;43;46;48;51;52;55;57;88;89;90;91;92;93;94;95;96;97;98;99;100;101;102;103;104;105;106;107;108;109;110;111;112;113;114;115;116;117;118" />
	<henna symbolId="79" dyeId="4523" price="190000" INT="2" STR="0" CON="0" MEN="-3" DEX="0" WIT="0" classes="12;13;14;27;28;40;41;94;95;96;103;104;110;111" />
	<henna symbolId="80" dyeId="4524" price="190000" INT="2" STR="0" CON="0" MEN="0" DEX="0" WIT="-3" classes="2;3;5;6;8;9;12;13;14;20;21;23;24;27;28;33;34;36;37;40;41;46;48;55;57;88;89;90;91;92;93;94;95;96;99;100;101;102;103;104;106;107;108;109;110;111;113;114;117;118" />
	<henna symbolId="81" dyeId="4525" price="190000" INT="-3" STR="0" CON="0" MEN="2" DEX="0" WIT="0" classes="12;13;14;27;28;40;41;94;95;96;103;104;110;111" />
	<henna symbolId="82" dyeId="4526" price="190000" INT="0" STR="0" CON="0" MEN="2" DEX="0" WIT="-3" classes="12;13;14;16;17;27;28;30;40;41;43;51;52;94;95;96;97;98;103;104;105;110;111;112;115;116" />
	<henna symbolId="83" dyeId="4527" price="190000" INT="-3" STR="0" CON="0" MEN="0" DEX="0" WIT="2" classes="2;3;5;6;8;9;12;13;14;20;21;23;24;27;28;33;34;36;37;40;41;46;48;55;57;88;89;90;91;92;93;94;95;96;99;100;101;102;103;104;106;107;108;109;110;111;113;114;117;118" />
	<henna symbolId="84" dyeId="4528" price="190000" INT="0" STR="0" CON="0" MEN="-3" DEX="0" WIT="2" classes="12;13;14;16;17;27;28;30;40;41;43;51;52;94;95;96;97;98;103;104;105;110;111;112;115;116" />
	<henna symbolId="85" dyeId="4529" price="206000" INT="0" STR="3" CON="-5" MEN="0" DEX="0" WIT="0" classes="2;3;5;6;8;9;12;13;14;16;17;20;21;23;24;27;28;30;33;34;36;37;40;41;43;46;48;51;52;55;57;88;89;90;91;92;93;94;95;96;97;98;99;100;101;102;103;104;105;106;107;108;109;110;111;112;113;114;115;116;117;118" />
	<henna symbolId="86" dyeId="4530" price="206000" INT="0" STR="3" CON="0" MEN="0" DEX="-5" WIT="0" classes="2;3;5;6;8;9;12;13;14;16;17;20;21;23;24;27;28;30;33;34;36;37;40;41;43;46;48;51;52;55;57;88;89;90;91;92;93;94;95;96;97;98;99;100;101;102;103;104;105;106;107;108;109;110;111;112;113;114;115;116;117;118" />
	<henna symbolId="87" dyeId="4531" price="206000" INT="0" STR="-5" CON="3" MEN="0" DEX="0" WIT="0" classes="2;3;5;6;8;9;12;13;14;16;17;20;21;23;24;27;28;30;33;34;36;37;40;41;43;46;48;51;52;55;57;88;89;90;91;92;93;94;95;96;97;98;99;100;101;102;103;104;105;106;107;108;109;110;111;112;113;114;115;116;117;118" />
	<henna symbolId="88" dyeId="4532" price="206000" INT="0" STR="0" CON="3" MEN="0" DEX="-5" WIT="0" classes="2;3;5;6;8;9;12;13;14;16;17;20;21;23;24;27;28;30;33;34;36;37;40;41;43;46;48;51;52;55;57;88;89;90;91;92;93;94;95;96;97;98;99;100;101;102;103;104;105;106;107;108;109;110;111;112;113;114;115;116;117;118" />
	<henna symbolId="89" dyeId="4533" price="206000" INT="0" STR="-5" CON="0" MEN="0" DEX="3" WIT="0" classes="2;3;5;6;8;9;12;13;14;16;17;20;21;23;24;27;28;30;33;34;36;37;40;41;43;46;48;51;52;55;57;88;89;90;91;92;93;94;95;96;97;98;99;100;101;102;103;104;105;106;107;108;109;110;111;112;113;114;115;116;117;118" />
	<henna symbolId="90" dyeId="4534" price="206000" INT="0" STR="0" CON="-5" MEN="0" DEX="3" WIT="0" classes="2;3;5;6;8;9;12;13;14;16;17;20;21;23;24;27;28;30;33;34;36;37;40;41;43;46;48;51;52;55;57;88;89;90;91;92;93;94;95;96;97;98;99;100;101;102;103;104;105;106;107;108;109;110;111;112;113;114;115;116;117;118" />
	<henna symbolId="91" dyeId="4535" price="206000" INT="3" STR="0" CON="0" MEN="-5" DEX="0" WIT="0" classes="12;13;14;27;28;40;41;94;95;96;103;104;110;111" />
	<henna symbolId="92" dyeId="4536" price="206000" INT="3" STR="0" CON="0" MEN="0" DEX="0" WIT="-5" classes="2;3;5;6;8;9;12;13;14;20;21;23;24;27;28;33;34;36;37;40;41;46;48;55;57;88;89;90;91;92;93;94;95;96;99;100;101;102;103;104;106;107;108;109;110;111;113;114;117;118" />
	<henna symbolId="93" dyeId="4537" price="206000" INT="-5" STR="0" CON="0" MEN="3" DEX="0" WIT="0" classes="12;13;14;27;28;40;41;94;95;96;103;104;110;111" />
	<henna symbolId="94" dyeId="4538" price="206000" INT="0" STR="0" CON="0" MEN="3" DEX="0" WIT="-5" classes="12;13;14;16;17;27;28;30;40;41;43;51;52;94;95;96;97;98;103;104;105;110;111;112;115;116" />
	<henna symbolId="95" dyeId="4539" price="206000" INT="-5" STR="0" CON="0" MEN="0" DEX="0" WIT="3" classes="2;3;5;6;8;9;12;13;14;20;21;23;24;27;28;33;34;36;37;40;41;46;48;55;57;88;89;90;91;92;93;94;95;96;99;100;101;102;103;104;106;107;108;109;110;111;113;114;117;118" />
	<henna symbolId="96" dyeId="4540" price="206000" INT="0" STR="0" CON="0" MEN="-5" DEX="0" WIT="3" classes="12;13;14;16;17;27;28;30;40;41;43;51;52;94;95;96;97;98;103;104;105;110;111;112;115;116" />
	<henna symbolId="97" dyeId="4541" price="206000" INT="0" STR="3" CON="-4" MEN="0" DEX="0" WIT="0" classes="2;3;5;6;8;9;12;13;14;16;17;20;21;23;24;27;28;30;33;34;36;37;40;41;43;46;48;51;52;55;57;88;89;90;91;92;93;94;95;96;97;98;99;100;101;102;103;104;105;106;107;108;109;110;111;112;113;114;115;116;117;118" />
	<henna symbolId="98" dyeId="4542" price="206000" INT="0" STR="3" CON="0" MEN="0" DEX="-4" WIT="0" classes="2;3;5;6;8;9;12;13;14;16;17;20;21;23;24;27;28;30;33;34;36;37;40;41;43;46;48;51;52;55;57;88;89;90;91;92;93;94;95;96;97;98;99;100;101;102;103;104;105;106;107;108;109;110;111;112;113;114;115;116;117;118" />
	<henna symbolId="99" dyeId="4543" price="206000" INT="0" STR="-4" CON="3" MEN="0" DEX="0" WIT="0" classes="2;3;5;6;8;9;12;13;14;16;17;20;21;23;24;27;28;30;33;34;36;37;40;41;43;46;48;51;52;55;57;88;89;90;91;92;93;94;95;96;97;98;99;100;101;102;103;104;105;106;107;108;109;110;111;112;113;114;115;116;117;118" />
	<henna symbolId="100" dyeId="4544" price="206000" INT="0" STR="0" CON="3" MEN="0" DEX="-4" WIT="0" classes="2;3;5;6;8;9;12;13;14;16;17;20;21;23;24;27;28;30;33;34;36;37;40;41;43;46;48;51;52;55;57;88;89;90;91;92;93;94;95;96;97;98;99;100;101;102;103;104;105;106;107;108;109;110;111;112;113;114;115;116;117;118" />
	<henna symbolId="101" dyeId="4545" price="206000" INT="0" STR="-4" CON="0" MEN="0" DEX="3" WIT="0" classes="2;3;5;6;8;9;12;13;14;16;17;20;21;23;24;27;28;30;33;34;36;37;40;41;43;46;48;51;52;55;57;88;89;90;91;92;93;94;95;96;97;98;99;100;101;102;103;104;105;106;107;108;109;110;111;112;113;114;115;116;117;118" />
	<henna symbolId="102" dyeId="4546" price="206000" INT="0" STR="0" CON="-4" MEN="0" DEX="3" WIT="0" classes="2;3;5;6;8;9;12;13;14;16;17;20;21;23;24;27;28;30;33;34;36;37;40;41;43;46;48;51;52;55;57;88;89;90;91;92;93;94;95;96;97;98;99;100;101;102;103;104;105;106;107;108;109;110;111;112;113;114;115;116;117;118" />
	<henna symbolId="103" dyeId="4547" price="206000" INT="3" STR="0" CON="0" MEN="-4" DEX="0" WIT="0" classes="12;13;14;27;28;40;41;94;95;96;103;104;110;111" />
	<henna symbolId="104" dyeId="4548" price="206000" INT="3" STR="0" CON="0" MEN="0" DEX="0" WIT="-4" classes="2;3;5;6;8;9;12;13;14;20;21;23;24;27;28;33;34;36;37;40;41;46;48;55;57;88;89;90;91;92;93;94;95;96;99;100;101;102;103;104;106;107;108;109;110;111;113;114;117;118" />
	<henna symbolId="105" dyeId="4549" price="206000" INT="-4" STR="0" CON="0" MEN="3" DEX="0" WIT="0" classes="12;13;14;27;28;40;41;94;95;96;103;104;110;111" />
	<henna symbolId="106" dyeId="4550" price="206000" INT="0" STR="0" CON="0" MEN="3" DEX="0" WIT="-4" classes="12;13;14;16;17;27;28;30;40;41;43;51;52;94;95;96;97;98;103;104;105;110;111;112;115;116" />
	<henna symbolId="107" dyeId="4551" price="206000" INT="-4" STR="0" CON="0" MEN="0" DEX="0" WIT="3" classes="2;3;5;6;8;9;12;13;14;20;21;23;24;27;28;33;34;36;37;40;41;46;48;55;57;88;89;90;91;92;93;94;95;96;99;100;101;102;103;104;106;107;108;109;110;111;113;114;117;118" />
	<henna symbolId="108" dyeId="4552" price="206000" INT="0" STR="0" CON="0" MEN="-4" DEX="0" WIT="3" classes="12;13;14;16;17;27;28;30;40;41;43;51;52;94;95;96;97;98;103;104;105;110;111;112;115;116" />
	<henna symbolId="109" dyeId="4553" price="206000" INT="0" STR="1" CON="-1" MEN="0" DEX="0" WIT="0" classes="2;3;5;6;8;9;12;13;14;16;17;20;21;23;24;27;28;30;33;34;36;37;40;41;43;46;48;51;52;55;57;88;89;90;91;92;93;94;95;96;97;98;99;100;101;102;103;104;105;106;107;108;109;110;111;112;113;114;115;116;117;118" />
	<henna symbolId="110" dyeId="4554" price="206000" INT="0" STR="1" CON="0" MEN="0" DEX="-1" WIT="0" classes="2;3;5;6;8;9;12;13;14;16;17;20;21;23;24;27;28;30;33;34;36;37;40;41;43;46;48;51;52;55;57;88;89;90;91;92;93;94;95;96;97;98;99;100;101;102;103;104;105;106;107;108;109;110;111;112;113;114;115;116;117;118" />
	<henna symbolId="111" dyeId="4555" price="206000" INT="0" STR="-1" CON="1" MEN="0" DEX="0" WIT="0" classes="2;3;5;6;8;9;12;13;14;16;17;20;21;23;24;27;28;30;33;34;36;37;40;41;43;46;48;51;52;55;57;88;89;90;91;92;93;94;95;96;97;98;99;100;101;102;103;104;105;106;107;108;109;110;111;112;113;114;115;116;117;118" />
	<henna symbolId="112" dyeId="4556" price="206000" INT="0" STR="0" CON="1" MEN="0" DEX="-1" WIT="0" classes="2;3;5;6;8;9;12;13;14;16;17;20;21;23;24;27;28;30;33;34;36;37;40;41;43;46;48;51;52;55;57;88;89;90;91;92;93;94;95;96;97;98;99;100;101;102;103;104;105;106;107;108;109;110;111;112;113;114;115;116;117;118" />
	<henna symbolId="113" dyeId="4557" price="206000" INT="0" STR="-1" CON="0" MEN="0" DEX="1" WIT="0" classes="2;3;5;6;8;9;12;13;14;16;17;20;21;23;24;27;28;30;33;34;36;37;40;41;43;46;48;51;52;55;57;88;89;90;91;92;93;94;95;96;97;98;99;100;101;102;103;104;105;106;107;108;109;110;111;112;113;114;115;116;117;118" />
	<henna symbolId="114" dyeId="4558" price="206000" INT="0" STR="0" CON="-1" MEN="0" DEX="1" WIT="0" classes="2;3;5;6;8;9;12;13;14;16;17;20;21;23;24;27;28;30;33;34;36;37;40;41;43;46;48;51;52;55;57;88;89;90;91;92;93;94;95;96;97;98;99;100;101;102;103;104;105;106;107;108;109;110;111;112;113;114;115;116;117;118" />
	<henna symbolId="115" dyeId="4559" price="206000" INT="1" STR="0" CON="0" MEN="-1" DEX="0" WIT="0" classes="12;13;14;27;28;40;41;94;95;96;103;104;110;111" />
	<henna symbolId="116" dyeId="4560" price="206000" INT="1" STR="0" CON="0" MEN="0" DEX="0" WIT="-1" classes="2;3;5;6;8;9;12;13;14;20;21;23;24;27;28;33;34;36;37;40;41;46;48;55;57;88;89;90;91;92;93;94;95;96;99;100;101;102;103;104;106;107;108;109;110;111;113;114;117;118" />
	<henna symbolId="117" dyeId="4561" price="206000" INT="-1" STR="0" CON="0" MEN="1" DEX="0" WIT="0" classes="12;13;14;27;28;40;41;94;95;96;103;104;110;111" />
	<henna symbolId="118" dyeId="4562" price="206000" INT="0" STR="0" CON="0" MEN="1" DEX="0" WIT="-1" classes="12;13;14;16;17;27;28;30;40;41;43;51;52;94;95;96;97;98;103;104;105;110;111;112;115;116" />
	<henna symbolId="119" dyeId="4563" price="206000" INT="-1" STR="0" CON="0" MEN="0" DEX="0" WIT="1" classes="2;3;5;6;8;9;12;13;14;20;21;23;24;27;28;33;34;36;37;40;41;46;48;55;57;88;89;90;91;92;93;94;95;96;99;100;101;102;103;104;106;107;108;109;110;111;113;114;117;118" />
	<henna symbolId="120" dyeId="4564" price="206000" INT="0" STR="0" CON="0" MEN="-1" DEX="0" WIT="1" classes="12;13;14;16;17;27;28;30;40;41;43;51;52;94;95;96;97;98;103;104;105;110;111;112;115;116" />
	<henna symbolId="121" dyeId="4565" price="258000" INT="0" STR="4" CON="-6" MEN="0" DEX="0" WIT="0" classes="2;3;5;6;8;9;12;13;14;16;17;20;21;23;24;27;28;30;33;34;36;37;40;41;43;46;48;51;52;55;57;88;89;90;91;92;93;94;95;96;97;98;99;100;101;102;103;104;105;106;107;108;109;110;111;112;113;114;115;116;117;118" />
	<henna symbolId="122" dyeId="4566" price="258000" INT="0" STR="4" CON="0" MEN="0" DEX="-6" WIT="0" classes="2;3;5;6;8;9;12;13;14;16;17;20;21;23;24;27;28;30;33;34;36;37;40;41;43;46;48;51;52;55;57;88;89;90;91;92;93;94;95;96;97;98;99;100;101;102;103;104;105;106;107;108;109;110;111;112;113;114;115;116;117;118" />
	<henna symbolId="123" dyeId="4567" price="258000" INT="0" STR="-6" CON="4" MEN="0" DEX="0" WIT="0" classes="2;3;5;6;8;9;12;13;14;16;17;20;21;23;24;27;28;30;33;34;36;37;40;41;43;46;48;51;52;55;57;88;89;90;91;92;93;94;95;96;97;98;99;100;101;102;103;104;105;106;107;108;109;110;111;112;113;114;115;116;117;118" />
	<henna symbolId="124" dyeId="4568" price="258000" INT="0" STR="0" CON="4" MEN="0" DEX="-6" WIT="0" classes="2;3;5;6;8;9;12;13;14;16;17;20;21;23;24;27;28;30;33;34;36;37;40;41;43;46;48;51;52;55;57;88;89;90;91;92;93;94;95;96;97;98;99;100;101;102;103;104;105;106;107;108;109;110;111;112;113;114;115;116;117;118" />
	<henna symbolId="125" dyeId="4569" price="258000" INT="0" STR="-6" CON="0" MEN="0" DEX="4" WIT="0" classes="2;3;5;6;8;9;12;13;14;16;17;20;21;23;24;27;28;30;33;34;36;37;40;41;43;46;48;51;52;55;57;88;89;90;91;92;93;94;95;96;97;98;99;100;101;102;103;104;105;106;107;108;109;110;111;112;113;114;115;116;117;118" />
	<henna symbolId="126" dyeId="4570" price="258000" INT="0" STR="0" CON="-6" MEN="0" DEX="4" WIT="0" classes="2;3;5;6;8;9;12;13;14;16;17;20;21;23;24;27;28;30;33;34;36;37;40;41;43;46;48;51;52;55;57;88;89;90;91;92;93;94;95;96;97;98;99;100;101;102;103;104;105;106;107;108;109;110;111;112;113;114;115;116;117;118" />
	<henna symbolId="127" dyeId="4571" price="258000" INT="4" STR="0" CON="0" MEN="-6" DEX="0" WIT="0" classes="12;13;14;27;28;40;41;94;95;96;103;104;110;111" />
	<henna symbolId="128" dyeId="4572" price="258000" INT="4" STR="0" CON="0" MEN="0" DEX="0" WIT="-6" classes="2;3;5;6;8;9;12;13;14;20;21;23;24;27;28;33;34;36;37;40;41;46;48;55;57;88;89;90;91;92;93;94;95;96;99;100;101;102;103;104;106;107;108;109;110;111;113;114;117;118" />
	<henna symbolId="129" dyeId="4573" price="258000" INT="-6" STR="0" CON="0" MEN="4" DEX="0" WIT="0" classes="12;13;14;27;28;40;41;94;95;96;103;104;110;111" />
	<henna symbolId="130" dyeId="4574" price="258000" INT="0" STR="0" CON="0" MEN="4" DEX="0" WIT="-6" classes="12;13;14;16;17;27;28;30;40;41;43;51;52;94;95;96;97;98;103;104;105;110;111;112;115;116" />
	<henna symbolId="131" dyeId="4575" price="258000" INT="-6" STR="0" CON="0" MEN="0" DEX="0" WIT="4" classes="2;3;5;6;8;9;12;13;14;20;21;23;24;27;28;33;34;36;37;40;41;46;48;55;57;88;89;90;91;92;93;94;95;96;99;100;101;102;103;104;106;107;108;109;110;111;113;114;117;118" />
	<henna symbolId="132" dyeId="4576" price="258000" INT="0" STR="0" CON="0" MEN="-6" DEX="0" WIT="4" classes="12;13;14;16;17;27;28;30;40;41;43;51;52;94;95;96;97;98;103;104;105;110;111;112;115;116" />
	<henna symbolId="133" dyeId="4577" price="258000" INT="0" STR="4" CON="-5" MEN="0" DEX="0" WIT="0" classes="2;3;5;6;8;9;12;13;14;16;17;20;21;23;24;27;28;30;33;34;36;37;40;41;43;46;48;51;52;55;57;88;89;90;91;92;93;94;95;96;97;98;99;100;101;102;103;104;105;106;107;108;109;110;111;112;113;114;115;116;117;118" />
	<henna symbolId="134" dyeId="4578" price="258000" INT="0" STR="4" CON="0" MEN="0" DEX="-5" WIT="0" classes="2;3;5;6;8;9;12;13;14;16;17;20;21;23;24;27;28;30;33;34;36;37;40;41;43;46;48;51;52;55;57;88;89;90;91;92;93;94;95;96;97;98;99;100;101;102;103;104;105;106;107;108;109;110;111;112;113;114;115;116;117;118" />
	<henna symbolId="135" dyeId="4579" price="258000" INT="0" STR="-5" CON="4" MEN="0" DEX="0" WIT="0" classes="2;3;5;6;8;9;12;13;14;16;17;20;21;23;24;27;28;30;33;34;36;37;40;41;43;46;48;51;52;55;57;88;89;90;91;92;93;94;95;96;97;98;99;100;101;102;103;104;105;106;107;108;109;110;111;112;113;114;115;116;117;118" />
	<henna symbolId="136" dyeId="4580" price="258000" INT="0" STR="0" CON="4" MEN="0" DEX="-5" WIT="0" classes="2;3;5;6;8;9;12;13;14;16;17;20;21;23;24;27;28;30;33;34;36;37;40;41;43;46;48;51;52;55;57;88;89;90;91;92;93;94;95;96;97;98;99;100;101;102;103;104;105;106;107;108;109;110;111;112;113;114;115;116;117;118" />
	<henna symbolId="137" dyeId="4581" price="258000" INT="0" STR="-5" CON="0" MEN="0" DEX="4" WIT="0" classes="2;3;5;6;8;9;12;13;14;16;17;20;21;23;24;27;28;30;33;34;36;37;40;41;43;46;48;51;52;55;57;88;89;90;91;92;93;94;95;96;97;98;99;100;101;102;103;104;105;106;107;108;109;110;111;112;113;114;115;116;117;118" />
	<henna symbolId="138" dyeId="4582" price="258000" INT="0" STR="0" CON="-5" MEN="0" DEX="4" WIT="0" classes="2;3;5;6;8;9;12;13;14;16;17;20;21;23;24;27;28;30;33;34;36;37;40;41;43;46;48;51;52;55;57;88;89;90;91;92;93;94;95;96;97;98;99;100;101;102;103;104;105;106;107;108;109;110;111;112;113;114;115;116;117;118" />
	<henna symbolId="139" dyeId="4583" price="258000" INT="4" STR="0" CON="0" MEN="-5" DEX="0" WIT="0" classes="12;13;14;27;28;40;41;94;95;96;103;104;110;111" />
	<henna symbolId="140" dyeId="4584" price="258000" INT="4" STR="0" CON="0" MEN="0" DEX="0" WIT="-5" classes="2;3;5;6;8;9;12;13;14;20;21;23;24;27;28;33;34;36;37;40;41;46;48;55;57;88;89;90;91;92;93;94;95;96;99;100;101;102;103;104;106;107;108;109;110;111;113;114;117;118" />
	<henna symbolId="141" dyeId="4585" price="258000" INT="-5" STR="0" CON="0" MEN="4" DEX="0" WIT="0" classes="12;13;14;27;28;40;41;94;95;96;103;104;110;111" />
	<henna symbolId="142" dyeId="4586" price="258000" INT="0" STR="0" CON="0" MEN="4" DEX="0" WIT="-5" classes="12;13;14;16;17;27;28;30;40;41;43;51;52;94;95;96;97;98;103;104;105;110;111;112;115;116" />
	<henna symbolId="143" dyeId="4587" price="258000" INT="-5" STR="0" CON="0" MEN="0" DEX="0" WIT="4" classes="2;3;5;6;8;9;12;13;14;20;21;23;24;27;28;33;34;36;37;40;41;46;48;55;57;88;89;90;91;92;93;94;95;96;99;100;101;102;103;104;106;107;108;109;110;111;113;114;117;118" />
	<henna symbolId="144" dyeId="4588" price="258000" INT="0" STR="0" CON="0" MEN="-5" DEX="0" WIT="4" classes="12;13;14;16;17;27;28;30;40;41;43;51;52;94;95;96;97;98;103;104;105;110;111;112;115;116" />
	<henna symbolId="145" dyeId="4589" price="258000" INT="0" STR="2" CON="-2" MEN="0" DEX="0" WIT="0" classes="2;3;5;6;8;9;12;13;14;16;17;20;21;23;24;27;28;30;33;34;36;37;40;41;43;46;48;51;52;55;57;88;89;90;91;92;93;94;95;96;97;98;99;100;101;102;103;104;105;106;107;108;109;110;111;112;113;114;115;116;117;118" />
	<henna symbolId="146" dyeId="4590" price="258000" INT="0" STR="2" CON="0" MEN="0" DEX="-2" WIT="0" classes="2;3;5;6;8;9;12;13;14;16;17;20;21;23;24;27;28;30;33;34;36;37;40;41;43;46;48;51;52;55;57;88;89;90;91;92;93;94;95;96;97;98;99;100;101;102;103;104;105;106;107;108;109;110;111;112;113;114;115;116;117;118" />
	<henna symbolId="147" dyeId="4591" price="258000" INT="0" STR="-2" CON="2" MEN="0" DEX="0" WIT="0" classes="2;3;5;6;8;9;12;13;14;16;17;20;21;23;24;27;28;30;33;34;36;37;40;41;43;46;48;51;52;55;57;88;89;90;91;92;93;94;95;96;97;98;99;100;101;102;103;104;105;106;107;108;109;110;111;112;113;114;115;116;117;118" />
	<henna symbolId="148" dyeId="4592" price="258000" INT="0" STR="0" CON="2" MEN="0" DEX="-2" WIT="0" classes="2;3;5;6;8;9;12;13;14;16;17;20;21;23;24;27;28;30;33;34;36;37;40;41;43;46;48;51;52;55;57;88;89;90;91;92;93;94;95;96;97;98;99;100;101;102;103;104;105;106;107;108;109;110;111;112;113;114;115;116;117;118" />
	<henna symbolId="149" dyeId="4593" price="258000" INT="0" STR="-2" CON="0" MEN="0" DEX="2" WIT="0" classes="2;3;5;6;8;9;12;13;14;16;17;20;21;23;24;27;28;30;33;34;36;37;40;41;43;46;48;51;52;55;57;88;89;90;91;92;93;94;95;96;97;98;99;100;101;102;103;104;105;106;107;108;109;110;111;112;113;114;115;116;117;118" />
	<henna symbolId="150" dyeId="4594" price="258000" INT="0" STR="0" CON="-2" MEN="0" DEX="2" WIT="0" classes="2;3;5;6;8;9;12;13;14;16;17;20;21;23;24;27;28;30;33;34;36;37;40;41;43;46;48;51;52;55;57;88;89;90;91;92;93;94;95;96;97;98;99;100;101;102;103;104;105;106;107;108;109;110;111;112;113;114;115;116;117;118" />
	<henna symbolId="151" dyeId="4595" price="258000" INT="2" STR="0" CON="0" MEN="-2" DEX="0" WIT="0" classes="12;13;14;27;28;40;41;94;95;96;103;104;110;111" />
	<henna symbolId="152" dyeId="4596" price="258000" INT="2" STR="0" CON="0" MEN="0" DEX="0" WIT="-2" classes="2;3;5;6;8;9;12;13;14;20;21;23;24;27;28;33;34;36;37;40;41;46;48;55;57;88;89;90;91;92;93;94;95;96;99;100;101;102;103;104;106;107;108;109;110;111;113;114;117;118" />
	<henna symbolId="153" dyeId="4597" price="258000" INT="-2" STR="0" CON="0" MEN="2" DEX="0" WIT="0" classes="12;13;14;27;28;40;41;94;95;96;103;104;110;111" />
	<henna symbolId="154" dyeId="4598" price="258000" INT="0" STR="0" CON="0" MEN="2" DEX="0" WIT="-2" classes="12;13;14;16;17;27;28;30;40;41;43;51;52;94;95;96;97;98;103;104;105;110;111;112;115;116" />
	<henna symbolId="155" dyeId="4599" price="258000" INT="-2" STR="0" CON="0" MEN="0" DEX="0" WIT="2" classes="2;3;5;6;8;9;12;13;14;20;21;23;24;27;28;33;34;36;37;40;41;46;48;55;57;88;89;90;91;92;93;94;95;96;99;100;101;102;103;104;106;107;108;109;110;111;113;114;117;118" />
	<henna symbolId="156" dyeId="4600" price="258000" INT="0" STR="0" CON="0" MEN="-2" DEX="0" WIT="2" classes="12;13;14;16;17;27;28;30;40;41;43;51;52;94;95;96;97;98;103;104;105;110;111;112;115;116" />
	<henna symbolId="157" dyeId="4601" price="387000" INT="0" STR="3" CON="-3" MEN="0" DEX="0" WIT="0" classes="2;3;5;6;8;9;12;13;14;16;17;20;21;23;24;27;28;30;33;34;36;37;40;41;43;46;48;51;52;55;57;88;89;90;91;92;93;94;95;96;97;98;99;100;101;102;103;104;105;106;107;108;109;110;111;112;113;114;115;116;117;118" />
	<henna symbolId="158" dyeId="4602" price="387000" INT="0" STR="3" CON="0" MEN="0" DEX="-3" WIT="0" classes="2;3;5;6;8;9;12;13;14;16;17;20;21;23;24;27;28;30;33;34;36;37;40;41;43;46;48;51;52;55;57;88;89;90;91;92;93;94;95;96;97;98;99;100;101;102;103;104;105;106;107;108;109;110;111;112;113;114;115;116;117;118" />
	<henna symbolId="159" dyeId="4603" price="387000" INT="0" STR="-3" CON="3" MEN="0" DEX="0" WIT="0" classes="2;3;5;6;8;9;12;13;14;16;17;20;21;23;24;27;28;30;33;34;36;37;40;41;43;46;48;51;52;55;57;88;89;90;91;92;93;94;95;96;97;98;99;100;101;102;103;104;105;106;107;108;109;110;111;112;113;114;115;116;117;118" />
	<henna symbolId="160" dyeId="4604" price="387000" INT="0" STR="0" CON="3" MEN="0" DEX="-3" WIT="0" classes="2;3;5;6;8;9;12;13;14;16;17;20;21;23;24;27;28;30;33;34;36;37;40;41;43;46;48;51;52;55;57;88;89;90;91;92;93;94;95;96;97;98;99;100;101;102;103;104;105;106;107;108;109;110;111;112;113;114;115;116;117;118" />
	<henna symbolId="161" dyeId="4605" price="387000" INT="0" STR="-3" CON="0" MEN="0" DEX="3" WIT="0" classes="2;3;5;6;8;9;12;13;14;16;17;20;21;23;24;27;28;30;33;34;36;37;40;41;43;46;48;51;52;55;57;88;89;90;91;92;93;94;95;96;97;98;99;100;101;102;103;104;105;106;107;108;109;110;111;112;113;114;115;116;117;118" />
	<henna symbolId="162" dyeId="4606" price="387000" INT="0" STR="0" CON="-3" MEN="0" DEX="3" WIT="0" classes="2;3;5;6;8;9;12;13;14;16;17;20;21;23;24;27;28;30;33;34;36;37;40;41;43;46;48;51;52;55;57;88;89;90;91;92;93;94;95;96;97;98;99;100;101;102;103;104;105;106;107;108;109;110;111;112;113;114;115;116;117;118" />
	<henna symbolId="163" dyeId="4607" price="387000" INT="3" STR="0" CON="0" MEN="-3" DEX="0" WIT="0" classes="12;13;14;27;28;40;41;94;95;96;103;104;110;111" />
	<henna symbolId="164" dyeId="4608" price="387000" INT="3" STR="0" CON="0" MEN="0" DEX="0" WIT="-3" classes="2;3;5;6;8;9;12;13;14;20;21;23;24;27;28;33;34;36;37;40;41;46;48;55;57;88;89;90;91;92;93;94;95;96;99;100;101;102;103;104;106;107;108;109;110;111;113;114;117;118" />
	<henna symbolId="165" dyeId="4609" price="387000" INT="-3" STR="0" CON="0" MEN="3" DEX="0" WIT="0" classes="12;13;14;27;28;40;41;94;95;96;103;104;110;111" />
	<henna symbolId="166" dyeId="4610" price="387000" INT="0" STR="0" CON="0" MEN="3" DEX="0" WIT="-3" classes="12;13;14;16;17;27;28;30;40;41;43;51;52;94;95;96;97;98;103;104;105;110;111;112;115;116" />
	<henna symbolId="167" dyeId="4611" price="387000" INT="-3" STR="0" CON="0" MEN="0" DEX="0" WIT="3" classes="2;3;5;6;8;9;12;13;14;20;21;23;24;27;28;33;34;36;37;40;41;46;48;55;57;88;89;90;91;92;93;94;95;96;99;100;101;102;103;104;106;107;108;109;110;111;113;114;117;118" />
	<henna symbolId="168" dyeId="4612" price="387000" INT="0" STR="0" CON="0" MEN="-3" DEX="0" WIT="3" classes="12;13;14;16;17;27;28;30;40;41;43;51;52;94;95;96;97;98;103;104;105;110;111;112;115;116" />
	<henna symbolId="169" dyeId="4613" price="628000" INT="0" STR="4" CON="-4" MEN="0" DEX="0" WIT="0" classes="2;3;5;6;8;9;12;13;14;16;17;20;21;23;24;27;28;30;33;34;36;37;40;41;43;46;48;51;52;55;57;88;89;90;91;92;93;94;95;96;97;98;99;100;101;102;103;104;105;106;107;108;109;110;111;112;113;114;115;116;117;118" />
	<henna symbolId="170" dyeId="4614" price="628000" INT="0" STR="4" CON="0" MEN="0" DEX="-4" WIT="0" classes="2;3;5;6;8;9;12;13;14;16;17;20;21;23;24;27;28;30;33;34;36;37;40;41;43;46;48;51;52;55;57;88;89;90;91;92;93;94;95;96;97;98;99;100;101;102;103;104;105;106;107;108;109;110;111;112;113;114;115;116;117;118" />
	<henna symbolId="171" dyeId="4615" price="628000" INT="0" STR="-4" CON="4" MEN="0" DEX="0" WIT="0" classes="2;3;5;6;8;9;12;13;14;16;17;20;21;23;24;27;28;30;33;34;36;37;40;41;43;46;48;51;52;55;57;88;89;90;91;92;93;94;95;96;97;98;99;100;101;102;103;104;105;106;107;108;109;110;111;112;113;114;115;116;117;118" />
	<henna symbolId="172" dyeId="4616" price="628000" INT="0" STR="0" CON="4" MEN="0" DEX="-4" WIT="0" classes="2;3;5;6;8;9;12;13;14;16;17;20;21;23;24;27;28;30;33;34;36;37;40;41;43;46;48;51;52;55;57;88;89;90;91;92;93;94;95;96;97;98;99;100;101;102;103;104;105;106;107;108;109;110;111;112;113;114;115;116;117;118" />
	<henna symbolId="173" dyeId="4617" price="628000" INT="0" STR="-4" CON="0" MEN="0" DEX="4" WIT="0" classes="2;3;5;6;8;9;12;13;14;16;17;20;21;23;24;27;28;30;33;34;36;37;40;41;43;46;48;51;52;55;57;88;89;90;91;92;93;94;95;96;97;98;99;100;101;102;103;104;105;106;107;108;109;110;111;112;113;114;115;116;117;118" />
	<henna symbolId="174" dyeId="4618" price="628000" INT="0" STR="0" CON="-4" MEN="0" DEX="4" WIT="0" classes="2;3;5;6;8;9;12;13;14;16;17;20;21;23;24;27;28;30;33;34;36;37;40;41;43;46;48;51;52;55;57;88;89;90;91;92;93;94;95;96;97;98;99;100;101;102;103;104;105;106;107;108;109;110;111;112;113;114;115;116;117;118" />
	<henna symbolId="175" dyeId="4619" price="628000" INT="4" STR="0" CON="0" MEN="-4" DEX="0" WIT="0" classes="12;13;14;27;28;40;41;94;95;96;103;104;110;111" />
	<henna symbolId="176" dyeId="4620" price="628000" INT="4" STR="0" CON="0" MEN="0" DEX="0" WIT="-4" classes="2;3;5;6;8;9;12;13;14;20;21;23;24;27;28;33;34;36;37;40;41;46;48;55;57;88;89;90;91;92;93;94;95;96;99;100;101;102;103;104;106;107;108;109;110;111;113;114;117;118" />
	<henna symbolId="177" dyeId="4621" price="628000" INT="-4" STR="0" CON="0" MEN="4" DEX="0" WIT="0" classes="12;13;14;27;28;40;41;94;95;96;103;104;110;111" />
	<henna symbolId="178" dyeId="4622" price="628000" INT="0" STR="0" CON="0" MEN="4" DEX="0" WIT="-4" classes="12;13;14;16;17;27;28;30;40;41;43;51;52;94;95;96;97;98;103;104;105;110;111;112;115;116" />
	<henna symbolId="179" dyeId="4623" price="628000" INT="-4" STR="0" CON="0" MEN="0" DEX="0" WIT="4" classes="2;3;5;6;8;9;12;13;14;20;21;23;24;27;28;33;34;36;37;40;41;46;48;55;57;88;89;90;91;92;93;94;95;96;99;100;101;102;103;104;106;107;108;109;110;111;113;114;117;118" />
	<henna symbolId="180" dyeId="4624" price="628000" INT="0" STR="0" CON="0" MEN="-4" DEX="0" WIT="4" classes="12;13;14;16;17;27;28;30;40;41;43;51;52;94;95;96;97;98;103;104;105;110;111;112;115;116" />
</list>