<?xml version='1.0' encoding='utf-8'?>
<list xmlns:xsi="http://www.w3.org/2001/XMLSchema-instance" xsi:noNamespaceSchemaLocation="xsd/SummonItems.xsd">
	<item id="5560" npcId="13006" summonType="0" /> <!-- Christmas Tree -->
	<item id="5561" npcId="13007" summonType="0" /> <!-- Special Christmas Tree -->
	<item id="2375" npcId="12077" summonType="1" /> <!-- Wolf -->
	<item id="3500" npcId="12311" summonType="1" /> <!-- Hatchling of Wind -->
	<item id="3501" npcId="12312" summonType="1" /> <!-- Hatchling of Star -->
	<item id="3502" npcId="12313" summonType="1" /> <!-- Hatchling of Twilight -->
	<item id="4422" npcId="12526" summonType="1" /> <!-- Wind Strider -->
	<item id="4423" npcId="12527" summonType="1" /> <!-- Star Strider -->
	<item id="4424" npcId="12528" summonType="1" /> <!-- Twilight Strider -->
	<item id="4425" npcId="12564" summonType="1" /> <!-- Sin Eater -->
	<item id="6648" npcId="12780" summonType="1" /> <!-- Baby Buffalo -->
	<item id="6649" npcId="12782" summonType="1" /> <!-- Baby Cougar -->
	<item id="6650" npcId="12781" summonType="1" /> <!-- Baby Kookaburra -->
	<item id="8663" npcId="12621" summonType="2" /> <!-- Wyvern -->
</list>