<?xml version="1.0" encoding="UTF-8"?>
<list xmlns:xsi="http://www.w3.org/2001/XMLSchema-instance" xsi:noNamespaceSchemaLocation="../xsd/buylist.xsd">
	<npcs>
		<npc>30081</npc> <!-- Helvetia -->
	</npcs>
	<item id="91927" price="22" /> <!-- Soulshot -->
	<item id="91928" price="33" /> <!-- Spiritshot -->
	<item id="91929" price="55" /> <!-- Blessed Soulshot -->
	<item id="91930" price="82" /> <!-- Blessed Spiritshot -->
	<item id="17" price="2" /> <!-- Wooden Arrow -->
	<item id="1341" price="3" /> <!-- Bone Arrow -->
	<item id="1342" price="5" /> <!-- Steel Arrow -->
	<item id="1343" price="7" /> <!-- Silver Arrow -->
	<item id="1831" price="82" /> <!-- Antidote -->
	<item id="1832" price="198" /> <!-- Greater Antidote -->
	<item id="1833" price="82" /> <!-- Bandage -->
	<item id="1834" price="198" /> <!-- Emergency Dressing -->
	<item id="734" price="1320" /> <!-- Wind Walk Potion -->
	<item id="735" price="2640" /> <!-- Haste Potion -->
	<item id="6035" price="2640" /> <!-- Magic Haste Potion -->
	<item id="6037" price="110" /> <!-- Scroll: Cancel Sleep -->
	<item id="736" price="440" /> <!-- Scroll of Escape -->
	<item id="737" price="2200" /> <!-- Scroll of Resurrection -->
	<item id="1829" price="550" /> <!-- Scroll of Escape: Clan Hall -->
	<item id="1830" price="550" /> <!-- Scroll of Escape: Castle -->
	<item id="3031" price="440" /> <!-- Spirit Ore -->
	<item id="1785" price="275" /> <!-- Soulstone -->
	<item id="5589" price="110" /> <!-- Momentum Stone -->
	<item id="5192" price="110" /> <!-- Magic Rope (D-grade) -->
	<item id="5193" price="165" /> <!-- Magic Rope (C-grade) -->
	<item id="5194" price="275" /> <!-- Magic Rope (B-grade) -->
	<item id="5195" price="440" /> <!-- Magic Rope (A-grade) -->
	<item id="2130" price="1100" /> <!-- Gemstone (D-grade) -->
	<item id="2131" price="3300" /> <!-- Gemstone (C-grade) -->
	<item id="2132" price="11000" /> <!-- Gemstone (B-grade) -->
	<item id="4679" price="550" /> <!-- Eva's Blessing -->
	<item id="8615" price="38500" /> <!-- Summoning Crystal -->
	<item id="91912" price="33" /> <!-- HP Potion -->
</list>