<?xml version="1.0" encoding="UTF-8"?>
<list xmlns:xsi="http://www.w3.org/2001/XMLSchema-instance" xsi:noNamespaceSchemaLocation="../xsd/buylist.xsd">
	<npcs>
		<npc>30301</npc> <!-- Hally -->
	</npcs>
	<item id="91927" price="26" /> <!-- Soulshot -->
	<item id="91928" price="39" /> <!-- Spiritshot -->
	<item id="91929" price="65" /> <!-- Blessed Soulshot -->
	<item id="91930" price="97" /> <!-- Blessed Spiritshot -->
	<item id="17" price="2" /> <!-- Wooden Arrow -->
	<item id="1341" price="3" /> <!-- Bone Arrow -->
	<item id="1342" price="6" /> <!-- Steel Arrow -->
	<item id="1831" price="97" /> <!-- Antidote -->
	<item id="1832" price="234" /> <!-- Greater Antidote -->
	<item id="1833" price="97" /> <!-- Bandage -->
	<item id="1834" price="234" /> <!-- Emergency Dressing -->
	<item id="734" price="1560" /> <!-- Wind Walk Potion -->
	<item id="735" price="3120" /> <!-- Haste Potion -->
	<item id="6035" price="3120" /> <!-- Magic Haste Potion -->
	<item id="6037" price="130" /> <!-- Scroll: Cancel Sleep -->
	<item id="736" price="520" /> <!-- Scroll of Escape -->
	<item id="737" price="2600" /> <!-- Scroll of Resurrection -->
	<item id="3031" price="520" /> <!-- Spirit Ore -->
	<item id="1785" price="325" /> <!-- Soulstone -->
	<item id="5589" price="130" /> <!-- Momentum Stone -->
	<item id="5192" price="130" /> <!-- Magic Rope (D-grade) -->
	<item id="5193" price="195" /> <!-- Magic Rope (C-grade) -->
	<item id="2130" price="1300" /> <!-- Gemstone (D-grade) -->
	<item id="2131" price="3900" /> <!-- Gemstone (C-grade) -->
	<item id="4679" price="650" /> <!-- Eva's Blessing -->
	<item id="91912" price="39" /> <!-- HP Potion -->
</list>
