<?xml version="1.0" encoding="UTF-8"?>
<list xmlns:xsi="http://www.w3.org/2001/XMLSchema-instance" xsi:noNamespaceSchemaLocation="../xsd/buylist.xsd">
	<npcs>
		<npc>30684</npc> <!-- Viktor -->
	</npcs>
	<item id="2" price="176800" /> <!-- Long Sword -->
	<item id="218" price="176800" /> <!-- Throwing Knife -->
	<item id="272" price="176800" /> <!-- Forest Bow -->
	<item id="15" price="176800" /> <!-- Short Spear -->
	<item id="256" price="176800" /> <!-- Cestus -->
	<item id="68" price="317200" /> <!-- Falchion -->
	<item id="219" price="317200" /> <!-- Sword Breaker -->
	<item id="273" price="317200" /> <!-- Compound Bow -->
	<item id="155" price="317200" /> <!-- Flanged Mace -->
	<item id="87" price="317200" /> <!-- Iron Hammer -->
	<item id="16" price="317200" /> <!-- Great Spear -->
	<item id="257" price="317200" /> <!-- Viper Fang -->
	<item id="123" price="531700" /> <!-- Saber -->
	<item id="7880" price="531700" /> <!-- Steel Sword -->
	<item id="220" price="531700" /> <!-- Crafted Dagger -->
	<item id="221" price="531700" /> <!-- Assassin Knife -->
	<item id="274" price="531700" /> <!-- Reinforced Bow -->
	<item id="156" price="531700" /> <!-- Hand Axe -->
	<item id="166" price="531700" /> <!-- Heavy Mace -->
	<item id="168" price="531700" /> <!-- Work Hammer -->
	<item id="291" price="531700" /> <!-- Trident -->
	<item id="258" price="531700" /> <!-- Bagh-Nakh -->
	<item id="69" price="837200" /> <!-- Bastard Sword -->
	<item id="222" price="837200" /> <!-- Poniard Dagger -->
	<item id="275" price="837200" /> <!-- Longbow -->
	<item id="277" price="837200" /> <!-- Dark Elven Bow -->
	<item id="292" price="837200" /> <!-- Pike -->
	<item id="295" price="837200" /> <!-- Dwarven Trident -->
	<item id="259" price="837200" /> <!-- Single-Edged Jamadhr -->
	<item id="88" price="1820000" /> <!-- Morning Star -->
</list>
