<?xml version="1.0" encoding="UTF-8"?>
<list xmlns:xsi="http://www.w3.org/2001/XMLSchema-instance" xsi:noNamespaceSchemaLocation="../xsd/buylist.xsd">
	<npcs>
		<npc>35394</npc>
	</npcs>
	<item id="1829" price="500" count="5" restock_delay="60" /> <!-- Scroll of Escape: Clan Hall -->
	<item id="5858" price="110000" count="1" restock_delay="60" /> <!-- Blessed Scroll of Escape: Clan Hall -->
	<item id="735" price="1320" count="1" restock_delay="60" /> <!-- Haste Potion -->
	<item id="6035" price="2640" count="1" restock_delay="60" /> <!-- Magic Haste Potion -->
	<item id="6036" price="6600" count="1" restock_delay="60" /> <!-- Greater Magic Haste Potion -->
	<item id="5235" price="22000" count="1" restock_delay="60" /> <!-- Facelifting Potion A -->
	<item id="5236" price="22000" count="1" restock_delay="60" /> <!-- Facelifting Potion B -->
	<item id="5237" price="22000" count="1" restock_delay="60" /> <!-- Facelifting Potion C -->
	<item id="5238" price="22000" count="1" restock_delay="60" /> <!-- Dye Potion A -->
	<item id="5239" price="22000" count="1" restock_delay="60" /> <!-- Dye Potion B -->
	<item id="5240" price="22000" count="1" restock_delay="60" /> <!-- Dye Potion C -->
	<item id="5241" price="22000" count="1" restock_delay="60" /> <!-- Dye Potion D -->
	<item id="5242" price="22000" count="1" restock_delay="60" /> <!-- Hair Style Change Potion A -->
	<item id="5243" price="22000" count="1" restock_delay="60" /> <!-- Hair Style Change Potion B -->
	<item id="5244" price="22000" count="1" restock_delay="60" /> <!-- Hair Style Change Potion C -->
	<item id="5245" price="22000" count="1" restock_delay="60" /> <!-- Hair Style Change Potion D -->
	<item id="5246" price="22000" count="1" restock_delay="60" /> <!-- Hair Style Change Potion E -->
	<item id="5247" price="22000" count="1" restock_delay="60" /> <!-- Hair Style Change Potion F -->
	<item id="5248" price="22000" count="1" restock_delay="60" /> <!-- Hair Style Change Potion G -->
	<item id="5234" price="11000" count="1" restock_delay="60" /> <!-- Mysterious Potion -->
	<item id="5126" price="10000" count="2" restock_delay="60" /> <!-- Dual Weapon Crafting Stamp -->
	<item id="49684" price="200000" count="5" restock_delay="60" /> <!-- Talisman Crystal -->
	<item id="5593" price="55000" count="10" restock_delay="60" /> <!-- SP Scroll (Low-grade) -->
	<item id="5594" price="330000" count="10" restock_delay="60" /> <!-- SP Scroll (Mid-grade) -->
	<item id="49030" price="540000" count="1" restock_delay="60" /> <!-- Scroll: PK (A-Grade) -->
</list>
