<?xml version="1.0" encoding="UTF-8"?>
<list xmlns:xsi="http://www.w3.org/2001/XMLSchema-instance" xsi:noNamespaceSchemaLocation="xsd/EnchantItemOptions.xsd">
	<item id="29704"> <!-- Fire Dragon Pedant Lv. 1 -->
		<options level="0" option1="60000" />
		<options level="1" option1="60001" />
		<options level="2" option1="60002" />
		<options level="3" option1="60003" />
		<options level="4" option1="60004" />
		<options level="5" option1="60005" />
		<options level="6" option1="60006" />
		<options level="7" option1="60007" />
		<options level="8" option1="60008" />
		<options level="9" option1="60009" />
		<options level="10" option1="60010" />
	</item>
	<item id="29705"> <!-- Fire Dragon Pedant Lv. 2 -->
		<options level="0" option1="60011" />
		<options level="1" option1="60012" />
		<options level="2" option1="60013" />
		<options level="3" option1="60014" />
		<options level="4" option1="60015" />
		<options level="5" option1="60016" />
		<options level="6" option1="60017" />
		<options level="7" option1="60018" />
		<options level="8" option1="60019" />
		<options level="9" option1="60020" />
		<options level="10" option1="60021" />
	</item>
	<item id="29706"> <!-- Fire Dragon Pedant Lv. 3 -->
		<options level="0" option1="60022" />
		<options level="1" option1="60023" />
		<options level="2" option1="60024" />
		<options level="3" option1="60025" />
		<options level="4" option1="60026" />
		<options level="5" option1="60027" />
		<options level="6" option1="60028" />
		<options level="7" option1="60029" />
		<options level="8" option1="60030" />
		<options level="9" option1="60031" />
		<options level="10" option1="60032" />
	</item>
	<item id="29707"> <!-- Fire Dragon Pedant Lv. 4 -->
		<options level="0" option1="60033" />
		<options level="1" option1="60034" />
		<options level="2" option1="60035" />
		<options level="3" option1="60036" />
		<options level="4" option1="60037" />
		<options level="5" option1="60038" />
		<options level="6" option1="60039" />
		<options level="7" option1="60040" />
		<options level="8" option1="60041" />
		<options level="9" option1="60042" />
		<options level="10" option1="60043" />
	</item>
	<item id="29708"> <!-- Fire Dragon Pedant Lv. 5 -->
		<options level="0" option1="60044" />
		<options level="1" option1="60045" />
		<options level="2" option1="60046" />
		<options level="3" option1="60047" />
		<options level="4" option1="60048" />
		<options level="5" option1="60049" />
		<options level="6" option1="60050" />
		<options level="7" option1="60051" />
		<options level="8" option1="60052" />
		<options level="9" option1="60053" />
		<options level="10" option1="60054" />
	</item>
	<item id="29709"> <!-- Water Dragon Pedant Lv. 1 -->
		<options level="0" option1="60055" />
		<options level="1" option1="60056" />
		<options level="2" option1="60057" />
		<options level="3" option1="60058" />
		<options level="4" option1="60059" />
		<options level="5" option1="60060" />
		<options level="6" option1="60061" />
		<options level="7" option1="60062" />
		<options level="8" option1="60063" />
		<options level="9" option1="60064" />
		<options level="10" option1="60065" />
	</item>
	<item id="29710"> <!-- Water Dragon Pedant Lv. 2 -->
		<options level="0" option1="60066" />
		<options level="1" option1="60067" />
		<options level="2" option1="60068" />
		<options level="3" option1="60069" />
		<options level="4" option1="60070" />
		<options level="5" option1="60071" />
		<options level="6" option1="60072" />
		<options level="7" option1="60073" />
		<options level="8" option1="60074" />
		<options level="9" option1="60075" />
		<options level="10" option1="60076" />
	</item>
	<item id="29711"> <!-- Water Dragon Pedant Lv. 3 -->
		<options level="0" option1="60077" />
		<options level="1" option1="60078" />
		<options level="2" option1="60079" />
		<options level="3" option1="60080" />
		<options level="4" option1="60081" />
		<options level="5" option1="60082" />
		<options level="6" option1="60083" />
		<options level="7" option1="60084" />
		<options level="8" option1="60085" />
		<options level="9" option1="60086" />
		<options level="10" option1="60087" />
	</item>
	<item id="29712"> <!-- Water Dragon Pedant Lv. 4 -->
		<options level="0" option1="60088" />
		<options level="1" option1="60089" />
		<options level="2" option1="60090" />
		<options level="3" option1="60091" />
		<options level="4" option1="60092" />
		<options level="5" option1="60093" />
		<options level="6" option1="60094" />
		<options level="7" option1="60095" />
		<options level="8" option1="60096" />
		<options level="9" option1="60097" />
		<options level="10" option1="60098" />
	</item>
	<item id="29713"> <!-- Water Dragon Pedant Lv. 5 -->
		<options level="0" option1="60099" />
		<options level="1" option1="60100" />
		<options level="2" option1="60101" />
		<options level="3" option1="60102" />
		<options level="4" option1="60103" />
		<options level="5" option1="60104" />
		<options level="6" option1="60105" />
		<options level="7" option1="60106" />
		<options level="8" option1="60107" />
		<options level="9" option1="60108" />
		<options level="10" option1="60109" />
	</item>
	<item id="29714"> <!-- Wind Dragon Pedant Lv. 1 -->
		<options level="0" option1="60110" />
		<options level="1" option1="60111" />
		<options level="2" option1="60112" />
		<options level="3" option1="60113" />
		<options level="4" option1="60114" />
		<options level="5" option1="60115" />
		<options level="6" option1="60116" />
		<options level="7" option1="60117" />
		<options level="8" option1="60118" />
		<options level="9" option1="60119" />
		<options level="10" option1="60120" />
	</item>
	<item id="29715"> <!-- Wind Dragon Pedant Lv. 2 -->
		<options level="0" option1="60121" />
		<options level="1" option1="60122" />
		<options level="2" option1="60123" />
		<options level="3" option1="60124" />
		<options level="4" option1="60125" />
		<options level="5" option1="60126" />
		<options level="6" option1="60127" />
		<options level="7" option1="60128" />
		<options level="8" option1="60129" />
		<options level="9" option1="60130" />
		<options level="10" option1="60131" />
	</item>
	<item id="29716"> <!-- Wind Dragon Pedant Lv. 3 -->
		<options level="0" option1="60132" />
		<options level="1" option1="60133" />
		<options level="2" option1="60134" />
		<options level="3" option1="60135" />
		<options level="4" option1="60136" />
		<options level="5" option1="60137" />
		<options level="6" option1="60138" />
		<options level="7" option1="60139" />
		<options level="8" option1="60140" />
		<options level="9" option1="60141" />
		<options level="10" option1="60142" />
	</item>
	<item id="29717"> <!-- Wind Dragon Pedant Lv. 4 -->
		<options level="0" option1="60143" />
		<options level="1" option1="60144" />
		<options level="2" option1="60145" />
		<options level="3" option1="60146" />
		<options level="4" option1="60147" />
		<options level="5" option1="60148" />
		<options level="6" option1="60149" />
		<options level="7" option1="60150" />
		<options level="8" option1="60151" />
		<options level="9" option1="60152" />
		<options level="10" option1="60153" />
	</item>
	<item id="29718"> <!-- Wind Dragon Pedant Lv. 5 -->
		<options level="0" option1="60154" />
		<options level="1" option1="60155" />
		<options level="2" option1="60156" />
		<options level="3" option1="60157" />
		<options level="4" option1="60158" />
		<options level="5" option1="60159" />
		<options level="6" option1="60160" />
		<options level="7" option1="60161" />
		<options level="8" option1="60162" />
		<options level="9" option1="60163" />
		<options level="10" option1="60164" />
	</item>
	<item id="29719"> <!-- Land Dragon Pedant Lv. 1 -->
		<options level="0" option1="60165" />
		<options level="1" option1="60166" />
		<options level="2" option1="60167" />
		<options level="3" option1="60168" />
		<options level="4" option1="60169" />
		<options level="5" option1="60170" />
		<options level="6" option1="60171" />
		<options level="7" option1="60172" />
		<options level="8" option1="60173" />
		<options level="9" option1="60174" />
		<options level="10" option1="60175" />
	</item>
	<item id="29720"> <!-- Land Dragon Pedant Lv. 2 -->
		<options level="0" option1="60176" />
		<options level="1" option1="60177" />
		<options level="2" option1="60178" />
		<options level="3" option1="60179" />
		<options level="4" option1="60180" />
		<options level="5" option1="60181" />
		<options level="6" option1="60182" />
		<options level="7" option1="60183" />
		<options level="8" option1="60184" />
		<options level="9" option1="60185" />
		<options level="10" option1="60186" />
	</item>
	<item id="29721"> <!-- Land Dragon Pedant Lv. 3 -->
		<options level="0" option1="60187" />
		<options level="1" option1="60188" />
		<options level="2" option1="60189" />
		<options level="3" option1="60190" />
		<options level="4" option1="60191" />
		<options level="5" option1="60192" />
		<options level="6" option1="60193" />
		<options level="7" option1="60194" />
		<options level="8" option1="60195" />
		<options level="9" option1="60196" />
		<options level="10" option1="60197" />
	</item>
	<item id="29722"> <!-- Land Dragon Pedant Lv. 4 -->
		<options level="0" option1="60198" />
		<options level="1" option1="60199" />
		<options level="2" option1="60200" />
		<options level="3" option1="60201" />
		<options level="4" option1="60202" />
		<options level="5" option1="60203" />
		<options level="6" option1="60204" />
		<options level="7" option1="60205" />
		<options level="8" option1="60206" />
		<options level="9" option1="60207" />
		<options level="10" option1="60208" />
	</item>
	<item id="29723"> <!-- Land Dragon Pedant Lv. 5 -->
		<options level="0" option1="60209" />
		<options level="1" option1="60210" />
		<options level="2" option1="60211" />
		<options level="3" option1="60212" />
		<options level="4" option1="60213" />
		<options level="5" option1="60214" />
		<options level="6" option1="60215" />
		<options level="7" option1="60216" />
		<options level="8" option1="60217" />
		<options level="9" option1="60218" />
		<options level="10" option1="60219" />
	</item>
	<item id="91745"> <!-- Talisman of Aden -->
		<options level="0" option1="33338" />
		<options level="1" option1="33339" />
		<options level="2" option1="33340" />
		<options level="3" option1="33341" />
		<options level="4" option1="33342" />
		<options level="5" option1="33343" />
		<options level="6" option1="33344" />
		<options level="7" option1="33345" />
		<options level="8" option1="33346" />
		<options level="9" option1="33347" />
		<options level="10" option1="33348" />
	</item>
	<item id="92018"> <!-- Talisman of Eva -->
		<options level="0" option1="33404" />
		<options level="1" option1="33405" />
		<options level="2" option1="33406" />
		<options level="3" option1="33407" />
		<options level="4" option1="33408" />
		<options level="5" option1="33409" />
		<options level="6" option1="33410" />
		<options level="7" option1="33411" />
		<options level="8" option1="33412" />
		<options level="9" option1="33413" />
		<options level="10" option1="33414" />
	</item>
</list>