<?xml version="1.0" encoding="UTF-8"?>
<list xmlns:xsi="http://www.w3.org/2001/XMLSchema-instance" xsi:noNamespaceSchemaLocation="xsd/ResidenceFunctions.xsd">
	<!-- Clan hall functions -->
	<function id="1" type="HP_REGEN">
		<function level="1" costId="57" costCount="1000" duration="1days" value="1.8" />
		<function level="2" costId="57" costCount="1750" duration="1days" value="2.4" />
		<function level="3" costId="57" costCount="7500" duration="1days" value="3.0" />
		<function level="4" costId="57" costCount="4250" duration="1days" value="3.6" />
		<function level="5" costId="57" costCount="1000" duration="1days" value="1.8" />
		<function level="6" costId="57" costCount="1500" duration="1days" value="2.2" />
		<function level="7" costId="57" costCount="2250" duration="1days" value="2.8" />
		<function level="8" costId="57" costCount="3750" duration="1days" value="3.4" />
		<function level="9" costId="57" costCount="15500" duration="3days" value="4.0" />
	</function>
	<function id="2" type="MP_REGEN">
		<function level="1" costId="57" costCount="2000" duration="1days" value="1.05" />
		<function level="2" costId="57" costCount="6500" duration="1days" value="1.15" />
		<function level="3" costId="57" costCount="40000" duration="2days" value="1.40" />
		<function level="4" costId="57" costCount="2000" duration="1days" value="1.05" />
		<function level="5" costId="57" costCount="6500" duration="1days" value="1.15" />
		<function level="6" costId="57" costCount="27500" duration="2days" value="1.30" />
		<function level="7" costId="57" costCount="55000" duration="2days" value="1.50" />
	</function>
	<function id="3" type="EXP_RESTORE">
		<function level="1" costId="57" costCount="3000" duration="1days" value="5" />
		<function level="2" costId="57" costCount="9000" duration="1days" value="15" />
		<function level="3" costId="57" costCount="15000" duration="1days" value="25" />
		<function level="4" costId="57" costCount="30000" duration="1days" value="50" />
		<function level="5" costId="57" costCount="9000" duration="1days" value="15" />
		<function level="6" costId="57" costCount="15000" duration="1days" value="25" />
		<function level="7" costId="57" costCount="21000" duration="1days" value="35" />
		<function level="8" costId="57" costCount="30000" duration="1days" value="50" />
	</function>
	<function id="4" type="TELEPORT">
		<function level="1" costId="57" costCount="7000" duration="7days" />
		<function level="2" costId="57" costCount="6000" duration="3days" />
	</function>
	<function id="5" type="BUFF">
		<function level="1" costId="57" costCount="5000" duration="1days" />
		<function level="2" costId="57" costCount="5000" duration="1days" />
		<function level="3" costId="57" costCount="5000" duration="1days" />
		<function level="4" costId="57" costCount="5000" duration="1days" />
	</function>
	<function id="6" type="ITEM">
		<function level="1" costId="57" costCount="30000" duration="1days" />
		<function level="2" costId="57" costCount="70000" duration="1days" />
		<function level="3" costId="57" costCount="140000" duration="1days" />
	</function>
	<function id="7" type="CURTAIN">
		<function level="1" costId="57" costCount="2000" duration="7days" />
		<function level="2" costId="57" costCount="2500" duration="7days" />
	</function>
	<function id="8" type="PLATFORM">
		<function level="1" costId="57" costCount="1300" duration="3days" />
		<function level="2" costId="57" costCount="4000" duration="3days" />
	</function>
</list>