<?xml version="1.0" encoding="UTF-8"?>
<list xmlns:xsi="http://www.w3.org/2001/XMLSchema-instance" xsi:noNamespaceSchemaLocation="../xsd/buylist.xsd">
	<npcs>
		<npc>30254</npc> <!-- Harmony -->
	</npcs>
	<item id="4445" price="6120" /> <!-- Dye of STR <STR + 1 CON -3> (1st Class tranfer) -->
	<item id="4446" price="6120" /> <!-- Dye of STR <STR + 1 DEX -3> (1st Class tranfer) -->
	<item id="4447" price="6120" /> <!-- Dye of CON <CON + 1 STR -3> (1st Class tranfer) -->
	<item id="4448" price="6120" /> <!-- Dye of CON <CON + 1 DEX -3> (1st Class tranfer) -->
	<item id="4449" price="6120" /> <!-- Dye of DEX <DEX + 1 STR -3> (1st Class tranfer) -->
	<item id="4450" price="6120" /> <!-- Dye of DEX <DEX + 1 CON -3> (1st Class tranfer) -->
	<item id="4451" price="6120" /> <!-- Dye of INT <INT + 1 MEN -3> (1st Class tranfer) -->
	<item id="4452" price="6120" /> <!-- Dye of INT <INT + 1 WIT -3> (1st Class tranfer) -->
	<item id="4453" price="6120" /> <!-- Dye of MEN <MEN + 1 INT -3> (1st Class tranfer) -->
	<item id="4454" price="6120" /> <!-- Dye of MEN <MEN + 1 WIT -3> (1st Class tranfer) -->
	<item id="4455" price="6120" /> <!-- Dye of WIT <WIT + 1 INT -3> (1st Class tranfer) -->
	<item id="4456" price="6120" /> <!-- Dye of WIT <WIT + 1 MEN -3> (1st Class tranfer) -->
	<item id="4457" price="14400" /> <!-- Dye of STR <STR + 1 CON -2> (1st Class tranfer) -->
	<item id="4458" price="14400" /> <!-- Dye of STR <STR + 1 DEX -2> (1st Class tranfer) -->
	<item id="4459" price="14400" /> <!-- Dye of CON <CON + 1 STR -2> (1st Class tranfer) -->
	<item id="4460" price="14400" /> <!-- Dye of CON <CON + 1 DEX -2> (1st Class tranfer) -->
	<item id="4461" price="14400" /> <!-- Dye of DEX <DEX + 1 STR -2> (1st Class tranfer) -->
	<item id="4462" price="14400" /> <!-- Dye of DEX <DEX + 1 CON -2> (1st Class tranfer) -->
	<item id="4463" price="14400" /> <!-- Dye of INT <INT + 1 MEN -2> (1st Class tranfer) -->
	<item id="4464" price="14400" /> <!-- Dye of INT <INT + 1 WIT -2> (1st Class tranfer) -->
	<item id="4465" price="14400" /> <!-- Dye of MEN <MEN + 1 INT -2> (1st Class tranfer) -->
	<item id="4466" price="14400" /> <!-- Dye of MEN <MEN + 1 WIT -2> (1st Class tranfer) -->
	<item id="4467" price="14400" /> <!-- Dye of WIT <WIT + 1 INT -2> (1st Class tranfer) -->
	<item id="4468" price="14400" /> <!-- Dye of WIT <WIT + 1 MEN -2> (1st Class tranfer) -->
</list>
