<?xml version="1.0" encoding="UTF-8"?>
<list xmlns:xsi="http://www.w3.org/2001/XMLSchema-instance" xsi:noNamespaceSchemaLocation="xsd/PetSkillData.xsd">
	<!-- SUMMON CORRUPTED MAN ACTIVE SKILLS -->
	<skill npcId="14038" skillId="4260" skillLevel="0" />
	<skill npcId="14039" skillId="4260" skillLevel="0" />
	<skill npcId="14040" skillId="4260" skillLevel="0" />
	<skill npcId="14041" skillId="4260" skillLevel="0" />
	<skill npcId="14042" skillId="4260" skillLevel="0" />
	<skill npcId="14043" skillId="4260" skillLevel="0" />
	<skill npcId="14044" skillId="4260" skillLevel="0" />
	<skill npcId="14045" skillId="4260" skillLevel="0" />
	<skill npcId="14046" skillId="4260" skillLevel="0" />
	<skill npcId="14047" skillId="4260" skillLevel="0" />
	<skill npcId="14048" skillId="4260" skillLevel="0" />
	<skill npcId="14049" skillId="4260" skillLevel="0" />
	<skill npcId="14050" skillId="4260" skillLevel="0" />
	<skill npcId="14051" skillId="4260" skillLevel="0" />
	<skill npcId="14052" skillId="4260" skillLevel="0" />
	<skill npcId="14053" skillId="4260" skillLevel="0" />
	<skill npcId="14054" skillId="4260" skillLevel="0" />
	<skill npcId="14055" skillId="4260" skillLevel="0" />
	<skill npcId="14056" skillId="4260" skillLevel="0" />
	<skill npcId="14057" skillId="4260" skillLevel="0" />
	<skill npcId="14058" skillId="4260" skillLevel="0" />
	<skill npcId="14059" skillId="4260" skillLevel="0" />
	<skill npcId="14060" skillId="4260" skillLevel="0" />
	<skill npcId="14061" skillId="4260" skillLevel="0" />
	<skill npcId="14062" skillId="4260" skillLevel="0" />
	<skill npcId="14063" skillId="4260" skillLevel="0" />
	<skill npcId="14064" skillId="4260" skillLevel="0" />
	<skill npcId="14065" skillId="4260" skillLevel="0" />
	<skill npcId="14066" skillId="4260" skillLevel="0" />
	<skill npcId="14067" skillId="4260" skillLevel="0" />
	<skill npcId="14068" skillId="4260" skillLevel="0" />
	<skill npcId="14069" skillId="4260" skillLevel="0" />
	<skill npcId="14070" skillId="4260" skillLevel="0" />
	<skill npcId="14071" skillId="4260" skillLevel="0" />
	<skill npcId="14072" skillId="4260" skillLevel="0" />
	<skill npcId="14073" skillId="4260" skillLevel="0" />

	<!-- SUMMON CURSED MAN ACTIVE SKILLS -->
	<skill npcId="14074" skillId="4708" skillLevel="0" />
	<skill npcId="14074" skillId="4709" skillLevel="0" />
	<skill npcId="14075" skillId="4708" skillLevel="0" />
	<skill npcId="14075" skillId="4709" skillLevel="0" />
	<skill npcId="14076" skillId="4708" skillLevel="0" />
	<skill npcId="14076" skillId="4709" skillLevel="0" />
	<skill npcId="14077" skillId="4708" skillLevel="0" />
	<skill npcId="14077" skillId="4709" skillLevel="0" />
	<skill npcId="14078" skillId="4708" skillLevel="0" />
	<skill npcId="14078" skillId="4709" skillLevel="0" />
	<skill npcId="14079" skillId="4708" skillLevel="0" />
	<skill npcId="14079" skillId="4709" skillLevel="0" />
	<skill npcId="14080" skillId="4708" skillLevel="0" />
	<skill npcId="14080" skillId="4709" skillLevel="0" />
	<skill npcId="14081" skillId="4708" skillLevel="0" />
	<skill npcId="14081" skillId="4709" skillLevel="0" />
	<skill npcId="14082" skillId="4708" skillLevel="0" />
	<skill npcId="14082" skillId="4709" skillLevel="0" />
	<skill npcId="14083" skillId="4708" skillLevel="0" />
	<skill npcId="14083" skillId="4709" skillLevel="0" />
	<skill npcId="14084" skillId="4708" skillLevel="0" />
	<skill npcId="14084" skillId="4709" skillLevel="0" />
	<skill npcId="14085" skillId="4708" skillLevel="0" />
	<skill npcId="14085" skillId="4709" skillLevel="0" />
	<skill npcId="14086" skillId="4708" skillLevel="0" />
	<skill npcId="14086" skillId="4709" skillLevel="0" />
	<skill npcId="14087" skillId="4708" skillLevel="0" />
	<skill npcId="14087" skillId="4709" skillLevel="0" />
	<skill npcId="14088" skillId="4708" skillLevel="0" />
	<skill npcId="14088" skillId="4709" skillLevel="0" />
	<skill npcId="14089" skillId="4708" skillLevel="0" />
	<skill npcId="14089" skillId="4709" skillLevel="0" />
	<skill npcId="14090" skillId="4708" skillLevel="0" />
	<skill npcId="14090" skillId="4709" skillLevel="0" />
	<skill npcId="14091" skillId="4708" skillLevel="0" />
	<skill npcId="14091" skillId="4709" skillLevel="0" />
	<skill npcId="14092" skillId="4708" skillLevel="0" />
	<skill npcId="14092" skillId="4709" skillLevel="0" />
	<skill npcId="14093" skillId="4708" skillLevel="0" />
	<skill npcId="14093" skillId="4709" skillLevel="0" />
	<skill npcId="14094" skillId="4708" skillLevel="0" />
	<skill npcId="14094" skillId="4709" skillLevel="0" />
	<skill npcId="14095" skillId="4708" skillLevel="0" />
	<skill npcId="14095" skillId="4709" skillLevel="0" />
	<skill npcId="14096" skillId="4708" skillLevel="0" />
	<skill npcId="14096" skillId="4709" skillLevel="0" />
	<skill npcId="14097" skillId="4708" skillLevel="0" />
	<skill npcId="14097" skillId="4709" skillLevel="0" />
	<skill npcId="14098" skillId="4708" skillLevel="0" />
	<skill npcId="14098" skillId="4709" skillLevel="0" />
	<skill npcId="14099" skillId="4708" skillLevel="0" />
	<skill npcId="14099" skillId="4709" skillLevel="0" />
	<skill npcId="14100" skillId="4708" skillLevel="0" />
	<skill npcId="14100" skillId="4709" skillLevel="0" />
	<skill npcId="14101" skillId="4708" skillLevel="0" />
	<skill npcId="14101" skillId="4709" skillLevel="0" />
	<skill npcId="14102" skillId="4708" skillLevel="0" />
	<skill npcId="14102" skillId="4709" skillLevel="0" />
	<skill npcId="14103" skillId="4708" skillLevel="0" />
	<skill npcId="14103" skillId="4709" skillLevel="0" />
	<skill npcId="14104" skillId="4708" skillLevel="0" />
	<skill npcId="14104" skillId="4709" skillLevel="0" />
	<skill npcId="14105" skillId="4708" skillLevel="0" />
	<skill npcId="14105" skillId="4709" skillLevel="0" />
	<skill npcId="14106" skillId="4708" skillLevel="0" />
	<skill npcId="14106" skillId="4709" skillLevel="0" />
	<skill npcId="14107" skillId="4708" skillLevel="0" />
	<skill npcId="14107" skillId="4709" skillLevel="0" />
	<skill npcId="14108" skillId="4708" skillLevel="0" />
	<skill npcId="14108" skillId="4709" skillLevel="0" />
	<skill npcId="14109" skillId="4708" skillLevel="0" />
	<skill npcId="14109" skillId="4709" skillLevel="0" />
	<skill npcId="14110" skillId="4708" skillLevel="0" />
	<skill npcId="14110" skillId="4709" skillLevel="0" />

	<!-- SUMMON KAT THE CAT ACTIVE SKILLS -->
	<skill npcId="14111" skillId="4025" skillLevel="0" />
	<skill npcId="14112" skillId="4025" skillLevel="0" />
	<skill npcId="14113" skillId="4025" skillLevel="0" />
	<skill npcId="14114" skillId="4025" skillLevel="0" />
	<skill npcId="14115" skillId="4025" skillLevel="0" />
	<skill npcId="14116" skillId="4025" skillLevel="0" />
	<skill npcId="14117" skillId="4025" skillLevel="0" />
	<skill npcId="14118" skillId="4025" skillLevel="0" />
	<skill npcId="14119" skillId="4025" skillLevel="0" />
	<skill npcId="14120" skillId="4025" skillLevel="0" />
	<skill npcId="14121" skillId="4025" skillLevel="0" />
	<skill npcId="14122" skillId="4025" skillLevel="0" />
	<skill npcId="14123" skillId="4025" skillLevel="0" />
	<skill npcId="14124" skillId="4025" skillLevel="0" />
	<skill npcId="14125" skillId="4025" skillLevel="0" />
	<skill npcId="14126" skillId="4025" skillLevel="0" />
	<skill npcId="14127" skillId="4025" skillLevel="0" />
	<skill npcId="14128" skillId="4025" skillLevel="0" />
	<skill npcId="14129" skillId="4025" skillLevel="0" />
	<skill npcId="14130" skillId="4025" skillLevel="0" />
	<skill npcId="14131" skillId="4025" skillLevel="0" />
	<skill npcId="14132" skillId="4025" skillLevel="0" />
	<skill npcId="14133" skillId="4025" skillLevel="0" />
	<skill npcId="14134" skillId="4025" skillLevel="0" />
	<skill npcId="14135" skillId="4025" skillLevel="0" />
	<skill npcId="14136" skillId="4025" skillLevel="0" />
	<skill npcId="14137" skillId="4025" skillLevel="0" />
	<skill npcId="14138" skillId="4025" skillLevel="0" />
	<skill npcId="14139" skillId="4025" skillLevel="0" />
	<skill npcId="14140" skillId="4025" skillLevel="0" />
	<skill npcId="14141" skillId="4025" skillLevel="0" />
	<skill npcId="14142" skillId="4025" skillLevel="0" />
	<skill npcId="14143" skillId="4025" skillLevel="0" />
	<skill npcId="14144" skillId="4025" skillLevel="0" />
	<skill npcId="14145" skillId="4025" skillLevel="0" />
	<skill npcId="14146" skillId="4025" skillLevel="0" />
	<skill npcId="14147" skillId="4025" skillLevel="0" />
	<skill npcId="14148" skillId="4025" skillLevel="0" />
	<skill npcId="14149" skillId="4025" skillLevel="0" />
	<skill npcId="14150" skillId="4025" skillLevel="0" />
	<skill npcId="14151" skillId="4025" skillLevel="0" />
	<skill npcId="14152" skillId="4025" skillLevel="0" />
	<skill npcId="14153" skillId="4025" skillLevel="0" />
	<skill npcId="14154" skillId="4025" skillLevel="0" />
	<skill npcId="14155" skillId="4025" skillLevel="0" />
	<skill npcId="14156" skillId="4025" skillLevel="0" />
	<skill npcId="14157" skillId="4025" skillLevel="0" />
	<skill npcId="14158" skillId="4025" skillLevel="0" />

	<!-- SUMMON MEW THE CAT ACTIVE SKILLS -->
	<skill npcId="14159" skillId="4261" skillLevel="0" />
	<skill npcId="14160" skillId="4261" skillLevel="0" />
	<skill npcId="14161" skillId="4261" skillLevel="0" />
	<skill npcId="14162" skillId="4261" skillLevel="0" />
	<skill npcId="14163" skillId="4261" skillLevel="0" />
	<skill npcId="14164" skillId="4261" skillLevel="0" />
	<skill npcId="14165" skillId="4261" skillLevel="0" />
	<skill npcId="14166" skillId="4261" skillLevel="0" />
	<skill npcId="14167" skillId="4261" skillLevel="0" />
	<skill npcId="14168" skillId="4261" skillLevel="0" />
	<skill npcId="14169" skillId="4261" skillLevel="0" />
	<skill npcId="14170" skillId="4261" skillLevel="0" />
	<skill npcId="14171" skillId="4261" skillLevel="0" />
	<skill npcId="14172" skillId="4261" skillLevel="0" />
	<skill npcId="14173" skillId="4261" skillLevel="0" />
	<skill npcId="14174" skillId="4261" skillLevel="0" />
	<skill npcId="14175" skillId="4261" skillLevel="0" />
	<skill npcId="14176" skillId="4261" skillLevel="0" />
	<skill npcId="14177" skillId="4261" skillLevel="0" />
	<skill npcId="14178" skillId="4261" skillLevel="0" />
	<skill npcId="14179" skillId="4261" skillLevel="0" />
	<skill npcId="14180" skillId="4261" skillLevel="0" />
	<skill npcId="14181" skillId="4261" skillLevel="0" />
	<skill npcId="14182" skillId="4261" skillLevel="0" />
	<skill npcId="14183" skillId="4261" skillLevel="0" />
	<skill npcId="14184" skillId="4261" skillLevel="0" />
	<skill npcId="14185" skillId="4261" skillLevel="0" />
	<skill npcId="14186" skillId="4261" skillLevel="0" />
	<skill npcId="14187" skillId="4261" skillLevel="0" />
	<skill npcId="14188" skillId="4261" skillLevel="0" />
	<skill npcId="14189" skillId="4261" skillLevel="0" />
	<skill npcId="14190" skillId="4261" skillLevel="0" />
	<skill npcId="14191" skillId="4261" skillLevel="0" />
	<skill npcId="14192" skillId="4261" skillLevel="0" />
	<skill npcId="14193" skillId="4261" skillLevel="0" />
	<skill npcId="14194" skillId="4261" skillLevel="0" />
	<skill npcId="14195" skillId="4261" skillLevel="0" />
	<skill npcId="14196" skillId="4261" skillLevel="0" />
	<skill npcId="14197" skillId="4261" skillLevel="0" />
	<skill npcId="14198" skillId="4261" skillLevel="0" />
	<skill npcId="14199" skillId="4261" skillLevel="0" />
	<skill npcId="14200" skillId="4261" skillLevel="0" />
	<skill npcId="14201" skillId="4261" skillLevel="0" />
	<skill npcId="14202" skillId="4261" skillLevel="0" />
	<skill npcId="14203" skillId="4261" skillLevel="0" />
	<skill npcId="14204" skillId="4261" skillLevel="0" />
	<skill npcId="14205" skillId="4261" skillLevel="0" />
	<skill npcId="14206" skillId="4261" skillLevel="0" />

	<!-- SUMMON KAI THE CAT ACTIVE SKILLS -->
	<skill npcId="14207" skillId="4378" skillLevel="0" />
	<skill npcId="14208" skillId="4378" skillLevel="0" />
	<skill npcId="14209" skillId="4378" skillLevel="0" />
	<skill npcId="14210" skillId="4378" skillLevel="0" />
	<skill npcId="14211" skillId="4378" skillLevel="0" />
	<skill npcId="14212" skillId="4378" skillLevel="0" />
	<skill npcId="14213" skillId="4378" skillLevel="0" />
	<skill npcId="14214" skillId="4378" skillLevel="0" />
	<skill npcId="14215" skillId="4378" skillLevel="0" />
	<skill npcId="14216" skillId="4378" skillLevel="0" />
	<skill npcId="14217" skillId="4378" skillLevel="0" />
	<skill npcId="14218" skillId="4378" skillLevel="0" />
	<skill npcId="14219" skillId="4378" skillLevel="0" />
	<skill npcId="14220" skillId="4378" skillLevel="0" />
	<skill npcId="14221" skillId="4378" skillLevel="0" />
	<skill npcId="14222" skillId="4378" skillLevel="0" />
	<skill npcId="14223" skillId="4378" skillLevel="0" />
	<skill npcId="14224" skillId="4378" skillLevel="0" />
	<skill npcId="14225" skillId="4378" skillLevel="0" />
	<skill npcId="14226" skillId="4378" skillLevel="0" />
	<skill npcId="14227" skillId="4378" skillLevel="0" />
	<skill npcId="14228" skillId="4378" skillLevel="0" />
	<skill npcId="14229" skillId="4378" skillLevel="0" />
	<skill npcId="14230" skillId="4378" skillLevel="0" />
	<skill npcId="14231" skillId="4378" skillLevel="0" />
	<skill npcId="14232" skillId="4378" skillLevel="0" />
	<skill npcId="14233" skillId="4378" skillLevel="0" />
	<skill npcId="14234" skillId="4378" skillLevel="0" />
	<skill npcId="14235" skillId="4378" skillLevel="0" />
	<skill npcId="14236" skillId="4378" skillLevel="0" />
	<skill npcId="14237" skillId="4378" skillLevel="0" />
	<skill npcId="14238" skillId="4378" skillLevel="0" />
	<skill npcId="14239" skillId="4378" skillLevel="0" />
	<skill npcId="14240" skillId="4378" skillLevel="0" />
	<skill npcId="14241" skillId="4378" skillLevel="0" />
	<skill npcId="14242" skillId="4378" skillLevel="0" />
	<skill npcId="14243" skillId="4378" skillLevel="0" />
	<skill npcId="14244" skillId="4378" skillLevel="0" />
	<skill npcId="14245" skillId="4378" skillLevel="0" />
	<skill npcId="14246" skillId="4378" skillLevel="0" />
	<skill npcId="14247" skillId="4378" skillLevel="0" />
	<skill npcId="14248" skillId="4378" skillLevel="0" />
	<skill npcId="14249" skillId="4378" skillLevel="0" />
	<skill npcId="14250" skillId="4378" skillLevel="0" />

	<!-- SUMMON FELINE QUEEN ACTIVE SKILLS -->
	<skill npcId="14251" skillId="4699" skillLevel="0" />
	<skill npcId="14251" skillId="4700" skillLevel="0" />
	<skill npcId="14251" skillId="4701" skillLevel="0" />
	<skill npcId="14252" skillId="4699" skillLevel="0" />
	<skill npcId="14252" skillId="4700" skillLevel="0" />
	<skill npcId="14252" skillId="4701" skillLevel="0" />
	<skill npcId="14253" skillId="4699" skillLevel="0" />
	<skill npcId="14253" skillId="4700" skillLevel="0" />
	<skill npcId="14253" skillId="4701" skillLevel="0" />
	<skill npcId="14254" skillId="4699" skillLevel="0" />
	<skill npcId="14254" skillId="4700" skillLevel="0" />
	<skill npcId="14254" skillId="4701" skillLevel="0" />
	<skill npcId="14255" skillId="4699" skillLevel="0" />
	<skill npcId="14255" skillId="4700" skillLevel="0" />
	<skill npcId="14255" skillId="4701" skillLevel="0" />
	<skill npcId="14256" skillId="4699" skillLevel="0" />
	<skill npcId="14256" skillId="4700" skillLevel="0" />
	<skill npcId="14256" skillId="4701" skillLevel="0" />
	<skill npcId="14257" skillId="4699" skillLevel="0" />
	<skill npcId="14257" skillId="4700" skillLevel="0" />
	<skill npcId="14257" skillId="4701" skillLevel="0" />
	<skill npcId="14258" skillId="4699" skillLevel="0" />
	<skill npcId="14258" skillId="4700" skillLevel="0" />
	<skill npcId="14258" skillId="4701" skillLevel="0" />
	<skill npcId="14259" skillId="4699" skillLevel="0" />
	<skill npcId="14259" skillId="4700" skillLevel="0" />
	<skill npcId="14259" skillId="4701" skillLevel="0" />
	<skill npcId="14260" skillId="4699" skillLevel="0" />
	<skill npcId="14260" skillId="4700" skillLevel="0" />
	<skill npcId="14260" skillId="4701" skillLevel="0" />
	<skill npcId="14261" skillId="4699" skillLevel="0" />
	<skill npcId="14261" skillId="4700" skillLevel="0" />
	<skill npcId="14261" skillId="4701" skillLevel="0" />
	<skill npcId="14262" skillId="4699" skillLevel="0" />
	<skill npcId="14262" skillId="4700" skillLevel="0" />
	<skill npcId="14262" skillId="4701" skillLevel="0" />
	<skill npcId="14263" skillId="4699" skillLevel="0" />
	<skill npcId="14263" skillId="4700" skillLevel="0" />
	<skill npcId="14263" skillId="4701" skillLevel="0" />
	<skill npcId="14264" skillId="4699" skillLevel="0" />
	<skill npcId="14264" skillId="4700" skillLevel="0" />
	<skill npcId="14264" skillId="4701" skillLevel="0" />
	<skill npcId="14265" skillId="4699" skillLevel="0" />
	<skill npcId="14265" skillId="4700" skillLevel="0" />
	<skill npcId="14265" skillId="4701" skillLevel="0" />
	<skill npcId="14266" skillId="4699" skillLevel="0" />
	<skill npcId="14266" skillId="4700" skillLevel="0" />
	<skill npcId="14266" skillId="4701" skillLevel="0" />
	<skill npcId="14267" skillId="4699" skillLevel="0" />
	<skill npcId="14267" skillId="4700" skillLevel="0" />
	<skill npcId="14267" skillId="4701" skillLevel="0" />
	<skill npcId="14268" skillId="4699" skillLevel="0" />
	<skill npcId="14268" skillId="4700" skillLevel="0" />
	<skill npcId="14268" skillId="4701" skillLevel="0" />
	<skill npcId="14269" skillId="4699" skillLevel="0" />
	<skill npcId="14269" skillId="4700" skillLevel="0" />
	<skill npcId="14269" skillId="4701" skillLevel="0" />
	<skill npcId="14270" skillId="4699" skillLevel="0" />
	<skill npcId="14270" skillId="4700" skillLevel="0" />
	<skill npcId="14270" skillId="4701" skillLevel="0" />
	<skill npcId="14271" skillId="4699" skillLevel="0" />
	<skill npcId="14271" skillId="4700" skillLevel="0" />
	<skill npcId="14271" skillId="4701" skillLevel="0" />
	<skill npcId="14272" skillId="4699" skillLevel="0" />
	<skill npcId="14272" skillId="4700" skillLevel="0" />
	<skill npcId="14272" skillId="4701" skillLevel="0" />
	<skill npcId="14273" skillId="4699" skillLevel="0" />
	<skill npcId="14273" skillId="4700" skillLevel="0" />
	<skill npcId="14273" skillId="4701" skillLevel="0" />
	<skill npcId="14274" skillId="4699" skillLevel="0" />
	<skill npcId="14274" skillId="4700" skillLevel="0" />
	<skill npcId="14274" skillId="4701" skillLevel="0" />
	<skill npcId="14275" skillId="4699" skillLevel="0" />
	<skill npcId="14275" skillId="4700" skillLevel="0" />
	<skill npcId="14275" skillId="4701" skillLevel="0" />
	<skill npcId="14276" skillId="4699" skillLevel="0" />
	<skill npcId="14276" skillId="4700" skillLevel="0" />
	<skill npcId="14276" skillId="4701" skillLevel="0" />
	<skill npcId="14277" skillId="4699" skillLevel="0" />
	<skill npcId="14277" skillId="4700" skillLevel="0" />
	<skill npcId="14277" skillId="4701" skillLevel="0" />
	<skill npcId="14278" skillId="4699" skillLevel="0" />
	<skill npcId="14278" skillId="4700" skillLevel="0" />
	<skill npcId="14278" skillId="4701" skillLevel="0" />
	<skill npcId="14279" skillId="4699" skillLevel="0" />
	<skill npcId="14279" skillId="4700" skillLevel="0" />
	<skill npcId="14279" skillId="4701" skillLevel="0" />
	<skill npcId="14280" skillId="4699" skillLevel="0" />
	<skill npcId="14280" skillId="4700" skillLevel="0" />
	<skill npcId="14280" skillId="4701" skillLevel="0" />
	<skill npcId="14281" skillId="4699" skillLevel="0" />
	<skill npcId="14281" skillId="4700" skillLevel="0" />
	<skill npcId="14281" skillId="4701" skillLevel="0" />
	<skill npcId="14282" skillId="4699" skillLevel="0" />
	<skill npcId="14282" skillId="4700" skillLevel="0" />
	<skill npcId="14282" skillId="4701" skillLevel="0" />
	<skill npcId="14283" skillId="4699" skillLevel="0" />
	<skill npcId="14283" skillId="4700" skillLevel="0" />
	<skill npcId="14283" skillId="4701" skillLevel="0" />
	<skill npcId="14284" skillId="4699" skillLevel="0" />
	<skill npcId="14284" skillId="4700" skillLevel="0" />
	<skill npcId="14284" skillId="4701" skillLevel="0" />
	<skill npcId="14285" skillId="4699" skillLevel="0" />
	<skill npcId="14285" skillId="4700" skillLevel="0" />
	<skill npcId="14285" skillId="4701" skillLevel="0" />
	<skill npcId="14286" skillId="4699" skillLevel="0" />
	<skill npcId="14286" skillId="4700" skillLevel="0" />
	<skill npcId="14286" skillId="4701" skillLevel="0" />
	<skill npcId="14287" skillId="4699" skillLevel="0" />
	<skill npcId="14287" skillId="4700" skillLevel="0" />
	<skill npcId="14287" skillId="4701" skillLevel="0" />
	<skill npcId="14288" skillId="4699" skillLevel="0" />
	<skill npcId="14288" skillId="4700" skillLevel="0" />
	<skill npcId="14288" skillId="4701" skillLevel="0" />
	<skill npcId="14289" skillId="4699" skillLevel="0" />
	<skill npcId="14289" skillId="4700" skillLevel="0" />
	<skill npcId="14289" skillId="4701" skillLevel="0" />
	<skill npcId="14290" skillId="4699" skillLevel="0" />
	<skill npcId="14290" skillId="4700" skillLevel="0" />
	<skill npcId="14290" skillId="4701" skillLevel="0" />
	<skill npcId="14291" skillId="4699" skillLevel="0" />
	<skill npcId="14291" skillId="4700" skillLevel="0" />
	<skill npcId="14291" skillId="4701" skillLevel="0" />
	<skill npcId="14292" skillId="4699" skillLevel="0" />
	<skill npcId="14292" skillId="4700" skillLevel="0" />
	<skill npcId="14292" skillId="4701" skillLevel="0" />
	<skill npcId="14293" skillId="4699" skillLevel="0" />
	<skill npcId="14293" skillId="4700" skillLevel="0" />
	<skill npcId="14293" skillId="4701" skillLevel="0" />
	<skill npcId="14294" skillId="4699" skillLevel="0" />
	<skill npcId="14294" skillId="4700" skillLevel="0" />
	<skill npcId="14294" skillId="4701" skillLevel="0" />

	<!-- SUMMON BOXER THE UNICORN ACTIVE SKILLS -->
	<skill npcId="14295" skillId="4025" skillLevel="0" />
	<skill npcId="14296" skillId="4025" skillLevel="0" />
	<skill npcId="14297" skillId="4025" skillLevel="0" />
	<skill npcId="14298" skillId="4025" skillLevel="0" />
	<skill npcId="14299" skillId="4025" skillLevel="0" />
	<skill npcId="14300" skillId="4025" skillLevel="0" />
	<skill npcId="14301" skillId="4025" skillLevel="0" />
	<skill npcId="14302" skillId="4025" skillLevel="0" />
	<skill npcId="14303" skillId="4025" skillLevel="0" />
	<skill npcId="14304" skillId="4025" skillLevel="0" />
	<skill npcId="14305" skillId="4025" skillLevel="0" />
	<skill npcId="14306" skillId="4025" skillLevel="0" />
	<skill npcId="14307" skillId="4025" skillLevel="0" />
	<skill npcId="14308" skillId="4025" skillLevel="0" />
	<skill npcId="14309" skillId="4025" skillLevel="0" />
	<skill npcId="14310" skillId="4025" skillLevel="0" />
	<skill npcId="14311" skillId="4025" skillLevel="0" />
	<skill npcId="14312" skillId="4025" skillLevel="0" />
	<skill npcId="14313" skillId="4025" skillLevel="0" />
	<skill npcId="14314" skillId="4025" skillLevel="0" />
	<skill npcId="14315" skillId="4025" skillLevel="0" />
	<skill npcId="14316" skillId="4025" skillLevel="0" />
	<skill npcId="14317" skillId="4025" skillLevel="0" />
	<skill npcId="14318" skillId="4025" skillLevel="0" />
	<skill npcId="14319" skillId="4025" skillLevel="0" />
	<skill npcId="14320" skillId="4025" skillLevel="0" />
	<skill npcId="14321" skillId="4025" skillLevel="0" />
	<skill npcId="14322" skillId="4025" skillLevel="0" />
	<skill npcId="14323" skillId="4025" skillLevel="0" />
	<skill npcId="14324" skillId="4025" skillLevel="0" />
	<skill npcId="14325" skillId="4025" skillLevel="0" />
	<skill npcId="14326" skillId="4025" skillLevel="0" />
	<skill npcId="14327" skillId="4025" skillLevel="0" />
	<skill npcId="14328" skillId="4025" skillLevel="0" />
	<skill npcId="14329" skillId="4025" skillLevel="0" />
	<skill npcId="14330" skillId="4025" skillLevel="0" />
	<skill npcId="14331" skillId="4025" skillLevel="0" />
	<skill npcId="14332" skillId="4025" skillLevel="0" />
	<skill npcId="14333" skillId="4025" skillLevel="0" />
	<skill npcId="14334" skillId="4025" skillLevel="0" />
	<skill npcId="14335" skillId="4025" skillLevel="0" />
	<skill npcId="14336" skillId="4025" skillLevel="0" />
	<skill npcId="14337" skillId="4025" skillLevel="0" />
	<skill npcId="14338" skillId="4025" skillLevel="0" />
	<skill npcId="14339" skillId="4025" skillLevel="0" />
	<skill npcId="14340" skillId="4025" skillLevel="0" />
	<skill npcId="14341" skillId="4025" skillLevel="0" />
	<skill npcId="14342" skillId="4025" skillLevel="0" />

	<!-- SUMMON MIRAGE THE UNICORN ACTIVE SKILLS -->
	<skill npcId="14343" skillId="4261" skillLevel="0" />
	<skill npcId="14344" skillId="4261" skillLevel="0" />
	<skill npcId="14345" skillId="4261" skillLevel="0" />
	<skill npcId="14346" skillId="4261" skillLevel="0" />
	<skill npcId="14347" skillId="4261" skillLevel="0" />
	<skill npcId="14348" skillId="4261" skillLevel="0" />
	<skill npcId="14349" skillId="4261" skillLevel="0" />
	<skill npcId="14350" skillId="4261" skillLevel="0" />
	<skill npcId="14351" skillId="4261" skillLevel="0" />
	<skill npcId="14352" skillId="4261" skillLevel="0" />
	<skill npcId="14353" skillId="4261" skillLevel="0" />
	<skill npcId="14354" skillId="4261" skillLevel="0" />
	<skill npcId="14355" skillId="4261" skillLevel="0" />
	<skill npcId="14356" skillId="4261" skillLevel="0" />
	<skill npcId="14357" skillId="4261" skillLevel="0" />
	<skill npcId="14358" skillId="4261" skillLevel="0" />
	<skill npcId="14359" skillId="4261" skillLevel="0" />
	<skill npcId="14360" skillId="4261" skillLevel="0" />
	<skill npcId="14361" skillId="4261" skillLevel="0" />
	<skill npcId="14362" skillId="4261" skillLevel="0" />
	<skill npcId="14363" skillId="4261" skillLevel="0" />
	<skill npcId="14364" skillId="4261" skillLevel="0" />
	<skill npcId="14365" skillId="4261" skillLevel="0" />
	<skill npcId="14366" skillId="4261" skillLevel="0" />
	<skill npcId="14367" skillId="4261" skillLevel="0" />
	<skill npcId="14368" skillId="4261" skillLevel="0" />
	<skill npcId="14369" skillId="4261" skillLevel="0" />
	<skill npcId="14370" skillId="4261" skillLevel="0" />
	<skill npcId="14371" skillId="4261" skillLevel="0" />
	<skill npcId="14372" skillId="4261" skillLevel="0" />
	<skill npcId="14373" skillId="4261" skillLevel="0" />
	<skill npcId="14374" skillId="4261" skillLevel="0" />
	<skill npcId="14375" skillId="4261" skillLevel="0" />
	<skill npcId="14376" skillId="4261" skillLevel="0" />
	<skill npcId="14377" skillId="4261" skillLevel="0" />
	<skill npcId="14378" skillId="4261" skillLevel="0" />
	<skill npcId="14379" skillId="4261" skillLevel="0" />
	<skill npcId="14380" skillId="4261" skillLevel="0" />
	<skill npcId="14381" skillId="4261" skillLevel="0" />
	<skill npcId="14382" skillId="4261" skillLevel="0" />
	<skill npcId="14383" skillId="4261" skillLevel="0" />
	<skill npcId="14384" skillId="4261" skillLevel="0" />
	<skill npcId="14385" skillId="4261" skillLevel="0" />
	<skill npcId="14386" skillId="4261" skillLevel="0" />
	<skill npcId="14387" skillId="4261" skillLevel="0" />
	<skill npcId="14388" skillId="4261" skillLevel="0" />
	<skill npcId="14389" skillId="4261" skillLevel="0" />
	<skill npcId="14390" skillId="4261" skillLevel="0" />

	<!-- SUMMON MERROW THE UNICORN ACTIVE SKILLS -->
	<skill npcId="14391" skillId="4137" skillLevel="0" />
	<skill npcId="14392" skillId="4137" skillLevel="0" />
	<skill npcId="14393" skillId="4137" skillLevel="0" />
	<skill npcId="14394" skillId="4137" skillLevel="0" />
	<skill npcId="14395" skillId="4137" skillLevel="0" />
	<skill npcId="14396" skillId="4137" skillLevel="0" />
	<skill npcId="14397" skillId="4137" skillLevel="0" />
	<skill npcId="14398" skillId="4137" skillLevel="0" />
	<skill npcId="14399" skillId="4137" skillLevel="0" />
	<skill npcId="14400" skillId="4137" skillLevel="0" />
	<skill npcId="14401" skillId="4137" skillLevel="0" />
	<skill npcId="14402" skillId="4137" skillLevel="0" />
	<skill npcId="14403" skillId="4137" skillLevel="0" />
	<skill npcId="14404" skillId="4137" skillLevel="0" />
	<skill npcId="14405" skillId="4137" skillLevel="0" />
	<skill npcId="14406" skillId="4137" skillLevel="0" />
	<skill npcId="14407" skillId="4137" skillLevel="0" />
	<skill npcId="14408" skillId="4137" skillLevel="0" />
	<skill npcId="14409" skillId="4137" skillLevel="0" />
	<skill npcId="14410" skillId="4137" skillLevel="0" />
	<skill npcId="14411" skillId="4137" skillLevel="0" />
	<skill npcId="14412" skillId="4137" skillLevel="0" />
	<skill npcId="14413" skillId="4137" skillLevel="0" />
	<skill npcId="14414" skillId="4137" skillLevel="0" />
	<skill npcId="14415" skillId="4137" skillLevel="0" />
	<skill npcId="14416" skillId="4137" skillLevel="0" />
	<skill npcId="14417" skillId="4137" skillLevel="0" />
	<skill npcId="14418" skillId="4137" skillLevel="0" />
	<skill npcId="14419" skillId="4137" skillLevel="0" />
	<skill npcId="14420" skillId="4137" skillLevel="0" />
	<skill npcId="14421" skillId="4137" skillLevel="0" />
	<skill npcId="14422" skillId="4137" skillLevel="0" />
	<skill npcId="14423" skillId="4137" skillLevel="0" />
	<skill npcId="14424" skillId="4137" skillLevel="0" />
	<skill npcId="14425" skillId="4137" skillLevel="0" />
	<skill npcId="14426" skillId="4137" skillLevel="0" />
	<skill npcId="14427" skillId="4137" skillLevel="0" />
	<skill npcId="14428" skillId="4137" skillLevel="0" />
	<skill npcId="14429" skillId="4137" skillLevel="0" />
	<skill npcId="14430" skillId="4137" skillLevel="0" />
	<skill npcId="14431" skillId="4137" skillLevel="0" />
	<skill npcId="14432" skillId="4137" skillLevel="0" />
	<skill npcId="14433" skillId="4137" skillLevel="0" />
	<skill npcId="14434" skillId="4137" skillLevel="0" />

	<!-- SUMMON UNICORN SERAPHIM ACTIVE SKILLS -->
	<skill npcId="14435" skillId="4702" skillLevel="0" />
	<skill npcId="14435" skillId="4703" skillLevel="0" />
	<skill npcId="14435" skillId="4704" skillLevel="0" />
	<skill npcId="14436" skillId="4702" skillLevel="0" />
	<skill npcId="14436" skillId="4703" skillLevel="0" />
	<skill npcId="14436" skillId="4704" skillLevel="0" />
	<skill npcId="14437" skillId="4702" skillLevel="0" />
	<skill npcId="14437" skillId="4703" skillLevel="0" />
	<skill npcId="14437" skillId="4704" skillLevel="0" />
	<skill npcId="14438" skillId="4702" skillLevel="0" />
	<skill npcId="14438" skillId="4703" skillLevel="0" />
	<skill npcId="14438" skillId="4704" skillLevel="0" />
	<skill npcId="14439" skillId="4702" skillLevel="0" />
	<skill npcId="14439" skillId="4703" skillLevel="0" />
	<skill npcId="14439" skillId="4704" skillLevel="0" />
	<skill npcId="14440" skillId="4702" skillLevel="0" />
	<skill npcId="14440" skillId="4703" skillLevel="0" />
	<skill npcId="14440" skillId="4704" skillLevel="0" />
	<skill npcId="14441" skillId="4702" skillLevel="0" />
	<skill npcId="14441" skillId="4703" skillLevel="0" />
	<skill npcId="14441" skillId="4704" skillLevel="0" />
	<skill npcId="14442" skillId="4702" skillLevel="0" />
	<skill npcId="14442" skillId="4703" skillLevel="0" />
	<skill npcId="14442" skillId="4704" skillLevel="0" />
	<skill npcId="14443" skillId="4702" skillLevel="0" />
	<skill npcId="14443" skillId="4703" skillLevel="0" />
	<skill npcId="14443" skillId="4704" skillLevel="0" />
	<skill npcId="14444" skillId="4702" skillLevel="0" />
	<skill npcId="14444" skillId="4703" skillLevel="0" />
	<skill npcId="14444" skillId="4704" skillLevel="0" />
	<skill npcId="14445" skillId="4702" skillLevel="0" />
	<skill npcId="14445" skillId="4703" skillLevel="0" />
	<skill npcId="14445" skillId="4704" skillLevel="0" />
	<skill npcId="14446" skillId="4702" skillLevel="0" />
	<skill npcId="14446" skillId="4703" skillLevel="0" />
	<skill npcId="14446" skillId="4704" skillLevel="0" />
	<skill npcId="14447" skillId="4702" skillLevel="0" />
	<skill npcId="14447" skillId="4703" skillLevel="0" />
	<skill npcId="14447" skillId="4704" skillLevel="0" />
	<skill npcId="14448" skillId="4702" skillLevel="0" />
	<skill npcId="14448" skillId="4703" skillLevel="0" />
	<skill npcId="14448" skillId="4704" skillLevel="0" />
	<skill npcId="14449" skillId="4702" skillLevel="0" />
	<skill npcId="14449" skillId="4703" skillLevel="0" />
	<skill npcId="14449" skillId="4704" skillLevel="0" />
	<skill npcId="14450" skillId="4702" skillLevel="0" />
	<skill npcId="14450" skillId="4703" skillLevel="0" />
	<skill npcId="14450" skillId="4704" skillLevel="0" />
	<skill npcId="14451" skillId="4702" skillLevel="0" />
	<skill npcId="14451" skillId="4703" skillLevel="0" />
	<skill npcId="14451" skillId="4704" skillLevel="0" />
	<skill npcId="14452" skillId="4702" skillLevel="0" />
	<skill npcId="14452" skillId="4703" skillLevel="0" />
	<skill npcId="14452" skillId="4704" skillLevel="0" />
	<skill npcId="14453" skillId="4702" skillLevel="0" />
	<skill npcId="14453" skillId="4703" skillLevel="0" />
	<skill npcId="14453" skillId="4704" skillLevel="0" />
	<skill npcId="14454" skillId="4702" skillLevel="0" />
	<skill npcId="14454" skillId="4703" skillLevel="0" />
	<skill npcId="14454" skillId="4704" skillLevel="0" />
	<skill npcId="14455" skillId="4702" skillLevel="0" />
	<skill npcId="14455" skillId="4703" skillLevel="0" />
	<skill npcId="14455" skillId="4704" skillLevel="0" />
	<skill npcId="14456" skillId="4702" skillLevel="0" />
	<skill npcId="14456" skillId="4703" skillLevel="0" />
	<skill npcId="14456" skillId="4704" skillLevel="0" />
	<skill npcId="14457" skillId="4702" skillLevel="0" />
	<skill npcId="14457" skillId="4703" skillLevel="0" />
	<skill npcId="14457" skillId="4704" skillLevel="0" />
	<skill npcId="14458" skillId="4702" skillLevel="0" />
	<skill npcId="14458" skillId="4703" skillLevel="0" />
	<skill npcId="14458" skillId="4704" skillLevel="0" />
	<skill npcId="14459" skillId="4702" skillLevel="0" />
	<skill npcId="14459" skillId="4703" skillLevel="0" />
	<skill npcId="14459" skillId="4704" skillLevel="0" />
	<skill npcId="14460" skillId="4702" skillLevel="0" />
	<skill npcId="14460" skillId="4703" skillLevel="0" />
	<skill npcId="14460" skillId="4704" skillLevel="0" />
	<skill npcId="14461" skillId="4702" skillLevel="0" />
	<skill npcId="14461" skillId="4703" skillLevel="0" />
	<skill npcId="14461" skillId="4704" skillLevel="0" />
	<skill npcId="14462" skillId="4702" skillLevel="0" />
	<skill npcId="14462" skillId="4703" skillLevel="0" />
	<skill npcId="14462" skillId="4704" skillLevel="0" />
	<skill npcId="14463" skillId="4702" skillLevel="0" />
	<skill npcId="14463" skillId="4703" skillLevel="0" />
	<skill npcId="14463" skillId="4704" skillLevel="0" />
	<skill npcId="14464" skillId="4702" skillLevel="0" />
	<skill npcId="14464" skillId="4703" skillLevel="0" />
	<skill npcId="14464" skillId="4704" skillLevel="0" />
	<skill npcId="14465" skillId="4702" skillLevel="0" />
	<skill npcId="14465" skillId="4703" skillLevel="0" />
	<skill npcId="14465" skillId="4704" skillLevel="0" />
	<skill npcId="14466" skillId="4702" skillLevel="0" />
	<skill npcId="14466" skillId="4703" skillLevel="0" />
	<skill npcId="14466" skillId="4704" skillLevel="0" />
	<skill npcId="14467" skillId="4702" skillLevel="0" />
	<skill npcId="14467" skillId="4703" skillLevel="0" />
	<skill npcId="14467" skillId="4704" skillLevel="0" />
	<skill npcId="14468" skillId="4702" skillLevel="0" />
	<skill npcId="14468" skillId="4703" skillLevel="0" />
	<skill npcId="14468" skillId="4704" skillLevel="0" />
	<skill npcId="14469" skillId="4702" skillLevel="0" />
	<skill npcId="14469" skillId="4703" skillLevel="0" />
	<skill npcId="14469" skillId="4704" skillLevel="0" />
	<skill npcId="14470" skillId="4702" skillLevel="0" />
	<skill npcId="14470" skillId="4703" skillLevel="0" />
	<skill npcId="14470" skillId="4704" skillLevel="0" />
	<skill npcId="14471" skillId="4702" skillLevel="0" />
	<skill npcId="14471" skillId="4703" skillLevel="0" />
	<skill npcId="14471" skillId="4704" skillLevel="0" />
	<skill npcId="14472" skillId="4702" skillLevel="0" />
	<skill npcId="14472" skillId="4703" skillLevel="0" />
	<skill npcId="14472" skillId="4704" skillLevel="0" />
	<skill npcId="14473" skillId="4702" skillLevel="0" />
	<skill npcId="14473" skillId="4703" skillLevel="0" />
	<skill npcId="14473" skillId="4704" skillLevel="0" />
	<skill npcId="14474" skillId="4702" skillLevel="0" />
	<skill npcId="14474" skillId="4703" skillLevel="0" />
	<skill npcId="14474" skillId="4704" skillLevel="0" />
	<skill npcId="14475" skillId="4702" skillLevel="0" />
	<skill npcId="14475" skillId="4703" skillLevel="0" />
	<skill npcId="14475" skillId="4704" skillLevel="0" />
	<skill npcId="14476" skillId="4702" skillLevel="0" />
	<skill npcId="14476" skillId="4703" skillLevel="0" />
	<skill npcId="14476" skillId="4704" skillLevel="0" />
	<skill npcId="14477" skillId="4702" skillLevel="0" />
	<skill npcId="14477" skillId="4703" skillLevel="0" />
	<skill npcId="14477" skillId="4704" skillLevel="0" />
	<skill npcId="14478" skillId="4702" skillLevel="0" />
	<skill npcId="14478" skillId="4703" skillLevel="0" />
	<skill npcId="14478" skillId="4704" skillLevel="0" />

	<!-- SUMMON SHADOW ACTIVE SKILLS -->
	<skill npcId="14479" skillId="4233" skillLevel="1" />
	<skill npcId="14480" skillId="4233" skillLevel="1" />
	<skill npcId="14481" skillId="4233" skillLevel="1" />
	<skill npcId="14482" skillId="4233" skillLevel="1" />
	<skill npcId="14483" skillId="4233" skillLevel="1" />
	<skill npcId="14484" skillId="4233" skillLevel="1" />
	<skill npcId="14485" skillId="4233" skillLevel="1" />
	<skill npcId="14486" skillId="4233" skillLevel="1" />
	<skill npcId="14487" skillId="4233" skillLevel="1" />
	<skill npcId="14488" skillId="4233" skillLevel="1" />
	<skill npcId="14489" skillId="4233" skillLevel="1" />
	<skill npcId="14490" skillId="4233" skillLevel="1" />
	<skill npcId="14491" skillId="4233" skillLevel="1" />
	<skill npcId="14492" skillId="4233" skillLevel="1" />
	<skill npcId="14493" skillId="4233" skillLevel="1" />
	<skill npcId="14494" skillId="4233" skillLevel="1" />
	<skill npcId="14495" skillId="4233" skillLevel="1" />
	<skill npcId="14496" skillId="4233" skillLevel="1" />
	<skill npcId="14497" skillId="4233" skillLevel="1" />
	<skill npcId="14498" skillId="4233" skillLevel="1" />
	<skill npcId="14499" skillId="4233" skillLevel="1" />
	<skill npcId="14500" skillId="4233" skillLevel="1" />
	<skill npcId="14501" skillId="4233" skillLevel="1" />
	<skill npcId="14502" skillId="4233" skillLevel="1" />
	<skill npcId="14503" skillId="4233" skillLevel="1" />
	<skill npcId="14504" skillId="4233" skillLevel="1" />
	<skill npcId="14505" skillId="4233" skillLevel="1" />
	<skill npcId="14506" skillId="4233" skillLevel="1" />
	<skill npcId="14507" skillId="4233" skillLevel="1" />
	<skill npcId="14508" skillId="4233" skillLevel="1" />
	<skill npcId="14509" skillId="4233" skillLevel="1" />
	<skill npcId="14510" skillId="4233" skillLevel="1" />
	<skill npcId="14511" skillId="4233" skillLevel="1" />
	<skill npcId="14512" skillId="4233" skillLevel="1" />
	<skill npcId="14513" skillId="4233" skillLevel="1" />
	<skill npcId="14514" skillId="4233" skillLevel="1" />
	<skill npcId="14515" skillId="4233" skillLevel="1" />
	<skill npcId="14516" skillId="4233" skillLevel="1" />
	<skill npcId="14517" skillId="4233" skillLevel="1" />
	<skill npcId="14518" skillId="4233" skillLevel="1" />
	<skill npcId="14519" skillId="4233" skillLevel="1" />
	<skill npcId="14520" skillId="4233" skillLevel="1" />
	<skill npcId="14521" skillId="4233" skillLevel="1" />
	<skill npcId="14522" skillId="4233" skillLevel="1" />
	<skill npcId="14523" skillId="4233" skillLevel="1" />
	<skill npcId="14524" skillId="4233" skillLevel="1" />
	<skill npcId="14525" skillId="4233" skillLevel="1" />
	<skill npcId="14526" skillId="4233" skillLevel="1" />

	<!-- SUMMON SILHOUETTE ACTIVE SKILLS -->
	<skill npcId="14527" skillId="4260" skillLevel="0" />
	<skill npcId="14528" skillId="4260" skillLevel="0" />
	<skill npcId="14529" skillId="4260" skillLevel="0" />
	<skill npcId="14530" skillId="4260" skillLevel="0" />
	<skill npcId="14531" skillId="4260" skillLevel="0" />
	<skill npcId="14532" skillId="4260" skillLevel="0" />
	<skill npcId="14533" skillId="4260" skillLevel="0" />
	<skill npcId="14534" skillId="4260" skillLevel="0" />
	<skill npcId="14535" skillId="4260" skillLevel="0" />
	<skill npcId="14536" skillId="4260" skillLevel="0" />
	<skill npcId="14537" skillId="4260" skillLevel="0" />
	<skill npcId="14538" skillId="4260" skillLevel="0" />
	<skill npcId="14539" skillId="4260" skillLevel="0" />
	<skill npcId="14540" skillId="4260" skillLevel="0" />
	<skill npcId="14541" skillId="4260" skillLevel="0" />
	<skill npcId="14542" skillId="4260" skillLevel="0" />
	<skill npcId="14543" skillId="4260" skillLevel="0" />
	<skill npcId="14544" skillId="4260" skillLevel="0" />
	<skill npcId="14545" skillId="4260" skillLevel="0" />
	<skill npcId="14546" skillId="4260" skillLevel="0" />
	<skill npcId="14547" skillId="4260" skillLevel="0" />
	<skill npcId="14548" skillId="4260" skillLevel="0" />
	<skill npcId="14549" skillId="4260" skillLevel="0" />
	<skill npcId="14550" skillId="4260" skillLevel="0" />
	<skill npcId="14551" skillId="4260" skillLevel="0" />
	<skill npcId="14552" skillId="4260" skillLevel="0" />
	<skill npcId="14553" skillId="4260" skillLevel="0" />
	<skill npcId="14554" skillId="4260" skillLevel="0" />
	<skill npcId="14555" skillId="4260" skillLevel="0" />
	<skill npcId="14556" skillId="4260" skillLevel="0" />
	<skill npcId="14557" skillId="4260" skillLevel="0" />
	<skill npcId="14558" skillId="4260" skillLevel="0" />
	<skill npcId="14559" skillId="4260" skillLevel="0" />
	<skill npcId="14560" skillId="4260" skillLevel="0" />
	<skill npcId="14561" skillId="4260" skillLevel="0" />
	<skill npcId="14562" skillId="4260" skillLevel="0" />
	<skill npcId="14563" skillId="4260" skillLevel="0" />
	<skill npcId="14564" skillId="4260" skillLevel="0" />
	<skill npcId="14565" skillId="4260" skillLevel="0" />
	<skill npcId="14566" skillId="4260" skillLevel="0" />
	<skill npcId="14567" skillId="4260" skillLevel="0" />
	<skill npcId="14568" skillId="4260" skillLevel="0" />
	<skill npcId="14569" skillId="4260" skillLevel="0" />
	<skill npcId="14570" skillId="4260" skillLevel="0" />
	<skill npcId="14571" skillId="4260" skillLevel="0" />
	<skill npcId="14572" skillId="4260" skillLevel="0" />
	<skill npcId="14573" skillId="4260" skillLevel="0" />
	<skill npcId="14574" skillId="4260" skillLevel="0" />

	<!-- SUMMON SOULLESS ACTIVE SKILLS -->
	<skill npcId="14575" skillId="4138" skillLevel="0" />
	<skill npcId="14575" skillId="4140" skillLevel="0" />
	<skill npcId="14575" skillId="4259" skillLevel="0" />
	<skill npcId="14576" skillId="4138" skillLevel="0" />
	<skill npcId="14576" skillId="4140" skillLevel="0" />
	<skill npcId="14576" skillId="4259" skillLevel="0" />
	<skill npcId="14577" skillId="4138" skillLevel="0" />
	<skill npcId="14577" skillId="4140" skillLevel="0" />
	<skill npcId="14577" skillId="4259" skillLevel="0" />
	<skill npcId="14578" skillId="4138" skillLevel="0" />
	<skill npcId="14578" skillId="4140" skillLevel="0" />
	<skill npcId="14578" skillId="4259" skillLevel="0" />
	<skill npcId="14579" skillId="4138" skillLevel="0" />
	<skill npcId="14579" skillId="4140" skillLevel="0" />
	<skill npcId="14579" skillId="4259" skillLevel="0" />
	<skill npcId="14580" skillId="4138" skillLevel="0" />
	<skill npcId="14580" skillId="4140" skillLevel="0" />
	<skill npcId="14580" skillId="4259" skillLevel="0" />
	<skill npcId="14581" skillId="4138" skillLevel="0" />
	<skill npcId="14581" skillId="4140" skillLevel="0" />
	<skill npcId="14581" skillId="4259" skillLevel="0" />
	<skill npcId="14582" skillId="4138" skillLevel="0" />
	<skill npcId="14582" skillId="4140" skillLevel="0" />
	<skill npcId="14582" skillId="4259" skillLevel="0" />
	<skill npcId="14583" skillId="4138" skillLevel="0" />
	<skill npcId="14583" skillId="4140" skillLevel="0" />
	<skill npcId="14583" skillId="4259" skillLevel="0" />
	<skill npcId="14584" skillId="4138" skillLevel="0" />
	<skill npcId="14584" skillId="4140" skillLevel="0" />
	<skill npcId="14584" skillId="4259" skillLevel="0" />
	<skill npcId="14585" skillId="4138" skillLevel="0" />
	<skill npcId="14585" skillId="4140" skillLevel="0" />
	<skill npcId="14585" skillId="4259" skillLevel="0" />
	<skill npcId="14586" skillId="4138" skillLevel="0" />
	<skill npcId="14586" skillId="4140" skillLevel="0" />
	<skill npcId="14586" skillId="4259" skillLevel="0" />
	<skill npcId="14587" skillId="4138" skillLevel="0" />
	<skill npcId="14587" skillId="4140" skillLevel="0" />
	<skill npcId="14587" skillId="4259" skillLevel="0" />
	<skill npcId="14588" skillId="4138" skillLevel="0" />
	<skill npcId="14588" skillId="4140" skillLevel="0" />
	<skill npcId="14588" skillId="4259" skillLevel="0" />
	<skill npcId="14589" skillId="4138" skillLevel="0" />
	<skill npcId="14589" skillId="4140" skillLevel="0" />
	<skill npcId="14589" skillId="4259" skillLevel="0" />
	<skill npcId="14590" skillId="4138" skillLevel="0" />
	<skill npcId="14590" skillId="4140" skillLevel="0" />
	<skill npcId="14590" skillId="4259" skillLevel="0" />
	<skill npcId="14591" skillId="4138" skillLevel="0" />
	<skill npcId="14591" skillId="4140" skillLevel="0" />
	<skill npcId="14591" skillId="4259" skillLevel="0" />
	<skill npcId="14592" skillId="4138" skillLevel="0" />
	<skill npcId="14592" skillId="4140" skillLevel="0" />
	<skill npcId="14592" skillId="4259" skillLevel="0" />
	<skill npcId="14593" skillId="4138" skillLevel="0" />
	<skill npcId="14593" skillId="4140" skillLevel="0" />
	<skill npcId="14593" skillId="4259" skillLevel="0" />
	<skill npcId="14594" skillId="4138" skillLevel="0" />
	<skill npcId="14594" skillId="4140" skillLevel="0" />
	<skill npcId="14594" skillId="4259" skillLevel="0" />
	<skill npcId="14595" skillId="4138" skillLevel="0" />
	<skill npcId="14595" skillId="4140" skillLevel="0" />
	<skill npcId="14595" skillId="4259" skillLevel="0" />
	<skill npcId="14596" skillId="4138" skillLevel="0" />
	<skill npcId="14596" skillId="4140" skillLevel="0" />
	<skill npcId="14596" skillId="4259" skillLevel="0" />
	<skill npcId="14597" skillId="4138" skillLevel="0" />
	<skill npcId="14597" skillId="4140" skillLevel="0" />
	<skill npcId="14597" skillId="4259" skillLevel="0" />
	<skill npcId="14598" skillId="4138" skillLevel="0" />
	<skill npcId="14598" skillId="4140" skillLevel="0" />
	<skill npcId="14598" skillId="4259" skillLevel="0" />
	<skill npcId="14599" skillId="4138" skillLevel="0" />
	<skill npcId="14599" skillId="4140" skillLevel="0" />
	<skill npcId="14599" skillId="4259" skillLevel="0" />
	<skill npcId="14600" skillId="4138" skillLevel="0" />
	<skill npcId="14600" skillId="4140" skillLevel="0" />
	<skill npcId="14600" skillId="4259" skillLevel="0" />
	<skill npcId="14601" skillId="4138" skillLevel="0" />
	<skill npcId="14601" skillId="4140" skillLevel="0" />
	<skill npcId="14601" skillId="4259" skillLevel="0" />
	<skill npcId="14602" skillId="4138" skillLevel="0" />
	<skill npcId="14602" skillId="4140" skillLevel="0" />
	<skill npcId="14602" skillId="4259" skillLevel="0" />
	<skill npcId="14603" skillId="4138" skillLevel="0" />
	<skill npcId="14603" skillId="4140" skillLevel="0" />
	<skill npcId="14603" skillId="4259" skillLevel="0" />
	<skill npcId="14604" skillId="4138" skillLevel="0" />
	<skill npcId="14604" skillId="4140" skillLevel="0" />
	<skill npcId="14604" skillId="4259" skillLevel="0" />
	<skill npcId="14605" skillId="4138" skillLevel="0" />
	<skill npcId="14605" skillId="4140" skillLevel="0" />
	<skill npcId="14605" skillId="4259" skillLevel="0" />
	<skill npcId="14606" skillId="4138" skillLevel="0" />
	<skill npcId="14606" skillId="4140" skillLevel="0" />
	<skill npcId="14606" skillId="4259" skillLevel="0" />
	<skill npcId="14607" skillId="4138" skillLevel="0" />
	<skill npcId="14607" skillId="4140" skillLevel="0" />
	<skill npcId="14607" skillId="4259" skillLevel="0" />
	<skill npcId="14608" skillId="4138" skillLevel="0" />
	<skill npcId="14608" skillId="4140" skillLevel="0" />
	<skill npcId="14608" skillId="4259" skillLevel="0" />
	<skill npcId="14609" skillId="4138" skillLevel="0" />
	<skill npcId="14609" skillId="4140" skillLevel="0" />
	<skill npcId="14609" skillId="4259" skillLevel="0" />
	<skill npcId="14610" skillId="4138" skillLevel="0" />
	<skill npcId="14610" skillId="4140" skillLevel="0" />
	<skill npcId="14610" skillId="4259" skillLevel="0" />
	<skill npcId="14611" skillId="4138" skillLevel="0" />
	<skill npcId="14611" skillId="4140" skillLevel="0" />
	<skill npcId="14611" skillId="4259" skillLevel="0" />
	<skill npcId="14612" skillId="4138" skillLevel="0" />
	<skill npcId="14612" skillId="4140" skillLevel="0" />
	<skill npcId="14612" skillId="4259" skillLevel="0" />
	<skill npcId="14613" skillId="4138" skillLevel="0" />
	<skill npcId="14613" skillId="4140" skillLevel="0" />
	<skill npcId="14613" skillId="4259" skillLevel="0" />
	<skill npcId="14614" skillId="4138" skillLevel="0" />
	<skill npcId="14614" skillId="4140" skillLevel="0" />
	<skill npcId="14614" skillId="4259" skillLevel="0" />
	<skill npcId="14615" skillId="4138" skillLevel="0" />
	<skill npcId="14615" skillId="4140" skillLevel="0" />
	<skill npcId="14615" skillId="4259" skillLevel="0" />
	<skill npcId="14616" skillId="4138" skillLevel="0" />
	<skill npcId="14616" skillId="4140" skillLevel="0" />
	<skill npcId="14616" skillId="4259" skillLevel="0" />
	<skill npcId="14617" skillId="4138" skillLevel="0" />
	<skill npcId="14617" skillId="4140" skillLevel="0" />
	<skill npcId="14617" skillId="4259" skillLevel="0" />
	<skill npcId="14618" skillId="4138" skillLevel="0" />
	<skill npcId="14618" skillId="4140" skillLevel="0" />
	<skill npcId="14618" skillId="4259" skillLevel="0" />

	<!-- SUMMON NIGHTSHADE ACTIVE SKILLS -->
	<skill npcId="14619" skillId="4705" skillLevel="0" />
	<skill npcId="14619" skillId="4706" skillLevel="0" />
	<skill npcId="14619" skillId="4707" skillLevel="0" />
	<skill npcId="14620" skillId="4705" skillLevel="0" />
	<skill npcId="14620" skillId="4706" skillLevel="0" />
	<skill npcId="14620" skillId="4707" skillLevel="0" />
	<skill npcId="14621" skillId="4705" skillLevel="0" />
	<skill npcId="14621" skillId="4706" skillLevel="0" />
	<skill npcId="14621" skillId="4707" skillLevel="0" />
	<skill npcId="14622" skillId="4705" skillLevel="0" />
	<skill npcId="14622" skillId="4706" skillLevel="0" />
	<skill npcId="14622" skillId="4707" skillLevel="0" />
	<skill npcId="14623" skillId="4705" skillLevel="0" />
	<skill npcId="14623" skillId="4706" skillLevel="0" />
	<skill npcId="14623" skillId="4707" skillLevel="0" />
	<skill npcId="14624" skillId="4705" skillLevel="0" />
	<skill npcId="14624" skillId="4706" skillLevel="0" />
	<skill npcId="14624" skillId="4707" skillLevel="0" />
	<skill npcId="14625" skillId="4705" skillLevel="0" />
	<skill npcId="14625" skillId="4706" skillLevel="0" />
	<skill npcId="14625" skillId="4707" skillLevel="0" />
	<skill npcId="14626" skillId="4705" skillLevel="0" />
	<skill npcId="14626" skillId="4706" skillLevel="0" />
	<skill npcId="14626" skillId="4707" skillLevel="0" />
	<skill npcId="14627" skillId="4705" skillLevel="0" />
	<skill npcId="14627" skillId="4706" skillLevel="0" />
	<skill npcId="14627" skillId="4707" skillLevel="0" />
	<skill npcId="14628" skillId="4705" skillLevel="0" />
	<skill npcId="14628" skillId="4706" skillLevel="0" />
	<skill npcId="14628" skillId="4707" skillLevel="0" />
	<skill npcId="14629" skillId="4705" skillLevel="0" />
	<skill npcId="14629" skillId="4706" skillLevel="0" />
	<skill npcId="14629" skillId="4707" skillLevel="0" />
	<skill npcId="14630" skillId="4705" skillLevel="0" />
	<skill npcId="14630" skillId="4706" skillLevel="0" />
	<skill npcId="14630" skillId="4707" skillLevel="0" />
	<skill npcId="14631" skillId="4705" skillLevel="0" />
	<skill npcId="14631" skillId="4706" skillLevel="0" />
	<skill npcId="14631" skillId="4707" skillLevel="0" />
	<skill npcId="14632" skillId="4705" skillLevel="0" />
	<skill npcId="14632" skillId="4706" skillLevel="0" />
	<skill npcId="14632" skillId="4707" skillLevel="0" />
	<skill npcId="14633" skillId="4705" skillLevel="0" />
	<skill npcId="14633" skillId="4706" skillLevel="0" />
	<skill npcId="14633" skillId="4707" skillLevel="0" />
	<skill npcId="14634" skillId="4705" skillLevel="0" />
	<skill npcId="14634" skillId="4706" skillLevel="0" />
	<skill npcId="14634" skillId="4707" skillLevel="0" />
	<skill npcId="14635" skillId="4705" skillLevel="0" />
	<skill npcId="14635" skillId="4706" skillLevel="0" />
	<skill npcId="14635" skillId="4707" skillLevel="0" />
	<skill npcId="14636" skillId="4705" skillLevel="0" />
	<skill npcId="14636" skillId="4706" skillLevel="0" />
	<skill npcId="14636" skillId="4707" skillLevel="0" />
	<skill npcId="14637" skillId="4705" skillLevel="0" />
	<skill npcId="14637" skillId="4706" skillLevel="0" />
	<skill npcId="14637" skillId="4707" skillLevel="0" />
	<skill npcId="14638" skillId="4705" skillLevel="0" />
	<skill npcId="14638" skillId="4706" skillLevel="0" />
	<skill npcId="14638" skillId="4707" skillLevel="0" />
	<skill npcId="14639" skillId="4705" skillLevel="0" />
	<skill npcId="14639" skillId="4706" skillLevel="0" />
	<skill npcId="14639" skillId="4707" skillLevel="0" />
	<skill npcId="14640" skillId="4705" skillLevel="0" />
	<skill npcId="14640" skillId="4706" skillLevel="0" />
	<skill npcId="14640" skillId="4707" skillLevel="0" />
	<skill npcId="14641" skillId="4705" skillLevel="0" />
	<skill npcId="14641" skillId="4706" skillLevel="0" />
	<skill npcId="14641" skillId="4707" skillLevel="0" />
	<skill npcId="14642" skillId="4705" skillLevel="0" />
	<skill npcId="14642" skillId="4706" skillLevel="0" />
	<skill npcId="14642" skillId="4707" skillLevel="0" />
	<skill npcId="14643" skillId="4705" skillLevel="0" />
	<skill npcId="14643" skillId="4706" skillLevel="0" />
	<skill npcId="14643" skillId="4707" skillLevel="0" />
	<skill npcId="14644" skillId="4705" skillLevel="0" />
	<skill npcId="14644" skillId="4706" skillLevel="0" />
	<skill npcId="14644" skillId="4707" skillLevel="0" />
	<skill npcId="14645" skillId="4705" skillLevel="0" />
	<skill npcId="14645" skillId="4706" skillLevel="0" />
	<skill npcId="14645" skillId="4707" skillLevel="0" />
	<skill npcId="14646" skillId="4705" skillLevel="0" />
	<skill npcId="14646" skillId="4706" skillLevel="0" />
	<skill npcId="14646" skillId="4707" skillLevel="0" />
	<skill npcId="14647" skillId="4705" skillLevel="0" />
	<skill npcId="14647" skillId="4706" skillLevel="0" />
	<skill npcId="14647" skillId="4707" skillLevel="0" />
	<skill npcId="14648" skillId="4705" skillLevel="0" />
	<skill npcId="14648" skillId="4706" skillLevel="0" />
	<skill npcId="14648" skillId="4707" skillLevel="0" />
	<skill npcId="14649" skillId="4705" skillLevel="0" />
	<skill npcId="14649" skillId="4706" skillLevel="0" />
	<skill npcId="14649" skillId="4707" skillLevel="0" />
	<skill npcId="14650" skillId="4705" skillLevel="0" />
	<skill npcId="14650" skillId="4706" skillLevel="0" />
	<skill npcId="14650" skillId="4707" skillLevel="0" />
	<skill npcId="14651" skillId="4705" skillLevel="0" />
	<skill npcId="14651" skillId="4706" skillLevel="0" />
	<skill npcId="14651" skillId="4707" skillLevel="0" />
	<skill npcId="14652" skillId="4705" skillLevel="0" />
	<skill npcId="14652" skillId="4706" skillLevel="0" />
	<skill npcId="14652" skillId="4707" skillLevel="0" />
	<skill npcId="14653" skillId="4705" skillLevel="0" />
	<skill npcId="14653" skillId="4706" skillLevel="0" />
	<skill npcId="14653" skillId="4707" skillLevel="0" />
	<skill npcId="14654" skillId="4705" skillLevel="0" />
	<skill npcId="14654" skillId="4706" skillLevel="0" />
	<skill npcId="14654" skillId="4707" skillLevel="0" />
	<skill npcId="14655" skillId="4705" skillLevel="0" />
	<skill npcId="14655" skillId="4706" skillLevel="0" />
	<skill npcId="14655" skillId="4707" skillLevel="0" />
	<skill npcId="14656" skillId="4705" skillLevel="0" />
	<skill npcId="14656" skillId="4706" skillLevel="0" />
	<skill npcId="14656" skillId="4707" skillLevel="0" />
	<skill npcId="14657" skillId="4705" skillLevel="0" />
	<skill npcId="14657" skillId="4706" skillLevel="0" />
	<skill npcId="14657" skillId="4707" skillLevel="0" />
	<skill npcId="14658" skillId="4705" skillLevel="0" />
	<skill npcId="14658" skillId="4706" skillLevel="0" />
	<skill npcId="14658" skillId="4707" skillLevel="0" />
	<skill npcId="14659" skillId="4705" skillLevel="0" />
	<skill npcId="14659" skillId="4706" skillLevel="0" />
	<skill npcId="14659" skillId="4707" skillLevel="0" />
	<skill npcId="14660" skillId="4705" skillLevel="0" />
	<skill npcId="14660" skillId="4706" skillLevel="0" />
	<skill npcId="14660" skillId="4707" skillLevel="0" />
	<skill npcId="14661" skillId="4705" skillLevel="0" />
	<skill npcId="14661" skillId="4706" skillLevel="0" />
	<skill npcId="14661" skillId="4707" skillLevel="0" />
	<skill npcId="14662" skillId="4705" skillLevel="0" />
	<skill npcId="14662" skillId="4706" skillLevel="0" />
	<skill npcId="14662" skillId="4707" skillLevel="0" />

	<!-- SUMMON MECHANIC GOLEM ACTIVE SKILLS -->
	<skill npcId="14663" skillId="4068" skillLevel="0" />
	<skill npcId="14664" skillId="4068" skillLevel="0" />
	<skill npcId="14665" skillId="4068" skillLevel="0" />
	<skill npcId="14666" skillId="4068" skillLevel="0" />
	<skill npcId="14667" skillId="4068" skillLevel="0" />
	<skill npcId="14668" skillId="4068" skillLevel="0" />
	<skill npcId="14669" skillId="4068" skillLevel="0" />
	<skill npcId="14670" skillId="4068" skillLevel="0" />
	<skill npcId="14671" skillId="4068" skillLevel="0" />
	<skill npcId="14672" skillId="4068" skillLevel="0" />
	<skill npcId="14673" skillId="4068" skillLevel="0" />
	<skill npcId="14674" skillId="4068" skillLevel="0" />
	<skill npcId="14675" skillId="4068" skillLevel="0" />
	<skill npcId="14676" skillId="4068" skillLevel="0" />
	<skill npcId="14677" skillId="4068" skillLevel="0" />
	<skill npcId="14678" skillId="4068" skillLevel="0" />
	<skill npcId="14679" skillId="4068" skillLevel="0" />
	<skill npcId="14680" skillId="4068" skillLevel="0" />
	<skill npcId="14681" skillId="4068" skillLevel="0" />
	<skill npcId="14682" skillId="4068" skillLevel="0" />
	<skill npcId="14683" skillId="4068" skillLevel="0" />
	<skill npcId="14684" skillId="4068" skillLevel="0" />
	<skill npcId="14685" skillId="4068" skillLevel="0" />
	<skill npcId="14686" skillId="4068" skillLevel="0" />
	<skill npcId="14687" skillId="4068" skillLevel="0" />
	<skill npcId="14688" skillId="4068" skillLevel="0" />
	<skill npcId="14689" skillId="4068" skillLevel="0" />
	<skill npcId="14690" skillId="4068" skillLevel="0" />
	<skill npcId="14691" skillId="4068" skillLevel="0" />
	<skill npcId="14692" skillId="4068" skillLevel="0" />
	<skill npcId="14693" skillId="4068" skillLevel="0" />
	<skill npcId="14694" skillId="4068" skillLevel="0" />
	<skill npcId="14695" skillId="4068" skillLevel="0" />
	<skill npcId="14696" skillId="4068" skillLevel="0" />
	<skill npcId="14697" skillId="4068" skillLevel="0" />
	<skill npcId="14698" skillId="4068" skillLevel="0" />
	<skill npcId="14699" skillId="4068" skillLevel="0" />
	<skill npcId="14700" skillId="4068" skillLevel="0" />
	<skill npcId="14701" skillId="4068" skillLevel="0" />

	<!-- SUMMON BIG BOOM ACTIVE SKILLS -->
	<skill npcId="14702" skillId="4139" skillLevel="0" />
	<skill npcId="14703" skillId="4139" skillLevel="0" />
	<skill npcId="14704" skillId="4139" skillLevel="0" />
	<skill npcId="14705" skillId="4139" skillLevel="0" />
	<skill npcId="14706" skillId="4139" skillLevel="0" />
	<skill npcId="14707" skillId="4139" skillLevel="0" />
	<skill npcId="14708" skillId="4139" skillLevel="0" />
	<skill npcId="14709" skillId="4139" skillLevel="0" />
	<skill npcId="14710" skillId="4139" skillLevel="0" />
	<skill npcId="14711" skillId="4139" skillLevel="0" />
	<skill npcId="14712" skillId="4139" skillLevel="0" />
	<skill npcId="14713" skillId="4139" skillLevel="0" />
	<skill npcId="14714" skillId="4139" skillLevel="0" />
	<skill npcId="14715" skillId="4139" skillLevel="0" />
	<skill npcId="14716" skillId="4139" skillLevel="0" />
	<skill npcId="14717" skillId="4139" skillLevel="0" />
	<skill npcId="14718" skillId="4139" skillLevel="0" />
	<skill npcId="14719" skillId="4139" skillLevel="0" />
	<skill npcId="14720" skillId="4139" skillLevel="0" />
	<skill npcId="14721" skillId="4139" skillLevel="0" />
	<skill npcId="14722" skillId="4139" skillLevel="0" />
	<skill npcId="14723" skillId="4139" skillLevel="0" />
	<skill npcId="14724" skillId="4139" skillLevel="0" />
	<skill npcId="14725" skillId="4139" skillLevel="0" />
	<skill npcId="14726" skillId="4139" skillLevel="0" />
	<skill npcId="14727" skillId="4139" skillLevel="0" />
	<skill npcId="14728" skillId="4139" skillLevel="0" />
	<skill npcId="14729" skillId="4139" skillLevel="0" />
	<skill npcId="14730" skillId="4139" skillLevel="0" />
	<skill npcId="14731" skillId="4139" skillLevel="0" />
	<skill npcId="14732" skillId="4139" skillLevel="0" />
	<skill npcId="14733" skillId="4139" skillLevel="0" />
	<skill npcId="14734" skillId="4139" skillLevel="0" />
	<skill npcId="14735" skillId="4139" skillLevel="0" />
	<skill npcId="14736" skillId="4139" skillLevel="0" />

	<!-- SUMMON SIEGE GOLEM ACTIVE SKILLS -->
	<skill npcId="14737" skillId="4079" skillLevel="1" />
	<skill npcId="14738" skillId="4079" skillLevel="1" />
	<skill npcId="14739" skillId="4079" skillLevel="1" />
	<skill npcId="14740" skillId="4079" skillLevel="1" />
	<skill npcId="14741" skillId="4079" skillLevel="1" />
	<skill npcId="14742" skillId="4079" skillLevel="1" />
	<skill npcId="14743" skillId="4079" skillLevel="1" />
	<skill npcId="14744" skillId="4079" skillLevel="1" />
	<skill npcId="14745" skillId="4079" skillLevel="1" />
	<skill npcId="14746" skillId="4079" skillLevel="1" />
	<skill npcId="14747" skillId="4079" skillLevel="1" />
	<skill npcId="14748" skillId="4079" skillLevel="1" />
	<skill npcId="14749" skillId="4079" skillLevel="1" />
	<skill npcId="14750" skillId="4079" skillLevel="1" />
	<skill npcId="14751" skillId="4079" skillLevel="1" />
	<skill npcId="14752" skillId="4079" skillLevel="1" />
	<skill npcId="14753" skillId="4079" skillLevel="1" />
	<skill npcId="14754" skillId="4079" skillLevel="1" />
	<skill npcId="14755" skillId="4079" skillLevel="1" />
	<skill npcId="14756" skillId="4079" skillLevel="1" />
	<skill npcId="14757" skillId="4079" skillLevel="1" />
	<skill npcId="14758" skillId="4079" skillLevel="1" />
	<skill npcId="14759" skillId="4079" skillLevel="1" />
	<skill npcId="14760" skillId="4079" skillLevel="1" />
	<skill npcId="14761" skillId="4079" skillLevel="1" />
	<skill npcId="14762" skillId="4079" skillLevel="1" />
	<skill npcId="14763" skillId="4079" skillLevel="1" />
	<skill npcId="14764" skillId="4079" skillLevel="1" />
	<skill npcId="14765" skillId="4079" skillLevel="1" />
	<skill npcId="14766" skillId="4079" skillLevel="1" />
	<skill npcId="14767" skillId="4079" skillLevel="1" />

	<!-- SUMMON WILD HOG CANNON ACTIVE SKILLS -->
	<skill npcId="14768" skillId="4230" skillLevel="1" />
	<skill npcId="14769" skillId="4230" skillLevel="1" />
	<skill npcId="14770" skillId="4230" skillLevel="1" />
	<skill npcId="14771" skillId="4230" skillLevel="1" />
	<skill npcId="14772" skillId="4230" skillLevel="1" />
	<skill npcId="14773" skillId="4230" skillLevel="1" />
	<skill npcId="14774" skillId="4230" skillLevel="1" />
	<skill npcId="14775" skillId="4230" skillLevel="1" />
	<skill npcId="14776" skillId="4230" skillLevel="1" />
	<skill npcId="14777" skillId="4230" skillLevel="1" />
	<skill npcId="14778" skillId="4230" skillLevel="1" />
	<skill npcId="14779" skillId="4230" skillLevel="1" />
	<skill npcId="14780" skillId="4230" skillLevel="1" />
	<skill npcId="14781" skillId="4230" skillLevel="1" />
	<skill npcId="14782" skillId="4230" skillLevel="1" />
	<skill npcId="14783" skillId="4230" skillLevel="1" />
	<skill npcId="14784" skillId="4230" skillLevel="1" />
	<skill npcId="14785" skillId="4230" skillLevel="1" />
	<skill npcId="14786" skillId="4230" skillLevel="1" />
	<skill npcId="14787" skillId="4230" skillLevel="1" />
	<skill npcId="14788" skillId="4230" skillLevel="1" />
	<skill npcId="14789" skillId="4230" skillLevel="1" />
	<skill npcId="14790" skillId="4230" skillLevel="1" />
	<skill npcId="14791" skillId="4230" skillLevel="1" />
	<skill npcId="14792" skillId="4230" skillLevel="1" />
	<skill npcId="14793" skillId="4230" skillLevel="1" />
	<skill npcId="14794" skillId="4230" skillLevel="1" />
	<skill npcId="14795" skillId="4230" skillLevel="1" />
	<skill npcId="14796" skillId="4230" skillLevel="1" />
	<skill npcId="14797" skillId="4230" skillLevel="1" />
	<skill npcId="14798" skillId="4230" skillLevel="1" />

	<!-- SUMMON FELINE KING ACTIVE SKILLS -->
	<skill npcId="14836" skillId="5135" skillLevel="1" />
	<skill npcId="14836" skillId="5136" skillLevel="1" />
	<skill npcId="14836" skillId="5137" skillLevel="1" />

	<!-- SUMMON MAGNUS THE UNICORN ACTIVE SKILLS -->
	<skill npcId="14837" skillId="5138" skillLevel="1" />
	<skill npcId="14837" skillId="5139" skillLevel="1" />

	<!-- SUMMON SPECTRAL LORD ACTIVE SKILLS -->
	<skill npcId="14838" skillId="5140" skillLevel="1" />
	<skill npcId="14838" skillId="5141" skillLevel="1" />
	<skill npcId="14838" skillId="5142" skillLevel="1" />

	<!-- SUMMON SWOOP CANNON ACTIVE SKILLS -->
	<skill npcId="14839" skillId="5110" skillLevel="1" />
	<skill npcId="14839" skillId="5111" skillLevel="1" />
	<skill npcId="14840" skillId="5110" skillLevel="1" />
	<skill npcId="14840" skillId="5111" skillLevel="1" />
	<skill npcId="14841" skillId="5110" skillLevel="1" />
	<skill npcId="14841" skillId="5111" skillLevel="1" />
	<skill npcId="14842" skillId="5110" skillLevel="1" />
	<skill npcId="14842" skillId="5111" skillLevel="1" />
	<skill npcId="14843" skillId="5110" skillLevel="1" />
	<skill npcId="14843" skillId="5111" skillLevel="1" />
	<skill npcId="14844" skillId="5110" skillLevel="1" />
	<skill npcId="14844" skillId="5111" skillLevel="1" />
	<skill npcId="14845" skillId="5110" skillLevel="1" />
	<skill npcId="14845" skillId="5111" skillLevel="1" />
	<skill npcId="14846" skillId="5110" skillLevel="1" />
	<skill npcId="14846" skillId="5111" skillLevel="1" />
	<skill npcId="14847" skillId="5110" skillLevel="1" />
	<skill npcId="14847" skillId="5111" skillLevel="1" />
	<skill npcId="14848" skillId="5110" skillLevel="1" />
	<skill npcId="14848" skillId="5111" skillLevel="1" />
	<skill npcId="14849" skillId="5110" skillLevel="1" />
	<skill npcId="14849" skillId="5111" skillLevel="1" />
	<skill npcId="14850" skillId="5110" skillLevel="1" />
	<skill npcId="14850" skillId="5111" skillLevel="1" />
	<skill npcId="14851" skillId="5110" skillLevel="1" />
	<skill npcId="14851" skillId="5111" skillLevel="1" />
	<skill npcId="14852" skillId="5110" skillLevel="1" />
	<skill npcId="14852" skillId="5111" skillLevel="1" />
	<skill npcId="14853" skillId="5110" skillLevel="1" />
	<skill npcId="14853" skillId="5111" skillLevel="1" />
	<skill npcId="14854" skillId="5110" skillLevel="1" />
	<skill npcId="14854" skillId="5111" skillLevel="1" />
	<skill npcId="14855" skillId="5110" skillLevel="1" />
	<skill npcId="14855" skillId="5111" skillLevel="1" />
	<skill npcId="14856" skillId="5110" skillLevel="1" />
	<skill npcId="14856" skillId="5111" skillLevel="1" />
	<skill npcId="14857" skillId="5110" skillLevel="1" />
	<skill npcId="14857" skillId="5111" skillLevel="1" />
	<skill npcId="14858" skillId="5110" skillLevel="1" />
	<skill npcId="14858" skillId="5111" skillLevel="1" />
	<skill npcId="14859" skillId="5110" skillLevel="1" />
	<skill npcId="14859" skillId="5111" skillLevel="1" />
	<skill npcId="14860" skillId="5110" skillLevel="1" />
	<skill npcId="14860" skillId="5111" skillLevel="1" />
	<skill npcId="14861" skillId="5110" skillLevel="1" />
	<skill npcId="14861" skillId="5111" skillLevel="1" />
	<skill npcId="14862" skillId="5110" skillLevel="1" />
	<skill npcId="14862" skillId="5111" skillLevel="1" />
	<skill npcId="14863" skillId="5110" skillLevel="1" />
	<skill npcId="14863" skillId="5111" skillLevel="1" />
	<skill npcId="14864" skillId="5110" skillLevel="1" />
	<skill npcId="14864" skillId="5111" skillLevel="1" />
	<skill npcId="14865" skillId="5110" skillLevel="1" />
	<skill npcId="14865" skillId="5111" skillLevel="1" />
	<skill npcId="14866" skillId="5110" skillLevel="1" />
	<skill npcId="14866" skillId="5111" skillLevel="1" />
	<skill npcId="14867" skillId="5110" skillLevel="1" />
	<skill npcId="14867" skillId="5111" skillLevel="1" />
	<skill npcId="14868" skillId="5110" skillLevel="1" />
	<skill npcId="14868" skillId="5111" skillLevel="1" />
	<skill npcId="14869" skillId="5110" skillLevel="1" />
	<skill npcId="14869" skillId="5111" skillLevel="1" />
</list>
