<?xml version="1.0" encoding="UTF-8"?>
<list xmlns:xsi="http://www.w3.org/2001/XMLSchema-instance" xsi:noNamespaceSchemaLocation="xsd/SkillLearn.xsd">
	<npc id="30010"> <!-- Auron -->
		<classId>0</classId> <!-- Human Fighter -->
		<classId>1</classId> <!-- Warrior -->
		<classId>2</classId> <!-- Gladiator -->
		<classId>3</classId> <!-- Warlord -->
		<classId>4</classId> <!-- Human Knight -->
		<classId>5</classId> <!-- Paladin -->
		<classId>6</classId> <!-- Dark Avenger -->
		<classId>7</classId> <!-- Rogue -->
		<classId>8</classId> <!-- Treasure Hunter -->
		<classId>9</classId> <!-- Hawkeye -->
	</npc>
	<npc id="30014"> <!-- Celma -->
		<classId>0</classId> <!-- Human Fighter -->
		<classId>1</classId> <!-- Warrior -->
		<classId>2</classId> <!-- Gladiator -->
		<classId>3</classId> <!-- Warlord -->
		<classId>4</classId> <!-- Human Knight -->
		<classId>5</classId> <!-- Paladin -->
		<classId>6</classId> <!-- Dark Avenger -->
		<classId>7</classId> <!-- Rogue -->
		<classId>8</classId> <!-- Treasure Hunter -->
		<classId>9</classId> <!-- Hawkeye -->
	</npc>
	<npc id="30022"> <!-- Zigaunt -->
		<classId>10</classId> <!-- Human Mystic -->
		<classId>15</classId> <!-- Cleric -->
		<classId>16</classId> <!-- Bishop -->
		<classId>17</classId> <!-- Prophet -->
	</npc>
	<npc id="30027"> <!-- Gwinter -->
		<classId>0</classId> <!-- Human Fighter -->
		<classId>1</classId> <!-- Warrior -->
		<classId>2</classId> <!-- Gladiator -->
		<classId>3</classId> <!-- Warlord -->
		<classId>4</classId> <!-- Human Knight -->
		<classId>5</classId> <!-- Paladin -->
		<classId>6</classId> <!-- Dark Avenger -->
		<classId>7</classId> <!-- Rogue -->
		<classId>8</classId> <!-- Treasure Hunter -->
		<classId>9</classId> <!-- Hawkeye -->
	</npc>
	<npc id="30028"> <!-- Pintage -->
		<classId>0</classId> <!-- Human Fighter -->
		<classId>1</classId> <!-- Warrior -->
		<classId>2</classId> <!-- Gladiator -->
		<classId>3</classId> <!-- Warlord -->
		<classId>4</classId> <!-- Human Knight -->
		<classId>5</classId> <!-- Paladin -->
		<classId>6</classId> <!-- Dark Avenger -->
		<classId>7</classId> <!-- Rogue -->
		<classId>8</classId> <!-- Treasure Hunter -->
		<classId>9</classId> <!-- Hawkeye -->
	</npc>
	<npc id="30029"> <!-- Minia -->
		<classId>0</classId> <!-- Human Fighter -->
		<classId>1</classId> <!-- Warrior -->
		<classId>2</classId> <!-- Gladiator -->
		<classId>3</classId> <!-- Warlord -->
		<classId>4</classId> <!-- Human Knight -->
		<classId>5</classId> <!-- Paladin -->
		<classId>6</classId> <!-- Dark Avenger -->
		<classId>7</classId> <!-- Rogue -->
		<classId>8</classId> <!-- Treasure Hunter -->
		<classId>9</classId> <!-- Hawkeye -->
	</npc>
	<npc id="30030"> <!-- Vivyan -->
		<classId>10</classId> <!-- Human Mystic -->
		<classId>15</classId> <!-- Cleric -->
		<classId>16</classId> <!-- Bishop -->
		<classId>17</classId> <!-- Prophet -->
	</npc>
	<npc id="30032"> <!-- Yohanes -->
		<classId>10</classId> <!-- Human Mystic -->
		<classId>15</classId> <!-- Cleric -->
		<classId>16</classId> <!-- Bishop -->
		<classId>17</classId> <!-- Prophet -->
	</npc>
	<npc id="30033"> <!-- Baulro -->
		<classId>10</classId> <!-- Human Mystic -->
		<classId>11</classId> <!-- Human Wizard -->
		<classId>12</classId> <!-- Sorcerer -->
		<classId>13</classId> <!-- Necromancer -->
		<classId>14</classId> <!-- Warlock -->
	</npc>
	<npc id="30034"> <!-- Iris -->
		<classId>10</classId> <!-- Human Mystic -->
		<classId>11</classId> <!-- Human Wizard -->
		<classId>12</classId> <!-- Sorcerer -->
		<classId>13</classId> <!-- Necromancer -->
		<classId>14</classId> <!-- Warlock -->
	</npc>
	<npc id="30035"> <!-- Harrys -->
		<classId>10</classId> <!-- Human Mystic -->
		<classId>11</classId> <!-- Human Wizard -->
		<classId>12</classId> <!-- Sorcerer -->
		<classId>13</classId> <!-- Necromancer -->
		<classId>14</classId> <!-- Warlock -->
	</npc>
	<npc id="30036"> <!-- Petron -->
		<classId>10</classId> <!-- Human Mystic -->
		<classId>15</classId> <!-- Cleric -->
		<classId>16</classId> <!-- Bishop -->
		<classId>17</classId> <!-- Prophet -->
	</npc>
	<npc id="30057"> <!-- Aldo -->
		<classId>53</classId> <!-- Dwarf Fighter -->
		<classId>54</classId> <!-- Scavenger -->
		<classId>55</classId> <!-- Bounty Hunter -->
	</npc>
	<npc id="30058"> <!-- Holvas -->
		<classId>53</classId> <!-- Dwarf Fighter -->
		<classId>54</classId> <!-- Scavenger -->
		<classId>55</classId> <!-- Bounty Hunter -->
	</npc>
	<npc id="30064"> <!-- Terry -->
		<classId>0</classId> <!-- Human Fighter -->
		<classId>1</classId> <!-- Warrior -->
		<classId>2</classId> <!-- Gladiator -->
		<classId>3</classId> <!-- Warlord -->
		<classId>4</classId> <!-- Human Knight -->
		<classId>5</classId> <!-- Paladin -->
		<classId>6</classId> <!-- Dark Avenger -->
		<classId>7</classId> <!-- Rogue -->
		<classId>8</classId> <!-- Treasure Hunter -->
		<classId>9</classId> <!-- Hawkeye -->
	</npc>
	<npc id="30065"> <!-- Arnelle -->
		<classId>0</classId> <!-- Human Fighter -->
		<classId>1</classId> <!-- Warrior -->
		<classId>2</classId> <!-- Gladiator -->
		<classId>3</classId> <!-- Warlord -->
		<classId>4</classId> <!-- Human Knight -->
		<classId>5</classId> <!-- Paladin -->
		<classId>6</classId> <!-- Dark Avenger -->
		<classId>7</classId> <!-- Rogue -->
		<classId>8</classId> <!-- Treasure Hunter -->
		<classId>9</classId> <!-- Hawkeye -->
	</npc>
	<npc id="30067"> <!-- Glyvka -->
		<classId>10</classId> <!-- Human Mystic -->
		<classId>15</classId> <!-- Cleric -->
		<classId>16</classId> <!-- Bishop -->
		<classId>17</classId> <!-- Prophet -->
	</npc>
	<npc id="30068"> <!-- Shegfield -->
		<classId>25</classId> <!-- Elven Mystic -->
		<classId>29</classId> <!-- Elven Oracle -->
		<classId>30</classId> <!-- Elven Elder -->
	</npc>
	<npc id="30069"> <!-- Rollant -->
		<classId>10</classId> <!-- Human Mystic -->
		<classId>11</classId> <!-- Human Wizard -->
		<classId>12</classId> <!-- Sorcerer -->
		<classId>13</classId> <!-- Necromancer -->
		<classId>14</classId> <!-- Warlock -->
	</npc>
	<npc id="30103"> <!-- Valkon -->
		<classId>53</classId> <!-- Dwarf Fighter -->
		<classId>54</classId> <!-- Scavenger -->
		<classId>55</classId> <!-- Bounty Hunter -->
	</npc>
	<npc id="30104"> <!-- Parman -->
		<classId>53</classId> <!-- Dwarf Fighter -->
		<classId>54</classId> <!-- Scavenger -->
		<classId>55</classId> <!-- Bounty Hunter -->
	</npc>
	<npc id="30105"> <!-- Genwitter -->
		<classId>0</classId> <!-- Human Fighter -->
		<classId>1</classId> <!-- Warrior -->
		<classId>2</classId> <!-- Gladiator -->
		<classId>3</classId> <!-- Warlord -->
		<classId>4</classId> <!-- Human Knight -->
		<classId>5</classId> <!-- Paladin -->
		<classId>6</classId> <!-- Dark Avenger -->
		<classId>7</classId> <!-- Rogue -->
		<classId>8</classId> <!-- Treasure Hunter -->
		<classId>9</classId> <!-- Hawkeye -->
	</npc>
	<npc id="30106"> <!-- Dufner -->
		<classId>0</classId> <!-- Human Fighter -->
		<classId>1</classId> <!-- Warrior -->
		<classId>2</classId> <!-- Gladiator -->
		<classId>3</classId> <!-- Warlord -->
		<classId>4</classId> <!-- Human Knight -->
		<classId>5</classId> <!-- Paladin -->
		<classId>6</classId> <!-- Dark Avenger -->
		<classId>7</classId> <!-- Rogue -->
		<classId>8</classId> <!-- Treasure Hunter -->
		<classId>9</classId> <!-- Hawkeye -->
	</npc>
	<npc id="30107"> <!-- Goldian -->
		<classId>18</classId> <!-- Elven Fighter -->
		<classId>19</classId> <!-- Elven Knight -->
		<classId>20</classId> <!-- Temple Knight -->
		<classId>21</classId> <!-- Sword Singer -->
		<classId>22</classId> <!-- Elven Scout -->
		<classId>23</classId> <!-- Plains Walker -->
		<classId>24</classId> <!-- Silver Ranger -->
	</npc>
	<npc id="30108"> <!-- Macken -->
		<classId>0</classId> <!-- Human Fighter -->
		<classId>1</classId> <!-- Warrior -->
		<classId>2</classId> <!-- Gladiator -->
		<classId>3</classId> <!-- Warlord -->
		<classId>4</classId> <!-- Human Knight -->
		<classId>5</classId> <!-- Paladin -->
		<classId>6</classId> <!-- Dark Avenger -->
		<classId>7</classId> <!-- Rogue -->
		<classId>8</classId> <!-- Treasure Hunter -->
		<classId>9</classId> <!-- Hawkeye -->
	</npc>
	<npc id="30110"> <!-- Iker -->
		<classId>10</classId> <!-- Human Mystic -->
		<classId>11</classId> <!-- Human Wizard -->
		<classId>12</classId> <!-- Sorcerer -->
		<classId>13</classId> <!-- Necromancer -->
		<classId>14</classId> <!-- Warlock -->
	</npc>
	<npc id="30111"> <!-- Dieter -->
		<classId>10</classId> <!-- Human Mystic -->
		<classId>11</classId> <!-- Human Wizard -->
		<classId>12</classId> <!-- Sorcerer -->
		<classId>13</classId> <!-- Necromancer -->
		<classId>14</classId> <!-- Warlock -->
	</npc>
	<npc id="30112"> <!-- Maurius -->
		<classId>25</classId> <!-- Elven Mystic -->
		<classId>26</classId> <!-- Elven Wizard -->
		<classId>27</classId> <!-- Spellsinger -->
		<classId>28</classId> <!-- Elemental Summoner -->
	</npc>
	<npc id="30113"> <!-- Juris -->
		<classId>25</classId> <!-- Elven Mystic -->
		<classId>26</classId> <!-- Elven Wizard -->
		<classId>27</classId> <!-- Spellsinger -->
		<classId>28</classId> <!-- Elemental Summoner -->
	</npc>
	<npc id="30114"> <!-- Roa -->
		<classId>10</classId> <!-- Human Mystic -->
		<classId>11</classId> <!-- Human Wizard -->
		<classId>12</classId> <!-- Sorcerer -->
		<classId>13</classId> <!-- Necromancer -->
		<classId>14</classId> <!-- Warlock -->
	</npc>
	<npc id="30116"> <!-- Dustin -->
		<classId>10</classId> <!-- Human Mystic -->
		<classId>15</classId> <!-- Cleric -->
		<classId>16</classId> <!-- Bishop -->
		<classId>17</classId> <!-- Prophet -->
	</npc>
	<npc id="30117"> <!-- Primos -->
		<classId>10</classId> <!-- Human Mystic -->
		<classId>15</classId> <!-- Cleric -->
		<classId>16</classId> <!-- Bishop -->
		<classId>17</classId> <!-- Prophet -->
	</npc>
	<npc id="30118"> <!-- Pupina -->
		<classId>10</classId> <!-- Human Mystic -->
		<classId>15</classId> <!-- Cleric -->
		<classId>16</classId> <!-- Bishop -->
		<classId>17</classId> <!-- Prophet -->
	</npc>
	<npc id="30119"> <!-- Isabellin -->
		<classId>25</classId> <!-- Elven Mystic -->
		<classId>29</classId> <!-- Elven Oracle -->
		<classId>30</classId> <!-- Elven Elder -->
	</npc>
	<npc id="30143"> <!-- Trudy -->
		<classId>31</classId> <!-- Dark Fighter -->
		<classId>32</classId> <!-- Palus Knight -->
		<classId>33</classId> <!-- Shillien Knight -->
		<classId>34</classId> <!-- Bladedancer -->
		<classId>35</classId> <!-- Assassin -->
		<classId>36</classId> <!-- Abyss Walker -->
		<classId>37</classId> <!-- Phantom Ranger -->
	</npc>
	<npc id="30144"> <!-- Harne -->
		<classId>38</classId> <!-- Dark Mystic -->
		<classId>39</classId> <!-- Dark Wizard -->
		<classId>40</classId> <!-- Spellhowler -->
		<classId>41</classId> <!-- Phantom Summoner -->
		<classId>42</classId> <!-- Shillien Oracle -->
		<classId>43</classId> <!-- Shillien Elder -->
	</npc>
	<npc id="30145"> <!-- Vlasty -->
		<classId>38</classId> <!-- Dark Mystic -->
		<classId>39</classId> <!-- Dark Wizard -->
		<classId>40</classId> <!-- Spellhowler -->
		<classId>41</classId> <!-- Phantom Summoner -->
		<classId>42</classId> <!-- Shillien Oracle -->
		<classId>43</classId> <!-- Shillien Elder -->
	</npc>
	<npc id="30155"> <!-- Ellenia -->
		<classId>18</classId> <!-- Elven Fighter -->
		<classId>19</classId> <!-- Elven Knight -->
		<classId>20</classId> <!-- Temple Knight -->
		<classId>21</classId> <!-- Sword Singer -->
		<classId>22</classId> <!-- Elven Scout -->
		<classId>23</classId> <!-- Plains Walker -->
		<classId>24</classId> <!-- Silver Ranger -->
	</npc>
	<npc id="30156"> <!-- Cobendell -->
		<classId>18</classId> <!-- Elven Fighter -->
		<classId>19</classId> <!-- Elven Knight -->
		<classId>20</classId> <!-- Temple Knight -->
		<classId>21</classId> <!-- Sword Singer -->
		<classId>22</classId> <!-- Elven Scout -->
		<classId>23</classId> <!-- Plains Walker -->
		<classId>24</classId> <!-- Silver Ranger -->
	</npc>
	<npc id="30157"> <!-- Greenis -->
		<classId>25</classId> <!-- Elven Mystic -->
		<classId>26</classId> <!-- Elven Wizard -->
		<classId>27</classId> <!-- Spellsinger -->
		<classId>28</classId> <!-- Elemental Summoner -->
	</npc>
	<npc id="30158"> <!-- Esrandell -->
		<classId>25</classId> <!-- Elven Mystic -->
		<classId>29</classId> <!-- Elven Oracle -->
		<classId>30</classId> <!-- Elven Elder -->
	</npc>
	<npc id="30169"> <!-- Marty -->
		<classId>54</classId> <!-- Scavenger -->
		<classId>55</classId> <!-- Bounty Hunter -->
		<classId>117</classId> <!-- Fortune Seeker -->
	</npc>
	<npc id="30170"> <!-- Radic -->
		<classId>54</classId> <!-- Scavenger -->
		<classId>55</classId> <!-- Bounty Hunter -->
		<classId>117</classId> <!-- Fortune Seeker -->
	</npc>
	<npc id="30171"> <!-- Gaius -->
		<classId>10</classId> <!-- Human Mystic -->
		<classId>11</classId> <!-- Human Wizard -->
		<classId>12</classId> <!-- Sorcerer -->
		<classId>13</classId> <!-- Necromancer -->
		<classId>14</classId> <!-- Warlock -->
	</npc>
	<npc id="30182"> <!-- Cliff -->
		<classId>53</classId> <!-- Dwarf Fighter -->
		<classId>54</classId> <!-- Scavenger -->
		<classId>55</classId> <!-- Bounty Hunter -->
	</npc>
	<npc id="30183"> <!-- Hagger -->
		<classId>53</classId> <!-- Dwarf Fighter -->
		<classId>54</classId> <!-- Scavenger -->
		<classId>55</classId> <!-- Bounty Hunter -->
	</npc>
	<npc id="30184"> <!-- Rigol -->
		<classId>0</classId> <!-- Human Fighter -->
		<classId>1</classId> <!-- Warrior -->
		<classId>2</classId> <!-- Gladiator -->
		<classId>3</classId> <!-- Warlord -->
		<classId>4</classId> <!-- Human Knight -->
		<classId>5</classId> <!-- Paladin -->
		<classId>6</classId> <!-- Dark Avenger -->
		<classId>7</classId> <!-- Rogue -->
		<classId>8</classId> <!-- Treasure Hunter -->
		<classId>9</classId> <!-- Hawkeye -->
	</npc>
	<npc id="30185"> <!-- Taniac Blackbird -->
		<classId>0</classId> <!-- Human Fighter -->
		<classId>1</classId> <!-- Warrior -->
		<classId>2</classId> <!-- Gladiator -->
		<classId>3</classId> <!-- Warlord -->
		<classId>4</classId> <!-- Human Knight -->
		<classId>5</classId> <!-- Paladin -->
		<classId>6</classId> <!-- Dark Avenger -->
		<classId>7</classId> <!-- Rogue -->
		<classId>8</classId> <!-- Treasure Hunter -->
		<classId>9</classId> <!-- Hawkeye -->
	</npc>
	<npc id="30186"> <!-- Bhan -->
		<classId>18</classId> <!-- Elven Fighter -->
		<classId>19</classId> <!-- Elven Knight -->
		<classId>20</classId> <!-- Temple Knight -->
		<classId>21</classId> <!-- Sword Singer -->
		<classId>22</classId> <!-- Elven Scout -->
		<classId>23</classId> <!-- Plains Walker -->
		<classId>24</classId> <!-- Silver Ranger -->
	</npc>
	<npc id="30188"> <!-- Vadin -->
		<classId>10</classId> <!-- Human Mystic -->
		<classId>15</classId> <!-- Cleric -->
		<classId>16</classId> <!-- Bishop -->
		<classId>17</classId> <!-- Prophet -->
	</npc>
	<npc id="30189"> <!-- Rovia -->
		<classId>25</classId> <!-- Elven Mystic -->
		<classId>26</classId> <!-- Elven Wizard -->
		<classId>27</classId> <!-- Spellsinger -->
		<classId>28</classId> <!-- Elemental Summoner -->
	</npc>
	<npc id="30190"> <!-- Phanovia -->
		<classId>10</classId> <!-- Human Mystic -->
		<classId>11</classId> <!-- Human Wizard -->
		<classId>12</classId> <!-- Sorcerer -->
		<classId>13</classId> <!-- Necromancer -->
		<classId>14</classId> <!-- Warlock -->
	</npc>
	<npc id="30192"> <!-- Darya -->
		<classId>31</classId> <!-- Dark Fighter -->
		<classId>32</classId> <!-- Palus Knight -->
		<classId>33</classId> <!-- Shillien Knight -->
		<classId>34</classId> <!-- Bladedancer -->
		<classId>35</classId> <!-- Assassin -->
		<classId>36</classId> <!-- Abyss Walker -->
		<classId>37</classId> <!-- Phantom Ranger -->
	</npc>
	<npc id="30194"> <!-- Gideon -->
		<classId>38</classId> <!-- Dark Mystic -->
		<classId>39</classId> <!-- Dark Wizard -->
		<classId>40</classId> <!-- Spellhowler -->
		<classId>41</classId> <!-- Phantom Summoner -->
		<classId>42</classId> <!-- Shillien Oracle -->
		<classId>43</classId> <!-- Shillien Elder -->
	</npc>
	<npc id="30210"> <!-- Norman -->
		<classId>53</classId> <!-- Dwarf Fighter -->
		<classId>54</classId> <!-- Scavenger -->
		<classId>55</classId> <!-- Bounty Hunter -->
	</npc>
	<npc id="30232"> <!-- Sorint -->
		<classId>53</classId> <!-- Dwarf Fighter -->
		<classId>54</classId> <!-- Scavenger -->
		<classId>55</classId> <!-- Bounty Hunter -->
	</npc>
	<npc id="30255"> <!-- Haprock -->
		<classId>53</classId> <!-- Dwarf Fighter -->
		<classId>54</classId> <!-- Scavenger -->
		<classId>55</classId> <!-- Bounty Hunter -->
	</npc>
	<npc id="30293"> <!-- Manuel -->
		<classId>25</classId> <!-- Elven Mystic -->
		<classId>29</classId> <!-- Elven Oracle -->
		<classId>30</classId> <!-- Elven Elder -->
	</npc>
	<npc id="30298"> <!-- Pinter -->
		<classId>53</classId> <!-- Dwarf Fighter -->
		<classId>56</classId> <!-- Artisan -->
		<classId>57</classId> <!-- Warsmith -->
	</npc>
	<npc id="30300"> <!-- Pushkin -->
		<classId>53</classId> <!-- Dwarf Fighter -->
		<classId>56</classId> <!-- Artisan -->
		<classId>57</classId> <!-- Warsmith -->
	</npc>
	<npc id="30316"> <!-- Raut -->
		<classId>53</classId> <!-- Dwarf Fighter -->
		<classId>54</classId> <!-- Scavenger -->
		<classId>55</classId> <!-- Bounty Hunter -->
	</npc>
	<npc id="30317"> <!-- Kluto -->
		<classId>53</classId> <!-- Dwarf Fighter -->
		<classId>56</classId> <!-- Artisan -->
		<classId>57</classId> <!-- Warsmith -->
	</npc>
	<npc id="30320"> <!-- Richlin -->
		<classId>53</classId> <!-- Dwarf Fighter -->
		<classId>54</classId> <!-- Scavenger -->
		<classId>55</classId> <!-- Bounty Hunter -->
	</npc>
	<npc id="30322"> <!-- Ballin -->
		<classId>53</classId> <!-- Dwarf Fighter -->
		<classId>54</classId> <!-- Scavenger -->
		<classId>55</classId> <!-- Bounty Hunter -->
	</npc>
	<npc id="30325"> <!-- Audiberti -->
		<classId>0</classId> <!-- Human Fighter -->
		<classId>1</classId> <!-- Warrior -->
		<classId>2</classId> <!-- Gladiator -->
		<classId>3</classId> <!-- Warlord -->
		<classId>4</classId> <!-- Human Knight -->
		<classId>5</classId> <!-- Paladin -->
		<classId>6</classId> <!-- Dark Avenger -->
		<classId>7</classId> <!-- Rogue -->
		<classId>8</classId> <!-- Treasure Hunter -->
		<classId>9</classId> <!-- Hawkeye -->
	</npc>
	<npc id="30326"> <!-- Leona -->
		<classId>0</classId> <!-- Human Fighter -->
		<classId>1</classId> <!-- Warrior -->
		<classId>2</classId> <!-- Gladiator -->
		<classId>3</classId> <!-- Warlord -->
		<classId>4</classId> <!-- Human Knight -->
		<classId>5</classId> <!-- Paladin -->
		<classId>6</classId> <!-- Dark Avenger -->
		<classId>7</classId> <!-- Rogue -->
		<classId>8</classId> <!-- Treasure Hunter -->
		<classId>9</classId> <!-- Hawkeye -->
	</npc>
	<npc id="30327"> <!-- Sorius -->
		<classId>18</classId> <!-- Elven Fighter -->
		<classId>19</classId> <!-- Elven Knight -->
		<classId>20</classId> <!-- Temple Knight -->
		<classId>21</classId> <!-- Sword Singer -->
		<classId>22</classId> <!-- Elven Scout -->
		<classId>23</classId> <!-- Plains Walker -->
		<classId>24</classId> <!-- Silver Ranger -->
	</npc>
	<npc id="30328"> <!-- Reisa -->
		<classId>18</classId> <!-- Elven Fighter -->
		<classId>19</classId> <!-- Elven Knight -->
		<classId>20</classId> <!-- Temple Knight -->
		<classId>21</classId> <!-- Sword Singer -->
		<classId>22</classId> <!-- Elven Scout -->
		<classId>23</classId> <!-- Plains Walker -->
		<classId>24</classId> <!-- Silver Ranger -->
	</npc>
	<npc id="30329"> <!-- Virgil -->
		<classId>31</classId> <!-- Dark Fighter -->
		<classId>32</classId> <!-- Palus Knight -->
		<classId>33</classId> <!-- Shillien Knight -->
		<classId>34</classId> <!-- Bladedancer -->
		<classId>35</classId> <!-- Assassin -->
		<classId>36</classId> <!-- Abyss Walker -->
		<classId>37</classId> <!-- Phantom Ranger -->
	</npc>
	<npc id="30330"> <!-- Sidra -->
		<classId>38</classId> <!-- Dark Mystic -->
		<classId>39</classId> <!-- Dark Wizard -->
		<classId>40</classId> <!-- Spellhowler -->
		<classId>41</classId> <!-- Phantom Summoner -->
		<classId>42</classId> <!-- Shillien Oracle -->
		<classId>43</classId> <!-- Shillien Elder -->
	</npc>
	<npc id="30344"> <!-- Rohmer -->
		<classId>10</classId> <!-- Human Mystic -->
		<classId>11</classId> <!-- Human Wizard -->
		<classId>12</classId> <!-- Sorcerer -->
		<classId>13</classId> <!-- Necromancer -->
		<classId>14</classId> <!-- Warlock -->
	</npc>
	<npc id="30345"> <!-- Ramoniell -->
		<classId>25</classId> <!-- Elven Mystic -->
		<classId>26</classId> <!-- Elven Wizard -->
		<classId>27</classId> <!-- Spellsinger -->
		<classId>28</classId> <!-- Elemental Summoner -->
	</npc>
	<npc id="30360"> <!-- Harant -->
		<classId>31</classId> <!-- Dark Fighter -->
		<classId>32</classId> <!-- Palus Knight -->
		<classId>33</classId> <!-- Shillien Knight -->
		<classId>34</classId> <!-- Bladedancer -->
		<classId>35</classId> <!-- Assassin -->
		<classId>36</classId> <!-- Abyss Walker -->
		<classId>37</classId> <!-- Phantom Ranger -->
	</npc>
	<npc id="30369"> <!-- Baenedes -->
		<classId>18</classId> <!-- Elven Fighter -->
		<classId>19</classId> <!-- Elven Knight -->
		<classId>20</classId> <!-- Temple Knight -->
		<classId>21</classId> <!-- Sword Singer -->
		<classId>22</classId> <!-- Elven Scout -->
		<classId>23</classId> <!-- Plains Walker -->
		<classId>24</classId> <!-- Silver Ranger -->
	</npc>
	<npc id="30374"> <!-- Rhodiell -->
		<classId>18</classId> <!-- Elven Fighter -->
		<classId>19</classId> <!-- Elven Knight -->
		<classId>20</classId> <!-- Temple Knight -->
		<classId>21</classId> <!-- Sword Singer -->
		<classId>22</classId> <!-- Elven Scout -->
		<classId>23</classId> <!-- Plains Walker -->
		<classId>24</classId> <!-- Silver Ranger -->
	</npc>
	<npc id="30375"> <!-- Adonius -->
		<classId>25</classId> <!-- Elven Mystic -->
		<classId>29</classId> <!-- Elven Oracle -->
		<classId>30</classId> <!-- Elven Elder -->
	</npc>
	<npc id="30376"> <!-- Nell -->
		<classId>25</classId> <!-- Elven Mystic -->
		<classId>26</classId> <!-- Elven Wizard -->
		<classId>27</classId> <!-- Spellsinger -->
		<classId>28</classId> <!-- Elemental Summoner -->
	</npc>
	<npc id="30377"> <!-- Talbot -->
		<classId>38</classId> <!-- Dark Mystic -->
		<classId>39</classId> <!-- Dark Wizard -->
		<classId>40</classId> <!-- Spellhowler -->
		<classId>41</classId> <!-- Phantom Summoner -->
		<classId>42</classId> <!-- Shillien Oracle -->
		<classId>43</classId> <!-- Shillien Elder -->
	</npc>
	<npc id="30378"> <!-- Estella -->
		<classId>31</classId> <!-- Dark Fighter -->
		<classId>32</classId> <!-- Palus Knight -->
		<classId>33</classId> <!-- Shillien Knight -->
		<classId>34</classId> <!-- Bladedancer -->
		<classId>35</classId> <!-- Assassin -->
		<classId>36</classId> <!-- Abyss Walker -->
		<classId>37</classId> <!-- Phantom Ranger -->
	</npc>
	<npc id="30458"> <!-- Poitan -->
		<classId>53</classId> <!-- Dwarf Fighter -->
		<classId>56</classId> <!-- Artisan -->
		<classId>57</classId> <!-- Warsmith -->
	</npc>
	<npc id="30459"> <!-- Wandius -->
		<classId>18</classId> <!-- Elven Fighter -->
		<classId>19</classId> <!-- Elven Knight -->
		<classId>20</classId> <!-- Temple Knight -->
		<classId>21</classId> <!-- Sword Singer -->
		<classId>22</classId> <!-- Elven Scout -->
		<classId>23</classId> <!-- Plains Walker -->
		<classId>24</classId> <!-- Silver Ranger -->
	</npc>
	<npc id="30460"> <!-- Cardien -->
		<classId>18</classId> <!-- Elven Fighter -->
		<classId>19</classId> <!-- Elven Knight -->
		<classId>20</classId> <!-- Temple Knight -->
		<classId>21</classId> <!-- Sword Singer -->
		<classId>22</classId> <!-- Elven Scout -->
		<classId>23</classId> <!-- Plains Walker -->
		<classId>24</classId> <!-- Silver Ranger -->
	</npc>
	<npc id="30461"> <!-- Mirien -->
		<classId>25</classId> <!-- Elven Mystic -->
		<classId>26</classId> <!-- Elven Wizard -->
		<classId>27</classId> <!-- Spellsinger -->
		<classId>28</classId> <!-- Elemental Summoner -->
	</npc>
	<npc id="30463"> <!-- Ixia -->
		<classId>31</classId> <!-- Dark Fighter -->
		<classId>32</classId> <!-- Palus Knight -->
		<classId>33</classId> <!-- Shillien Knight -->
		<classId>34</classId> <!-- Bladedancer -->
		<classId>35</classId> <!-- Assassin -->
		<classId>36</classId> <!-- Abyss Walker -->
		<classId>37</classId> <!-- Phantom Ranger -->
	</npc>
	<npc id="30464"> <!-- Clayton -->
		<classId>38</classId> <!-- Dark Mystic -->
		<classId>39</classId> <!-- Dark Wizard -->
		<classId>40</classId> <!-- Spellhowler -->
		<classId>41</classId> <!-- Phantom Summoner -->
		<classId>42</classId> <!-- Shillien Oracle -->
		<classId>43</classId> <!-- Shillien Elder -->
	</npc>
	<npc id="30471"> <!-- Rupio -->
		<classId>53</classId> <!-- Dwarf Fighter -->
		<classId>56</classId> <!-- Artisan -->
		<classId>57</classId> <!-- Warsmith -->
	</npc>
	<npc id="30472"> <!-- Rosheria -->
		<classId>18</classId> <!-- Elven Fighter -->
		<classId>19</classId> <!-- Elven Knight -->
		<classId>20</classId> <!-- Temple Knight -->
		<classId>21</classId> <!-- Sword Singer -->
		<classId>22</classId> <!-- Elven Scout -->
		<classId>23</classId> <!-- Plains Walker -->
		<classId>24</classId> <!-- Silver Ranger -->
	</npc>
	<npc id="30473"> <!-- Bandellos -->
		<classId>25</classId> <!-- Elven Mystic -->
		<classId>29</classId> <!-- Elven Oracle -->
		<classId>30</classId> <!-- Elven Elder -->
	</npc>
	<npc id="30475"> <!-- Stapin -->
		<classId>31</classId> <!-- Dark Fighter -->
		<classId>32</classId> <!-- Palus Knight -->
		<classId>33</classId> <!-- Shillien Knight -->
		<classId>34</classId> <!-- Bladedancer -->
		<classId>35</classId> <!-- Assassin -->
		<classId>36</classId> <!-- Abyss Walker -->
		<classId>37</classId> <!-- Phantom Ranger -->
	</npc>
	<npc id="30476"> <!-- Kaira -->
		<classId>38</classId> <!-- Dark Mystic -->
		<classId>39</classId> <!-- Dark Wizard -->
		<classId>40</classId> <!-- Spellhowler -->
		<classId>41</classId> <!-- Phantom Summoner -->
		<classId>42</classId> <!-- Shillien Oracle -->
		<classId>43</classId> <!-- Shillien Elder -->
	</npc>
	<npc id="30501"> <!-- Kasman -->
		<classId>44</classId> <!-- Orc Fighter -->
		<classId>45</classId> <!-- Orc Raider -->
		<classId>46</classId> <!-- Destroyer -->
		<classId>47</classId> <!-- Monk -->
		<classId>48</classId> <!-- Tyrant -->
	</npc>
	<npc id="30502"> <!-- Umos -->
		<classId>49</classId> <!-- Orc Mystic -->
		<classId>50</classId> <!-- Orc Shaman -->
		<classId>51</classId> <!-- Overlord -->
		<classId>52</classId> <!-- Warcryer -->
	</npc>
	<npc id="30506"> <!-- Buka -->
		<classId>44</classId> <!-- Orc Fighter -->
		<classId>45</classId> <!-- Orc Raider -->
		<classId>46</classId> <!-- Destroyer -->
		<classId>47</classId> <!-- Monk -->
		<classId>48</classId> <!-- Tyrant -->
	</npc>
	<npc id="30507"> <!-- Racoy -->
		<classId>49</classId> <!-- Orc Mystic -->
		<classId>50</classId> <!-- Orc Shaman -->
		<classId>51</classId> <!-- Overlord -->
		<classId>52</classId> <!-- Warcryer -->
	</npc>
	<npc id="30509"> <!-- Dowki -->
		<classId>44</classId> <!-- Orc Fighter -->
		<classId>45</classId> <!-- Orc Raider -->
		<classId>46</classId> <!-- Destroyer -->
		<classId>47</classId> <!-- Monk -->
		<classId>48</classId> <!-- Tyrant -->
	</npc>
	<npc id="30510"> <!-- Somak -->
		<classId>49</classId> <!-- Orc Mystic -->
		<classId>50</classId> <!-- Orc Shaman -->
		<classId>51</classId> <!-- Overlord -->
		<classId>52</classId> <!-- Warcryer -->
	</npc>
	<npc id="30514"> <!-- Vokian -->
		<classId>44</classId> <!-- Orc Fighter -->
		<classId>45</classId> <!-- Orc Raider -->
		<classId>46</classId> <!-- Destroyer -->
		<classId>47</classId> <!-- Monk -->
		<classId>48</classId> <!-- Tyrant -->
	</npc>
	<npc id="30515"> <!-- Manakia -->
		<classId>49</classId> <!-- Orc Mystic -->
		<classId>50</classId> <!-- Orc Shaman -->
		<classId>51</classId> <!-- Overlord -->
		<classId>52</classId> <!-- Warcryer -->
	</npc>
	<npc id="30516"> <!-- Reep -->
		<classId>53</classId> <!-- Dwarf Fighter -->
		<classId>54</classId> <!-- Scavenger -->
		<classId>55</classId> <!-- Bounty Hunter -->
		<classId>56</classId> <!-- Artisan -->
		<classId>57</classId> <!-- Warsmith -->
	</npc>
	<npc id="30520"> <!-- Reed -->
		<classId>53</classId> <!-- Dwarf Fighter -->
		<classId>54</classId> <!-- Scavenger -->
		<classId>55</classId> <!-- Bounty Hunter -->
	</npc>
	<npc id="30521"> <!-- Murdoc -->
		<classId>53</classId> <!-- Dwarf Fighter -->
		<classId>54</classId> <!-- Scavenger -->
		<classId>55</classId> <!-- Bounty Hunter -->
	</npc>
	<npc id="30522"> <!-- Airy -->
		<classId>53</classId> <!-- Dwarf Fighter -->
		<classId>54</classId> <!-- Scavenger -->
		<classId>55</classId> <!-- Bounty Hunter -->
	</npc>
	<npc id="30526"> <!-- Brunon -->
		<classId>53</classId> <!-- Dwarf Fighter -->
		<classId>56</classId> <!-- Artisan -->
		<classId>57</classId> <!-- Warsmith -->
	</npc>
	<npc id="30527"> <!-- Silvera -->
		<classId>53</classId> <!-- Dwarf Fighter -->
		<classId>56</classId> <!-- Artisan -->
		<classId>57</classId> <!-- Warsmith -->
	</npc>
	<npc id="30569"> <!-- Brukurse -->
		<classId>44</classId> <!-- Orc Fighter -->
		<classId>45</classId> <!-- Orc Raider -->
		<classId>46</classId> <!-- Destroyer -->
		<classId>47</classId> <!-- Monk -->
		<classId>48</classId> <!-- Tyrant -->
	</npc>
	<npc id="30570"> <!-- Karukia -->
		<classId>44</classId> <!-- Orc Fighter -->
		<classId>45</classId> <!-- Orc Raider -->
		<classId>46</classId> <!-- Destroyer -->
		<classId>47</classId> <!-- Monk -->
		<classId>48</classId> <!-- Tyrant -->
	</npc>
	<npc id="30571"> <!-- Tanapi -->
		<classId>49</classId> <!-- Orc Mystic -->
		<classId>50</classId> <!-- Orc Shaman -->
		<classId>51</classId> <!-- Overlord -->
		<classId>52</classId> <!-- Warcryer -->
	</npc>
	<npc id="30572"> <!-- Livina -->
		<classId>49</classId> <!-- Orc Mystic -->
		<classId>50</classId> <!-- Orc Shaman -->
		<classId>51</classId> <!-- Overlord -->
		<classId>52</classId> <!-- Warcryer -->
	</npc>
	<npc id="30678"> <!-- Helton -->
		<classId>53</classId> <!-- Dwarf Fighter -->
		<classId>56</classId> <!-- Artisan -->
		<classId>57</classId> <!-- Warsmith -->
	</npc>
	<npc id="30679"> <!-- Roameria -->
		<classId>18</classId> <!-- Elven Fighter -->
		<classId>19</classId> <!-- Elven Knight -->
		<classId>20</classId> <!-- Temple Knight -->
		<classId>21</classId> <!-- Sword Singer -->
		<classId>22</classId> <!-- Elven Scout -->
		<classId>23</classId> <!-- Plains Walker -->
		<classId>24</classId> <!-- Silver Ranger -->
	</npc>
	<npc id="30680"> <!-- Egnos -->
		<classId>25</classId> <!-- Elven Mystic -->
		<classId>29</classId> <!-- Elven Oracle -->
		<classId>30</classId> <!-- Elven Elder -->
	</npc>
	<npc id="30682"> <!-- Pekiron -->
		<classId>49</classId> <!-- Orc Mystic -->
		<classId>50</classId> <!-- Orc Shaman -->
		<classId>51</classId> <!-- Overlord -->
		<classId>52</classId> <!-- Warcryer -->
	</npc>
	<npc id="30683"> <!-- Daunt -->
		<classId>44</classId> <!-- Orc Fighter -->
		<classId>45</classId> <!-- Orc Raider -->
		<classId>46</classId> <!-- Destroyer -->
		<classId>47</classId> <!-- Monk -->
		<classId>48</classId> <!-- Tyrant -->
	</npc>
	<npc id="30686"> <!-- Silva -->
		<classId>53</classId> <!-- Dwarf Fighter -->
		<classId>54</classId> <!-- Scavenger -->
		<classId>55</classId> <!-- Bounty Hunter -->
	</npc>
	<npc id="30688"> <!-- Duning -->
		<classId>53</classId> <!-- Dwarf Fighter -->
		<classId>56</classId> <!-- Artisan -->
		<classId>57</classId> <!-- Warsmith -->
	</npc>
	<npc id="30690"> <!-- Luther -->
		<classId>0</classId> <!-- Human Fighter -->
		<classId>1</classId> <!-- Warrior -->
		<classId>2</classId> <!-- Gladiator -->
		<classId>3</classId> <!-- Warlord -->
		<classId>4</classId> <!-- Human Knight -->
		<classId>5</classId> <!-- Paladin -->
		<classId>6</classId> <!-- Dark Avenger -->
		<classId>7</classId> <!-- Rogue -->
		<classId>8</classId> <!-- Treasure Hunter -->
		<classId>9</classId> <!-- Hawkeye -->
	</npc>
	<npc id="30691"> <!-- Aren Athebaldt -->
		<classId>0</classId> <!-- Human Fighter -->
		<classId>1</classId> <!-- Warrior -->
		<classId>2</classId> <!-- Gladiator -->
		<classId>3</classId> <!-- Warlord -->
		<classId>4</classId> <!-- Human Knight -->
		<classId>5</classId> <!-- Paladin -->
		<classId>6</classId> <!-- Dark Avenger -->
		<classId>7</classId> <!-- Rogue -->
		<classId>8</classId> <!-- Treasure Hunter -->
		<classId>9</classId> <!-- Hawkeye -->
	</npc>
	<npc id="30692"> <!-- Stedmiel -->
		<classId>18</classId> <!-- Elven Fighter -->
		<classId>19</classId> <!-- Elven Knight -->
		<classId>20</classId> <!-- Temple Knight -->
		<classId>21</classId> <!-- Sword Singer -->
		<classId>22</classId> <!-- Elven Scout -->
		<classId>23</classId> <!-- Plains Walker -->
		<classId>24</classId> <!-- Silver Ranger -->
	</npc>
	<npc id="30693"> <!-- Queenien -->
		<classId>18</classId> <!-- Elven Fighter -->
		<classId>19</classId> <!-- Elven Knight -->
		<classId>20</classId> <!-- Temple Knight -->
		<classId>21</classId> <!-- Sword Singer -->
		<classId>22</classId> <!-- Elven Scout -->
		<classId>23</classId> <!-- Plains Walker -->
		<classId>24</classId> <!-- Silver Ranger -->
	</npc>
	<npc id="30695"> <!-- Moses -->
		<classId>10</classId> <!-- Human Mystic -->
		<classId>11</classId> <!-- Human Wizard -->
		<classId>12</classId> <!-- Sorcerer -->
		<classId>13</classId> <!-- Necromancer -->
		<classId>14</classId> <!-- Warlock -->
	</npc>
	<npc id="30696"> <!-- Page -->
		<classId>10</classId> <!-- Human Mystic -->
		<classId>11</classId> <!-- Human Wizard -->
		<classId>12</classId> <!-- Sorcerer -->
		<classId>13</classId> <!-- Necromancer -->
		<classId>14</classId> <!-- Warlock -->
	</npc>
	<npc id="30697"> <!-- Videlrien -->
		<classId>25</classId> <!-- Elven Mystic -->
		<classId>26</classId> <!-- Elven Wizard -->
		<classId>27</classId> <!-- Spellsinger -->
		<classId>28</classId> <!-- Elemental Summoner -->
	</npc>
	<npc id="30698"> <!-- Evelyn -->
		<classId>25</classId> <!-- Elven Mystic -->
		<classId>29</classId> <!-- Elven Oracle -->
		<classId>30</classId> <!-- Elven Elder -->
	</npc>
	<npc id="30700"> <!-- Prestan -->
		<classId>31</classId> <!-- Dark Fighter -->
		<classId>32</classId> <!-- Palus Knight -->
		<classId>33</classId> <!-- Shillien Knight -->
		<classId>34</classId> <!-- Bladedancer -->
		<classId>35</classId> <!-- Assassin -->
		<classId>36</classId> <!-- Abyss Walker -->
		<classId>37</classId> <!-- Phantom Ranger -->
	</npc>
	<npc id="30701"> <!-- Errickin -->
		<classId>38</classId> <!-- Dark Mystic -->
		<classId>39</classId> <!-- Dark Wizard -->
		<classId>40</classId> <!-- Spellhowler -->
		<classId>41</classId> <!-- Phantom Summoner -->
		<classId>42</classId> <!-- Shillien Oracle -->
		<classId>43</classId> <!-- Shillien Elder -->
	</npc>
	<npc id="30705"> <!-- Chakiris -->
		<classId>44</classId> <!-- Orc Fighter -->
		<classId>45</classId> <!-- Orc Raider -->
		<classId>46</classId> <!-- Destroyer -->
		<classId>47</classId> <!-- Monk -->
		<classId>48</classId> <!-- Tyrant -->
	</npc>
	<npc id="30706"> <!-- Lazenby -->
		<classId>49</classId> <!-- Orc Mystic -->
		<classId>50</classId> <!-- Orc Shaman -->
		<classId>51</classId> <!-- Overlord -->
		<classId>52</classId> <!-- Warcryer -->
	</npc>
	<npc id="30715"> <!-- Marina -->
		<classId>10</classId> <!-- Human Mystic -->
		<classId>11</classId> <!-- Human Wizard -->
		<classId>12</classId> <!-- Sorcerer -->
		<classId>13</classId> <!-- Necromancer -->
		<classId>14</classId> <!-- Warlock -->
	</npc>
	<npc id="30717"> <!-- Gauen -->
		<classId>25</classId> <!-- Elven Mystic -->
		<classId>26</classId> <!-- Elven Wizard -->
		<classId>27</classId> <!-- Spellsinger -->
		<classId>28</classId> <!-- Elemental Summoner -->
	</npc>
	<npc id="30718"> <!-- Joan -->
		<classId>25</classId> <!-- Elven Mystic -->
		<classId>26</classId> <!-- Elven Wizard -->
		<classId>27</classId> <!-- Spellsinger -->
		<classId>28</classId> <!-- Elemental Summoner -->
	</npc>
	<npc id="30720"> <!-- Kaiena -->
		<classId>38</classId> <!-- Dark Mystic -->
		<classId>39</classId> <!-- Dark Wizard -->
		<classId>40</classId> <!-- Spellhowler -->
		<classId>41</classId> <!-- Phantom Summoner -->
		<classId>42</classId> <!-- Shillien Oracle -->
		<classId>43</classId> <!-- Shillien Elder -->
	</npc>
	<npc id="30721"> <!-- Ladd -->
		<classId>38</classId> <!-- Dark Mystic -->
		<classId>39</classId> <!-- Dark Wizard -->
		<classId>40</classId> <!-- Spellhowler -->
		<classId>41</classId> <!-- Phantom Summoner -->
		<classId>42</classId> <!-- Shillien Oracle -->
		<classId>43</classId> <!-- Shillien Elder -->
	</npc>
	<npc id="30833"> <!-- Kaspar -->
		<classId>38</classId> <!-- Dark Mystic -->
		<classId>39</classId> <!-- Dark Wizard -->
		<classId>40</classId> <!-- Spellhowler -->
		<classId>41</classId> <!-- Phantom Summoner -->
		<classId>42</classId> <!-- Shillien Oracle -->
		<classId>43</classId> <!-- Shillien Elder -->
		<classId>110</classId> <!-- Storm Screamer -->
		<classId>111</classId> <!-- Spectral Master -->
		<classId>112</classId> <!-- Shillien Saint -->
	</npc>
	<npc id="30835"> <!-- Icarus -->
		<classId>11</classId> <!-- Human Wizard -->
		<classId>12</classId> <!-- Sorcerer -->
		<classId>13</classId> <!-- Necromancer -->
		<classId>14</classId> <!-- Warlock -->
		<classId>15</classId> <!-- Cleric -->
		<classId>16</classId> <!-- Bishop -->
		<classId>17</classId> <!-- Prophet -->
		<classId>94</classId> <!-- Archmage -->
		<classId>95</classId> <!-- Soultaker -->
		<classId>96</classId> <!-- Arcana Lord -->
		<classId>97</classId> <!-- Cardinal -->
		<classId>98</classId> <!-- Hierophant -->
	</npc>
	<npc id="30843"> <!-- Romp -->
		<classId>53</classId> <!-- Dwarf Fighter -->
		<classId>54</classId> <!-- Scavenger -->
		<classId>55</classId> <!-- Bounty Hunter -->
	</npc>
	<npc id="30844"> <!-- Walderal -->
		<classId>53</classId> <!-- Dwarf Fighter -->
		<classId>54</classId> <!-- Scavenger -->
		<classId>55</classId> <!-- Bounty Hunter -->
	</npc>
	<npc id="30846"> <!-- Wilbert -->
		<classId>53</classId> <!-- Dwarf Fighter -->
		<classId>56</classId> <!-- Artisan -->
		<classId>57</classId> <!-- Warsmith -->
	</npc>
	<npc id="30849"> <!-- Sedrick -->
		<classId>0</classId> <!-- Human Fighter -->
		<classId>1</classId> <!-- Warrior -->
		<classId>2</classId> <!-- Gladiator -->
		<classId>3</classId> <!-- Warlord -->
		<classId>4</classId> <!-- Human Knight -->
		<classId>5</classId> <!-- Paladin -->
		<classId>6</classId> <!-- Dark Avenger -->
		<classId>7</classId> <!-- Rogue -->
		<classId>8</classId> <!-- Treasure Hunter -->
		<classId>9</classId> <!-- Hawkeye -->
	</npc>
	<npc id="30850"> <!-- Aiken -->
		<classId>0</classId> <!-- Human Fighter -->
		<classId>1</classId> <!-- Warrior -->
		<classId>2</classId> <!-- Gladiator -->
		<classId>3</classId> <!-- Warlord -->
		<classId>4</classId> <!-- Human Knight -->
		<classId>5</classId> <!-- Paladin -->
		<classId>6</classId> <!-- Dark Avenger -->
		<classId>7</classId> <!-- Rogue -->
		<classId>8</classId> <!-- Treasure Hunter -->
		<classId>9</classId> <!-- Hawkeye -->
	</npc>
	<npc id="30851"> <!-- Kendra -->
		<classId>0</classId> <!-- Human Fighter -->
		<classId>1</classId> <!-- Warrior -->
		<classId>2</classId> <!-- Gladiator -->
		<classId>3</classId> <!-- Warlord -->
		<classId>4</classId> <!-- Human Knight -->
		<classId>5</classId> <!-- Paladin -->
		<classId>6</classId> <!-- Dark Avenger -->
		<classId>7</classId> <!-- Rogue -->
		<classId>8</classId> <!-- Treasure Hunter -->
		<classId>9</classId> <!-- Hawkeye -->
	</npc>
	<npc id="30852"> <!-- Sinden -->
		<classId>18</classId> <!-- Elven Fighter -->
		<classId>19</classId> <!-- Elven Knight -->
		<classId>20</classId> <!-- Temple Knight -->
		<classId>21</classId> <!-- Sword Singer -->
		<classId>22</classId> <!-- Elven Scout -->
		<classId>23</classId> <!-- Plains Walker -->
		<classId>24</classId> <!-- Silver Ranger -->
	</npc>
	<npc id="30853"> <!-- Raien -->
		<classId>18</classId> <!-- Elven Fighter -->
		<classId>19</classId> <!-- Elven Knight -->
		<classId>20</classId> <!-- Temple Knight -->
		<classId>21</classId> <!-- Sword Singer -->
		<classId>22</classId> <!-- Elven Scout -->
		<classId>23</classId> <!-- Plains Walker -->
		<classId>24</classId> <!-- Silver Ranger -->
	</npc>
	<npc id="30855"> <!-- Desmond -->
		<classId>10</classId> <!-- Human Mystic -->
		<classId>11</classId> <!-- Human Wizard -->
		<classId>12</classId> <!-- Sorcerer -->
		<classId>13</classId> <!-- Necromancer -->
		<classId>14</classId> <!-- Warlock -->
	</npc>
	<npc id="30856"> <!-- Winonin -->
		<classId>25</classId> <!-- Elven Mystic -->
		<classId>26</classId> <!-- Elven Wizard -->
		<classId>27</classId> <!-- Spellsinger -->
		<classId>28</classId> <!-- Elemental Summoner -->
	</npc>
	<npc id="30858"> <!-- Ross -->
		<classId>10</classId> <!-- Human Mystic -->
		<classId>15</classId> <!-- Cleric -->
		<classId>16</classId> <!-- Bishop -->
		<classId>17</classId> <!-- Prophet -->
	</npc>
	<npc id="30859"> <!-- Vivyan -->
		<classId>10</classId> <!-- Human Mystic -->
		<classId>15</classId> <!-- Cleric -->
		<classId>16</classId> <!-- Bishop -->
		<classId>17</classId> <!-- Prophet -->
	</npc>
	<npc id="30860"> <!-- Flownia -->
		<classId>25</classId> <!-- Elven Mystic -->
		<classId>29</classId> <!-- Elven Oracle -->
		<classId>30</classId> <!-- Elven Elder -->
	</npc>
	<npc id="30861"> <!-- Leonard -->
		<classId>25</classId> <!-- Elven Mystic -->
		<classId>29</classId> <!-- Elven Oracle -->
		<classId>30</classId> <!-- Elven Elder -->
	</npc>
	<npc id="30863"> <!-- Ghest -->
		<classId>31</classId> <!-- Dark Fighter -->
		<classId>32</classId> <!-- Palus Knight -->
		<classId>33</classId> <!-- Shillien Knight -->
		<classId>34</classId> <!-- Bladedancer -->
		<classId>35</classId> <!-- Assassin -->
		<classId>36</classId> <!-- Abyss Walker -->
		<classId>37</classId> <!-- Phantom Ranger -->
	</npc>
	<npc id="30864"> <!-- Hanellin -->
		<classId>38</classId> <!-- Dark Mystic -->
		<classId>39</classId> <!-- Dark Wizard -->
		<classId>40</classId> <!-- Spellhowler -->
		<classId>41</classId> <!-- Phantom Summoner -->
		<classId>42</classId> <!-- Shillien Oracle -->
		<classId>43</classId> <!-- Shillien Elder -->
	</npc>
	<npc id="30866"> <!-- Marestella -->
		<classId>44</classId> <!-- Orc Fighter -->
		<classId>45</classId> <!-- Orc Raider -->
		<classId>46</classId> <!-- Destroyer -->
		<classId>47</classId> <!-- Monk -->
		<classId>48</classId> <!-- Tyrant -->
	</npc>
	<npc id="30867"> <!-- Reva -->
		<classId>49</classId> <!-- Orc Mystic -->
		<classId>50</classId> <!-- Orc Shaman -->
		<classId>51</classId> <!-- Overlord -->
		<classId>52</classId> <!-- Warcryer -->
	</npc>
	<npc id="30895"> <!-- Kluck -->
		<classId>53</classId> <!-- Dwarf Fighter -->
		<classId>54</classId> <!-- Scavenger -->
		<classId>55</classId> <!-- Bounty Hunter -->
	</npc>
	<npc id="30896"> <!-- Mia -->
		<classId>53</classId> <!-- Dwarf Fighter -->
		<classId>54</classId> <!-- Scavenger -->
		<classId>55</classId> <!-- Bounty Hunter -->
	</npc>
	<npc id="30898"> <!-- Morning -->
		<classId>53</classId> <!-- Dwarf Fighter -->
		<classId>56</classId> <!-- Artisan -->
		<classId>57</classId> <!-- Warsmith -->
	</npc>
	<npc id="30900"> <!-- Marcus -->
		<classId>0</classId> <!-- Human Fighter -->
		<classId>1</classId> <!-- Warrior -->
		<classId>2</classId> <!-- Gladiator -->
		<classId>3</classId> <!-- Warlord -->
		<classId>4</classId> <!-- Human Knight -->
		<classId>5</classId> <!-- Paladin -->
		<classId>6</classId> <!-- Dark Avenger -->
		<classId>7</classId> <!-- Rogue -->
		<classId>8</classId> <!-- Treasure Hunter -->
		<classId>9</classId> <!-- Hawkeye -->
	</npc>
	<npc id="30901"> <!-- Arti -->
		<classId>0</classId> <!-- Human Fighter -->
		<classId>1</classId> <!-- Warrior -->
		<classId>2</classId> <!-- Gladiator -->
		<classId>3</classId> <!-- Warlord -->
		<classId>4</classId> <!-- Human Knight -->
		<classId>5</classId> <!-- Paladin -->
		<classId>6</classId> <!-- Dark Avenger -->
		<classId>7</classId> <!-- Rogue -->
		<classId>8</classId> <!-- Treasure Hunter -->
		<classId>9</classId> <!-- Hawkeye -->
	</npc>
	<npc id="30902"> <!-- Karuna -->
		<classId>0</classId> <!-- Human Fighter -->
		<classId>1</classId> <!-- Warrior -->
		<classId>2</classId> <!-- Gladiator -->
		<classId>3</classId> <!-- Warlord -->
		<classId>4</classId> <!-- Human Knight -->
		<classId>5</classId> <!-- Paladin -->
		<classId>6</classId> <!-- Dark Avenger -->
		<classId>7</classId> <!-- Rogue -->
		<classId>8</classId> <!-- Treasure Hunter -->
		<classId>9</classId> <!-- Hawkeye -->
	</npc>
	<npc id="30903"> <!-- Traus -->
		<classId>18</classId> <!-- Elven Fighter -->
		<classId>19</classId> <!-- Elven Knight -->
		<classId>20</classId> <!-- Temple Knight -->
		<classId>21</classId> <!-- Sword Singer -->
		<classId>22</classId> <!-- Elven Scout -->
		<classId>23</classId> <!-- Plains Walker -->
		<classId>24</classId> <!-- Silver Ranger -->
	</npc>
	<npc id="30904"> <!-- Naiel -->
		<classId>18</classId> <!-- Elven Fighter -->
		<classId>19</classId> <!-- Elven Knight -->
		<classId>20</classId> <!-- Temple Knight -->
		<classId>21</classId> <!-- Sword Singer -->
		<classId>22</classId> <!-- Elven Scout -->
		<classId>23</classId> <!-- Plains Walker -->
		<classId>24</classId> <!-- Silver Ranger -->
	</npc>
	<npc id="30906"> <!-- Ranton -->
		<classId>10</classId> <!-- Human Mystic -->
		<classId>15</classId> <!-- Cleric -->
		<classId>16</classId> <!-- Bishop -->
		<classId>17</classId> <!-- Prophet -->
	</npc>
	<npc id="30907"> <!-- Minevia -->
		<classId>10</classId> <!-- Human Mystic -->
		<classId>11</classId> <!-- Human Wizard -->
		<classId>12</classId> <!-- Sorcerer -->
		<classId>13</classId> <!-- Necromancer -->
		<classId>14</classId> <!-- Warlock -->
	</npc>
	<npc id="30908"> <!-- Tanios -->
		<classId>25</classId> <!-- Elven Mystic -->
		<classId>29</classId> <!-- Elven Oracle -->
		<classId>30</classId> <!-- Elven Elder -->
	</npc>
	<npc id="30909"> <!-- Anabel -->
		<classId>25</classId> <!-- Elven Mystic -->
		<classId>26</classId> <!-- Elven Wizard -->
		<classId>27</classId> <!-- Spellsinger -->
		<classId>28</classId> <!-- Elemental Summoner -->
	</npc>
	<npc id="30911"> <!-- Brikus -->
		<classId>31</classId> <!-- Dark Fighter -->
		<classId>32</classId> <!-- Palus Knight -->
		<classId>33</classId> <!-- Shillien Knight -->
		<classId>34</classId> <!-- Bladedancer -->
		<classId>35</classId> <!-- Assassin -->
		<classId>36</classId> <!-- Abyss Walker -->
		<classId>37</classId> <!-- Phantom Ranger -->
	</npc>
	<npc id="30912"> <!-- Xenovia -->
		<classId>38</classId> <!-- Dark Mystic -->
		<classId>39</classId> <!-- Dark Wizard -->
		<classId>40</classId> <!-- Spellhowler -->
		<classId>41</classId> <!-- Phantom Summoner -->
		<classId>42</classId> <!-- Shillien Oracle -->
		<classId>43</classId> <!-- Shillien Elder -->
	</npc>
	<npc id="30914"> <!-- Sorbo -->
		<classId>44</classId> <!-- Orc Fighter -->
		<classId>45</classId> <!-- Orc Raider -->
		<classId>46</classId> <!-- Destroyer -->
		<classId>47</classId> <!-- Monk -->
		<classId>48</classId> <!-- Tyrant -->
	</npc>
	<npc id="30915"> <!-- Takina -->
		<classId>49</classId> <!-- Orc Mystic -->
		<classId>50</classId> <!-- Orc Shaman -->
		<classId>51</classId> <!-- Overlord -->
		<classId>52</classId> <!-- Warcryer -->
	</npc>
	<npc id="31270"> <!-- Stefano -->
		<classId>53</classId> <!-- Dwarf Fighter -->
		<classId>54</classId> <!-- Scavenger -->
		<classId>55</classId> <!-- Bounty Hunter -->
		<classId>56</classId> <!-- Artisan -->
		<classId>57</classId> <!-- Warsmith -->
		<classId>117</classId> <!-- Fortune Seeker -->
		<classId>118</classId> <!-- Maestro -->
	</npc>
	<npc id="31268"> <!-- Hakon -->
		<classId>53</classId> <!-- Dwarf Fighter -->
		<classId>54</classId> <!-- Scavenger -->
		<classId>55</classId> <!-- Bounty Hunter -->
		<classId>56</classId> <!-- Artisan -->
		<classId>57</classId> <!-- Warsmith -->
		<classId>117</classId> <!-- Fortune Seeker -->
		<classId>118</classId> <!-- Maestro -->
	</npc>
	<npc id="31267"> <!-- Lietta -->
		<classId>53</classId> <!-- Dwarf Fighter -->
		<classId>54</classId> <!-- Scavenger -->
		<classId>55</classId> <!-- Bounty Hunter -->
		<classId>56</classId> <!-- Artisan -->
		<classId>57</classId> <!-- Warsmith -->
		<classId>117</classId> <!-- Fortune Seeker -->
		<classId>118</classId> <!-- Maestro -->
	</npc>
	<npc id="31583"> <!-- Feynn -->
		<classId>53</classId> <!-- Dwarf Fighter -->
		<classId>54</classId> <!-- Scavenger -->
		<classId>55</classId> <!-- Bounty Hunter -->
		<classId>56</classId> <!-- Artisan -->
		<classId>57</classId> <!-- Warsmith -->
		<classId>117</classId> <!-- Fortune Seeker -->
		<classId>118</classId> <!-- Maestro -->
	</npc>
	<npc id="31290"> <!-- Skahi -->
		<classId>49</classId> <!-- Orc Mystic -->
		<classId>50</classId> <!-- Orc Shaman -->
		<classId>51</classId> <!-- Overlord -->
		<classId>52</classId> <!-- Warcryer -->
		<classId>115</classId> <!-- Dominator -->
		<classId>116</classId> <!-- Doom Cryer -->
	</npc>
	<npc id="31289"> <!-- Lakan -->
		<classId>44</classId> <!-- Orc Fighter -->
		<classId>45</classId> <!-- Orc Raider -->
		<classId>46</classId> <!-- Destroyer -->
		<classId>47</classId> <!-- Monk -->
		<classId>48</classId> <!-- Tyrant -->
		<classId>113</classId> <!-- Titan -->
		<classId>114</classId> <!-- Grand Khavatari -->
	</npc>
	<npc id="31287"> <!-- Kamilen -->
		<classId>38</classId> <!-- Dark Mystic -->
		<classId>39</classId> <!-- Dark Wizard -->
		<classId>40</classId> <!-- Spellhowler -->
		<classId>41</classId> <!-- Phantom Summoner -->
		<classId>42</classId> <!-- Shillien Oracle -->
		<classId>43</classId> <!-- Shillien Elder -->
		<classId>110</classId> <!-- Storm Screamer -->
		<classId>111</classId> <!-- Spectral Master -->
		<classId>112</classId> <!-- Shillien Saint -->
	</npc>
	<npc id="31286"> <!-- Drakon -->
		<classId>31</classId> <!-- Dark Fighter -->
		<classId>32</classId> <!-- Palus Knight -->
		<classId>33</classId> <!-- Shillien Knight -->
		<classId>34</classId> <!-- Bladedancer -->
		<classId>35</classId> <!-- Assassin -->
		<classId>36</classId> <!-- Abyss Walker -->
		<classId>37</classId> <!-- Phantom Ranger -->
		<classId>106</classId> <!-- Shillien Templar -->
		<classId>107</classId> <!-- Spectral Dancer -->
		<classId>108</classId> <!-- Ghost Hunter -->
		<classId>109</classId> <!-- Ghost Sentinel -->
	</npc>
	<npc id="31283"> <!-- Alminas -->
		<classId>25</classId> <!-- Elven Mystic -->
		<classId>26</classId> <!-- Elven Wizard -->
		<classId>27</classId> <!-- Spellsinger -->
		<classId>28</classId> <!-- Elemental Summoner -->
		<classId>29</classId> <!-- Elven Oracle -->
		<classId>30</classId> <!-- Elven Elder -->
		<classId>103</classId> <!-- Mystic Muse -->
		<classId>104</classId> <!-- Elemental Master -->
		<classId>105</classId> <!-- Eva's Saint -->
	</npc>
	<npc id="31282"> <!-- Justin -->
		<classId>10</classId> <!-- Human Mystic -->
		<classId>11</classId> <!-- Human Wizard -->
		<classId>12</classId> <!-- Sorcerer -->
		<classId>13</classId> <!-- Necromancer -->
		<classId>14</classId> <!-- Warlock -->
		<classId>15</classId> <!-- Cleric -->
		<classId>16</classId> <!-- Bishop -->
		<classId>17</classId> <!-- Prophet -->
		<classId>94</classId> <!-- Archmage -->
		<classId>95</classId> <!-- Soultaker -->
		<classId>96</classId> <!-- Arcana Lord -->
		<classId>97</classId> <!-- Cardinal -->
		<classId>98</classId> <!-- Hierophant -->
	</npc>
	<npc id="31281"> <!-- Cerenas -->
		<classId>25</classId> <!-- Elven Mystic -->
		<classId>26</classId> <!-- Elven Wizard -->
		<classId>27</classId> <!-- Spellsinger -->
		<classId>28</classId> <!-- Elemental Summoner -->
		<classId>29</classId> <!-- Elven Oracle -->
		<classId>30</classId> <!-- Elven Elder -->
		<classId>103</classId> <!-- Mystic Muse -->
		<classId>104</classId> <!-- Elemental Master -->
		<classId>105</classId> <!-- Eva's Saint -->
		<classId>10</classId> <!-- Human Mystic -->
		<classId>11</classId> <!-- Human Wizard -->
		<classId>12</classId> <!-- Sorcerer -->
		<classId>13</classId> <!-- Necromancer -->
		<classId>14</classId> <!-- Warlock -->
		<classId>15</classId> <!-- Cleric -->
		<classId>16</classId> <!-- Bishop -->
		<classId>17</classId> <!-- Prophet -->
		<classId>94</classId> <!-- Archmage -->
		<classId>95</classId> <!-- Soultaker -->
		<classId>96</classId> <!-- Arcana Lord -->
		<classId>97</classId> <!-- Cardinal -->
		<classId>98</classId> <!-- Hierophant -->
	</npc>
	<npc id="31280"> <!-- Bastian -->
		<classId>25</classId> <!-- Elven Mystic -->
		<classId>26</classId> <!-- Elven Wizard -->
		<classId>27</classId> <!-- Spellsinger -->
		<classId>28</classId> <!-- Elemental Summoner -->
		<classId>29</classId> <!-- Elven Oracle -->
		<classId>30</classId> <!-- Elven Elder -->
		<classId>103</classId> <!-- Mystic Muse -->
		<classId>104</classId> <!-- Elemental Master -->
		<classId>105</classId> <!-- Eva's Saint -->
		<classId>10</classId> <!-- Human Mystic -->
		<classId>11</classId> <!-- Human Wizard -->
		<classId>12</classId> <!-- Sorcerer -->
		<classId>13</classId> <!-- Necromancer -->
		<classId>14</classId> <!-- Warlock -->
		<classId>15</classId> <!-- Cleric -->
		<classId>16</classId> <!-- Bishop -->
		<classId>17</classId> <!-- Prophet -->
		<classId>94</classId> <!-- Archmage -->
		<classId>95</classId> <!-- Soultaker -->
		<classId>96</classId> <!-- Arcana Lord -->
		<classId>97</classId> <!-- Cardinal -->
		<classId>98</classId> <!-- Hierophant -->
	</npc>
	<npc id="31278"> <!-- Bronwyn -->
		<classId>18</classId> <!-- Elven Fighter -->
		<classId>19</classId> <!-- Elven Knight -->
		<classId>20</classId> <!-- Temple Knight -->
		<classId>21</classId> <!-- Sword Singer -->
		<classId>22</classId> <!-- Elven Scout -->
		<classId>23</classId> <!-- Plains Walker -->
		<classId>24</classId> <!-- Silver Ranger -->
		<classId>99</classId> <!-- Eva's Templar -->
		<classId>100</classId> <!-- Sword Muse -->
		<classId>101</classId> <!-- Wind Rider -->
		<classId>102</classId> <!-- Moonlight Sentinel -->
	</npc>
	<npc id="31277"> <!-- Felix -->
		<classId>0</classId> <!-- Human Fighter -->
		<classId>1</classId> <!-- Warrior -->
		<classId>2</classId> <!-- Gladiator -->
		<classId>3</classId> <!-- Warlord -->
		<classId>4</classId> <!-- Human Knight -->
		<classId>5</classId> <!-- Paladin -->
		<classId>6</classId> <!-- Dark Avenger -->
		<classId>7</classId> <!-- Rogue -->
		<classId>8</classId> <!-- Treasure Hunter -->
		<classId>9</classId> <!-- Hawkeye -->
		<classId>88</classId> <!-- Duelist -->
		<classId>89</classId> <!-- Dreadnought -->
		<classId>90</classId> <!-- Phoenix Knight -->
		<classId>91</classId> <!-- Hell Knight -->
		<classId>92</classId> <!-- Sagittarius -->
		<classId>93</classId> <!-- Adventurer -->
	</npc>
	<npc id="31271"> <!-- Hilda -->
		<classId>53</classId> <!-- Dwarf Fighter -->
		<classId>54</classId> <!-- Scavenger -->
		<classId>55</classId> <!-- Bounty Hunter -->
		<classId>56</classId> <!-- Artisan -->
		<classId>57</classId> <!-- Warsmith -->
		<classId>117</classId> <!-- Fortune Seeker -->
		<classId>118</classId> <!-- Maestro -->
	</npc>
	<npc id="31315"> <!-- Daisy -->
		<classId>53</classId> <!-- Dwarf Fighter -->
		<classId>54</classId> <!-- Scavenger -->
		<classId>55</classId> <!-- Bounty Hunter -->
		<classId>56</classId> <!-- Artisan -->
		<classId>57</classId> <!-- Warsmith -->
		<classId>117</classId> <!-- Fortune Seeker -->
		<classId>118</classId> <!-- Maestro -->
	</npc>
	<npc id="31313"> <!-- Lunin -->
		<classId>53</classId> <!-- Dwarf Fighter -->
		<classId>54</classId> <!-- Scavenger -->
		<classId>55</classId> <!-- Bounty Hunter -->
		<classId>56</classId> <!-- Artisan -->
		<classId>57</classId> <!-- Warsmith -->
		<classId>117</classId> <!-- Fortune Seeker -->
		<classId>118</classId> <!-- Maestro -->
	</npc>
	<npc id="31312"> <!-- Durin -->
		<classId>53</classId> <!-- Dwarf Fighter -->
		<classId>54</classId> <!-- Scavenger -->
		<classId>55</classId> <!-- Bounty Hunter -->
		<classId>56</classId> <!-- Artisan -->
		<classId>57</classId> <!-- Warsmith -->
		<classId>117</classId> <!-- Fortune Seeker -->
		<classId>118</classId> <!-- Maestro -->
	</npc>
	<npc id="31311"> <!-- Hugin -->
		<classId>53</classId> <!-- Dwarf Fighter -->
		<classId>54</classId> <!-- Scavenger -->
		<classId>55</classId> <!-- Bounty Hunter -->
		<classId>56</classId> <!-- Artisan -->
		<classId>57</classId> <!-- Warsmith -->
		<classId>117</classId> <!-- Fortune Seeker -->
		<classId>118</classId> <!-- Maestro -->
	</npc>
	<npc id="31582"> <!-- Mordred -->
		<classId>31</classId> <!-- Dark Fighter -->
		<classId>32</classId> <!-- Palus Knight -->
		<classId>33</classId> <!-- Shillien Knight -->
		<classId>34</classId> <!-- Bladedancer -->
		<classId>35</classId> <!-- Assassin -->
		<classId>36</classId> <!-- Abyss Walker -->
		<classId>37</classId> <!-- Phantom Ranger -->
		<classId>106</classId> <!-- Shillien Templar -->
		<classId>107</classId> <!-- Spectral Dancer -->
		<classId>108</classId> <!-- Ghost Hunter -->
		<classId>109</classId> <!-- Ghost Sentinel -->
	</npc>
	<npc id="31581"> <!-- Anastia -->
		<classId>38</classId> <!-- Dark Mystic -->
		<classId>39</classId> <!-- Dark Wizard -->
		<classId>40</classId> <!-- Spellhowler -->
		<classId>41</classId> <!-- Phantom Summoner -->
		<classId>42</classId> <!-- Shillien Oracle -->
		<classId>43</classId> <!-- Shillien Elder -->
		<classId>110</classId> <!-- Storm Screamer -->
		<classId>111</classId> <!-- Spectral Master -->
		<classId>112</classId> <!-- Shillien Saint -->
	</npc>
	<npc id="31580"> <!-- Galadrid -->
		<classId>31</classId> <!-- Dark Fighter -->
		<classId>32</classId> <!-- Palus Knight -->
		<classId>33</classId> <!-- Shillien Knight -->
		<classId>34</classId> <!-- Bladedancer -->
		<classId>35</classId> <!-- Assassin -->
		<classId>36</classId> <!-- Abyss Walker -->
		<classId>37</classId> <!-- Phantom Ranger -->
		<classId>106</classId> <!-- Shillien Templar -->
		<classId>107</classId> <!-- Spectral Dancer -->
		<classId>108</classId> <!-- Ghost Hunter -->
		<classId>109</classId> <!-- Ghost Sentinel -->
	</npc>
	<npc id="31337"> <!-- Mekara -->
		<classId>49</classId> <!-- Orc Mystic -->
		<classId>50</classId> <!-- Orc Shaman -->
		<classId>51</classId> <!-- Overlord -->
		<classId>52</classId> <!-- Warcryer -->
		<classId>115</classId> <!-- Dominator -->
		<classId>116</classId> <!-- Doom Cryer -->
	</npc>
	<npc id="31335"> <!-- Kayan -->
		<classId>38</classId> <!-- Dark Mystic -->
		<classId>39</classId> <!-- Dark Wizard -->
		<classId>40</classId> <!-- Spellhowler -->
		<classId>41</classId> <!-- Phantom Summoner -->
		<classId>42</classId> <!-- Shillien Oracle -->
		<classId>43</classId> <!-- Shillien Elder -->
		<classId>110</classId> <!-- Storm Screamer -->
		<classId>111</classId> <!-- Spectral Master -->
		<classId>112</classId> <!-- Shillien Saint -->
	</npc>
	<npc id="31333"> <!-- Rumiel -->
		<classId>25</classId> <!-- Elven Mystic -->
		<classId>26</classId> <!-- Elven Wizard -->
		<classId>27</classId> <!-- Spellsinger -->
		<classId>28</classId> <!-- Elemental Summoner -->
		<classId>29</classId> <!-- Elven Oracle -->
		<classId>30</classId> <!-- Elven Elder -->
		<classId>103</classId> <!-- Mystic Muse -->
		<classId>104</classId> <!-- Elemental Master -->
		<classId>105</classId> <!-- Eva's Saint -->
	</npc>
	<npc id="31332"> <!-- Amelia -->
		<classId>10</classId> <!-- Human Mystic -->
		<classId>11</classId> <!-- Human Wizard -->
		<classId>12</classId> <!-- Sorcerer -->
		<classId>13</classId> <!-- Necromancer -->
		<classId>14</classId> <!-- Warlock -->
		<classId>15</classId> <!-- Cleric -->
		<classId>16</classId> <!-- Bishop -->
		<classId>17</classId> <!-- Prophet -->
		<classId>94</classId> <!-- Archmage -->
		<classId>95</classId> <!-- Soultaker -->
		<classId>96</classId> <!-- Arcana Lord -->
		<classId>97</classId> <!-- Cardinal -->
		<classId>98</classId> <!-- Hierophant -->
	</npc>
	<npc id="31330"> <!-- Wagner -->
		<classId>25</classId> <!-- Elven Mystic -->
		<classId>26</classId> <!-- Elven Wizard -->
		<classId>27</classId> <!-- Spellsinger -->
		<classId>28</classId> <!-- Elemental Summoner -->
		<classId>29</classId> <!-- Elven Oracle -->
		<classId>30</classId> <!-- Elven Elder -->
		<classId>103</classId> <!-- Mystic Muse -->
		<classId>104</classId> <!-- Elemental Master -->
		<classId>105</classId> <!-- Eva's Saint -->
	</npc>
	<npc id="31329"> <!-- Eliyah -->
		<classId>10</classId> <!-- Human Mystic -->
		<classId>11</classId> <!-- Human Wizard -->
		<classId>12</classId> <!-- Sorcerer -->
		<classId>13</classId> <!-- Necromancer -->
		<classId>14</classId> <!-- Warlock -->
		<classId>15</classId> <!-- Cleric -->
		<classId>16</classId> <!-- Bishop -->
		<classId>17</classId> <!-- Prophet -->
		<classId>94</classId> <!-- Archmage -->
		<classId>95</classId> <!-- Soultaker -->
		<classId>96</classId> <!-- Arcana Lord -->
		<classId>97</classId> <!-- Cardinal -->
		<classId>98</classId> <!-- Hierophant -->
	</npc>
	<npc id="31327"> <!-- Tazki -->
		<classId>44</classId> <!-- Orc Fighter -->
		<classId>45</classId> <!-- Orc Raider -->
		<classId>46</classId> <!-- Destroyer -->
		<classId>47</classId> <!-- Monk -->
		<classId>48</classId> <!-- Tyrant -->
		<classId>113</classId> <!-- Titan -->
		<classId>114</classId> <!-- Grand Khavatari -->
	</npc>
	<npc id="31325"> <!-- Themis -->
		<classId>31</classId> <!-- Dark Fighter -->
		<classId>32</classId> <!-- Palus Knight -->
		<classId>33</classId> <!-- Shillien Knight -->
		<classId>34</classId> <!-- Bladedancer -->
		<classId>35</classId> <!-- Assassin -->
		<classId>36</classId> <!-- Abyss Walker -->
		<classId>37</classId> <!-- Phantom Ranger -->
		<classId>106</classId> <!-- Shillien Templar -->
		<classId>107</classId> <!-- Spectral Dancer -->
		<classId>108</classId> <!-- Ghost Hunter -->
		<classId>109</classId> <!-- Ghost Sentinel -->
	</npc>
	<npc id="31323"> <!-- Beryl -->
		<classId>18</classId> <!-- Elven Fighter -->
		<classId>19</classId> <!-- Elven Knight -->
		<classId>20</classId> <!-- Temple Knight -->
		<classId>21</classId> <!-- Sword Singer -->
		<classId>22</classId> <!-- Elven Scout -->
		<classId>23</classId> <!-- Plains Walker -->
		<classId>24</classId> <!-- Silver Ranger -->
		<classId>99</classId> <!-- Eva's Templar -->
		<classId>100</classId> <!-- Sword Muse -->
		<classId>101</classId> <!-- Wind Rider -->
		<classId>102</classId> <!-- Moonlight Sentinel -->
	</npc>
	<npc id="31322"> <!-- Erian -->
		<classId>0</classId> <!-- Human Fighter -->
		<classId>1</classId> <!-- Warrior -->
		<classId>2</classId> <!-- Gladiator -->
		<classId>3</classId> <!-- Warlord -->
		<classId>4</classId> <!-- Human Knight -->
		<classId>5</classId> <!-- Paladin -->
		<classId>6</classId> <!-- Dark Avenger -->
		<classId>7</classId> <!-- Rogue -->
		<classId>8</classId> <!-- Treasure Hunter -->
		<classId>9</classId> <!-- Hawkeye -->
		<classId>88</classId> <!-- Duelist -->
		<classId>89</classId> <!-- Dreadnought -->
		<classId>90</classId> <!-- Phoenix Knight -->
		<classId>91</classId> <!-- Hell Knight -->
		<classId>92</classId> <!-- Sagittarius -->
		<classId>93</classId> <!-- Adventurer -->
	</npc>
	<npc id="31316"> <!-- Vincenz -->
		<classId>53</classId> <!-- Dwarf Fighter -->
		<classId>54</classId> <!-- Scavenger -->
		<classId>55</classId> <!-- Bounty Hunter -->
		<classId>56</classId> <!-- Artisan -->
		<classId>57</classId> <!-- Warsmith -->
		<classId>117</classId> <!-- Fortune Seeker -->
		<classId>118</classId> <!-- Maestro -->
	</npc>
	<npc id="31956"> <!-- Rydel -->
		<classId>53</classId> <!-- Dwarf Fighter -->
		<classId>54</classId> <!-- Scavenger -->
		<classId>55</classId> <!-- Bounty Hunter -->
		<classId>117</classId> <!-- Fortune Seeker -->
	</npc>
	<npc id="31957"> <!-- Cherbal -->
		<classId>53</classId> <!-- Dwarf Fighter -->
		<classId>54</classId> <!-- Scavenger -->
		<classId>55</classId> <!-- Bounty Hunter -->
		<classId>117</classId> <!-- Fortune Seeker -->
	</npc>
	<npc id="31959"> <!-- Axel -->
		<classId>53</classId> <!-- Dwarf Fighter -->
		<classId>54</classId> <!-- Scavenger -->
		<classId>55</classId> <!-- Bounty Hunter -->
		<classId>117</classId> <!-- Fortune Seeker -->
	</npc>
	<npc id="31960"> <!-- Buryun -->
		<classId>53</classId> <!-- Dwarf Fighter -->
		<classId>56</classId> <!-- Artisan -->
		<classId>57</classId> <!-- Warsmith -->
		<classId>118</classId> <!-- Maestro -->
	</npc>
	<npc id="31966"> <!-- Karamon -->
		<classId>0</classId> <!-- Human Fighter -->
		<classId>1</classId> <!-- Warrior -->
		<classId>2</classId> <!-- Gladiator -->
		<classId>3</classId> <!-- Warlord -->
		<classId>4</classId> <!-- Human Knight -->
		<classId>5</classId> <!-- Paladin -->
		<classId>6</classId> <!-- Dark Avenger -->
		<classId>7</classId> <!-- Rogue -->
		<classId>8</classId> <!-- Treasure Hunter -->
		<classId>9</classId> <!-- Hawkeye -->
		<classId>89</classId> <!-- Dreadnought -->
		<classId>90</classId> <!-- Phoenix Knight -->
		<classId>91</classId> <!-- Hell Knight -->
		<classId>92</classId> <!-- Sagittarius -->
		<classId>93</classId> <!-- Adventurer -->
	</npc>
	<npc id="31967"> <!-- Euline -->
		<classId>18</classId> <!-- Elven Fighter -->
		<classId>19</classId> <!-- Elven Knight -->
		<classId>20</classId> <!-- Temple Knight -->
		<classId>21</classId> <!-- Sword Singer -->
		<classId>22</classId> <!-- Elven Scout -->
		<classId>23</classId> <!-- Plains Walker -->
		<classId>24</classId> <!-- Silver Ranger -->
		<classId>99</classId> <!-- Eva's Templar -->
		<classId>100</classId> <!-- Sword Muse -->
		<classId>101</classId> <!-- Wind Rider -->
		<classId>102</classId> <!-- Moonlight Sentinel -->
	</npc>
	<npc id="31969"> <!-- Evelyn -->
		<classId>10</classId> <!-- Human Mystic -->
		<classId>11</classId> <!-- Human Wizard -->
		<classId>12</classId> <!-- Sorcerer -->
		<classId>13</classId> <!-- Necromancer -->
		<classId>14</classId> <!-- Warlock -->
		<classId>15</classId> <!-- Cleric -->
		<classId>16</classId> <!-- Bishop -->
		<classId>17</classId> <!-- Prophet -->
		<classId>94</classId> <!-- Archmage -->
		<classId>95</classId> <!-- Soultaker -->
		<classId>96</classId> <!-- Arcana Lord -->
		<classId>97</classId> <!-- Cardinal -->
		<classId>98</classId> <!-- Hierophant -->
	</npc>
	<npc id="31970"> <!-- Sinis -->
		<classId>25</classId> <!-- Elven Mystic -->
		<classId>26</classId> <!-- Elven Wizard -->
		<classId>27</classId> <!-- Spellsinger -->
		<classId>28</classId> <!-- Elemental Summoner -->
		<classId>29</classId> <!-- Elven Oracle -->
		<classId>30</classId> <!-- Elven Elder -->
	</npc>
	<npc id="31971"> <!-- Otillo -->
		<classId>25</classId> <!-- Elven Mystic -->
		<classId>26</classId> <!-- Elven Wizard -->
		<classId>27</classId> <!-- Spellsinger -->
		<classId>28</classId> <!-- Elemental Summoner -->
		<classId>29</classId> <!-- Elven Oracle -->
		<classId>103</classId> <!-- Mystic Muse -->
		<classId>104</classId> <!-- Elemental Master -->
		<classId>105</classId> <!-- Eva's Saint -->
	</npc>
	<npc id="31972"> <!-- Atraxia -->
		<classId>25</classId> <!-- Elven Mystic -->
		<classId>26</classId> <!-- Elven Wizard -->
		<classId>27</classId> <!-- Spellsinger -->
		<classId>28</classId> <!-- Elemental Summoner -->
		<classId>29</classId> <!-- Elven Oracle -->
		<classId>30</classId> <!-- Elven Elder -->
		<classId>103</classId> <!-- Mystic Muse -->
		<classId>104</classId> <!-- Elemental Master -->
		<classId>105</classId> <!-- Eva's Saint -->
	</npc>
	<npc id="31975"> <!-- Aerina -->
		<classId>31</classId> <!-- Dark Fighter -->
		<classId>32</classId> <!-- Palus Knight -->
		<classId>33</classId> <!-- Shillien Knight -->
		<classId>34</classId> <!-- Bladedancer -->
		<classId>35</classId> <!-- Assassin -->
		<classId>36</classId> <!-- Abyss Walker -->
		<classId>37</classId> <!-- Phantom Ranger -->
		<classId>106</classId> <!-- Shillien Templar -->
		<classId>107</classId> <!-- Spectral Dancer -->
		<classId>108</classId> <!-- Ghost Hunter -->
		<classId>109</classId> <!-- Ghost Sentinel -->
	</npc>
	<npc id="31976"> <!-- Talia -->
		<classId>38</classId> <!-- Dark Mystic -->
		<classId>39</classId> <!-- Dark Wizard -->
		<classId>40</classId> <!-- Spellhowler -->
		<classId>41</classId> <!-- Phantom Summoner -->
		<classId>42</classId> <!-- Shillien Oracle -->
		<classId>43</classId> <!-- Shillien Elder -->
		<classId>110</classId> <!-- Storm Screamer -->
		<classId>111</classId> <!-- Spectral Master -->
		<classId>112</classId> <!-- Shillien Saint -->
	</npc>
	<npc id="31978"> <!-- Tazeer -->
		<classId>44</classId> <!-- Orc Fighter -->
		<classId>45</classId> <!-- Orc Raider -->
		<classId>46</classId> <!-- Destroyer -->
		<classId>47</classId> <!-- Monk -->
		<classId>48</classId> <!-- Tyrant -->
		<classId>113</classId> <!-- Titan -->
		<classId>114</classId> <!-- Grand Khavatari -->
	</npc>
	<npc id="31979"> <!-- Moira -->
		<classId>49</classId> <!-- Orc Mystic -->
		<classId>50</classId> <!-- Orc Shaman -->
		<classId>51</classId> <!-- Overlord -->
		<classId>52</classId> <!-- Warcryer -->
		<classId>115</classId> <!-- Dominator -->
		<classId>116</classId> <!-- Doom Cryer -->
	</npc>
	<npc id="31990"> <!-- Siger -->
		<classId>53</classId> <!-- Dwarf Fighter -->
		<classId>56</classId> <!-- Artisan -->
		<classId>118</classId> <!-- Maestro -->
	</npc>
	<npc id="32098"> <!-- Celes -->
		<classId>10</classId> <!-- Human Mystic -->
		<classId>11</classId> <!-- Human Wizard -->
		<classId>12</classId> <!-- Sorcerer -->
		<classId>13</classId> <!-- Necromancer -->
		<classId>14</classId> <!-- Warlock -->
		<classId>15</classId> <!-- Cleric -->
		<classId>16</classId> <!-- Bishop -->
		<classId>17</classId> <!-- Prophet -->
		<classId>94</classId> <!-- Archmage -->
		<classId>95</classId> <!-- Soultaker -->
		<classId>96</classId> <!-- Arcana Lord -->
		<classId>97</classId> <!-- Cardinal -->
	</npc>
</list>