<?xml version="1.0" encoding="UTF-8"?>
<list xmlns:xsi="http://www.w3.org/2001/XMLSchema-instance" xsi:noNamespaceSchemaLocation="xsd/StaticObjects.xsd">
	<!-- Town Maps -->
	<object id="17250001" name="town_map_talking_1" type="0" x="-82873" y="244808" z="-3717" texture="town_map_talking_t00" map_x="365" map_y="152" />
	<object id="17250002" name="town_map_talking_2" type="0" x="-82765" y="241438" z="-3718" texture="town_map_talking_t00" map_x="164" map_y="154" />
	<object id="17250003" name="town_map_talking_3" type="0" x="-86121" y="241452" z="-3719" texture="town_map_talking_t00" map_x="146" map_y="358" />
	<object id="18140001" name="town_map_orc_1" type="0" x="-45824" y="-116763" z="-219" texture="town_map_orc_t00" map_x="265" map_y="120" />
	<object id="18140002" name="town_map_orc_2" type="0" x="-46504" y="-110394" z="-220" texture="town_map_orc_t00" map_x="138" map_y="413" />
	<object id="18140003" name="town_map_orc_3" type="0" x="-47332" y="-113245" z="-220" texture="town_map_orc_t00" map_x="141" map_y="235" />
	<object id="20180001" name="town_map_darkelf_1" type="0" x="15258" y="15630" z="-4366" texture="town_map_darkelf_t00" map_x="339" map_y="170" />
	<object id="20180002" name="town_map_darkelf_2" type="0" x="7556" y="18054" z="-4366" texture="town_map_darkelf_t00" map_x="54" map_y="315" />
	<object id="21190001" name="town_map_elf_1" type="0" x="47615" y="51349" z="-2967" texture="town_map_elf_t00" map_x="430" map_y="315" />
	<object id="21190002" name="town_map_elf_2" type="0" x="45914" y="46695" z="-2968" texture="town_map_elf_t00" map_x="248" map_y="106" />
	<object id="21190003" name="town_map_elf_3" type="0" x="43175" y="51424" z="-2967" texture="town_map_elf_t00" map_x="110" map_y="345" />
	<object id="23120001" name="town_map_dwarf_1" type="0" x="115462" y="-177294" z="-880" texture="town_map_dwarf_t00" map_x="165" map_y="386" />
	<object id="23120002" name="town_map_dwarf_2" type="0" x="117449" y="-182298" z="-1488" texture="town_map_dwarf_t00" map_x="368" map_y="161" />
	<object id="23120003" name="town_map_dwarf_3" type="0" x="116657" y="-183997" z="-1550" texture="town_map_dwarf_t00" map_x="319" map_y="110" />
	<!-- Chairs and Thrones -->
	<object id="19210010" name="gludio_castle_throne" type="1" x="-18112" y="108761" z="-2492" />
	<object id="20160010" name="rune_castle_throne" type="1" x="10087" y="-49151" z="-289" />
	<object id="20220010" name="dion_castle_throne" type="1" x="22073" y="160989" z="-2686" />
	<object id="22130016" name="schutt_castle_throne" type="1" x="77552" y="-153406" z="-400" />
	<object id="22190010" name="oren_castle_throne" type="1" x="83237" y="37192" z="-2286" />
	<object id="23220010" name="giran_castle_throne" type="1" x="117161" y="145097" z="-2559" />
	<object id="23250010" name="innadrile_castle_throne" type="1" x="116024" y="249768" z="-782" />
	<object id="24160024" name="godad_castle_throne" type="1" x="147462" y="-49342" z="-2132" />
	<object id="24180017" name="aden_castle_throne" type="1" x="147456" y="3272" z="-42" />
	<!-- Signboards -->
	<object id="17220015" name="pvp_signboard_gl_1" type="2" x="-88696" y="142315" z="-3621" />
	<object id="17220016" name="pvp_signboard_gl_2" type="2" x="-87136" y="142490" z="-3623" />
	<object id="22220001" name="giran_arena_001" type="2" x="73766" y="142489" z="-3748" />
	<object id="22220002" name="giran_arena_002" type="2" x="72200" y="143102" z="-3748" />
	<object id="20230001" name="floran_arena_001" type="2" x="12110" y="182770" z="-3538" />
	<object id="20230002" name="floran_arena_002" type="2" x="12978" y="183364" z="-3538" />
</list>