<?xml version="1.0" encoding="UTF-8"?>
<list xmlns:xsi="http://www.w3.org/2001/XMLSchema-instance" xsi:noNamespaceSchemaLocation="../../xsd/buylist.xsd">
	<item id="72" price="0" /> <!-- Stormbringer -->
	<item id="84" price="0" /> <!-- Homunkulus's Sword -->
	<item id="145" price="0" /> <!-- Sword of Whispering Death -->
	<item id="74" price="0" /> <!-- Katana -->
	<item id="133" price="0" /> <!-- Raid Sword -->
	<item id="73" price="0" /> <!-- Shamshir -->
	<item id="131" price="0" /> <!-- Spirit Sword -->
	<item id="75" price="0" /> <!-- Caliburs -->
	<item id="76" price="0" /> <!-- Sword of Delusion -->
	<item id="134" price="0" /> <!-- Sword of Nightmare -->
	<item id="77" price="0" /> <!-- Tsurugi -->
	<item id="135" price="0" /> <!-- Samurai Longsword -->
</list>
