﻿<?xml version="1.0" encoding="UTF-8"?>
<list xmlns:xsi="http://www.w3.org/2001/XMLSchema-instance" xsi:noNamespaceSchemaLocation="../../xsd/buylist.xsd">
	<item id="955" price="0" /> <!-- Scroll: Enchant Weapon (D-Grade) -->
	<item id="956" price="0" /> <!-- Scroll: Enchant Armor (D-Grade) -->
	<item id="6575" price="0" /> <!-- Blessed Scroll: Enchant Weapon (D-Grade) -->
	<item id="6576" price="0" /> <!-- Blessed Scroll: Enchant Armor (D-Grade) -->
	<item id="951" price="0" /> <!-- Scroll: Enchant Weapon (C-Grade) -->
	<item id="952" price="0" /> <!-- Scroll: Enchant Armor (C-Grade) -->
	<item id="6573" price="0" /> <!-- Blessed Scroll: Enchant Weapon (C-Grade) -->
	<item id="6574" price="0" /> <!-- Blessed Scroll: Enchant Armor (C-Grade) -->
	<item id="947" price="0" /> <!-- Scroll: Enchant Weapon (B-Grade) -->
	<item id="948" price="0" /> <!-- Scroll: Enchant Armor (B-Grade) -->
	<item id="6571" price="0" /> <!-- Blessed Scroll: Enchant Weapon (B-Grade) -->
	<item id="6572" price="0" /> <!-- Blessed Scroll: Enchant Armor (B-Grade) -->
</list>
