<?xml version="1.0" encoding="UTF-8"?>
<list baseTax="10" xmlns:xsi="http://www.w3.org/2001/XMLSchema-instance" xsi:noNamespaceSchemaLocation="../xsd/buylist.xsd">
	<npcs>
		<npc>35383</npc> <!-- Tamutak -->
	</npcs>
	<item id="6902" /> <!-- Pledge Shield -->
	<item id="1829" count="5" restock_delay="60" /> <!-- Scroll of Escape: Clan Hall -->
	<item id="5858" count="1" restock_delay="60" /> <!-- Blessed Scroll of Escape: Clan Hall -->
	<item id="5169" count="10" restock_delay="60" /> <!-- Deluxe Food for Strider -->
	<item id="7126" count="1" restock_delay="60" /> <!-- Scroll of Escape: Town of Giran -->
	<item id="7132" count="1" restock_delay="60" /> <!-- Scroll of Escape: Town of Aden -->
	<item id="7585" count="1" restock_delay="120" /> <!-- Pet Exchange Ticket: Kookaburra -->
	<item id="6926" count="1" restock_delay="60" /> <!-- Recipe: Lesser Healing Potion (100%) -->
	<item id="6929" count="1" restock_delay="60" /> <!-- Recipe: Antidote (100%) -->
	<item id="6931" count="1" restock_delay="60" /> <!-- Recipe: Bandage (100%) -->
	<item id="8364" count="1" restock_delay="60" /> <!-- Recipe: Party Hat (100%) -->
	<item id="7690" count="1" restock_delay="60" /> <!-- Recipe - Outlaw's Eyepatch (100%) -->
	<item id="6940" count="1" restock_delay="60" /> <!-- Recipe: Facelifting Potion - A (100%) -->
	<item id="6941" count="1" restock_delay="60" /> <!-- Recipe: Facelifting Potion - B (100%) -->
	<item id="6942" count="1" restock_delay="60" /> <!-- Recipe: Facelifting Potion - C (100%) -->
	<item id="6978" count="1" restock_delay="60" /> <!-- Recipe: Greater Dye of STR (Str+2 Con-2) (100%) -->
	<item id="6979" count="1" restock_delay="60" /> <!-- Recipe: Greater Dye of STR (Str+2 Dex-2) (100%) -->
	<item id="6980" count="1" restock_delay="60" /> <!-- Recipe: Greater Dye of CON (Con+2 Str-2) (100%) -->
	<item id="6981" count="1" restock_delay="60" /> <!-- Recipe: Greater Dye of CON (Con+2 Dex-2) (100%) -->
	<item id="6982" count="1" restock_delay="60" /> <!-- Recipe: Greater Dye of DEX (Dex+2 Str-2) (100%) -->
	<item id="6983" count="1" restock_delay="60" /> <!-- Recipe: Greater Dye of DEX (Dex+2 Con-2) (100%) -->
	<item id="6984" count="1" restock_delay="60" /> <!-- Recipe: Greater Dye of INT (Int+2 Men-2) (100%) -->
	<item id="6985" count="1" restock_delay="60" /> <!-- Recipe: Greater Dye of INT (Int+2 Wit-2) (100%) -->
	<item id="6986" count="1" restock_delay="60" /> <!-- Recipe: Greater Dye of MEN (Men+2 Int-2) (100%) -->
	<item id="6987" count="1" restock_delay="60" /> <!-- Recipe: Greater Dye of MEN (Men+2 Wit-2) (100%) -->
	<item id="6988" count="1" restock_delay="60" /> <!-- Recipe: Greater Dye of WIT(Wit+2 Int-2) (100%) -->
	<item id="6989" count="1" restock_delay="60" /> <!-- Recipe: Greater Dye of WIT(Wit+2 Men-2) (100%) -->
	<item id="8644" count="1" restock_delay="120" /> <!-- Recipe: Elixir of Life (A-Grade) (100%) -->
	<item id="8650" count="1" restock_delay="120" /> <!-- Recipe: Elixir of Mental Strength (A-Grade) (100%) -->
	<item id="8751" count="1" restock_delay="120" /> <!-- High-Grade Life Stone - Level 70 -->
	<item id="8752" count="1" restock_delay="240" /> <!-- High-Grade Life Stone - Level 76 -->
	<item id="8761" count="1" restock_delay="360" /> <!-- Top-Grade Life Stone - Level 70 -->
	<item id="948" count="1" restock_delay="240" /> <!-- Scroll: Enchant Armor (B-Grade) -->
	<item id="947" count="1" restock_delay="360" /> <!-- Scroll: Enchant Weapon (B-Grade) -->
	<item id="730" count="1" restock_delay="360" /> <!-- Scroll: Enchant Armor (A-Grade) -->
	<item id="9898" count="1" restock_delay="480" /> <!-- SP Scroll: Highest Grade -->
	<item id="16110" count="1" restock_delay="1440" /> <!-- Recipe - Refined Black Skeleton Circlet (10%) -->
	<item id="16111" count="1" restock_delay="1440" /> <!-- Recipe - Refined Orange Skeleton Circlet (10%) -->
	<item id="8762" count="1" restock_delay="720" /> <!-- Top-Grade Life Stone - Level 76 -->
	<item id="16122" count="10" restock_delay="60" /> <!-- Refined Black Skeleton Circlet Piece -->
	<item id="16123" count="10" restock_delay="60" /> <!-- Refined Orange Skeleton Circlet Piece -->
</list>
