<?xml version="1.0" encoding="UTF-8"?>
<list baseTax="20" xmlns:xsi="http://www.w3.org/2001/XMLSchema-instance" xsi:noNamespaceSchemaLocation="../xsd/buylist.xsd">
	<npcs>
		<npc>35102</npc> <!-- Greenspan -->
	</npcs>
	<item id="3960" /> <!-- Mercenary Posting Ticket (Sword/Stationary) -->
	<item id="3961" /> <!-- Mercenary Posting Ticket (Spear/Stationary) -->
	<item id="3962" /> <!-- Mercenary Posting Ticket (Bow/Stationary) -->
	<item id="3963" /> <!-- Mercenary Posting Ticket (Cleric/Stationary) -->
	<item id="3964" /> <!-- Mercenary Posting Ticket (Wizard/Stationary) -->
	<item id="3965" /> <!-- Mercenary Posting Ticket (Sword/Mobile) -->
	<item id="3966" /> <!-- Mercenary Posting Ticket (Spear/Mobile) -->
	<item id="3967" /> <!-- Mercenary Posting Ticket (Bow/Mobile) -->
	<item id="3968" /> <!-- Mercenary Posting Ticket (Cleric/Mobile) -->
	<item id="3969" /> <!-- Mercenary Posting Ticket (Wizard/Mobile) -->
</list>
