<?xml version="1.0" encoding="UTF-8"?>
<list baseTax="20" xmlns:xsi="http://www.w3.org/2001/XMLSchema-instance" xsi:noNamespaceSchemaLocation="../xsd/buylist.xsd">
	<npcs>
		<npc>35276</npc> <!-- Eldon -->
	</npcs>
	<item id="4022" /> <!-- Mercenary Posting Ticket (Teleporter1) -->
	<item id="4023" /> <!-- Mercenary Posting Ticket (Teleporter2) -->
	<item id="4024" /> <!-- Mercenary Posting Ticket (Teleporter3) -->
	<item id="4025" /> <!-- Mercenary Posting Ticket (Teleporter4) -->
	<item id="4026" /> <!-- Mercenary Posting Ticket (Teleporter5) -->
</list>
