<?xml version="1.0" encoding="UTF-8"?>
<list baseTax="20" xmlns:xsi="http://www.w3.org/2001/XMLSchema-instance" xsi:noNamespaceSchemaLocation="../xsd/buylist.xsd">
	<npcs>
		<npc>35318</npc> <!-- Solinus -->
	</npcs>
	<item id="5205" /> <!-- Mercenary Posting Ticket (Sword/Stationary) -->
	<item id="5206" /> <!-- Mercenary Posting Ticket (Spear/Stationary) -->
	<item id="5207" /> <!-- Mercenary Posting Ticket (Bow/Stationary) -->
	<item id="5208" /> <!-- Mercenary Posting Ticket (Cleric/Stationary) -->
	<item id="5209" /> <!-- Mercenary Posting Ticket (Wizard/Stationary) -->
	<item id="5210" /> <!-- Mercenary Posting Ticket (Sword/Mobile) -->
	<item id="5211" /> <!-- Mercenary Posting Ticket (Spear/Mobile) -->
	<item id="5212" /> <!-- Mercenary Posting Ticket (Bow/Mobile) -->
	<item id="5213" /> <!-- Mercenary Posting Ticket (Cleric/Mobile) -->
	<item id="5214" /> <!-- Mercenary Posting Ticket (Wizard/Mobile) -->
</list>
