<?xml version="1.0" encoding="UTF-8"?>
<list baseTax="20" xmlns:xsi="http://www.w3.org/2001/XMLSchema-instance" xsi:noNamespaceSchemaLocation="../xsd/buylist.xsd">
	<npcs>
		<npc>35557</npc> <!-- Kendrew -->
	</npcs>
	<item id="7951" /> <!-- Greater Recruit Posting Ticket (Sword/Stationary) -->
	<item id="7952" /> <!-- Greater Recruit Posting Ticket (Spear/Stationary) -->
	<item id="7953" /> <!-- Greater Recruit Posting Ticket (Bow/Stationary) -->
	<item id="7954" /> <!-- Greater Recruit Posting Ticket (Cleric/Stationary) -->
	<item id="7955" /> <!-- Greater Recruit Posting Ticket (Wizard/Stationary) -->
	<item id="7956" /> <!-- Greater Recruit Posting Ticket (Sword/Mobile) -->
	<item id="7957" /> <!-- Greater Recruit Posting Ticket (Spear/Mobile) -->
	<item id="7958" /> <!-- Greater Recruit Posting Ticket (Bow/Mobile) -->
	<item id="7959" /> <!-- Greater Recruit Posting Ticket (Cleric/Mobile) -->
	<item id="7960" /> <!-- Greater Recruit Posting Ticket (Wizard/Mobile) -->
	<item id="7961" /> <!-- Recruit Posting Ticket (Sword/Stationary) -->
	<item id="7962" /> <!-- Recruit Posting Ticket (Spear/Stationary) -->
	<item id="7963" /> <!-- Recruit Posting Ticket (Bow/Stationary) -->
	<item id="7964" /> <!-- Recruit Posting Ticket (Cleric/Stationary) -->
	<item id="7965" /> <!-- Recruit Posting Ticket (Wizard/Stationary) -->
	<item id="7966" /> <!-- Recruit Posting Ticket (Sword/Mobile) -->
	<item id="7967" /> <!-- Recruit Posting Ticket (Spear/Mobile) -->
	<item id="7968" /> <!-- Recruit Posting Ticket (Bow/Mobile) -->
	<item id="7969" /> <!-- Recruit Posting Ticket (Cleric/Mobile) -->
	<item id="7970" /> <!-- Recruit Posting Ticket (Wizard/Mobile) -->
</list>
