<?xml version="1.0" encoding="UTF-8"?>
<list baseTax="20" xmlns:xsi="http://www.w3.org/2001/XMLSchema-instance" xsi:noNamespaceSchemaLocation="../xsd/buylist.xsd">
	<npcs>
		<npc>35511</npc> <!-- Gompus -->
	</npcs>
	<item id="7973" /> <!-- Mercenary Posting Ticket (Sword/Stationary) -->
	<item id="7974" /> <!-- Mercenary Posting Ticket (Spear/Stationary) -->
	<item id="7975" /> <!-- Mercenary Posting Ticket (Bow/Stationary) -->
	<item id="7976" /> <!-- Mercenary Posting Ticket (Cleric/Stationary) -->
	<item id="7977" /> <!-- Mercenary Posting Ticket (Wizard/Stationary) -->
	<item id="7978" /> <!-- Mercenary Posting Ticket (Sword/Mobile) -->
	<item id="7979" /> <!-- Mercenary Posting Ticket (Spear/Mobile) -->
	<item id="7980" /> <!-- Mercenary Posting Ticket (Bow/Mobile) -->
	<item id="7981" /> <!-- Mercenary Posting Ticket (Cleric/Mobile) -->
	<item id="7982" /> <!-- Mercenary Posting Ticket (Wizard/Mobile) -->
</list>
