<?xml version="1.0" encoding="UTF-8"?>
<list baseTax="20" xmlns:xsi="http://www.w3.org/2001/XMLSchema-instance" xsi:noNamespaceSchemaLocation="../xsd/buylist.xsd">
	<npcs>
		<npc>35511</npc> <!-- Gompus -->
	</npcs>
	<item id="7998" /> <!-- Dawn Mercenary Posting Ticket (Sword/Stationary) -->
	<item id="7999" /> <!-- Dawn Mercenary Posting Ticket (Spear/Stationary) -->
	<item id="8000" /> <!-- Dawn Mercenary Posting Ticket (Bow/Stationary) -->
	<item id="8001" /> <!-- Dawn Mercenary Posting Ticket (Cleric/Stationary) -->
	<item id="8002" /> <!-- Dawn Mercenary Posting Ticket (Wizard/Stationary) -->
	<item id="8003" /> <!-- Dawn Mercenary Posting Ticket (Sword/Mobile) -->
	<item id="8004" /> <!-- Dawn Mercenary Posting Ticket (Spear/Mobile) -->
	<item id="8005" /> <!-- Dawn Mercenary Posting Ticket (Bow/Mobile) -->
	<item id="8006" /> <!-- Dawn Mercenary Posting Ticket (Cleric/Mobile) -->
	<item id="8007" /> <!-- Dawn Mercenary Posting Ticket (Wizard/Mobile) -->
</list>
