<?xml version="1.0" encoding="UTF-8"?>
<list baseTax="20" xmlns:xsi="http://www.w3.org/2001/XMLSchema-instance" xsi:noNamespaceSchemaLocation="../xsd/buylist.xsd">
	<npcs>
		<npc>35557</npc> <!-- Kendrew -->
	</npcs>
	<item id="7918" /> <!-- Mercenary Posting Ticket (Sword/Stationary) -->
	<item id="7919" /> <!-- Mercenary Posting Ticket (Spear/Stationary) -->
	<item id="7920" /> <!-- Mercenary Posting Ticket (Bow/Stationary) -->
	<item id="7921" /> <!-- Mercenary Posting Ticket (Cleric/Stationary) -->
	<item id="7922" /> <!-- Mercenary Posting Ticket (Wizard/Stationary) -->
	<item id="7923" /> <!-- Mercenary Posting Ticket (Sword/Mobile) -->
	<item id="7924" /> <!-- Mercenary Posting Ticket (Spear/Mobile) -->
	<item id="7925" /> <!-- Mercenary Posting Ticket (Bow/Mobile) -->
	<item id="7926" /> <!-- Mercenary Posting Ticket (Cleric/Mobile) -->
	<item id="7927" /> <!-- Mercenary Posting Ticket (Wizard/Mobile) -->
</list>
