<?xml version="1.0" encoding="UTF-8"?>
<list baseTax="50" xmlns:xsi="http://www.w3.org/2001/XMLSchema-instance" xsi:noNamespaceSchemaLocation="../xsd/buylist.xsd">
	<npcs>
		<npc>30078</npc> <!-- Pano -->
	</npcs>
	<item id="34994" /> <!-- Gemstone -->
	<item id="2130" /> <!-- D-grade Gemstone -->
	<item id="2131" /> <!-- C-grade Gemstone -->
	<item id="2132" /> <!-- B-grade Gemstone -->
	<item id="1835" /> <!-- Soulshot (No-grade) -->
	<item id="2509" /> <!-- Spiritshot (No-grade) -->
	<item id="3947" /> <!-- Blessed Spiritshot (No-grade) -->
	<item id="1463" /> <!-- Soulshot (D-grade) -->
	<item id="3948" /> <!-- Blessed Spiritshot (D-grade) -->
	<item id="1464" /> <!-- Soulshot (C-grade) -->
	<item id="3949" /> <!-- Blessed Spiritshot (C-grade) -->
	<item id="1465" /> <!-- Soulshot (B-grade) -->
	<item id="3950" /> <!-- Blessed Spiritshot (B-grade) -->
	<item id="1466" /> <!-- Soulshot (A-grade) -->
	<item id="3951" /> <!-- Blessed Spiritshot (A-grade) -->
	<item id="1467" /> <!-- Soulshot (S-grade) -->
	<item id="3952" /> <!-- Blessed Spiritshot (S-grade) -->
	<item id="32249" /> <!-- Infinite Wooden Quiver -->
	<item id="32250" /> <!-- Infinite Bone Quiver -->
	<item id="32251" /> <!-- Infinite Steel Quiver -->
	<item id="32252" /> <!-- Infinite Silver Quiver -->
	<item id="32253" /> <!-- Infinite Mithril Quiver -->
	<item id="32254" /> <!-- Infinite Quiver of Light -->
	<item id="32256" /> <!-- Infinite Wooden Bolt Container -->
	<item id="32257" /> <!-- Infinite Bone Bolt Container -->
	<item id="32258" /> <!-- Infinite Steel Bolt Container -->
	<item id="32259" /> <!-- Infinite Silver Bolt Container -->
	<item id="32260" /> <!-- Infinite Mithril Bolt Container -->
	<item id="32261" /> <!-- Infinite Light Bolt Container -->
	<item id="5146" /> <!-- Blessed Spiritshot Compressed Package (No-grade) -->
	<item id="5140" /> <!-- Spiritshot Compressed Package (No-grade) -->
	<item id="5134" /> <!-- Soulshot Compressed Package (No-grade) -->
	<item id="5262" /> <!-- Greater Blessed Spiritshot Compressed Package (No-grade) -->
	<item id="5256" /> <!-- Greater Spiritshot Compressed Package (No-grade) -->
	<item id="5250" /> <!-- Greater Soulshot Compressed Package (No-grade) -->
	<item id="5192" /> <!-- Magic Rope (D-grade) -->
	<item id="5193" /> <!-- Magic Rope (C-grade) -->
	<item id="5194" /> <!-- Magic Rope (B-grade) -->
	<item id="5195" /> <!-- Magic Rope (A-grade) -->
	<item id="5196" /> <!-- Magic Rope (S-grade) -->
	<item id="34837" /> <!-- Magic Rope (R-grade) -->
	<item id="1060" /> <!-- Healing Potion; TODO: Swap on HP Replenishing Potion -->
	<item id="1061" /> <!-- Major Healing Potion; TODO: Swap on Greater HP Replenishing Potion -->
	<item id="1539" /> <!-- Major Healing Potion; TODO: Swap on Major HP Replenishing Potion -->
	<item id="1540" /> <!-- Quick Healing Potion; TODO: Swap on Quick HP Replenishing Potion -->
	<item id="1832" /> <!-- Greater Antidote -->
	<item id="1834" /> <!-- Bandage -->
	<item id="734" /> <!-- Wind Walk Potion -->
	<item id="735" /> <!-- Haste Potion -->
	<item id="6035" /> <!-- Magic Haste Potion -->
	<item id="6037" /> <!-- Scroll: Cancel Sleep -->
	<item id="5589" /> <!-- Momentum Stone -->
	<item id="4679" /> <!-- Eva's Blessing -->
	<item id="8622" /> <!-- Elixir of Life (No-grade) -->
	<item id="8623" /> <!-- Elixir of Life (D-grade) -->
	<item id="8624" /> <!-- Elixir of Life (C-grade) -->
	<item id="8634" /> <!-- Elixir of CP (No-grade) -->
	<item id="8635" /> <!-- Elixir of CP (D-grade) -->
	<item id="8636" /> <!-- Elixir of CP (C-grade) -->
	<item id="8637" /> <!-- Elixir of CP (B-grade) -->
	<item id="8638" /> <!-- Elixir of CP (A-grade) -->
	<item id="8639" /> <!-- Elixir of CP (S-grade) -->
	<item id="8615" /> <!-- Summoning Crystal -->
	<item id="8628" /> <!-- Elixir of Mind (No-grade) -->
	<item id="8629" /> <!-- Elixir of Mind (D-grade) -->
	<item id="36598" /> <!-- Scroll: Restore Equipment (R-grade) -->
	<item id="36599" /> <!-- Scroll: Restore Equipment (S-grade) -->
	<item id="36600" /> <!-- Scroll: Restore Equipment (A-grade) -->
	<item id="36601" /> <!-- Scroll: Restore Equipment (B-grade) -->
	<item id="36602" /> <!-- Scroll: Restore Equipment (C-grade) -->
	<item id="36603" /> <!-- Scroll: Restore Equipment (D-grade) -->
	<item id="37493" /> <!-- Hair Accessory Restoration Stone -->
	<item id="8515" /> <!-- Charm of Courage (No-grade) -->
</list>