<?xml version="1.0" encoding="UTF-8"?>
<list baseTax="15" xmlns:xsi="http://www.w3.org/2001/XMLSchema-instance" xsi:noNamespaceSchemaLocation="../xsd/buylist.xsd">
	<npcs>
		<npc>30138</npc> <!-- Minaless -->
	</npcs>
	<item id="1294" /> <!-- Spellbook: Defense Aura -->
	<item id="1095" /> <!-- Spellbook: Attack Aura -->
	<item id="1048" /> <!-- Spellbook: Might -->
	<item id="1050" /> <!-- Spellbook: Battle Heal -->
	<item id="1051" /> <!-- Spellbook: Vampiric Touch -->
	<item id="1049" /> <!-- Spellbook: Ice Bolt -->
	<item id="1152" /> <!-- Spellbook: Heal -->
	<item id="1054" /> <!-- Spellbook: Group Heal -->
	<item id="1058" /> <!-- Spellbook: Shield -->
	<item id="1099" /> <!-- Spellbook: Wind Shackle -->
	<item id="1098" /> <!-- Spellbook: Wind Walk -->
	<item id="1056" /> <!-- Spellbook: Curse: Weakness -->
	<item id="1055" /> <!-- Spellbook: Curse: Poison -->
	<item id="1053" /> <!-- Spellbook: Cure Poison -->
	<item id="1052" /> <!-- Spellbook: Flame Strike -->
	<item id="1097" /> <!-- Spellbook: Drain Health -->
	<item id="1096" /> <!-- Spellbook: Elemental Heal -->
	<item id="1386" /> <!-- Spellbook: Disrupt Undead -->
	<item id="1514" /> <!-- Spellbook: Resurrection -->
	<item id="1372" /> <!-- Spellbook: Blaze -->
	<item id="1667" /> <!-- Spellbook: Summon Shadow -->
	<item id="1671" /> <!-- Spellbook: Summon Silhouette -->
	<item id="1669" /> <!-- Spellbook: Summon Boxer the Unicorn -->
	<item id="1403" /> <!-- Spellbook: Summon Kat the Cat -->
	<item id="1405" /> <!-- Spellbook: Servitor Heal -->
	<item id="1370" /> <!-- Spellbook: Aqua Swirl -->
	<item id="1401" /> <!-- Spellbook: Acumen -->
	<item id="4916" /> <!-- Spellbook: Energy Bolt -->
	<item id="1411" /> <!-- Spellbook: Aura Burn -->
	<item id="1513" /> <!-- Spellbook: Charm -->
	<item id="1399" /> <!-- Spellbook: Concentration -->
	<item id="1515" /> <!-- Spellbook: Kiss of Eva -->
	<item id="1371" /> <!-- Spellbook: Twister -->
	<item id="1383" /> <!-- Spellbook: Poison -->
	<item id="1377" /> <!-- Spellbook: Poison Recovery -->
	<item id="3038" /> <!-- Blueprint: Summon Mechanic Golem -->
	<item id="10025" /> <!-- Battle Manual - Fallen Arrow -->
	<item id="10026" /> <!-- Battle Manual - Fallen Attack -->
	<item id="10073" /> <!-- Battle Manual - Rapid Attack -->
	<item id="10072" /> <!-- Battle Manual - Increase Power -->
	<item id="10027" /> <!-- Battle Manual - Detect Trap -->
	<item id="10028" /> <!-- Battle Manual - Defuse Trap -->
	<item id="3100" /> <!-- Spellbook: Guidance -->
	<item id="3431" /> <!-- Spellbook: Greater Group Heal -->
	<item id="8387" /> <!-- Spellbook - Summon Cursed Bones -->
	<item id="3429" /> <!-- Spellbook: Greater Heal -->
	<item id="3101" /> <!-- Spellbook: Death Whisper -->
	<item id="4203" /> <!-- Spellbook: Life Leech -->
	<item id="7640" /> <!-- Spellbook - Mass Summon Phantom Cubic -->
	<item id="3067" /> <!-- Spellbook: Vampiric Claw -->
	<item id="3064" /> <!-- Spellbook: Silence -->
	<item id="4909" /> <!-- Spellbook: Shadow Flare -->
	<item id="3074" /> <!-- Spellbook: Surrender to Wind -->
	<item id="4920" /> <!-- Spellbook: Summon Soulless -->
	<item id="4924" /> <!-- Spellbook: Summon Spark Cubic -->
	<item id="3041" /> <!-- Spellbook: Summon Phantom Cubic -->
	<item id="5813" /> <!-- Spellbook: Servitor Cure -->
	<item id="3092" /> <!-- Spellbook: Servitor Physical Shield -->
	<item id="3062" /> <!-- Spellbook: Curse Fear -->
	<item id="4206" /> <!-- Spellbook: Transfer Pain -->
	<item id="3090" /> <!-- Spellbook: Hurricane -->
	<item id="3050" /> <!-- Spellbook: Hex -->
	<item id="3040" /> <!-- Spellbook: Summon Vampiric Cubic -->
	<item id="3065" /> <!-- Spellbook: Death Spike -->
	<item id="3091" /> <!-- Spellbook: Servitor Magic Shield -->
	<item id="3093" /> <!-- Spellbook: Servitor Haste -->
	<item id="3072" /> <!-- Spellbook: Purify -->
	<item id="3049" /> <!-- Spellbook: Corpse Plague -->
	<item id="3089" /> <!-- Spellbook: Tempest -->
	<item id="3054" /> <!-- Spellbook: Summon Viper Cubic -->
	<item id="5812" /> <!-- Spellbook: Servitor Empowerment -->
	<item id="3066" /> <!-- Spellbook: Curse Death Link -->
	<item id="8398" /> <!-- Spellbook: Mana Burn -->
	<item id="8380" /> <!-- Spellbook: Betray -->
	<item id="7643" /> <!-- Spellbook - Summon Nightshade -->
	<item id="8616" /> <!-- Spellbook: Summon Friend -->
	<item id="8395" /> <!-- Spellbook: Erase -->
	<item id="8946" /> <!-- Spellbook: Invocation -->
	<item id="3055" /> <!-- Spellbook: Lightning Strike -->
	<item id="1413" /> <!-- Spellbook: Resist Wind -->
	<item id="8392" /> <!-- Spellbook: Holy Resistance -->
	<item id="8385" /> <!-- Spellbook: Mass Surrender to Wind -->
	<item id="8891" /> <!-- Spellbook: Aura Flash -->
	<item id="5814" /> <!-- Spellbook: Servitor Blessing -->
	<item id="5815" /> <!-- Spellbook: Wild Magic -->
	<item id="4930" /> <!-- Spellbook: Seed of Wind -->
	<item id="4931" /> <!-- Spellbook: Aura Symphony -->
	<item id="4934" /> <!-- Spellbook: Demon Wind -->
	<item id="5015" /> <!-- Spellbook: Elemental Storm -->
	<item id="12772" /> <!-- Spellbook - Inquisitor -->
	<item id="13008" /> <!-- Spellbook - Bless the Blood -->
</list>
