<?xml version="1.0" encoding="UTF-8"?>
<list baseTax="20" xmlns:xsi="http://www.w3.org/2001/XMLSchema-instance" xsi:noNamespaceSchemaLocation="../xsd/buylist.xsd">
	<npcs>
		<npc>30254</npc> <!-- Harmony -->
	</npcs>
	<item id="80762" /> <!-- Dye Powder -->
	<item id="81835" /> <!-- Holy Priest's Holy Water -->
	<item id="82275" /> <!-- Tersi's Soul -->
	<item id="82305" /> <!-- Beora's Ancient Energy -->
	<item id="3031" /> <!-- Spirit Ore -->
	<item id="1785" /> <!-- Soulstone -->
	<item id="19440" /> <!-- R-grade Gemstone -->
	<item id="35563" /> <!-- Giant's Energy -->
	<item id="35562" /> <!-- Destructive Energy -->
	<item id="1538" /> <!-- Blessed Scroll of Escape -->
	<item id="3936" /> <!-- Blessed Scroll of Resurrection -->
	<item id="736" /> <!-- Scroll of Escape -->
	<item id="737" /> <!-- Scroll of Resurrection -->
	<item id="1829" /> <!-- Scroll of Escape: Clan Hall -->
	<item id="1830" /> <!-- Scroll of Escape: Castle -->
	<item id="8871" /> <!-- Strategy Guide -->
	<item id="19315" /> <!-- Crafting Solvent -->
	<item id="8658" /> <!-- Mysterious Solvent -->
	<item id="32255" /> <!-- Infinite Orichalcum Quiver -->
	<item id="32262" /> <!-- Infinite Orichalcum Bolt Container -->
</list>
