<?xml version="1.0" encoding="UTF-8"?>
<list baseTax="20" xmlns:xsi="http://www.w3.org/2001/XMLSchema-instance" xsi:noNamespaceSchemaLocation="../xsd/buylist.xsd">
	<npcs>
		<npc>31257</npc> <!-- Veronica -->
	</npcs>
	<item id="176" /> <!-- Apprentice's Staff -->
	<item id="310" /> <!-- Relic of the Saints -->
	<item id="177" /> <!-- Mage Staff -->
	<item id="311" /> <!-- Crucifix of Blessing -->
	<item id="100" /> <!-- Voodoo Doll -->
	<item id="178" /> <!-- Bone Staff -->
	<item id="101" /> <!-- Scroll of Wisdom -->
	<item id="7885" /> <!-- Priest Sword -->
	<item id="312" /> <!-- Branch of Life -->
	<item id="314" /> <!-- Proof of Revenge -->
	<item id="179" /> <!-- Mace of Prayer -->
	<item id="182" /> <!-- Doom Hammer -->
	<item id="183" /> <!-- Mystic Staff -->
	<item id="185" /> <!-- Staff of Mana -->
	<item id="315" /> <!-- Divine Tome -->
	<item id="83" /> <!-- Sword of Magic -->
	<item id="143" /> <!-- Sword of Mystic -->
	<item id="144" /> <!-- Sword of Occult -->
	<item id="238" /> <!-- Dagger of Mana -->
	<item id="239" /> <!-- Mystic Knife -->
	<item id="240" /> <!-- Conjurer's Knife -->
	<item id="241" /> <!-- Shilen Knife -->
	<item id="186" /> <!-- Staff of Magic -->
	<item id="316" /> <!-- Sage's Blood -->
	<item id="317" /> <!-- Tome of Blood -->
	<item id="90" /> <!-- Goat Head Staff -->
	<item id="7886" /> <!-- Sword of Magic Fog -->
	<item id="7890" /> <!-- Priest Mace -->
	<item id="318" /> <!-- Crucifix of Blood -->
	<item id="321" /> <!-- Demon's Fangs -->
	<item id="187" /> <!-- Atuba Hammer -->
	<item id="188" /> <!-- Ghost Staff -->
	<item id="189" /> <!-- Staff of Life -->
	<item id="190" /> <!-- Atuba Mace -->
</list>
