<?xml version="1.0" encoding="UTF-8"?>
<list baseTax="20" xmlns:xsi="http://www.w3.org/2001/XMLSchema-instance" xsi:noNamespaceSchemaLocation="../xsd/buylist.xsd">
	<npcs>
		<npc>31256</npc> <!-- Leon -->
	</npcs>
	<item id="11610" /> <!-- Common Item - Bone Staff -->
	<item id="11619" /> <!-- Common Item - Scroll of Wisdom -->
	<item id="11611" /> <!-- Common Item - Priest Sword -->
	<item id="11612" /> <!-- Common Item - Branch of Life -->
	<item id="11609" /> <!-- Common Item - Proof of Revenge -->
	<item id="11627" /> <!-- Common Item - Mace of Prayer -->
	<item id="11630" /> <!-- Common Item - Doom Hammer -->
	<item id="11634" /> <!-- Common Item - Mystic Staff -->
	<item id="11633" /> <!-- Common Item - Staff of Mana -->
	<item id="11637" /> <!-- Common Item - Divine Tome -->
	<item id="11655" /> <!-- Common Item - Sword of Magic -->
	<item id="11656" /> <!-- Common Item - Sword of Mystic -->
	<item id="11657" /> <!-- Common Item - Sword of Occult -->
	<item id="11662" /> <!-- Common Item - Dagger of Mana -->
	<item id="11664" /> <!-- Common Item - Mystic Knife -->
	<item id="11672" /> <!-- Common Item - Conjuror's Knife -->
</list>
