﻿<?xml version="1.0" encoding="UTF-8"?>
<list xmlns:xsi="http://www.w3.org/2001/XMLSchema-instance" xsi:noNamespaceSchemaLocation="../../xsd/buylist.xsd">
	<item id="5808" price="0" /> <!-- Party Mask -->
	<item id="6394" price="0" /> <!-- Red Party Mask -->
	<item id="6843" price="0" /> <!-- Cat Ears -->
	<item id="8559" price="0" /> <!-- Diadem -->
	<item id="8560" price="0" /> <!-- Teddy Bear Hat -->
	<item id="8561" price="0" /> <!-- Piggy Hat -->
	<item id="8562" price="0" /> <!-- Jester Hat -->
	<item id="8563" price="0" /> <!-- Wizard Hat -->
	<item id="8564" price="0" /> <!-- Dapper Cap -->
	<item id="10250" price="0" /> <!-- Adventurer Hat (Event) -->
</list>
