﻿<?xml version="1.0" encoding="UTF-8"?>
<list xmlns:xsi="http://www.w3.org/2001/XMLSchema-instance" xsi:noNamespaceSchemaLocation="../../xsd/buylist.xsd">
	<item id="1835" price="0" /> <!-- Soulshot (No-grade) -->
	<item id="1463" price="0" /> <!-- Soulshot (D-grade) -->
	<item id="1464" price="0" /> <!-- Soulshot (C-grade) -->
	<item id="1465" price="0" /> <!-- Soulshot (B-grade) -->
	<item id="2509" price="0" /> <!-- Spiritshot (No-grade) -->
	<item id="2510" price="0" /> <!-- Spiritshot (D-grade) -->
	<item id="2511" price="0" /> <!-- Spiritshot (C-grade) -->
	<item id="2512" price="0" /> <!-- Spiritshot (B-grade) -->
	<item id="3947" price="0" /> <!-- Blessed Spiritshot (No-grade) -->
	<item id="3948" price="0" /> <!-- Blessed Spiritshot (D-grade) -->
	<item id="3949" price="0" /> <!-- Blessed Spiritshot (C-grade) -->
	<item id="3950" price="0" /> <!-- Blessed Spiritshot (B-grade) -->
</list>
