<?xml version="1.0" encoding="UTF-8"?>
<list xmlns:xsi="http://www.w3.org/2001/XMLSchema-instance" xsi:noNamespaceSchemaLocation="../../xsd/buylist.xsd">
	<item id="4633" price="0" /> <!-- Red Soul Crystal - Stage 4 -->
	<item id="4634" price="0" /> <!-- Red Soul Crystal - Stage 5 -->
	<item id="4635" price="0" /> <!-- Red Soul Crystal - Stage 6 -->
	<item id="4636" price="0" /> <!-- Red Soul Crystal - Stage 7 -->
	<item id="4637" price="0" /> <!-- Red Soul Crystal - Stage 8 -->
	<item id="4638" price="0" /> <!-- Red Soul Crystal - Stage 9 -->
	<item id="4639" price="0" /> <!-- Red Soul Crystal - Stage 10 -->
	<item id="4644" price="0" /> <!-- Green Soul Crystal - Stage 4 -->
	<item id="4645" price="0" /> <!-- Green Soul Crystal - Stage 5 -->
	<item id="4646" price="0" /> <!-- Green Soul Crystal - Stage 6 -->
	<item id="4647" price="0" /> <!-- Green Soul Crystal - Stage 7 -->
	<item id="4648" price="0" /> <!-- Green Soul Crystal - Stage 8 -->
	<item id="4649" price="0" /> <!-- Green Soul Crystal - Stage 9 -->
	<item id="4650" price="0" /> <!-- Green Soul Crystal - Stage 10 -->
	<item id="4655" price="0" /> <!-- Blue Soul Crystal - Stage 4 -->
	<item id="4656" price="0" /> <!-- Blue Soul Crystal - Stage 5 -->
	<item id="4657" price="0" /> <!-- Blue Soul Crystal - Stage 6 -->
	<item id="4658" price="0" /> <!-- Blue Soul Crystal - Stage 7 -->
	<item id="4659" price="0" /> <!-- Blue Soul Crystal - Stage 8 -->
	<item id="4660" price="0" /> <!-- Blue Soul Crystal - Stage 9 -->
	<item id="4661" price="0" /> <!-- Blue Soul Crystal - Stage 10 -->
</list>
