<?xml version="1.0" encoding="UTF-8"?>
<list xmlns:xsi="http://www.w3.org/2001/XMLSchema-instance" xsi:noNamespaceSchemaLocation="../../xsd/buylist.xsd">
	<item id="1060" price="0" /> <!-- Lesser Healing Potion -->
	<item id="1061" price="0" /> <!-- Greater Healing Potion -->
	<item id="1539" price="0" /> <!-- Greater Healing Potion -->
	<item id="735" price="0" /> <!-- Alacrity Potion -->
	<item id="1374" price="0" /> <!-- Greater Haste Potion -->
	<item id="734" price="0" /> <!-- Haste Potion -->
	<item id="1375" price="0" /> <!-- Greater Swift Attack Potion -->
	<item id="6035" price="0" /> <!-- Magic Haste Potion -->
	<item id="6036" price="0" /> <!-- Greater Magic Haste Potion -->
	<item id="5591" price="0" /> <!-- CP Potion -->
	<item id="5592" price="0" /> <!-- Greater CP Potion -->
	<item id="1073" price="0" /> <!-- Beginner's Potion -->
	<item id="5242" price="0" /> <!-- Hair Style Change Potion - A -->
	<item id="5243" price="0" /> <!-- Hair Style Change Potion - B -->
	<item id="5244" price="0" /> <!-- Hair Style Change Potion - C -->
	<item id="5245" price="0" /> <!-- Hair Style Change Potion - D -->
	<item id="5246" price="0" /> <!-- Hair Style Change Potion - E -->
	<item id="5247" price="0" /> <!-- Hair Style Change Potion - F -->
	<item id="5248" price="0" /> <!-- Hair Style Change Potion - G -->
	<item id="5238" price="0" /> <!-- Dye Potion - A -->
	<item id="5239" price="0" /> <!-- Dye Potion - B -->
	<item id="5240" price="0" /> <!-- Dye Potion - C -->
	<item id="5241" price="0" /> <!-- Dye Potion - D -->
	<item id="5235" price="0" /> <!-- Facelifting Potion - A -->
	<item id="5236" price="0" /> <!-- Facelifting Potion - B -->
	<item id="5237" price="0" /> <!-- Facelifting Potion - C -->
	<item id="5234" price="0" /> <!-- Mystery Potion -->
	<item id="1540" price="0" /> <!-- Quick Healing Potion -->
</list>
