<?xml version="1.0" encoding="UTF-8"?>
<list xmlns:xsi="http://www.w3.org/2001/XMLSchema-instance" xsi:noNamespaceSchemaLocation="../../xsd/buylist.xsd">
	<item id="17" price="0" /> <!-- Wooden Arrow -->
	<item id="1341" price="0" /> <!-- Bone Arrow -->
	<item id="1342" price="0" /> <!-- Steel Arrow -->
	<item id="1343" price="0" /> <!-- Silver Arrow -->
	<item id="32249" price="0" /> <!-- Infinite Wooden Quiver -->
	<item id="32250" price="0" /> <!-- Infinite Bone Quiver -->
	<item id="32251" price="0" /> <!-- Infinite Steel Quiver -->
	<item id="32252" price="0" /> <!-- Infinite Silver Quiver -->
</list>
