<?xml version="1.0" encoding="UTF-8"?>
<list xmlns:xsi="http://www.w3.org/2001/XMLSchema-instance" xsi:noNamespaceSchemaLocation="../xsd/buylist.xsd">
	<npcs>
		<npc>30084</npc> <!-- Graham -->
	</npcs>
	<item id="2" price="136000" /> <!-- Long Sword -->
	<item id="218" price="136000" /> <!-- Throwing Knife -->
	<item id="272" price="136000" /> <!-- Forest Bow -->
	<item id="15" price="136000" /> <!-- Short Spear -->
	<item id="256" price="136000" /> <!-- Cestus -->
	<item id="68" price="244000" /> <!-- Falchion -->
	<item id="219" price="244000" /> <!-- Sword Breaker -->
	<item id="273" price="244000" /> <!-- Compound Bow -->
	<item id="155" price="244000" /> <!-- Flanged Mace -->
	<item id="87" price="244000" /> <!-- Iron Hammer -->
	<item id="16" price="244000" /> <!-- Great Spear -->
	<item id="257" price="244000" /> <!-- Viper Fang -->
	<item id="29226" price="244000" /> <!-- Zweihander -->
	<item id="123" price="409000" /> <!-- Saber -->
	<item id="7880" price="409000" /> <!-- Steel Sword -->
	<item id="220" price="409000" /> <!-- Crafted Dagger -->
	<item id="221" price="409000" /> <!-- Assassin Knife -->
	<item id="274" price="409000" /> <!-- Reinforced Bow -->
	<item id="156" price="409000" /> <!-- Hand Axe -->
	<item id="166" price="409000" /> <!-- Heavy Mace -->
	<item id="168" price="409000" /> <!-- Work Hammer -->
	<item id="291" price="409000" /> <!-- Trident -->
	<item id="258" price="409000" /> <!-- Bagh-Nakh -->
	<item id="5285" price="409000" /> <!-- Heavy Sword -->
	<item id="69" price="644000" /> <!-- Bastard Sword -->
	<item id="126" price="644000" /> <!-- Artisan's Sword -->
	<item id="222" price="644000" /> <!-- Poniard Dagger -->
	<item id="275" price="644000" /> <!-- Longbow -->
	<item id="276" price="644000" /> <!-- Elven Bow -->
	<item id="277" price="644000" /> <!-- Dark Elven Bow -->
	<item id="86" price="644000" /> <!-- Tomahawk -->
	<item id="292" price="644000" /> <!-- Pike -->
	<item id="295" price="644000" /> <!-- Dwarven Trident -->
	<item id="259" price="644000" /> <!-- Single-Edged Jamadhr -->
	<item id="124" price="967000" /> <!-- Two-handed Sword -->
	<item id="127" price="967000" /> <!-- Crimson Sword -->
	<item id="130" price="967000" /> <!-- Elven Sword -->
	<item id="223" price="967000" /> <!-- Kukuri -->
	<item id="278" price="967000" /> <!-- Gastraphetes -->
	<item id="157" price="967000" /> <!-- Spiked Club -->
	<item id="293" price="967000" /> <!-- War Hammer -->
	<item id="296" price="967000" /> <!-- Dwarven Pike -->
	<item id="260" price="967000" /> <!-- Triple-Edged Jamadhr -->
	<item id="129" price="1400000" /> <!-- Sword of Revolution -->
	<item id="224" price="1400000" /> <!-- Maingauche -->
	<item id="1660" price="1400000" /> <!-- Cursed Maingauche -->
	<item id="279" price="1400000" /> <!-- Reinforced Longbow -->
	<item id="158" price="1400000" /> <!-- Tarbar -->
	<item id="7881" price="1400000" /> <!-- Lesser Giant's Sword -->
	<item id="7896" price="1400000" /> <!-- Lesser Giant's Hammer -->
	<item id="172" price="1400000" /> <!-- Heavy Bone Club -->
	<item id="294" price="1400000" /> <!-- War Pick -->
	<item id="88" price="1400000" /> <!-- Mornign Star -->
	<item id="93" price="1400000" /> <!-- Winged Spear -->
	<item id="261" price="1400000" /> <!-- Bich'Hwa -->
	<item id="91891" price="244000" /> <!-- Warrior's Rapier -->
	<item id="91893" price="1400000" /> <!-- Épée -->
	<item id="91894" price="967000" /> <!-- Estoc -->
	<item id="91895" price="644000" /> <!-- Fleuret -->
	<item id="91877" price="244000" /> <!-- Ancient Warrior's Sword -->
	<item id="91879" price="967000" /> <!-- Field Sword -->
	<item id="91880" price="644000" /> <!-- Military Talwar -->
	<item id="91881" price="409000" /> <!-- Talwar -->
</list>