<?xml version="1.0" encoding="UTF-8"?>
<list xmlns:xsi="http://www.w3.org/2001/XMLSchema-instance" xsi:noNamespaceSchemaLocation="../xsd/buylist.xsd">
	<npcs>
		<npc>30254</npc> <!-- Harmony -->
	</npcs>
	<item id="1378" price="20260" /> <!-- Spellbook: Divine Heal -->
	<item id="1384" price="39135" /> <!-- Spellbook: Sprint -->
	<item id="1380" price="57438" /> <!-- Spellbook: Entangle -->
	<item id="1382" price="39135" /> <!-- Spellbook: Power Break -->
	<item id="1381" price="47482" /> <!-- Spellbook: Freezing Strike -->
	<item id="3038" price="25725" /> <!-- Blueprint: Summon Mechanic Golem -->
	<item id="1399" price="8954" /> <!-- Spellbook: Concentration -->
	<item id="1394" price="12724" /> <!-- Spellbook: Sleep -->
	<item id="1517" price="18058" /> <!-- Spellbook: Body To Mind -->
	<item id="1409" price="52418" /> <!-- Spellbook: Slow -->
	<item id="1416" price="52418" /> <!-- Spellbook: Curse Chaos -->
	<item id="1514" price="8954" /> <!-- Spellbook: Resurrection -->
	<item id="1415" price="12724" /> <!-- Spellbook: Dryad Root -->
	<item id="1398" price="15048" /> <!-- Spellbook: Focus -->
	<item id="1392" price="48000" /> <!-- Spellbook: Berserker Spirit -->
	<item id="1401" price="7461" /> <!-- Spellbook: Acumen -->
	<item id="3944" price="43681" /> <!-- Spellbook: Light -->
	<item id="1385" price="21437" /> <!-- Spellbook: Recharge -->
	<item id="1388" price="15048" /> <!-- Spellbook: Mental Shield -->
	<item id="1523" price="12000" /> <!-- Amulet: Chant of Shielding -->
	<item id="1521" price="40000" /> <!-- Amulet: Chant of Fire -->
	<item id="1536" price="15048" /> <!-- Amulet: Seal of Binding -->
	<item id="1519" price="26593" /> <!-- Amulet: Pa'agrio's Gift -->
	<item id="1518" price="26593" /> <!-- Amulet: Chant of Flame -->
	<item id="1530" price="43681" /> <!-- Amulet: Seal of Slow -->
	<item id="1391" price="15048" /> <!-- Spellbook: Empower -->
	<item id="1097" price="7461" /> <!-- Spellbook: Drain HP -->
	<item id="3099" price="120000" /> <!-- Spellbook - Haste -->
	<item id="8397" price="100000" /> <!-- Spellbook - Clarity -->
	<item id="3101" price="100000" /> <!-- Spellbook - Death Whisper -->
	<item id="5815" price="200000" /> <!-- Spellbook - Wild Magic -->
	<item id="3116" price="120000" /> <!-- Amulet: Chant of Haste -->
	<item id="91837" price="100000" /> <!-- Amulet: Chant of Clarity -->
	<item id="3118" price="100000" /> <!-- Amulet: Chant of the Death Whisper -->
	<item id="4205" price="100000" /> <!-- Amulet: Chant of the Berserker Spirit -->
	<item id="93108" price="1200000" /> <!-- Blueprint: Gear Aid -->
	<item id="93389" price="1200000" /> <!-- Spellbook - Call of the Flame -->
	<item id="93390" price="1200000" /> <!-- Spellbook - Call of Cold -->
	<item id="93391" price="1200000" /> <!-- Spellbook - Lightning Call -->
</list>
