<?xml version="1.0" encoding="UTF-8"?>
<list xmlns:xsi="http://www.w3.org/2001/XMLSchema-instance" xsi:noNamespaceSchemaLocation="../xsd/buylist.xsd">
	<npcs>
		<npc>30837</npc> <!-- Woodrow -->
	</npcs>
	<item id="176" price="136000" /> <!-- Apprentice's Staff -->
	<item id="310" price="136000" /> <!-- Relic of the Saints -->
	<item id="177" price="244000" /> <!-- Mage Staff -->
	<item id="311" price="244000" /> <!-- Crucifix of Blessing -->
	<item id="100" price="244000" /> <!-- Voodoo Doll -->
	<item id="178" price="409000" /> <!-- Bone Staff -->
	<item id="101" price="409000" /> <!-- Scroll of Wisdom -->
	<item id="7885" price="409000" /> <!-- Priest Sword -->
	<item id="312" price="409000" /> <!-- Branch of Life -->
	<item id="314" price="409000" /> <!-- Proof of Revenge -->
	<item id="179" price="644000" /> <!-- Mace of Prayer -->
	<item id="182" price="644000" /> <!-- Doom Hammer -->
	<item id="183" price="644000" /> <!-- Mystic Staff -->
	<item id="185" price="644000" /> <!-- Staff of Mana -->
	<item id="315" price="644000" /> <!-- Divine Tome -->
	<item id="83" price="716000" /> <!-- Sword of Magic -->
	<item id="143" price="716000" /> <!-- Sword of Mystic -->
	<item id="144" price="716000" /> <!-- Sword of Occult -->
	<item id="238" price="967000" /> <!-- Dagger of Mana -->
	<item id="239" price="967000" /> <!-- Mystic Knife -->
	<item id="240" price="967000" /> <!-- Conjurer's Knife -->
	<item id="241" price="967000" /> <!-- Shilen Knife -->
	<item id="186" price="967000" /> <!-- Staff of Magic -->
	<item id="316" price="967000" /> <!-- Sage's Blood -->
	<item id="317" price="967000" /> <!-- Tome of Blood -->
	<item id="90" price="1400000" /> <!-- Goat Head Staff -->
	<item id="7886" price="1400000" /> <!-- Sword of Magic Fog -->
	<item id="7890" price="1400000" /> <!-- Priest Mace -->
</list>
