<?xml version="1.0" encoding="UTF-8"?>
<list xmlns:xsi="http://www.w3.org/2001/XMLSchema-instance" xsi:noNamespaceSchemaLocation="../xsd/buylist.xsd">
	<npcs>
		<npc>34139</npc> <!-- Mathorn -->
	</npcs>
	<item id="91927" price="23" /> <!-- Soulshot -->
	<item id="91928" price="34" /> <!-- Spiritshot -->
	<item id="91929" price="57" /> <!-- Blessed Soulshot -->
	<item id="91930" price="86" /> <!-- Blessed Spiritshot -->
	<item id="17" price="2" /> <!-- Wooden Arrow -->
	<item id="1341" price="3" /> <!-- Bone Arrow -->
	<item id="1831" price="86" /> <!-- Antidote -->
	<item id="1833" price="86" /> <!-- Bandage -->
	<item id="734" price="1380" /> <!-- Wind Walk Potion -->
	<item id="735" price="2760" /> <!-- Haste Potion -->
	<item id="6035" price="2760" /> <!-- Magic Haste Potion -->
	<item id="736" price="460" /> <!-- Scroll of Escape -->
	<item id="737" price="2300" /> <!-- Scroll of Resurrection -->
	<item id="3031" price="460" /> <!-- Spirit Ore -->
	<item id="1785" price="287" /> <!-- Soulstone -->
	<item id="5589" price="115" /> <!-- Momentum Stone -->
	<item id="5192" price="115" /> <!-- Magic Rope (D-grade) -->
	<item id="91912" price="34" /> <!-- HP Potion -->
</list>
