<?xml version="1.0" encoding="UTF-8"?>
<list xmlns:xsi="http://www.w3.org/2001/XMLSchema-instance" xsi:noNamespaceSchemaLocation="../xsd/buylist.xsd">
	<npcs>
		<npc>36657</npc> <!-- Aden Chamberlain of Darkness -->
	</npcs>
	<item id="6840" price="500000" /> <!-- Circlet of Aden -->
	<item id="1540" price="10000" /> <!-- Quick Healing Potion -->
	<item id="34926" price="5000000" /> <!-- Cloak of Darkness -->
	<item id="49087" price="20000" count="3" restock_delay="60" /> <!-- Improved Scroll of Escape -->
	<item id="5593" price="50000" count="10" restock_delay="60" /> <!-- SP Scroll (Low-Grade) -->
	<item id="5594" price="300000" count="10" restock_delay="60" /> <!-- SP Scroll (Mid-Grade) -->
	<item id="5595" price="1200000" count="10" restock_delay="60" /> <!-- SP Scroll (High-Grade) -->
	<item id="29668" price="1" count="8" restock_delay="60" /> <!-- Castle Owners' Coin -->
</list>
