<?xml version="1.0" encoding="UTF-8"?>
<list xmlns:xsi="http://www.w3.org/2001/XMLSchema-instance" xsi:noNamespaceSchemaLocation="xsd/ClanMasteryData.xsd">
	<!-- Clan Specialty level 1 -->
	<clan mastery="1" skill1Id="19543" skill1Level="1" skill2Id="19544" skill2Level="1" skill3Id="19545" skill3Level="1" skill4Id="391" skill4Level="1" clanLevel="5" clanReputation="10000" />
	<!-- Clan Specialty level 2 -->
	<clan mastery="2" skill1Id="19543" skill1Level="2" skill2Id="19544" skill2Level="1" skill3Id="19545" skill3Level="2" skill4Id="19007" skill4Level="1" clanLevel="6" clanReputation="10000" previousMastery="1" />
	<!-- Clan Specialty level 3 -->
	<clan mastery="3" skill1Id="19543" skill1Level="3" skill2Id="19544" skill2Level="3" skill3Id="19545" skill3Level="3" skill4Id="19112" skill4Level="1" clanLevel="7" clanReputation="10000" previousMastery="2" />
	<!-- Clan Specialty level 4 -->
	<clan mastery="4" skill1Id="19543" skill1Level="4" skill2Id="19544" skill2Level="4" skill3Id="19545" skill3Level="4" skill4Id="19008" skill4Level="1" clanLevel="11" clanReputation="50000" previousMastery="9" previousMasteryAlt="14" />
	<!-- Clan Specialty level 5 -->
	<clan mastery="5" skill1Id="19543" skill1Level="5" skill2Id="19544" skill2Level="5" skill3Id="19545" skill3Level="5" clanLevel="14" clanReputation="100000" previousMastery="11" previousMasteryAlt="16" />
	<!-- Clan Specialty level 6 -->
	<clan mastery="6" skill1Id="19543" skill1Level="6" skill2Id="19544" skill2Level="6" skill3Id="19545" skill3Level="6" clanLevel="15" clanReputation="100000" previousMastery="5" />
	<!-- Combat Specialty level 1 -->
	<clan mastery="7" skill1Id="19531" skill1Level="1" skill2Id="19532" skill2Level="1" clanLevel="8" clanReputation="30000" previousMastery="3" />
	<!-- Combat Specialty level 2 -->
	<clan mastery="8" skill1Id="19531" skill1Level="2" skill2Id="19532" skill2Level="2" clanLevel="9" clanReputation="30000" previousMastery="7" />
	<!-- Combat Specialty level 3 -->
	<clan mastery="9" skill1Id="19531" skill1Level="3" skill2Id="19532" skill2Level="3" skill3Id="19533" skill3Level="1" clanLevel="10" clanReputation="30000" previousMastery="8" />
	<!-- Combat Specialty level 4 -->
	<clan mastery="10" skill1Id="19531" skill1Level="4" skill2Id="19534" skill2Level="1" clanLevel="12" clanReputation="50000" previousMastery="4" />
	<!-- Combat Specialty level 5 -->
	<clan mastery="11" skill1Id="19534" skill1Level="2" clanLevel="13" clanReputation="50000" previousMastery="10" />
	<!-- War Specialty level 1 -->
	<clan mastery="12" skill1Id="19013" skill1Level="1" skill2Id="19535" skill2Level="1" clanLevel="8" clanReputation="30000" previousMastery="3" />
	<!-- War Specialty level 2 -->
	<clan mastery="13" skill1Id="19113" skill1Level="1" skill2Id="19535" skill2Level="2" clanLevel="9" clanReputation="30000" previousMastery="12" />
	<!-- War Specialty level 3 -->
	<clan mastery="14" skill1Id="19114" skill1Level="1" skill2Id="19535" skill2Level="3" skill3Id="19536" skill3Level="1" clanLevel="10" clanReputation="30000" previousMastery="13" />
	<!-- War Specialty level 4 -->
	<clan mastery="15" skill1Id="15094" skill1Level="1" skill2Id="19537" skill2Level="1" clanLevel="12" clanReputation="50000" previousMastery="4" />
	<!-- War Specialty level 5 -->
	<clan mastery="16" skill1Id="19537" skill1Level="2" clanLevel="13" clanReputation="50000" previousMastery="15" />
</list>