<?xml version="1.0" encoding="UTF-8"?>
<list xmlns:xsi="http://www.w3.org/2001/XMLSchema-instance" xsi:noNamespaceSchemaLocation="xsd/InstanceNames.xsd">
	<instance id="1" name="Party Duel Zone" />
	<instance id="2" name="Dark Square" />
	<instance id="3" name="Demon Prince's Tower of Infinity" />
	<instance id="4" name="Ranku's Tower of Infinity" />
	<instance id="5" name="Tully's Workshop (1st Floor)" />
	<instance id="6" name="Tully's Workshop (3rd Floor)" />
	<instance id="7" name="Tully's Workshop (5th Floor)" />
	<instance id="8" name="Tully's Workshop (7th Floor)" />
	<instance id="9" name="Dark Cloud Mansion" />
	<instance id="10" name="Crystal Cave" />
	<instance id="11" name="Nornil's Garden" />
	<instance id="12" name="Nornil's Garden (Quest)" />
	<instance id="13" name="Castle Dungeon" />
	<instance id="14" name="Castle Dungeon" />
	<instance id="15" name="Castle Dungeon" />
	<instance id="16" name="Castle Dungeon" />
	<instance id="17" name="Castle Dungeon" />
	<instance id="18" name="Castle Dungeon" />
	<instance id="19" name="Castle Dungeon" />
	<instance id="20" name="Castle Dungeon" />
	<instance id="21" name="Castle Dungeon" />
	<instance id="22" name="Monster Dungeon" />
	<instance id="23" name="Monster Dungeon" />
	<instance id="24" name="Monster Dungeon" />
	<instance id="25" name="Monster Dungeon" />
	<instance id="26" name="Monster Dungeon" />
	<instance id="27" name="Monster Dungeon" />
	<instance id="28" name="Monster Dungeon" />
	<instance id="29" name="Monster Dungeon" />
	<instance id="30" name="Monster Dungeon" />
	<instance id="31" name="Monster Dungeon" />
	<instance id="32" name="Monster Dungeon" />
	<instance id="33" name="Monster Dungeon" />
	<instance id="34" name="Monster Dungeon" />
	<instance id="35" name="Monster Dungeon" />
	<instance id="36" name="Monster Dungeon" />
	<instance id="37" name="Monster Dungeon" />
	<instance id="38" name="Monster Dungeon" />
	<instance id="39" name="Monster Dungeon" />
	<instance id="40" name="Monster Dungeon" />
	<instance id="41" name="Monster Dungeon" />
	<instance id="42" name="Monster Dungeon" />
	<instance id="43" name="Pailaka (Forgotten Temple)" />
	<instance id="44" name="Pailaka (Devil's Isle)" />
	<instance id="45" name="Pailaka (Varka Silenos Barracks)" />
	<instance id="46" name="Rim Kamaloka" />
	<instance id="47" name="Rim Kamaloka" />
	<instance id="48" name="Rim Kamaloka" />
	<instance id="49" name="Rim Kamaloka" />
	<instance id="50" name="Rim Kamaloka" />
	<instance id="51" name="Rim Kamaloka" />
	<instance id="52" name="Rim Kamaloka" />
	<instance id="53" name="Rim Kamaloka" />
	<instance id="54" name="Rim Kamaloka" />
	<instance id="55" name="Rim Kamaloka" />
	<instance id="56" name="Rim Kamaloka" />
	<instance id="57" name="Kamaloka (Hall of the Abyss)" />
	<instance id="58" name="Kamaloka (Hall of the Abyss)" />
	<instance id="59" name="Near Kamaloka" />
	<instance id="60" name="Kamaloka (Hall of the Abyss)" />
	<instance id="61" name="Kamaloka (Hall of the Abyss)" />
	<instance id="62" name="Near Kamaloka" />
	<instance id="63" name="Kamaloka (Hall of the Abyss)" />
	<instance id="64" name="Kamaloka (Hall of the Abyss)" />
	<instance id="65" name="Near Kamaloka" />
	<instance id="66" name="Kamaloka (Hall of the Abyss)" />
	<instance id="67" name="Kamaloka (Hall of the Abyss)" />
	<instance id="68" name="Near Kamaloka" />
	<instance id="69" name="Kamaloka (Hall of the Abyss)" />
	<instance id="70" name="Kamaloka (Hall of the Abyss)" />
	<instance id="71" name="Near Kamaloka" />
	<instance id="72" name="Kamaloka (Hall of the Abyss)" />
	<instance id="73" name="Kamaloka (Labyrinth of the Abyss)" />
	<instance id="74" name="Kamaloka (Labyrinth of the Abyss)" />
	<instance id="75" name="Kamaloka (Labyrinth of the Abyss)" />
	<instance id="76" name="Kamaloka (Labyrinth of the Abyss)" />
	<instance id="77" name="Kamaloka (Labyrinth of the Abyss)" />
	<instance id="78" name="Kamaloka (Labyrinth of the Abyss)" />
	<instance id="79" name="Kamaloka (Labyrinth of the Abyss)" />
	<instance id="80" name="Pailaka (Rune Castle)" />
	<instance id="81" name="Pailaka (Rune Castle)" />
	<instance id="82" name="Pailaka (Rune Castle)" />
	<instance id="83" name="Pailaka (Rune Castle)" />
	<instance id="84" name="Pailaka (Rune Castle)" />
	<instance id="85" name="Pailaka (Rune Castle)" />
	<instance id="86" name="Pailaka (Rune Castle)" />
	<instance id="87" name="Pailaka (Rune Castle)" />
	<instance id="88" name="Pailaka (Rune Castle)" />
	<instance id="89" name="Pailaka (Rune Castle)" />
	<instance id="90" name="Pailaka (Rune Castle)" />
	<instance id="91" name="Pailaka (Rune Castle)" />
	<instance id="92" name="Pailaka (Rune Castle)" />
	<instance id="93" name="Pailaka (Rune Castle)" />
	<instance id="94" name="Pailaka (Rune Castle)" />
	<instance id="95" name="Pailaka (Rune Castle)" />
	<instance id="96" name="Pailaka (Rune Castle)" />
	<instance id="97" name="Pailaka (Rune Castle)" />
	<instance id="98" name="Pailaka (Rune Castle)" />
	<instance id="99" name="Pailaka (Rune Castle)" />
	<instance id="100" name="Pailaka (Rune Castle)" />
	<instance id="101" name="Pailaka (Rune Castle)" />
	<instance id="102" name="Pailaka (Rune Castle)" />
	<instance id="103" name="Pailaka (Rune Castle)" />
	<instance id="104" name="Pailaka (Rune Castle)" />
	<instance id="105" name="Pailaka (Rune Castle)" />
	<instance id="106" name="Pailaka (Rune Castle)" />
	<instance id="107" name="Pailaka (Rune Castle)" />
	<instance id="108" name="Pailaka (Rune Castle)" />
	<instance id="109" name="Pailaka (Rune Castle)" />
	<instance id="110" name="Seed of Destruction" />
	<instance id="111" name="Sanctum of the Lords of Dawn" />
	<instance id="112" name="Disciple's Necropolis (Past)" />
	<instance id="113" name="Sanctum of the Dawn" />
	<instance id="114" name="Pirate Captain's Cavern (Nightmare)" />
	<instance id="115" name="Seed of Infinity (Hall of Suffering)" />
	<instance id="116" name="Seed of Infinity (Hall of Suffering)" />
	<instance id="117" name="Keucereus' Fortress (Secret Hall)" />
	<instance id="118" name="Keucereus' Fortress (Secret Hall)" />
	<instance id="119" name="Seed of Infinity (Hall of Erosion)" />
	<instance id="120" name="Seed of Infinity (Hall of Erosion)" />
	<instance id="121" name="Seed of Infinity (Heart of Infinity)" />
	<instance id="122" name="Seed of Infinity (Heart of Infinity)" />
	<instance id="123" name="Seed of Destruction (Dragonkin Servant)" />
	<instance id="124" name="Seed of Destruction (Dragonkin Sentinel)" />
	<instance id="125" name="Seed of Destruction (Dragonkin Warrior)" />
	<instance id="126" name="Seed of Destruction (Dragonkin Crusher)" />
	<instance id="127" name="Delusion Chamber (Eastern Seal)" />
	<instance id="128" name="Delusion Chamber (Western Seal)" />
	<instance id="129" name="Delusion Chamber (Southern Seal)" />
	<instance id="130" name="Delusion Chamber (Northern Seal)" />
	<instance id="131" name="Delusion Chamber (Great Seal)" />
	<instance id="132" name="Delusion Chamber (Towr of Seal)" />
	<instance id="133" name="Pirate Captain's Cavern (Daydream)" />
	<instance id="134" name="Kamaloka (Labyrinth of the Abyss)" />
	<instance id="135" name="Pirate Captain's Cavern (Distant Daydream)" />
	<instance id="136" name="Last Imperial Tomb" />
	<instance id="137" name="Ice Queen's Castle" />
	<instance id="138" name="Mithril Mine" />
	<instance id="139" name="Ice Queen's Castle" />
	<instance id="140" name="Jinia Guild's Hideout" />
	<instance id="141" name="Jinia Guild's Hideout" />
	<instance id="142" name="Tower of Infinity (5th Floor)" />
	<instance id="143" name="Tower of Infinity (10th Floor)" />
	<instance id="144" name="Ice Queen's Castle (Epic)" />
	<instance id="145" name="Jinia Guild's Hideout" />
	<instance id="146" name="Jinia Guild's Hideout" />
	<instance id="147" name="Olympiad" />
	<instance id="148" name="Olympiad" />
	<instance id="149" name="Olympiad" />
	<instance id="150" name="Olympiad" />
	<instance id="151" name="Monastery of Silence" />
	<instance id="152" name="Monastery of Silence" />
	<instance id="153" name="Monastery of Silence" />
	<instance id="154" name="Monastery of Silence" />
	<instance id="155" name="Monastery of Silence" />
	<instance id="156" name="Library of Sages" />
	<instance id="157" name="Underground Library of Sages" />
	<instance id="158" name="Elcadia's Cabin" />
	<instance id="159" name="Spezion's Cavern" />
	<instance id="160" name="Teredor's Cavern" />
	<instance id="161" name="Kimerian's Cavern" />
	<instance id="162" name="Kimerian's Cavern (Epic)" />
	<instance id="163" name="Emerald Square" />
	<instance id="164" name="Steam Corridor" />
	<instance id="165" name="Coral Garden" />
	<instance id="166" name="Crystal Prison (Baylor) - Lv. 105" />
	<instance id="167" name="Crystal Prison (Balok)" />
	<instance id="168" name="Coral Garden Hall" />
	<instance id="169" name="Istina's Cavern" />
	<instance id="170" name="Istina's Cavern (Epic)" />
	<instance id="171" name="Seed of Annihilation (Nursery)" />
	<instance id="172" name="Lachik Dwelling Warzone" />
	<instance id="173" name="Lachik Dwelling Warzone" />
	<instance id="174" name="Lachik Dwelling Warzone (Epic)" />
	<instance id="175" name="Lachik Dwelling Warzone (Epic)" />
	<instance id="176" name="Underground Military Compound" />
	<instance id="177" name="Closed Underground Compound" />
	<instance id="178" name="Labyrinth of Belis" />
	<instance id="179" name="Fortuna" />
	<instance id="180" name="Octavis' Cavern" />
	<instance id="181" name="Octavis' Cavern (Epic)" />
	<instance id="182" name="Museum Dungeon" />
	<instance id="183" name="Antharas' Nest (Balthus Knights)" />
	<instance id="184" name="Valakas' Warzone" />
	<instance id="185" name="Evil Incubator" />
	<instance id="186" name="Orchid Hall" />
	<instance id="187" name="Ellia Hall" />
	<instance id="188" name="Laurell Hall" />
	<instance id="189" name="Orchid Hall" />
	<instance id="190" name="Ellia Hall" />
	<instance id="191" name="Laurell Hall" />
	<instance id="192" name="Tainted Dimension" />
	<instance id="193" name="Altar of Shillien" />
	<instance id="194" name="Altar of Shillien" />
	<instance id="195" name="Harnak Underground Ruins" />
	<instance id="196" name="Spezion's Cavern (Epic)" />
	<instance id="197" name="Elcadia's Cabin" />
	<instance id="198" name="Legacy of the Cruma Tower" />
	<instance id="199" name="Rim Kamaloka" />
	<instance id="200" name="Memory of Disaster" />
	<instance id="201" name="Harnak Underground Ruins" />
	<instance id="202" name="Kimerian" />
	<instance id="203" name="Kimerian (Epic)" />
	<instance id="204" name="Evolved Agathion's Place" />
	<instance id="205" name="Kartia's Labyrinth (Dimension Attacker)" />
	<instance id="206" name="Kartia's Labyrinth (Dimension Attacker)" />
	<instance id="207" name="Kartia's Labyrinth (Dimension Attacker)" />
	<instance id="208" name="Kartia's Labyrinth" />
	<instance id="209" name="Kartia's Labyrinth" />
	<instance id="210" name="Kartia's Labyrinth" />
	<instance id="211" name="Advent of Delusion" />
	<instance id="212" name="Verdof's Room (Devil's Isle)" />
	<instance id="213" name="Verdof's Room (Devil's Isle)" />
	<instance id="214" name="Verdof's Room (Devil's Isle)" />
	<instance id="215" name="Verdof's Room (Devil's Isle)" />
	<instance id="216" name="Verdof's Room (Devil's Isle)" />
	<instance id="217" name="Eva's Hidden Space" />
	<instance id="218" name="Tauti's Cavern" />
	<instance id="219" name="Tauti's Cavern (Epic)" />
	<instance id="220" name="Arena 1" />
	<instance id="221" name="Arena 2" />
	<instance id="222" name="Arena 3" />
	<instance id="223" name="Arena 4" />
	<instance id="224" name="Battle Tournament Stadium 1" />
	<instance id="225" name="Battle Tournament Stadium 2" />
	<instance id="226" name="Battle Tournament Stadium 3" />
	<instance id="227" name="Battle Tournament Stadium 4" />
	<instance id="228" name="Ancient Kartia's Labyrinth - Secret of Two Races" />
	<instance id="229" name="Ancient Kartia's Labyrinth - Secret of Two Races" />
	<instance id="230" name="Ancient Kartia's Labyrinth - Secret of Two Races" />
	<instance id="231" name="Nornil's Garden" />
	<instance id="232" name="Fortress of the Dead" />
	<instance id="233" name="Fortress of the Dead" />
	<instance id="234" name="Devastated Castle" />
	<instance id="235" name="Devastated Castle" />
	<instance id="236" name="Fortress of Resistance" />
	<instance id="237" name="Fortress of Resistance" />
	<instance id="238" name="Bronze Key Guild's Request Zone" />
	<instance id="239" name="Black Anvil Guild's Request Zone" />
	<instance id="240" name="Golden Wheel's Zone" />
	<instance id="241" name="Talking Island (Past)" />
	<instance id="242" name="Bronze Key Guild's Request Zone" />
	<instance id="243" name="Black Anvil Guild's Request Zone" />
	<instance id="244" name="Golden Wheel's Zone" />
	<instance id="245" name="Nornil's Garden" />
	<instance id="246" name="Verdof's Room (Devil's Isle)" />
	<instance id="247" name="Prelude to Lindvior" />
	<instance id="248" name="Prelude to Lindvior" />
	<instance id="249" name="Seed of Infinity" />
	<instance id="250" name="Dimensional Warp" />
	<instance id="251" name="Faeron Training Grounds" />
	<instance id="252" name="Faeron Training Grounds" />
	<instance id="253" name="Karaphon's Habitat" />
	<instance id="254" name="Fortress of the Dead" />
	<instance id="255" name="Chamber of Prophecies" />
	<instance id="256" name="Infernal Kamaloka" />
	<instance id="257" name="Lunatic Kamaloka" />
	<instance id="258" name="Nightmare Kamaloka - Lv. 105" />
	<instance id="259" name="Command Post" />
	<instance id="260" name="Ashen Shadow Camp - Lv. 105" />
	<instance id="261" name="Mystic Tavern" /> <!-- Mystic Tavern (Tauti) -->
	<instance id="262" name="Mystic Tavern" /> <!-- Mystic Tavern (Kelbim) -->
	<instance id="263" name="Mystic Tavern" /> <!-- Mystic Tavern (Freya) -->
	<instance id="264" name="Dimensional Rift" />
	<instance id="265" name="Outer Messiah's Castle" />
	<instance id="266" name="Inner Messiah's Castle" />
	<instance id="267" name="Mystic Tavern" /> <!-- Mystic Tavern (Kain) -->
	<instance id="268" name="Throne of Heroes" />
	<instance id="269" name="Hatchling Nest" />
	<instance id="270" name="Hatchling Cage" />
	<instance id="271" name="Antharas' Nest" />
	<instance id="272" name="Abelius' Power" />
	<instance id="273" name="Sapyros' Power" />
	<instance id="274" name="Ashagen's Power" />
	<instance id="275" name="Cranigg's Power" />
	<instance id="276" name="Naviarope's Power" />
	<instance id="277" name="Leister's Power" />
	<instance id="278" name="Soltkreig's Power" />
	<instance id="279" name="Lakcis' Power" />
	<instance id="280" name="Faeron Village" />
	<instance id="281" name="Eva's Hidden Space" />
	<instance id="282" name="Nornil's Garden" />
	<instance id="283" name="Fallen Emperor's Throne" />
	<instance id="284" name="Hall of Etina" />
	<instance id="285" name="Hall of Etina (Party)" />
	<instance id="286" name="Hall of Etina" />
	<instance id="287" name="Frintezza - Last Imperial Tomb (Epic)" />
	<instance id="288" name="Ice Queen's Castle (Epic)" />
	<instance id="289" name="Merkios' Altar" />
	<instance id="290" name="Lurin's Fortress" />
	<instance id="291" name="Krofin's Nest - Lv. 105" />
	<instance id="292" name="Hall of Etina (Solo)" />
	<instance id="293" name="Hall of Etina (Solo)" />
	<instance id="294" name="Eva's Hidden Space" />
	<instance id="295" name="Rim Kamaloka" />
	<instance id="296" name="Rim Kamaloka" />
	<instance id="297" name="Rim Kamaloka" />
	<instance id="298" name="Kastia's Labyrinth" />
	<instance id="299" name="Kastia's Labyrinth" />
	<instance id="300" name="Kastia's Labyrinth" />
	<instance id="301" name="Tauti's Cavern" />
	<instance id="302" name="Frintezza - Last Imperial Tomb" />
	<instance id="303" name="Octavis' Cavern" />
	<instance id="304" name="Antharas' Nest" />
	<instance id="305" name="Kastia's Labyrinth" />
	<instance id="306" name="Kastia's Labyrinth" />
	<instance id="307" name="Throne of Heroes - Goldberg" />
	<instance id="308" name="Throne of Heroes - Mary Reed" />
	<instance id="309" name="Throne of Heroes - Tauti" />
	<instance id="310" name="Spirit Forest - Lv. 110" />
	<instance id="311" name="Ashen Shadow Camp - Lv. 110" />
	<instance id="312" name="Crystal Prison (Baylor) - Lv. 110" />
	<instance id="313" name="Nightmare Kamaloka - Lv. 110" />
	<instance id="314" name="Spirit Forest - Lv. 105" />
	<instance id="315" name="Krofin's Nest - Lv. 110" />
	<instance id="316" name="Antharas' Nest" />
	<instance id="1001" name="Session Zone - Storm Isle" />
	<instance id="1006" name="Session Zone - Primeval Isle" />
	<instance id="1007" name="Session Zone - Isle of Souls" />
	<instance id="1008" name="Session Zone - Tower of Insolence (Lower)" />
	<instance id="1009" name="World Session Zone - Tower of Insolence (Middle)" />
	<instance id="1011" name="Session Zone - Abandoned Coal Mines" />
	<instance id="1012" name="Session Zone - Imperial Tomb" />
	<instance id="1013" name="Session Zone - Corroded Fields" />
	<instance id="1014" name="Session Zone - Otherworldly Atelia Refinery" />
	<instance id="1015" name="Session Zone - Otherworldly Atelia Refinery" />
	<instance id="1020" name="World Session Zone - Tower of Insolence" />
</list>