<?xml version="1.0" encoding="UTF-8"?>
<list xmlns:xsi="http://www.w3.org/2001/XMLSchema-instance" xsi:noNamespaceSchemaLocation="xsd/LuckyGameData.xsd">
	<luckygame index="2" turning_point="50000">
		<common_reward>
			<item id="23767" count="1" chance="8" /> <!-- Luxury Fortune Ticket -->
			<item id="80000" count="1" chance="2.3255813953488" /> <!-- Artifact Fragment -->
			<item id="24143" count="1" chance="0.3255813953488" /> <!-- Blessed Eternal Pack -->
			<item id="34789" count="1" chance="2.3255813953488" /> <!-- Blessed Scroll: Enchant R-grade Weapon -->
			<item id="35569" count="1" chance="2.3255813953488" /> <!-- Bloody Armor Enhancement Stone -->
			<item id="36146" count="1" chance="2.3255813953488" /> <!-- Bloody Helios Weapon Pack -->
			<item id="35568" count="1" chance="2.3255813953488" /> <!-- Bloody Weapon Enhancement Stone -->
			<item id="80839" count="1" chance="2.3255813953488" /> <!-- Crystal of Dawn -->
			<item id="35567" count="1" chance="2.3255813953488" /> <!-- Dark Armor Enhancement Stone -->
			<item id="36147" count="1" chance="2.3255813953488" /> <!-- Dark Helios Weapon Pack -->
			<item id="35566" count="1" chance="2.3255813953488" /> <!-- Dark Weapon Enhancement Stone -->
			<item id="39323" count="1" chance="2.3255813953488" /> <!-- Designer Eternal Armor Pack -->
			<item id="39343" count="1" chance="2.3255813953488" /> <!-- Designer Helios Weapon Pack -->
			<item id="33478" count="1" chance="2.3255813953488" /> <!-- Destruction Scroll: Enchant R-grade Weapon -->
			<item id="36514" count="3" chance="2.3255813953488" /> <!-- Elcyum Crystal -->
			<item id="80964" count="1" chance="2.3255813953488" /> <!-- Energy of Protection -->
			<item id="48860" count="1" chance="0.3255813953488" /> <!-- Fallen Angel's Ring Box -->
			<item id="40233" count="1" chance="2.3255813953488" /> <!-- Freya's Lucky Enchant Stone: R-grade Armor -->
			<item id="40232" count="1" chance="2.3255813953488" /> <!-- Freya's Lucky Enchant Stone: R-grade Weapon -->
			<item id="40236" count="1" chance="2.3255813953488" /> <!-- Giant's Energy 100-unit Pack -->
			<item id="40235" count="1" chance="2.3255813953488" /> <!-- Giant's Energy 20-unit Pack -->
			<item id="36386" count="1" chance="2.3255813953488" /> <!-- Giant's Scroll: Enchant R-grade Weapon -->
			<item id="48831" count="1" chance="2.3255813953488" /> <!-- Jewel Energy -->
			<item id="26291" count="1" chance="2.3255813953488" /> <!-- Kaliel's Energy -->
			<item id="24346" count="1" chance="2.3255813953488" /> <!-- Lesser Giant's Lucky Enchant Stone: R-grade Armor Pack -->
			<item id="24344" count="1" chance="2.3255813953488" /> <!-- Lesser Giant's Lucky Enchant Stone: R-grade Weapon Pack -->
			<item id="29150" count="1" chance="2.3255813953488" /> <!-- Low-grade Zodiac Agathion Pack -->
			<item id="34954" count="1" chance="2.3255813953488" /> <!-- Lv. 5 Legendary Dye Pack -->
			<item id="46537" count="1" chance="2.3255813953488" /> <!-- Mystic Soul Crystal Fragment -->
			<item id="47916" count="1" chance="2.3255813953488" /> <!-- Nevit's Cloak of Light Box -->
			<item id="47918" count="1" chance="2.3255813953488" /> <!-- Nevit's Gold Hourglass -->
			<item id="47396" count="1" chance="1.3255813953488" /> <!-- Nurka's/ Lidia's/ Gustav's Belt Box -->
			<item id="19440" count="50" chance="2.3255813953488" /> <!-- R-grade Gemstone -->
			<item id="80449" count="1" chance="2.3255813953488" /> <!-- Royal Black Save Card -->
			<item id="80501" count="1" chance="2.3255813953488" /> <!-- Royal Gold Save Ticket -->
			<item id="28454" count="1" chance="2.3255813953488" /> <!-- Sayha's Blessing (item) -->
			<item id="28453" count="1" chance="2.3255813953488" /> <!-- Sayha's Energy (item) -->
			<item id="29067" count="3" chance="2.3255813953488" /> <!-- Sayha's Talisman Pack -->
			<item id="29069" count="1" chance="0.3255813953488" /> <!-- Sayha's Talisman Pack Lv. 8 -->
			<item id="36162" count="1" chance="2.3255813953488" /> <!-- Scroll of Blessing (R99-grade) -->
			<item id="35649" count="1" chance="1.3255813953488" /> <!-- Sealed Talisman - Longing -->
			<item id="37716" count="1" chance="1.3255813953488" /> <!-- Seven Signs' Energy -->
			<item id="46530" count="5" chance="2.3255813953488" /> <!-- Top-grade Love Potion - Party -->
			<item id="45932" count="1" chance="2.3255813953488" /> <!-- Top-grade Spirit Stone -->
		</common_reward>
	</luckygame>
	<luckygame index="102" turning_point="10000">
		<common_reward>
			<item id="80000" count="1" chance="2.3255813953488" /> <!-- Artifact Fragment -->
			<item id="24143" count="1" chance="0.3255813953488" /> <!-- Blessed Eternal Pack -->
			<item id="34789" count="1" chance="2.3255813953488" /> <!-- Blessed Scroll: Enchant R-grade Weapon -->
			<item id="35569" count="1" chance="2.3255813953488" /> <!-- Bloody Armor Enhancement Stone -->
			<item id="36146" count="1" chance="2.3255813953488" /> <!-- Bloody Helios Weapon Pack -->
			<item id="35568" count="1" chance="2.3255813953488" /> <!-- Bloody Weapon Enhancement Stone -->
			<item id="80839" count="1" chance="0.3255813953488" /> <!-- Crystal of Dawn -->
			<item id="35567" count="1" chance="2.3255813953488" /> <!-- Dark Armor Enhancement Stone -->
			<item id="36147" count="1" chance="2.3255813953488" /> <!-- Dark Helios Weapon Pack -->
			<item id="35566" count="1" chance="2.3255813953488" /> <!-- Dark Weapon Enhancement Stone -->
			<item id="39323" count="1" chance="0.3255813953488" /> <!-- Designer Eternal Armor Pack -->
			<item id="39343" count="1" chance="0.3255813953488" /> <!-- Designer Helios Weapon Pack -->
			<item id="33478" count="1" chance="0.3255813953488" /> <!-- Destruction Scroll: Enchant R-grade Weapon -->
			<item id="36514" count="3" chance="2.3255813953488" /> <!-- Elcyum Crystal -->
			<item id="80964" count="1" chance="0.3255813953488" /> <!-- Energy of Protection -->
			<item id="48860" count="1" chance="0.3255813953488" /> <!-- Fallen Angel's Ring Box -->
			<item id="40233" count="1" chance="0.3255813953488" /> <!-- Freya's Lucky Enchant Stone: R-grade Armor -->
			<item id="40232" count="1" chance="0.3255813953488" /> <!-- Freya's Lucky Enchant Stone: R-grade Weapon -->
			<item id="40236" count="1" chance="0.3255813953488" /> <!-- Giant's Energy 100-unit Pack -->
			<item id="40235" count="1" chance="2.3255813953488" /> <!-- Giant's Energy 20-unit Pack -->
			<item id="36386" count="1" chance="0.3255813953488" /> <!-- Giant's Scroll: Enchant R-grade Weapon -->
			<item id="48831" count="1" chance="2.3255813953488" /> <!-- Jewel Energy -->
			<item id="26291" count="1" chance="0.3255813953488" /> <!-- Kaliel's Energy -->
			<item id="24346" count="1" chance="0.3255813953488" /> <!-- Lesser Giant's Lucky Enchant Stone: R-grade Armor Pack -->
			<item id="24344" count="1" chance="0.3255813953488" /> <!-- Lesser Giant's Lucky Enchant Stone: R-grade Weapon Pack -->
			<item id="29150" count="1" chance="0.3255813953488" /> <!-- Low-grade Zodiac Agathion Pack -->
			<item id="34954" count="1" chance="0.3255813953488" /> <!-- Lv. 5 Legendary Dye Pack -->
			<item id="46537" count="1" chance="2.3255813953488" /> <!-- Mystic Soul Crystal Fragment -->
			<item id="47916" count="1" chance="2.3255813953488" /> <!-- Nevit's Cloak of Light Box -->
			<item id="47918" count="1" chance="2.3255813953488" /> <!-- Nevit's Gold Hourglass -->
			<item id="47396" count="1" chance="1.3255813953488" /> <!-- Nurka's/ Lidia's/ Gustav's Belt Box -->
			<item id="19440" count="50" chance="3.3255813953488" /> <!-- R-grade Gemstone -->
			<item id="80449" count="1" chance="0.3255813953488" /> <!-- Royal Black Save Card -->
			<item id="80501" count="1" chance="0.3255813953488" /> <!-- Royal Gold Save Ticket -->
			<item id="28454" count="1" chance="2.3255813953488" /> <!-- Sayha's Blessing (item) -->
			<item id="28453" count="1" chance="2.3255813953488" /> <!-- Sayha's Energy (item) -->
			<item id="29067" count="3" chance="2.3255813953488" /> <!-- Sayha's Talisman Pack -->
			<item id="29069" count="1" chance="2.3255813953488" /> <!-- Sayha's Talisman Pack Lv. 8 -->
			<item id="36162" count="1" chance="2.3255813953488" /> <!-- Scroll of Blessing (R99-grade) -->
			<item id="35649" count="1" chance="1.3255813953488" /> <!-- Sealed Talisman - Longing -->
			<item id="37716" count="1" chance="1.3255813953488" /> <!-- Seven Signs' Energy -->
			<item id="46530" count="5" chance="3.3255813953488" /> <!-- Top-grade Love Potion - Party -->
			<item id="45932" count="1" chance="3.3255813953488" /> <!-- Top-grade Spirit Stone -->
			
			<item id="28758" count="1" chance="1.5" /> <!-- Ancient Zodiac Agathion Charm Book of Growth -->
			<item id="48984" count="1" chance="1.5" /> <!-- Artifact - M. Skill Power -->
			<item id="48983" count="1" chance="1.5" /> <!-- Artifact - P. Skill Power -->
			<item id="48982" count="1" chance="1.5" /> <!-- Artifact - Received Damage When Immobilized (No upgrade) -->
			<item id="48956" count="1" chance="1.5" /> <!-- Artifact Book - Lv. 3 -->
			<item id="48418" count="1" chance="1.5" /> <!-- Authority Ornament -->
			<item id="19463" count="1" chance="1.5" /> <!-- Blessed Antharas' Earring -->
			<item id="19464" count="1" chance="1.5" /> <!-- Blessed Valakas' Necklace -->
			<item id="81135" count="1" chance="1.5" /> <!-- Dragon Spirit Stone -->
			<item id="36515" count="2" chance="1.5" /> <!-- Elcyum -->
			<item id="80502" count="1" chance="1.5" /> <!-- Gran Kain's Scroll: Enchant R-grade Armor -->
			<item id="48912" count="1" chance="1.5" /> <!-- Gran Kain's Scroll: Enchant R-grade Weapon -->
			<item id="29152" count="1" chance="1.5" /> <!-- High-grade Zodiac Agathion Pack -->
			<item id="36731" count="1" chance="1.5" /> <!-- Life Stone: Giant's Power -->
			<item id="36946" count="1" chance="1.5" /> <!-- Lindvior's Earring -->
			<item id="23832" count="1" chance="1.5" /> <!-- Pa'agrio's Warm Breeze Pack (1-hour) -->
			<item id="28761" count="1" chance="1.5" /> <!-- Red Starlight Jar -->
			<item id="47218" count="1" chance="1.5" /> <!-- Ring of the Truth-Seeker -->
			<item id="47216" count="1" chance="1.5" /> <!-- Ruler's Ring of Authority -->
			<item id="39573" count="1" chance="1.5" /> <!-- Sealed Talisman - Insanity -->
			<item id="37723" count="1" chance="1.5" /> <!-- Shiny Elemental Shirt Exchange Stone -->
			<item id="37717" count="1" chance="1.5" /> <!-- Talisman - Seven Signs -->
			<item id="29402" count="1" chance="1.5" /> <!-- Ultimate Lv. 4 Jewelry Box -->
			<item id="29403" count="1" chance="1.5" /> <!-- Ultimate Lv. 5 Jewelry Box -->
		</common_reward>
		<unique_reward>
			<item id="28758" count="1" points="10000" /> <!-- Ancient Zodiac Agathion Charm Book of Growth -->
			<item id="48984" count="1" points="9500" /> <!-- Artifact - M. Skill Power -->
			<item id="48983" count="1" points="9000" /> <!-- Artifact - P. Skill Power -->
			<item id="48982" count="1" points="8500" /> <!-- Artifact - Received Damage When Immobilized (No upgrade) -->
			<item id="48956" count="1" points="8000" /> <!-- Artifact Book - Lv. 3 -->
			<item id="48418" count="1" points="7500" /> <!-- Authority Ornament -->
			<item id="19463" count="1" points="7000" /> <!-- Blessed Antharas' Earring -->
			<item id="19464" count="1" points="6500" /> <!-- Blessed Valakas' Necklace -->
			<item id="81135" count="1" points="6000" /> <!-- Dragon Spirit Stone -->
			<item id="36515" count="2" points="5500" /> <!-- Elcyum -->
			<item id="80502" count="1" points="5000" /> <!-- Gran Kain's Scroll: Enchant R-grade Armor -->
			<item id="48912" count="1" points="4500" /> <!-- Gran Kain's Scroll: Enchant R-grade Weapon -->
			<item id="29152" count="1" points="4000" /> <!-- High-grade Zodiac Agathion Pack -->
			<item id="36731" count="1" points="3500" /> <!-- Life Stone: Giant's Power -->
			<item id="36946" count="1" points="3000" /> <!-- Lindvior's Earring -->
			<item id="23832" count="1" points="2500" /> <!-- Pa'agrio's Warm Breeze Pack (1-hour) -->
			<item id="28761" count="1" points="2000" /> <!-- Red Starlight Jar -->
			<item id="47218" count="1" points="1500" /> <!-- Ring of the Truth-Seeker -->
			<item id="47216" count="1" points="1000" /> <!-- Ruler's Ring of Authority -->
			<item id="39573" count="1" points="500" /> <!-- Sealed Talisman - Insanity -->
			<item id="37723" count="1" points="250" /> <!-- Shiny Elemental Shirt Exchange Stone -->
			<item id="37717" count="1" points="200" /> <!-- Talisman - Seven Signs -->
			<item id="29402" count="1" points="150" /> <!-- Ultimate Lv. 4 Jewelry Box -->
			<item id="29403" count="1" points="100" /> <!-- Ultimate Lv. 5 Jewelry Box -->
		</unique_reward>
		<modify_reward min_game="40" max_game="50">
			<item id="28758" count="1" chance="3.8461538461538" /> <!-- Ancient Zodiac Agathion Charm Book of Growth -->
			<item id="48984" count="1" chance="3.8461538461538" /> <!-- Artifact - M. Skill Power -->
			<item id="48983" count="1" chance="3.8461538461538" /> <!-- Artifact - P. Skill Power -->
			<item id="48982" count="1" chance="3.8461538461538" /> <!-- Artifact - Received Damage When Immobilized (No upgrade) -->
			<item id="48956" count="1" chance="3.8461538461538" /> <!-- Artifact Book - Lv. 3 -->
			<item id="48418" count="1" chance="3.8461538461538" /> <!-- Authority Ornament -->
			<item id="19463" count="1" chance="3.8461538461538" /> <!-- Blessed Antharas' Earring -->
			<item id="19464" count="1" chance="3.8461538461538" /> <!-- Blessed Valakas' Necklace -->
			<item id="81135" count="1" chance="3.8461538461538" /> <!-- Dragon Spirit Stone -->
			<item id="36515" count="2" chance="3.8461538461538" /> <!-- Elcyum -->
			<item id="80502" count="1" chance="3.8461538461538" /> <!-- Gran Kain's Scroll: Enchant R-grade Armor -->
			<item id="48912" count="1" chance="3.8461538461538" /> <!-- Gran Kain's Scroll: Enchant R-grade Weapon -->
			<item id="29152" count="1" chance="3.8461538461538" /> <!-- High-grade Zodiac Agathion Pack -->
			<item id="36731" count="1" chance="3.8461538461538" /> <!-- Life Stone: Giant's Power -->
			<item id="36946" count="1" chance="3.8461538461538" /> <!-- Lindvior's Earring -->
			<item id="23832" count="1" chance="3.8461538461538" /> <!-- Pa'agrio's Warm Breeze Pack (1-hour) -->
			<item id="28761" count="1" chance="3.8461538461538" /> <!-- Red Starlight Jar -->
			<item id="47218" count="1" chance="3.8461538461538" /> <!-- Ring of the Truth-Seeker -->
			<item id="47216" count="1" chance="3.8461538461538" /> <!-- Ruler's Ring of Authority -->
			<item id="39573" count="1" chance="3.8461538461538" /> <!-- Sealed Talisman - Insanity -->
			<item id="37723" count="1" chance="3.8461538461538" /> <!-- Shiny Elemental Shirt Exchange Stone -->
			<item id="37717" count="1" chance="3.8461538461538" /> <!-- Talisman - Seven Signs -->
			<item id="29402" count="1" chance="3.8461538461538" /> <!-- Ultimate Lv. 4 Jewelry Box -->
			<item id="29403" count="1" chance="3.8461538461538" /> <!-- Ultimate Lv. 5 Jewelry Box -->
		</modify_reward>
	</luckygame>
</list>