<?xml version="1.0" encoding="UTF-8"?>
<list xmlns:xsi="http://www.w3.org/2001/XMLSchema-instance" xsi:noNamespaceSchemaLocation="xsd/ResidenceFunctions.xsd">
	<!-- Clan hall functions -->
	<function id="1" type="HP_REGEN">
		<function level="1" costId="57" costCount="14000" duration="1days" value="200" />
		<function level="2" costId="57" costCount="17500" duration="3days" value="300" />
		<function level="3" costId="57" costCount="37500" duration="3days" value="500" />
		<function level="4" costId="57" costCount="77500" duration="3days" value="700" />
		<function level="5" costId="57" costCount="132500" duration="3days" value="1000" />
	</function>
	<function id="2" type="MP_REGEN">
		<function level="1" costId="57" costCount="85000" duration="2days" value="500" />
		<function level="2" costId="57" costCount="137500" duration="2days" value="1000" />
		<function level="3" costId="57" costCount="200000" duration="2days" value="2000" />
		<function level="4" costId="57" costCount="275000" duration="2days" value="3000" />
	</function>
	<function id="3" type="EXP_RESTORE">
		<function level="1" costId="57" costCount="45000" duration="1days" value="35" />
		<function level="2" costId="57" costCount="75000" duration="1days" value="45" />
		<function level="3" costId="57" costCount="105000" duration="1days" value="55" />
		<function level="4" costId="57" costCount="150000" duration="1days" value="70" />
	</function>
	<function id="4" type="TELEPORT">
		<function level="1" costId="57" costCount="840000" duration="2days" />
		<function level="2" costId="57" costCount="860000" duration="2days" />
	</function>
	<function id="5" type="BUFF">
		<function level="1" costId="57" costCount="185000" duration="1days" />
		<function level="2" costId="57" costCount="260000" duration="1days" />
		<function level="3" costId="57" costCount="335000" duration="1days" />
		<function level="4" costId="57" costCount="410000" duration="1days" />
	</function>
	<function id="6" type="ITEM">
		<function level="1" costId="57" costCount="150000" duration="1days" />
		<function level="2" costId="57" costCount="350000" duration="1days" />
		<function level="3" costId="57" costCount="700000" duration="1days" />
	</function>
	<function id="7" type="CURTAIN">
		<function level="1" costId="57" costCount="10000" duration="7days" />
		<function level="2" costId="57" costCount="12500" duration="7days" />
	</function>
	<function id="8" type="PLATFORM">
		<function level="1" costId="57" costCount="6500" duration="3days" />
		<function level="2" costId="57" costCount="20000" duration="3days" />
	</function>
</list>