<?xml version="1.0" encoding="UTF-8"?>
<list xmlns:xsi="http://www.w3.org/2001/XMLSchema-instance" xsi:noNamespaceSchemaLocation="xsd/TeleportListData.xsd">
	<teleport id="3" x="47382" y="111278" z="-2099" price="30000" /> <!-- Partisan's Hideaway -->
	<teleport id="4" x="5106" y="126916" z="-3659" price="30000" /> <!-- Cruma Marshlands -->
	<teleport id="5" x="17232" y="114186" z="-3439" price="30000" /> <!-- Cruma Tower -->
	<teleport id="7" x="15487" y="142871" z="-2701" price="60000" /> <!-- Town of Dion -->
	<teleport id="8" x="17730" y="170016" z="-3496" price="30000" /> <!-- Floran Village -->
	<teleport id="10" x="55949" y="164364" z="-2640" price="120000" /> <!-- Tanor Canyon -->
	<teleport id="17" x="105918" y="109759" z="-3165" price="30000" /> <!-- Hardin's Academy -->
	<teleport id="18" x="72370" y="116479" z="-3720" price="150000" /> <!-- Dragon Valley -->
	<teleport id="19" x="129728" y="114758" z="-3804" price="30000" /> <!-- Antharas' Lair -->
	<teleport id="24" x="47916" y="186857" z="-3485" price="30000" /> <!-- Giran Harbor -->
	<teleport id="25" x="83551" y="147945" z="-3395" price="60000" /> <!-- Town of Giran -->
	<teleport id="28" x="85675" y="131612" z="-3656" price="150000" /> <!-- Breka's Stronghold -->
	<teleport id="31" x="-19353" y="136842" z="-3759" price="30000" /> <!-- Ruins of Despair -->
	<teleport id="32" x="-41167" y="122789" z="-2914" price="30000" /> <!-- Ruins of Agony -->
	<teleport id="33" x="-16475" y="208815" z="-3662" price="120000" /> <!-- Wasteland -->
	<teleport id="34" x="-9965" y="176174" z="-4149" price="30000" /> <!-- Ant Nest -->
	<teleport id="35" x="-80684" y="149770" z="-3040" price="30000" /> <!-- Gludin Village -->
	<teleport id="37" x="-14608" y="123920" z="-3128" price="60000" /> <!-- Town of Gludio -->
	<teleport id="39" x="-89776" y="105344" z="-3581" price="30000" /> <!-- Orc Barracks -->
	<teleport id="44" x="-93421" y="89616" z="-3219" price="30000" /> <!-- Windy Hill -->
	<teleport id="49" x="-113443" y="256656" z="-1504" price="30000" /> <!-- Talking Island Village -->
	<teleport id="58" x="-74850" y="168753" z="-3506" price="30000" /> <!-- Windmill Hill -->
	<teleport id="66" x="-10612" y="75881" z="-3592" price="120000" /> <!-- Neutral Zone -->
	<teleport id="68" x="46939" y="51300" z="-2992" price="30000" /> <!-- Elven Forest -->
	<teleport id="69" x="49646" y="55207" z="-3432" price="90000" /> <!-- Shadow of The Mother Tree -->
	<teleport id="70" x="44734" y="49210" z="-3056" price="30000" /> <!-- Elven Village -->
	<teleport id="75" x="11167" y="16012" z="-4584" price="30000" /> <!-- Dark Elf Village -->
	<teleport id="77" x="-14506" y="44138" z="-3653" price="60000" /> <!-- Bloody Swampland -->
	<teleport id="79" x="64151" y="26094" z="-3768" price="150000" /> <!-- Sea of Spores -->
	<teleport id="81" x="85392" y="16232" z="-3673" price="30000" /> <!-- Ivory Tower -->
	<teleport id="82" x="82958" y="53213" z="-1495" price="60000" /> <!-- Town of Oren -->
	<teleport id="84" x="86375" y="85963" z="-2864" price="150000" /> <!-- Plains of the Lizardmen -->
	<teleport id="85" x="88490" y="60779" z="-3656" price="150000" /> <!-- Sel Mahum Training Grounds -->
	<teleport id="90" x="89912" y="11846" z="-5112" price="120000" /> <!-- Ivory Tower Crater -->
	<teleport id="92" x="91539" y="-12204" z="-2435" price="30000" /> <!-- Outlaw Forest -->
	<teleport id="98" x="114639" y="11103" z="-5115" price="120000" /> <!-- Tower of Insolence -->
	<teleport id="99" x="155310" y="-16339" z="-3315" price="60000" /> <!-- Blazing Swamp -->
	<teleport id="101" x="184734" y="19735" z="-3171" price="60000" /> <!-- Seal of Shilen -->
	<teleport id="102" x="174479" y="50931" z="-4369" price="90000" /> <!-- Giant's Cave -->
	<teleport id="103" x="114681" y="48255" z="-4576" price="90000" /> <!-- Enchanted Valley -->
	<teleport id="104" x="166550" y="20305" z="-3328" price="150000" /> <!-- The Cemetery -->
	<teleport id="105" x="160088" y="68561" z="-3320" price="120000" /> <!-- Forest of Mirrors -->
	<teleport id="106" x="172449" y="90319" z="-1985" price="30000" /> <!-- Anghel Waterfall -->
	<teleport id="107" x="146798" y="25796" z="-2012" price="60000" /> <!-- Aden -->
	<teleport id="108" x="117070" y="76936" z="-2696" price="30000" /> <!-- Hunter's Village -->
	<teleport id="110" x="146439" y="46715" z="-3434" price="30000" /> <!-- Coliseum -->
	<teleport id="114" x="174462" y="40115" z="-4145" price="30000" /> <!-- Forsaken Plains -->
	<teleport id="115" x="171905" y="55426" z="-5872" price="120000" /> <!-- Silent Valley -->
	<teleport id="118" x="183505" y="-15903" z="-2712" price="150000" /> <!-- Fields of Massacre -->
	<teleport id="119" x="159386" y="21093" z="-3680" price="60000" /> <!-- War-Torn Plains -->
	<teleport id="122" x="95983" y="170989" z="-3640" price="120000" /> <!-- Field of Silence -->
	<teleport id="123" x="81435" y="226624" z="-3592" price="120000" /> <!-- Field of Whispers -->
	<teleport id="124" x="84413" y="234334" z="-3651" price="30000" /> <!-- Garden of Eva -->
	<teleport id="125" x="121342" y="185640" z="-3592" price="120000" /> <!-- Alligator Island -->
	<teleport id="126" x="111453" y="219391" z="-3545" price="60000" /> <!-- Heine -->
	<teleport id="131" x="-44124" y="-113390" z="-240" price="30000" /> <!-- Orc Village -->
	<teleport id="133" x="16360" y="-114097" z="-226" price="30000" /> <!-- Gainak -->
	<teleport id="140" x="115357" y="-178212" z="-928" price="30000" /> <!-- Dwarven Village -->
	<teleport id="143" x="171946" y="-173352" z="3445" price="30000" /> <!-- Mithril Mines -->
	<teleport id="148" x="111965" y="-154172" z="-1523" price="90000" /> <!-- Plunderous Plains -->
	<teleport id="149" x="123463" y="-126707" z="-2458" price="30000" /> <!-- Frozen Labyrinth -->
	<teleport id="150" x="102174" y="-124781" z="-2760" price="30000" /> <!-- Freya's Garden -->
	<teleport id="151" x="91280" y="-117152" z="-3923" price="30000" /> <!-- Pavel Ruins -->
	<teleport id="157" x="87130" y="-143514" z="-1291" price="60000" /> <!-- Town of Schuttgart -->
	<teleport id="181" x="148015" y="-55293" z="-2733" price="60000" /> <!-- Town of Goddard -->
	<teleport id="184" x="144880" y="-113468" z="-2555" price="30000" /> <!-- Hot Springs -->
	<teleport id="186" x="169018" y="-116303" z="-2427" price="30000" /> <!-- Forge of the Gods -->
	<teleport id="189" x="146580" y="-68100" z="-3680" price="150000" /> <!-- Ketra Orc Outpost -->
	<teleport id="191" x="186699" y="-75915" z="-2821" price="30000" /> <!-- Imperial Tomb -->
	<teleport id="193" x="177476" y="-50103" z="-3401" price="150000" /> <!-- Wall of Argos -->
	<teleport id="195" x="125008" y="-41668" z="-3568" price="150000" /> <!-- Varka Silenos Barracks -->
	<teleport id="201" x="43823" y="-47760" z="-796" price="60000" /> <!-- Town of Rune -->
	<teleport id="205" x="53516" y="-82831" z="-2695" price="30000" /> <!-- Beast Farm -->
	<teleport id="207" x="65307" y="-71445" z="-3683" price="30000" /> <!-- Valley of Saints -->
	<teleport id="208" x="52107" y="-54328" z="-3147" price="30000" /> <!-- Forest of the Dead -->
	<teleport id="211" x="69340" y="-50203" z="-3288" price="150000" /> <!-- Swamp of Screams -->
	<teleport id="214" x="89513" y="-44800" z="-2131" price="30000" /> <!-- Stakato Nest -->
	<teleport id="216" x="113902" y="-108751" z="-856" price="30000" /> <!-- Ice Merchant Cabin -->
	<teleport id="234" x="150361" y="195461" z="-3744" price="150000" /> <!-- Isle of Prayer -->
	<teleport id="239" x="149362" y="172556" z="-952" price="60000" /> <!-- Parnassus -->
	<teleport id="244" x="-117001" y="46589" z="360" price="30000" /> <!-- Kamael Village -->
	<teleport id="273" x="-21471" y="243131" z="-3128" price="90000" /> <!-- Beleth's Magic Circle -->
	<teleport id="276" x="-13162" y="252231" z="-3448" price="90000" /> <!-- Phantasmal Ridge -->
	<teleport id="278" x="-9082" y="241664" z="-1960" price="90000" /> <!-- Desert Quarry -->
	<teleport id="305" x="207482" y="86610" z="-1000" price="30000" /> <!-- Ancient City Arcan -->
	<teleport id="311" x="-109300" y="237498" z="-2944" price="30000" /> <!-- Ruins of Ye Sagira -->
	<teleport id="316" x="-80532" y="247714" z="-3492" price="30000" /> <!-- Faeron Village -->
	<teleport id="317" x="-82399" y="244118" z="-3738" price="30000" /> <!-- Whispering Woods -->
	<teleport id="320" x="-51015" y="-147271" z="-14944" price="30000" /> <!-- Underground Gainak -->
	<teleport id="321" x="79827" y="152588" z="2304" price="90000" /> <!-- Superion Fortress -->
	<teleport id="352" x="-149406" y="255247" z="-80" price="30000" /> <!-- Gludio Wharf -->
	<teleport id="354" x="-122410" y="73205" z="-2867" price="30000" /> <!-- Stronghold I -->
	<teleport id="355" x="-94895" y="52208" z="-2029" price="60000" /> <!-- Stronghold II -->
	<teleport id="356" x="-85928" y="37095" z="-2043" price="60000" /> <!-- Stronghold III -->
	<teleport id="357" x="-74016" y="51932" z="-3680" price="30000" /> <!-- Isle of Souls Harbor -->
	<teleport id="358" x="-13982" y="22124" z="-3616" price="60000" /> <!-- Altar of Evil -->
	<teleport id="359" x="-28575" y="255984" z="-2195" price="90000" /> <!-- Hellbound -->
	<teleport id="384" x="-22480" y="13862" z="-3172" price="120000" /> <!-- Catacomb of Dark Omens -->
	<teleport id="385" x="168548" y="-17966" z="-3172" price="120000" /> <!-- The Disciple's Necropolis -->
	<teleport id="387" x="168844" y="234416" z="-2304" price="150000" /> <!-- Fafurion Temple -->
	<teleport id="388" x="-114986" y="226633" z="-2864" price="30000" /> <!-- Tomb of Souls -->
	<teleport id="389" x="-48154" y="69462" z="-3080" price="90000" /> <!-- Blackbird Campsite -->
</list>