<?xml version="1.0" encoding="UTF-8"?>
<list enabled="true" xmlns:xsi="http://www.w3.org/2001/XMLSchema-instance" xsi:noNamespaceSchemaLocation="xsd/TimedHuntingZoneData.xsd">
	<zone id="1" name="Storm Isle">
		<enterLocation>194284,176597,-1888</enterLocation>
		<exitLocation>110975,220094,-3664</exitLocation>
		<initialTime>3600</initialTime> <!-- 1 hour -->
		<resetDelay>864000</resetDelay> <!-- 10 days -->
		<maxAddedTime>21600</maxAddedTime> <!-- 6 hours -->
		<remainRefillTime>7200</remainRefillTime>
		<refillTimeMax>3600</refillTimeMax>
		<entryFee>150000</entryFee>
		<minLevel>100</minLevel>
		<maxLevel>130</maxLevel>
		<soloInstance>false</soloInstance>
		<noPvpZone>true</noPvpZone>
	</zone>
	<zone id="6" name="Primeval Isle">
		<enterLocation>9365,-21407,-3584</enterLocation>
		<exitLocation>43792,-48928,-792</exitLocation>
		<initialTime>3600</initialTime> <!-- 1 hour -->
		<resetDelay>864000</resetDelay> <!-- 10 days -->
		<maxAddedTime>21600</maxAddedTime> <!-- 6 hours -->
		<remainRefillTime>7200</remainRefillTime>
		<refillTimeMax>3600</refillTimeMax>
		<entryFee>150000</entryFee>
		<minLevel>105</minLevel>
		<maxLevel>130</maxLevel>
		<soloInstance>false</soloInstance>
	</zone>
	<zone id="7" name="Isle of Souls">
		<enterLocation>-122260,73669,-2872</enterLocation>
		<exitLocation>148353,28032,-2264</exitLocation>
		<initialTime>3600</initialTime> <!-- 1 hour -->
		<resetDelay>86400</resetDelay> <!-- 10 days -->
		<maxAddedTime>21600</maxAddedTime> <!-- 6 hours -->
		<remainRefillTime>7200</remainRefillTime>
		<refillTimeMax>3600</refillTimeMax>
		<entryFee>150000</entryFee>
		<minLevel>107</minLevel>
		<maxLevel>130</maxLevel>
		<instanceId>1007</instanceId>
		<soloInstance>false</soloInstance>
	</zone>
	<zone id="11" name="Abandoned Coal Mines">
		<enterLocation>139405,-169389,-1600</enterLocation>
		<exitLocation>146561,28042,-2264</exitLocation>
		<initialTime>3600</initialTime> <!-- 1 hour -->
		<resetDelay>864000</resetDelay> <!-- 10 days -->
		<maxAddedTime>21600</maxAddedTime> <!-- 6 hours -->
		<remainRefillTime>18000</remainRefillTime>
		<refillTimeMax>3600</refillTimeMax>
		<entryFee>150000</entryFee>
		<minLevel>99</minLevel>
		<maxLevel>105</maxLevel>
		<soloInstance>false</soloInstance>
		<noPvpZone>true</noPvpZone>
	</zone>
	<zone id="20" name="Tower of Insolence (01 - 09 flours)">
		<enterLocation>-82014,16247,-15416</enterLocation>
		<exitLocation>147459,27019,-2207</exitLocation>
		<initialTime>36000</initialTime> <!-- 10 hours -->
		<resetDelay>864000</resetDelay> <!-- 10 days -->
		<maxAddedTime>54000</maxAddedTime> <!-- 15 hours -->
		<remainRefillTime>18000</remainRefillTime> <!-- 300 mins -->
		<refillTimeMax>3600</refillTimeMax>
		<entryFee>1500000</entryFee>
		<minLevel>110</minLevel>
		<maxLevel>130</maxLevel>
		<instanceId>1020</instanceId>
		<soloInstance>false</soloInstance>
		<weekly>true</weekly>
		<useWorldPrefix>true</useWorldPrefix>
	</zone>
	<zone id="12" name="Imperial Tomb">
		<enterLocation>181406,-78395,-2728</enterLocation>
		<exitLocation>147714,-55409,-2728</exitLocation>
		<initialTime>3600</initialTime> <!-- 1 hour -->
		<resetDelay>864000</resetDelay> <!-- 10 days -->
		<maxAddedTime>3600</maxAddedTime> <!-- 1 hour -->
		<remainRefillTime>0</remainRefillTime>
		<refillTimeMax>3600</refillTimeMax>
		<entryFee>150000</entryFee>
		<minLevel>105</minLevel>
		<maxLevel>130</maxLevel>
		<soloInstance>false</soloInstance>
	</zone>
	<zone id="13" name="Corroded Fields">
		<enterLocation>90359,198833,-3280</enterLocation>
		<exitLocation>111563,220512,-3664</exitLocation>
		<initialTime>3600</initialTime> <!-- 1 hour -->
		<resetDelay>36000</resetDelay> <!-- 10 hours -->
		<maxAddedTime>21600</maxAddedTime> <!-- 3 hours -->
		<remainRefillTime>18000</remainRefillTime>
		<refillTimeMax>36000</refillTimeMax>
		<entryFee>150000</entryFee>
		<minLevel>100</minLevel>
		<maxLevel>130</maxLevel>
		<instanceId>1013</instanceId>
		<soloInstance>false</soloInstance>
	</zone>
	<zone id="15" name="Otherworldly Atelia Refinery">
		<enterLocation>-49020,15369,-8808</enterLocation>
		<exitLocation>82795,53888,-1488</exitLocation>
		<initialTime>36000</initialTime> <!-- 10 hour -->
		<resetDelay>864000</resetDelay> <!-- 10 days -->
		<maxAddedTime>43200</maxAddedTime> <!-- 12 hours -->
		<remainRefillTime>0</remainRefillTime>
		<refillTimeMax>3600</refillTimeMax>
		<entryFee>1500000</entryFee>
		<minLevel>112</minLevel>
		<maxLevel>130</maxLevel>
		<soloInstance>false</soloInstance>
		<noPvpZone>true</noPvpZone>
		<weekly>true</weekly>
	</zone>
</list>