<?xml version="1.0" encoding="UTF-8"?>
<list xmlns:xsi="http://www.w3.org/2001/XMLSchema-instance" xsi:noNamespaceSchemaLocation="../xsd/buylist.xsd">
	<npcs>
		<npc>30093</npc> <!-- Groot -->
	</npcs>
	<item id="4445" price="5610" /> <!-- Dye of STR <STR + 1 CON -3> (1st Class tranfer) -->
	<item id="4446" price="5610" /> <!-- Dye of STR <STR + 1 DEX -3> (1st Class tranfer) -->
	<item id="4447" price="5610" /> <!-- Dye of CON <CON + 1 STR -3> (1st Class tranfer) -->
	<item id="4448" price="5610" /> <!-- Dye of CON <CON + 1 DEX -3> (1st Class tranfer) -->
	<item id="4449" price="5610" /> <!-- Dye of DEX <DEX + 1 STR -3> (1st Class tranfer) -->
	<item id="4450" price="5610" /> <!-- Dye of DEX <DEX + 1 CON -3> (1st Class tranfer) -->
	<item id="4451" price="5610" /> <!-- Dye of INT <INT + 1 MEN -3> (1st Class tranfer) -->
	<item id="4452" price="5610" /> <!-- Dye of INT <INT + 1 WIT -3> (1st Class tranfer) -->
	<item id="4453" price="5610" /> <!-- Dye of MEN <MEN + 1 INT -3> (1st Class tranfer) -->
	<item id="4454" price="5610" /> <!-- Dye of MEN <MEN + 1 WIT -3> (1st Class tranfer) -->
	<item id="4455" price="5610" /> <!-- Dye of WIT <WIT + 1 INT -3> (1st Class tranfer) -->
	<item id="4456" price="5610" /> <!-- Dye of WIT <WIT + 1 MEN -3> (1st Class tranfer) -->
	<item id="4457" price="13200" /> <!-- Dye of STR <STR + 1 CON -2> (1st Class tranfer) -->
	<item id="4458" price="13200" /> <!-- Dye of STR <STR + 1 DEX -2> (1st Class tranfer) -->
	<item id="4459" price="13200" /> <!-- Dye of CON <CON + 1 STR -2> (1st Class tranfer) -->
	<item id="4460" price="13200" /> <!-- Dye of CON <CON + 1 DEX -2> (1st Class tranfer) -->
	<item id="4461" price="13200" /> <!-- Dye of DEX <DEX + 1 STR -2> (1st Class tranfer) -->
	<item id="4462" price="13200" /> <!-- Dye of DEX <DEX + 1 CON -2> (1st Class tranfer) -->
	<item id="4463" price="13200" /> <!-- Dye of INT <INT + 1 MEN -2> (1st Class tranfer) -->
	<item id="4464" price="13200" /> <!-- Dye of INT <INT + 1 WIT -2> (1st Class tranfer) -->
	<item id="4465" price="13200" /> <!-- Dye of MEN <MEN + 1 INT -2> (1st Class tranfer) -->
	<item id="4466" price="13200" /> <!-- Dye of MEN <MEN + 1 WIT -2> (1st Class tranfer) -->
	<item id="4467" price="13200" /> <!-- Dye of WIT <WIT + 1 INT -2> (1st Class tranfer) -->
	<item id="4468" price="13200" /> <!-- Dye of WIT <WIT + 1 MEN -2> (1st Class tranfer) -->
	<item id="4481" price="13200" /> <!-- Greater Dye of STR <STR + 1 CON -3> (2nd Class tranfer) -->
	<item id="4482" price="13200" /> <!-- Greater Dye of STR <STR + 1 DEX -3> (2nd Class tranfer) -->
	<item id="4483" price="13200" /> <!-- Greater Dye of CON <CON + 1 STR -3> (2nd Class tranfer) -->
	<item id="4484" price="13200" /> <!-- Greater Dye of CON <CON + 1 DEX -3> (2nd Class tranfer) -->
	<item id="4485" price="13200" /> <!-- Greater Dye of DEX <DEX + 1 STR -3> (2nd Class tranfer) -->
	<item id="4486" price="13200" /> <!-- Greater Dye of DEX <DEX + 1 CON -3> (2nd Class tranfer) -->
	<item id="4487" price="13200" /> <!-- Greater Dye of INT <INT + 1 MEN -3> (2nd Class tranfer) -->
	<item id="4488" price="13200" /> <!-- Greater Dye of INT <INT + 1 WIT -3> (2nd Class tranfer) -->
	<item id="4489" price="13200" /> <!-- Greater Dye of MEN <MEN + 1 INT -3> (2nd Class tranfer) -->
	<item id="4490" price="13200" /> <!-- Greater Dye of MEN <MEN + 1 WIT -3> (2nd Class tranfer) -->
	<item id="4491" price="13200" /> <!-- Greater Dye of WIT <WIT + 1 INT -3> (2nd Class tranfer) -->
	<item id="4492" price="13200" /> <!-- Greater Dye of WIT <WIT + 1 MEN -3> (2nd Class tranfer) -->
	<item id="4493" price="23100" /> <!-- Greater Dye of STR <STR+1 CON-2> (2nd Class tranfer) -->
	<item id="4494" price="23100" /> <!-- Greater Dye of STR <STR+1 DEX-2> (2nd Class tranfer) -->
	<item id="4495" price="23100" /> <!-- Greater Dye of CON <CON+1 STR-2> (2nd Class tranfer) -->
	<item id="4496" price="23100" /> <!-- Greater Dye of CON <CON+1 DEX-2> (2nd Class tranfer) -->
	<item id="4497" price="23100" /> <!-- Greater Dye of DEX <DEX+1 STR-2> (2nd Class tranfer) -->
	<item id="4498" price="23100" /> <!-- Greater Dye of DEX <DEX+1 CON-2> (2nd Class tranfer) -->
	<item id="4499" price="23100" /> <!-- Greater Dye of INT <INT+1 MEN-2> (2nd Class tranfer) -->
	<item id="4500" price="23100" /> <!-- Greater Dye of INT <INT+1 WIT-2> (2nd Class tranfer) -->
	<item id="4501" price="23100" /> <!-- Greater Dye of MEN <MEN+1 INT-2> (2nd Class tranfer) -->
	<item id="4502" price="23100" /> <!-- Greater Dye of MEN <MEN+1 WIT-2> (2nd Class tranfer) -->
	<item id="4503" price="23100" /> <!-- Greater Dye of WIT <WIT+1 INT-2> (2nd Class tranfer) -->
	<item id="4504" price="23100" /> <!-- Greater Dye of WIT <WIT+1 MEN-2> (2nd Class tranfer) -->
	<item id="4505" price="27060" /> <!-- Greater Dye of STR <STR+2 CON-4> (2nd Class tranfer) -->
	<item id="4506" price="27060" /> <!-- Greater Dye of STR <STR+2 DEX-4> (2nd Class tranfer) -->
	<item id="4507" price="27060" /> <!-- Greater Dye of CON <CON+2 STR-4> (2nd Class tranfer) -->
	<item id="4508" price="27060" /> <!-- Greater Dye of CON <CON+2 DEX-4> (2nd Class tranfer) -->
	<item id="4509" price="27060" /> <!-- Greater Dye of DEX <DEX+2 STR-4> (2nd Class tranfer) -->
	<item id="4510" price="27060" /> <!-- Greater Dye of DEX <DEX+2 CON-4> (2nd Class tranfer) -->
	<item id="4511" price="27060" /> <!-- Greater Dye of INT <INT+2 MEN-4> (2nd Class tranfer) -->
	<item id="4512" price="27060" /> <!-- Greater Dye of INT <INT+2 WIT-4> (2nd Class tranfer) -->
	<item id="4513" price="27060" /> <!-- Greater Dye of MEN <MEN+2 INT-4> (2nd Class tranfer) -->
	<item id="4514" price="27060" /> <!-- Greater Dye of MEN <MEN+2 WIT-4> (2nd Class tranfer) -->
	<item id="4515" price="27060" /> <!-- Greater Dye of WIT <WIT+2 INT-4> (2nd Class tranfer) -->
	<item id="4516" price="27060" /> <!-- Greater Dye of WIT <WIT+2 MEN-4> (2nd Class tranfer) -->
	<item id="4517" price="29700" /> <!-- Greater Dye of STR <STR+2 CON-3> (2nd Class tranfer) -->
	<item id="4518" price="29700" /> <!-- Greater Dye of STR <STR+2 DEX-3> (2nd Class tranfer) -->
	<item id="4519" price="29700" /> <!-- Greater Dye of CON <CON+2 STR-3> (2nd Class tranfer) -->
	<item id="4520" price="29700" /> <!-- Greater Dye of CON <CON+2 DEX-3> (2nd Class tranfer) -->
	<item id="4521" price="29700" /> <!-- Greater Dye of DEX <DEX+2 STR-3> (2nd Class tranfer) -->
	<item id="4522" price="29700" /> <!-- Greater Dye of DEX <DEX+2 CON-3> (2nd Class tranfer) -->
	<item id="4523" price="29700" /> <!-- Greater Dye of INT <INT+2 MEN-3> (2nd Class tranfer) -->
	<item id="4524" price="29700" /> <!-- Greater Dye of INT <INT+2 WIT-3> (2nd Class tranfer) -->
	<item id="4525" price="29700" /> <!-- Greater Dye of MEN <MEN+2 INT-3> (2nd Class tranfer) -->
	<item id="4526" price="29700" /> <!-- Greater Dye of MEN <MEN+2 WIT-3> (2nd Class tranfer) -->
	<item id="4527" price="29700" /> <!-- Greater Dye of WIT <WIT+2 INT-3> (2nd Class tranfer) -->
	<item id="4528" price="29700" /> <!-- Greater Dye of WIT <WIT+2 MEN-3> (2nd Class tranfer) -->
	<item id="4529" price="33000" /> <!-- Greater Dye of STR <STR+3 CON-5> (2nd Class tranfer) -->
	<item id="4530" price="33000" /> <!-- Greater Dye of STR <STR+3 DEX-5> (2nd Class tranfer) -->
	<item id="4531" price="33000" /> <!-- Greater Dye of CON <CON+3 STR-5> (2nd Class tranfer) -->
	<item id="4532" price="33000" /> <!-- Greater Dye of CON <CON+3 DEX-5> (2nd Class tranfer) -->
	<item id="4533" price="33000" /> <!-- Greater Dye of DEX <DEX+3 STR-5> (2nd Class tranfer) -->
	<item id="4534" price="33000" /> <!-- Greater Dye of DEX <DEX+3 CON-5> (2nd Class tranfer) -->
	<item id="4535" price="33000" /> <!-- Greater Dye of INT <INT+3 MEN-5> (2nd Class tranfer) -->
	<item id="4536" price="33000" /> <!-- Greater Dye of INT <INT+3 WIT-5> (2nd Class tranfer) -->
	<item id="4537" price="33000" /> <!-- Greater Dye of MEN <MEN+3 INT-5> (2nd Class tranfer) -->
	<item id="4538" price="33000" /> <!-- Greater Dye of MEN <MEN+3 WIT-5> (2nd Class tranfer) -->
	<item id="4539" price="33000" /> <!-- Greater Dye of WIT <WIT+3 INT-5> (2nd Class tranfer) -->
	<item id="4540" price="33000" /> <!-- Greater Dye of WIT <WIT+3 MEN-5> (2nd Class tranfer) -->
	<item id="4541" price="33000" /> <!-- Greater Dye of STR <STR+3 CON-4> (2nd Class tranfer) -->
	<item id="4542" price="33000" /> <!-- Greater Dye of STR <STR+3 DEX-4> (2nd Class tranfer) -->
	<item id="4543" price="33000" /> <!-- Greater Dye of CON <CON+3 STR-4> (2nd Class tranfer) -->
	<item id="4544" price="33000" /> <!-- Greater Dye of CON <CON+3 DEX-4> (2nd Class tranfer) -->
	<item id="4545" price="33000" /> <!-- Greater Dye of DEX <DEX+3 STR-4> (2nd Class tranfer) -->
	<item id="4546" price="33000" /> <!-- Greater Dye of DEX <DEX+3 CON-4> (2nd Class tranfer) -->
	<item id="4547" price="33000" /> <!-- Greater Dye of INT <INT+3 MEN-4> (2nd Class tranfer) -->
	<item id="4548" price="33000" /> <!-- Greater Dye of INT <INT+3 WIT-4> (2nd Class tranfer) -->
	<item id="4549" price="33000" /> <!-- Greater Dye of MEN <MEN+3 INT-4> (2nd Class tranfer) -->
	<item id="4550" price="33000" /> <!-- Greater Dye of MEN <MEN+3 WIT-4> (2nd Class tranfer) -->
	<item id="4551" price="33000" /> <!-- Greater Dye of WIT <WIT+3 INT-4> (2nd Class tranfer) -->
	<item id="4552" price="33000" /> <!-- Greater Dye of WIT <WIT+3 MEN-4> (2nd Class tranfer) -->
	<item id="4565" price="39600" /> <!-- Greater Dye of STR <STR+4 CON-6> (2nd Class tranfer) -->
	<item id="4566" price="39600" /> <!-- Greater Dye of STR <STR+4 DEX-6> (2nd Class tranfer) -->
	<item id="4567" price="39600" /> <!-- Greater Dye of CON <CON+4 STR-6> (2nd Class tranfer) -->
	<item id="4568" price="39600" /> <!-- Greater Dye of CON <CON+4 DEX-6> (2nd Class tranfer) -->
	<item id="4569" price="39600" /> <!-- Greater Dye of DEX <DEX+4 STR-6> (2nd Class tranfer) -->
	<item id="4570" price="39600" /> <!-- Greater Dye of DEX <DEX+4 CON-6> (2nd Class tranfer) -->
	<item id="4571" price="39600" /> <!-- Greater Dye of INT <INT+4 MEN-6> (2nd Class tranfer) -->
	<item id="4572" price="39600" /> <!-- Greater Dye of INT <INT+4 WIT-6> (2nd Class tranfer) -->
	<item id="4573" price="39600" /> <!-- Greater Dye of MEN <MEN+4 INT-6> (2nd Class tranfer) -->
	<item id="4574" price="39600" /> <!-- Greater Dye of MEN <MEN+4 WIT-6> (2nd Class tranfer) -->
	<item id="4575" price="39600" /> <!-- Greater Dye of WIT <WIT+4 INT-6> (2nd Class tranfer) -->
	<item id="4576" price="39600" /> <!-- Greater Dye of WIT <WIT+4 MEN-6> (2nd Class tranfer) -->
	<item id="4577" price="39600" /> <!-- Greater Dye of STR <STR+4 CON-5> (2nd Class tranfer) -->
	<item id="4578" price="39600" /> <!-- Greater Dye of STR <STR+4 DEX-5> (2nd Class tranfer) -->
	<item id="4579" price="39600" /> <!-- Greater Dye of CON <CON+4 STR-5> (2nd Class tranfer) -->
	<item id="4580" price="39600" /> <!-- Greater Dye of CON <CON+4 DEX-5> (2nd Class tranfer) -->
	<item id="4581" price="39600" /> <!-- Greater Dye of DEX <DEX+4 STR-5> (2nd Class tranfer) -->
	<item id="4582" price="39600" /> <!-- Greater Dye of DEX <DEX+4 CON-5> (2nd Class tranfer) -->
	<item id="4583" price="39600" /> <!-- Greater Dye of INT <INT+4 MEN-5> (2nd Class tranfer) -->
	<item id="4584" price="39600" /> <!-- Greater Dye of INT <INT+4 WIT-5> (2nd Class tranfer) -->
	<item id="4585" price="39600" /> <!-- Greater Dye of MEN <MEN+4 INT-5> (2nd Class tranfer) -->
	<item id="4586" price="39600" /> <!-- Greater Dye of MEN <MEN+4 WIT-5> (2nd Class tranfer) -->
	<item id="4587" price="39600" /> <!-- Greater Dye of WIT <WIT+4 INT-5> (2nd Class tranfer) -->
	<item id="4588" price="39600" /> <!-- Greater Dye of WIT <WIT+4 MEN-5> (2nd Class tranfer) -->
</list>