<?xml version="1.0" encoding="UTF-8"?>
<list xmlns:xsi="http://www.w3.org/2001/XMLSchema-instance" xsi:noNamespaceSchemaLocation="../xsd/buylist.xsd">
	<npcs>
		<npc>30178</npc> <!-- Zenkin -->
	</npcs>
	<item id="1104" price="15240" /> <!-- Stockings of Devotion -->
	<item id="1101" price="24360" /> <!-- Tunic of Devotion -->
	<item id="102" price="8532" /> <!-- Round Shield -->
	<item id="50" price="8124" /> <!-- Leather Gloves -->
	<item id="38" price="8124" /> <!-- Low Boots -->
	<item id="44" price="12240" /> <!-- Leather Helm -->
	<item id="1105" price="27600" /> <!-- Stockings of Magic -->
	<item id="1102" price="44280" /> <!-- Tunic of Magic -->
	<item id="625" price="15480" /> <!-- Bone Shield -->
	<item id="51" price="14760" /> <!-- Bracer -->
	<item id="39" price="14760" /> <!-- Boots -->
	<item id="1148" price="22080" /> <!-- Durable Leather Helmet -->
	<item id="465" price="46920" /> <!-- Crused Stockings -->
	<item id="432" price="75120" /> <!-- Crused Tunic -->
	<item id="626" price="26280" /> <!-- Bronze Shield -->
	<item id="604" price="25080" /> <!-- Quality Leather Gloves -->
	<item id="40" price="25080" /> <!-- Leather Boots -->
	<item id="45" price="37560" /> <!-- Bone Helmet -->
	<item id="467" price="75000" /> <!-- Dark Stockings -->
	<item id="434" price="119880" /> <!-- White Tunic -->
	<item id="468" price="75000" /> <!-- Wizard Stockings -->
	<item id="435" price="119880" /> <!-- Wizard Tunic -->
	<item id="627" price="42000" /> <!-- Aspis -->
	<item id="605" price="39960" /> <!-- Leather Gauntlets -->
	<item id="1123" price="39960" /> <!-- Blue Buckskin Boots -->
	<item id="46" price="60000" /> <!-- Bronze Helmet -->
	<item id="469" price="114240" /> <!-- Stockings of Knowledge -->
	<item id="436" price="182400" /> <!-- Tunic of Knowledge -->
</list>
