<?xml version="1.0" encoding="UTF-8"?>
<list xmlns:xsi="http://www.w3.org/2001/XMLSchema-instance" xsi:noNamespaceSchemaLocation="../xsd/buylist.xsd">
	<npcs>
		<npc>31045</npc>
	</npcs>
	<item id="1831" price="113" /> <!-- Antidote -->
	<item id="1833" price="113" /> <!-- Bandage -->
	<item id="3947" price="53" /> <!-- Blessed Spiritshot (No-grade) -->
	<item id="5146" price="17325" /> <!-- Blessed Spiritshot Compressed Package (No-grade) -->
	<item id="4679" price="750" /> <!-- Eva's Blessing -->
	<item id="878" price="12840" /> <!-- Blue Coral Ring -->
	<item id="1341" price="5" /> <!-- Bone Arrow -->
	<item id="1834" price="270" /> <!-- Emergency Dressing -->
	<item id="2131" price="4500" /> <!-- Gemstone (C-grade) -->
	<item id="2130" price="1500" /> <!-- Gemstone (D-grade) -->
	<item id="1832" price="270" /> <!-- Greater Antidote -->
	<item id="5262" price="57750" /> <!-- Greater Blessed Spiritshot Compressed Package (No-grade) -->
	<item id="5250" price="11550" /> <!-- Greater Soulshot Compressed Package (No-grade) -->
	<item id="5256" price="24750" /> <!-- Greater Spiritshot Compressed Package (No-grade) -->
	<item id="735" price="3600" /> <!-- Haste Potion -->
	<item id="1060" price="135" /> <!-- Healing Potion -->
	<item id="6035" price="3600" /> <!-- Magic Haste Potion -->
	<item id="5193" price="225" /> <!-- Magic Rope (C-grade) -->
	<item id="5192" price="150" /> <!-- Magic Rope (D-grade) -->
	<item id="1061" price="495" /> <!-- Major Healing Potion -->
	<item id="5589" price="150" /> <!-- Momentum Stone -->
	<item id="736" price="600" /> <!-- Scroll of Escape -->
	<item id="737" price="3000" /> <!-- Scroll of Resurrection -->
	<item id="6037" price="150" /> <!-- Cancel Sleep Scroll -->
	<item id="1835" price="11" /> <!-- Soulshot (No-grade) -->
	<item id="5134" price="3450" /> <!-- Soulshot Compressed Package (No-grade) -->
	<item id="1785" price="375" /> <!-- Soulstone -->
	<item id="3031" price="600" /> <!-- Spirit Ore -->
	<item id="2509" price="23" /> <!-- Spiritshot (No-grade) -->
	<item id="5140" price="7425" /> <!-- Spiritshot Compressed Package (No-grade) -->
	<item id="1342" price="8" /> <!-- Steel Arrow -->
	<item id="1661" price="1500" /> <!-- Thief Key -->
	<item id="734" price="1800" /> <!-- Wind Walk Potion -->
	<item id="17" price="3" /> <!-- Wooden Arrow -->
</list>
