<?xml version="1.0" encoding="UTF-8"?>
<list xmlns:xsi="http://www.w3.org/2001/XMLSchema-instance" xsi:noNamespaceSchemaLocation="../xsd/buylist.xsd">
	<npcs>
		<npc>30165</npc> <!-- Ralford -->
	</npcs>
	<item id="91927" price="24" /> <!-- Soulshot -->
	<item id="91928" price="36" /> <!-- Spiritshot -->
	<item id="91929" price="60" /> <!-- Blessed Soulshot -->
	<item id="91930" price="90" /> <!-- Blessed Spiritshot -->
	<item id="17" price="2" /> <!-- Wooden Arrow -->
	<item id="1341" price="3" /> <!-- Bone Arrow -->
	<item id="1342" price="6" /> <!-- Steel Arrow -->
	<item id="1831" price="90" /> <!-- Antidote -->
	<item id="1832" price="216" /> <!-- Greater Antidote -->
	<item id="1833" price="90" /> <!-- Bandage -->
	<item id="1834" price="216" /> <!-- Emergency Dressing -->
	<item id="734" price="1440" /> <!-- Wind Walk Potion -->
	<item id="735" price="2880" /> <!-- Haste Potion -->
	<item id="6035" price="2880" /> <!-- Magic Haste Potion -->
	<item id="6037" price="120" /> <!-- Scroll: Cancel Sleep -->
	<item id="736" price="480" /> <!-- Scroll of Escape -->
	<item id="737" price="2400" /> <!-- Scroll of Resurrection -->
	<item id="1829" price="600" /> <!-- Scroll of Escape: Clan Hall -->
	<item id="1830" price="600" /> <!-- Scroll of Escape: Castle -->
	<item id="5589" price="120" /> <!-- Momentum Stone -->
	<item id="91912" price="36" /> <!-- HP Potion -->
</list>
