<?xml version="1.0" encoding="UTF-8"?>
<list xmlns:xsi="http://www.w3.org/2001/XMLSchema-instance" xsi:noNamespaceSchemaLocation="../xsd/buylist.xsd">
	<npcs>
		<npc>30837</npc> <!-- Woodrow -->
	</npcs>
	<item id="176" price="136000" /> <!-- Apprentice's Staff -->
	<item id="177" price="244000" /> <!-- Mage Staff -->
	<item id="8" price="12500" /> <!-- Willow Staff -->
	<item id="9" price="54100" /> <!-- Cedar Staff -->
	<item id="744" price="33600" /> <!-- Staff of Sentinel -->
	<item id="754" price="25500" /> <!-- Red Sunset Staff -->
	<item id="2373" price="25500" /> <!-- Eldritch Staff -->
	<item id="7" price="768" /> <!-- Apprentice's Rod -->
	<item id="747" price="25500" /> <!-- Wand of Adept -->
	<item id="310" price="136000" /> <!-- Relic of the Saints -->
	<item id="311" price="244000" /> <!-- Crucifix of Blessing -->
	<item id="100" price="244000" /> <!-- Voodoo Doll -->
	<item id="99" price="12500" /> <!-- Apprentice's Spellbook -->
	<item id="308" price="768" /> <!-- Buffalo's Horn -->
	<item id="309" price="136000" /> <!-- Tears of Eva -->
	<item id="178" price="531700" /> <!-- Bone Staff -->
	<item id="183" price="644000" /> <!-- Mystic Staff -->
	<item id="185" price="644000" /> <!-- Staff of Mana -->
	<item id="186" price="967000" /> <!-- Staff of Magic -->
	<item id="90" price="1400000" /> <!-- Goat Head Staff -->
	<item id="187" price="1800000" /> <!-- Atuba Hammer -->
	<item id="188" price="1800000" /> <!-- Ghost Staff -->
	<item id="190" price="1800000" /> <!-- Atuba Mace -->
	<item id="184" price="644000" /> <!-- Conjuror's Staff -->
	<item id="179" price="644000" /> <!-- Mace of Prayer -->
	<item id="182" price="644000" /> <!-- Doom Hammer -->
	<item id="7890" price="1400000" /> <!-- Priest Mace -->
	<item id="189" price="1800000" /> <!-- Staff of Life -->
	<item id="180" price="644000" /> <!-- Mace of Judgeement -->
	<item id="181" price="644000" /> <!-- Mace of Miracle -->
	<item id="238" price="967000" /> <!-- Dagger of Mana -->
	<item id="239" price="967000" /> <!-- Mystic Knife -->
	<item id="240" price="967000" /> <!-- Conjurer's Knife -->
	<item id="241" price="967000" /> <!-- Shillien Knife -->
	<item id="101" price="409000" /> <!-- Scroll of Wisdom -->
	<item id="7885" price="409000" /> <!-- Priest Sword -->
	<item id="312" price="409000" /> <!-- Branch of Life -->
	<item id="314" price="409000" /> <!-- Proof of Revenge -->
	<item id="315" price="644000" /> <!-- Divine Rod -->
	<item id="83" price="716000" /> <!-- Sword of Magic -->
	<item id="143" price="716000" /> <!-- Sword of Mystic -->
	<item id="144" price="716000" /> <!-- Sword of Occult -->
	<item id="316" price="967000" /> <!-- Sage's Blood -->
	<item id="317" price="967000" /> <!-- Tome of Blood -->
	<item id="7886" price="1400000" /> <!-- Sword of Magic Fog -->
	<item id="322" price="1800000" /> <!-- Wajra Wand -->
	<item id="323" price="1800000" /> <!-- Ancient Reagent -->
	<item id="320" price="1520000" /> <!-- Blue Crystal Skull -->
	<item id="321" price="1520000" /> <!-- Demon's Fangs -->
	<item id="318" price="1400000" /> <!-- Crucifix of Blood -->
	<item id="319" price="1400000" /> <!-- Eye of Infinity -->
	<item id="313" price="409000" /> <!-- Temptation of Abyss -->
	<item id="192" price="2290000" /> <!-- Crystal Staff -->
	<item id="200" price="4300000" /> <!-- Sage's Staff -->
</list>
