<?xml version="1.0" encoding="UTF-8"?>
<list xmlns:xsi="http://www.w3.org/2001/XMLSchema-instance" xsi:noNamespaceSchemaLocation="../xsd/buylist.xsd">
	<npcs>
		<npc>35100</npc> <!-- Gludio Chamberlain of Light -->
	</npcs>
	<item id="6838" price="500000" /> <!-- Circlet of Gludio -->
	<item id="1540" price="10000" /> <!-- Quick Healing Potion -->
	<item id="49087" price="20000" count="3" restock_delay="60" /> <!-- Improved Scroll of Escape -->
	<item id="5593" price="50000" count="10" restock_delay="60" /> <!-- SP Scroll (Low-Grade) -->
	<item id="5594" price="300000" count="10" restock_delay="60" /> <!-- SP Scroll (Mid-Grade) -->
</list>
