<?xml version="1.0" encoding="UTF-8"?>
<list xmlns:xsi="http://www.w3.org/2001/XMLSchema-instance" xsi:noNamespaceSchemaLocation="../xsd/buylist.xsd">
	<npcs>
		<npc>35605</npc> <!-- Angout (Steward) -->
	</npcs>
	<item id="6902" /> <!-- Pledge Shield -->
	<item id="1829" count="5" restock_delay="60" /> <!-- Scroll of Escape: Clan Hall -->
	<item id="5858" count="2" restock_delay="60" /> <!-- Blessed Scroll of Escape: Clan Hall -->
	<item id="5169" count="10" restock_delay="60" /> <!-- Deluxe Food for Strider -->
	<item id="952" count="1" restock_delay="240" /> <!-- Scroll: Enchant Armor (C-Grade) -->
	<item id="7133" count="1" restock_delay="60" /> <!-- Scroll of Escape: Town of Goddard -->
	<item id="7132" count="1" restock_delay="60" /> <!-- Scroll of Escape: Town of Aden -->
	<item id="8644" count="1" restock_delay="120" /> <!-- Recipe: Elixir of Life (A-Grade) (100%) -->
	<item id="8650" count="1" restock_delay="120" /> <!-- Recipe: Elixir of Mental Strength (A-Grade) (100%) -->
	<item id="9952" count="2" restock_delay="120" /> <!-- Orange Talisman - Hot Springs CP Potion -->
	<item id="10166" count="1" restock_delay="120" /> <!-- Hot Springs CP Potion -->
</list>
