<?xml version="1.0" encoding="UTF-8"?>
<list baseTax="10" xmlns:xsi="http://www.w3.org/2001/XMLSchema-instance" xsi:noNamespaceSchemaLocation="../xsd/buylist.xsd">
	<npcs>
		<npc>35390</npc> <!-- Dillon -->
	</npcs>
	<item id="6902" /> <!-- Pledge Shield -->
	<item id="1829" count="5" restock_delay="60" /> <!-- Scroll of Escape: Clan Hall -->
	<item id="5858" count="1" restock_delay="60" /> <!-- Blessed Scroll of Escape: Clan Hall -->
	<item id="5169" count="10" restock_delay="60" /> <!-- Deluxe Food for Strider -->
	<item id="7130" count="1" restock_delay="60" /> <!-- Scroll of Escape: Ivory Tower -->
	<item id="7127" count="1" restock_delay="60" /> <!-- Scroll of Escape: Hardin's Academy -->
	<item id="7583" count="1" restock_delay="120" /> <!-- Pet Exchange Ticket: Buffalo -->
	<item id="6927" count="1" restock_delay="60" /> <!-- Recipe: Healing Potion (100%) -->
	<item id="6933" count="1" restock_delay="60" /> <!-- Recipe: Haste Potion (100%) -->
	<item id="6934" count="1" restock_delay="60" /> <!-- Recipe: Alacrity Potion (100%) -->
	<item id="6930" count="1" restock_delay="60" /> <!-- Recipe: Greater Antidote (100%) -->
	<item id="6932" count="1" restock_delay="60" /> <!-- Recipe: Emergency Dressing (100%) -->
	<item id="6937" count="1" restock_delay="60" /> <!-- Recipe: Magic Haste Potion (100%) -->
	<item id="7699" count="1" restock_delay="60" /> <!-- Recipe: Forget-me-not Hairpin (100%) -->
	<item id="6924" count="1" restock_delay="60" /> <!-- Recipe: Pirate's Eye Patch (100%) -->
	<item id="6943" count="1" restock_delay="60" /> <!-- Recipe: Dye Potion - A (100%) -->
	<item id="6944" count="1" restock_delay="60" /> <!-- Recipe: Dye Potion - B (100%) -->
	<item id="6945" count="1" restock_delay="60" /> <!-- Recipe: Dye Potion - C (100%) -->
	<item id="6946" count="1" restock_delay="60" /> <!-- Recipe: Dye Potion - D (100%) -->
	<item id="6966" count="1" restock_delay="60" /> <!-- Recipe: Greater Dye of STR (Str+1 Con-1) (100%) -->
	<item id="6967" count="1" restock_delay="60" /> <!-- Recipe: Greater Dye of STR (Str+1 Dex-1) (100%) -->
	<item id="6968" count="1" restock_delay="60" /> <!-- Recipe: Greater Dye of CON (Con+1 Str-1) (100%) -->
	<item id="6969" count="1" restock_delay="60" /> <!-- Recipe: Greater Dye of CON (Con+1 Dex-1) (100%) -->
	<item id="6970" count="1" restock_delay="60" /> <!-- Recipe: Greater Dye of DEX (Dex+1 Str-1) (100%) -->
	<item id="6971" count="1" restock_delay="60" /> <!-- Recipe: Greater Dye of DEX (Dex+1 Con-1) (100%) -->
	<item id="6972" count="1" restock_delay="60" /> <!-- Recipe: Greater Dye of INT (Int+1 Men-1) (100%) -->
	<item id="6973" count="1" restock_delay="60" /> <!-- Recipe: Greater Dye of INT (Int+1 Wit-1) (100%) -->
	<item id="6974" count="1" restock_delay="60" /> <!-- Recipe: Greater Dye of MEN (Men+1 Int-1) (100%) -->
	<item id="6975" count="1" restock_delay="60" /> <!-- Recipe: Greater Dye of MEN (Men+1 Wit-1) (100%) -->
	<item id="6976" count="1" restock_delay="60" /> <!-- Recipe: Greater Dye of WIT(Wit+1 Int-1) (100%) -->
	<item id="6977" count="1" restock_delay="60" /> <!-- Recipe: Greater Dye of WIT(Wit+1 Men-1) (100%) -->
	<item id="8643" count="1" restock_delay="120" /> <!-- Recipe: Elixir of Life (B-Grade) (100%) -->
	<item id="8648" count="1" restock_delay="120" /> <!-- Recipe: Elixir of Mental Strength (C-Grade) (100%) -->
	<item id="9898" count="1" restock_delay="480" /> <!-- SP Scroll: Highest Grade -->
	<item id="952" count="1" restock_delay="120" /> <!-- Scroll: Enchant Armor (C-Grade) -->
	<item id="948" count="1" restock_delay="240" /> <!-- Scroll: Enchant Armor (B-Grade) -->
</list>
