<?xml version="1.0" encoding="UTF-8"?>
<list baseTax="20" xmlns:xsi="http://www.w3.org/2001/XMLSchema-instance" xsi:noNamespaceSchemaLocation="../xsd/buylist.xsd">
	<npcs>
		<npc>35102</npc> <!-- Greenspan -->
	</npcs>
	<item id="6175" /> <!-- Greater Recruit Posting Ticket (Sword/Stationary) -->
	<item id="6176" /> <!-- Greater Recruit Posting Ticket (Spear/Stationary) -->
	<item id="6177" /> <!-- Greater Recruit Posting Ticket (Bow/Stationary) -->
	<item id="6178" /> <!-- Greater Recruit Posting Ticket (Cleric/Stationary) -->
	<item id="6179" /> <!-- Greater Recruit Posting Ticket (Wizard/Stationary) -->
	<item id="6180" /> <!-- Greater Recruit Posting Ticket (Sword/Mobile) -->
	<item id="6181" /> <!-- Greater Recruit Posting Ticket (Spear/Mobile) -->
	<item id="6182" /> <!-- Greater Recruit Posting Ticket (Bow/Mobile) -->
	<item id="6183" /> <!-- Greater Recruit Posting Ticket (Cleric/Mobile) -->
	<item id="6184" /> <!-- Greater Recruit Posting Ticket (Wizard/Mobile) -->
	<item id="6235" /> <!-- Recruit Posting Ticket (Sword/Stationary) -->
	<item id="6236" /> <!-- Recruit Posting Ticket (Spear/Stationary) -->
	<item id="6237" /> <!-- Recruit Posting Ticket (Bow/Stationary) -->
	<item id="6238" /> <!-- Recruit Posting Ticket (Cleric/Stationary) -->
	<item id="6239" /> <!-- Recruit Posting Ticket (Wizard/Stationary) -->
	<item id="6240" /> <!-- Recruit Posting Ticket (Sword/Mobile) -->
	<item id="6241" /> <!-- Recruit Posting Ticket (Spear/Mobile) -->
	<item id="6242" /> <!-- Recruit Posting Ticket (Bow/Mobile) -->
	<item id="6243" /> <!-- Recruit Posting Ticket (Cleric/Mobile) -->
	<item id="6244" /> <!-- Recruit Posting Ticket (Wizard/Mobile) -->
</list>
