<?xml version="1.0" encoding="UTF-8"?>
<list baseTax="20" xmlns:xsi="http://www.w3.org/2001/XMLSchema-instance" xsi:noNamespaceSchemaLocation="../xsd/buylist.xsd">
	<npcs>
		<npc>35186</npc> <!-- Arvid -->
	</npcs>
	<item id="6064" /> <!-- Greater Mercenary Posting Ticket (Sword/Stationary) -->
	<item id="6065" /> <!-- Greater Mercenary Posting Ticket (Spear/Stationary) -->
	<item id="6066" /> <!-- Greater Mercenary Posting Ticket (Bow/Stationary) -->
	<item id="6067" /> <!-- Greater Mercenary Posting Ticket (Cleric/Stationary) -->
	<item id="6068" /> <!-- Greater Mercenary Posting Ticket (Wizard/Stationary) -->
	<item id="6069" /> <!-- Greater Mercenary Posting Ticket (Sword/Mobile) -->
	<item id="6070" /> <!-- Greater Mercenary Posting Ticket (Spear/Mobile) -->
	<item id="6071" /> <!-- Greater Mercenary Posting Ticket (Bow/Mobile) -->
	<item id="6072" /> <!-- Greater Mercenary Posting Ticket (Cleric/Mobile) -->
	<item id="6073" /> <!-- Greater Mercenary Posting Ticket (Wizard/Mobile) -->
</list>
