<?xml version="1.0" encoding="UTF-8"?>
<list baseTax="20" xmlns:xsi="http://www.w3.org/2001/XMLSchema-instance" xsi:noNamespaceSchemaLocation="../xsd/buylist.xsd">
	<npcs>
		<npc>35102</npc> <!-- Greenspan -->
	</npcs>
	<item id="6115" /> <!-- Dawn Mercenary Posting Ticket (Sword/Stationary) -->
	<item id="6116" /> <!-- Dawn Mercenary Posting Ticket (Spear/Stationary) -->
	<item id="6117" /> <!-- Dawn Mercenary Posting Ticket (Bow/Stationary) -->
	<item id="6118" /> <!-- Dawn Mercenary Posting Ticket (Cleric/Stationary) -->
	<item id="6119" /> <!-- Dawn Mercenary Posting Ticket (Wizard/Stationary) -->
	<item id="6120" /> <!-- Dawn Mercenary Posting Ticket (Sword/Mobile) -->
	<item id="6121" /> <!-- Dawn Mercenary Posting Ticket (Spear/Mobile) -->
	<item id="6122" /> <!-- Dawn Mercenary Posting Ticket (Bow/Mobile) -->
	<item id="6123" /> <!-- Dawn Mercenary Posting Ticket (Cleric/Mobile) -->
	<item id="6124" /> <!-- Dawn Mercenary Posting Ticket (Wizard/Mobile) -->
</list>
