<?xml version="1.0" encoding="UTF-8"?>
<list baseTax="20" xmlns:xsi="http://www.w3.org/2001/XMLSchema-instance" xsi:noNamespaceSchemaLocation="../xsd/buylist.xsd">
	<npcs>
		<npc>35144</npc> <!-- Mercenary Manager Sanford -->
	</npcs>
	<item id="6185" /> <!-- Greater Recruit Posting Ticket (Sword/Stationary) -->
	<item id="6186" /> <!-- Greater Recruit Posting Ticket (Spear/Stationary) -->
	<item id="6187" /> <!-- Greater Recruit Posting Ticket (Bow/Stationary) -->
	<item id="6188" /> <!-- Greater Recruit Posting Ticket (Cleric/Stationary) -->
	<item id="6189" /> <!-- Greater Recruit Posting Ticket (Wizard/Stationary) -->
	<item id="6190" /> <!-- Greater Recruit Posting Ticket (Sword/Mobile) -->
	<item id="6191" /> <!-- Greater Recruit Posting Ticket (Spear/Mobile) -->
	<item id="6192" /> <!-- Greater Recruit Posting Ticket (Bow/Mobile) -->
	<item id="6193" /> <!-- Greater Recruit Posting Ticket (Cleric/Mobile) -->
	<item id="6194" /> <!-- Greater Recruit Posting Ticket (Wizard/Mobile) -->
	<item id="6245" /> <!-- Recruit Posting Ticket (Sword/Stationary) -->
	<item id="6246" /> <!-- Recruit Posting Ticket (Spear/Stationary) -->
	<item id="6247" /> <!-- Recruit Posting Ticket (Bow/Stationary) -->
	<item id="6248" /> <!-- Recruit Posting Ticket (Cleric/Stationary) -->
	<item id="6249" /> <!-- Recruit Posting Ticket (Wizard/Stationary) -->
	<item id="6250" /> <!-- Recruit Posting Ticket (Sword/Mobile) -->
	<item id="6251" /> <!-- Recruit Posting Ticket (Spear/Mobile) -->
	<item id="6252" /> <!-- Recruit Posting Ticket (Bow/Mobile) -->
	<item id="6253" /> <!-- Recruit Posting Ticket (Cleric/Mobile) -->
	<item id="6254" /> <!-- Recruit Posting Ticket (Wizard/Mobile) -->
</list>
