<?xml version="1.0" encoding="UTF-8"?>
<list baseTax="20" xmlns:xsi="http://www.w3.org/2001/XMLSchema-instance" xsi:noNamespaceSchemaLocation="../xsd/buylist.xsd">
	<npcs>
		<npc>35186</npc> <!-- Arvid -->
	</npcs>
	<item id="6195" /> <!-- Greater Recruit Posting Ticket (Sword/Stationary) -->
	<item id="6196" /> <!-- Greater Recruit Posting Ticket (Spear/Stationary) -->
	<item id="6197" /> <!-- Greater Recruit Posting Ticket (Bow/Stationary) -->
	<item id="6198" /> <!-- Greater Recruit Posting Ticket (Cleric/Stationary) -->
	<item id="6199" /> <!-- Greater Recruit Posting Ticket (Wizard/Stationary) -->
	<item id="6200" /> <!-- Greater Recruit Posting Ticket (Sword/Mobile) -->
	<item id="6201" /> <!-- Greater Recruit Posting Ticket (Spear/Mobile) -->
	<item id="6202" /> <!-- Greater Recruit Posting Ticket (Bow/Mobile) -->
	<item id="6203" /> <!-- Greater Recruit Posting Ticket (Cleric/Mobile) -->
	<item id="6204" /> <!-- Greater Recruit Posting Ticket (Wizard/Mobile) -->
	<item id="6255" /> <!-- Recruit Posting Ticket (Sword/Stationary) -->
	<item id="6256" /> <!-- Recruit Posting Ticket (Spear/Stationary) -->
	<item id="6257" /> <!-- Recruit Posting Ticket (Bow/Stationary) -->
	<item id="6258" /> <!-- Recruit Posting Ticket (Cleric/Stationary) -->
	<item id="6259" /> <!-- Recruit Posting Ticket (Wizard/Stationary) -->
	<item id="6260" /> <!-- Recruit Posting Ticket (Sword/Mobile) -->
	<item id="6261" /> <!-- Recruit Posting Ticket (Spear/Mobile) -->
	<item id="6262" /> <!-- Recruit Posting Ticket (Bow/Mobile) -->
	<item id="6263" /> <!-- Recruit Posting Ticket (Cleric/Mobile) -->
	<item id="6264" /> <!-- Recruit Posting Ticket (Wizard/Mobile) -->
</list>
