<?xml version="1.0" encoding="UTF-8"?>
<list baseTax="20" xmlns:xsi="http://www.w3.org/2001/XMLSchema-instance" xsi:noNamespaceSchemaLocation="../xsd/buylist.xsd">
	<npcs>
		<npc>35186</npc> <!-- Arvid -->
	</npcs>
	<item id="3986" /> <!-- Mercenary Posting Ticket (Sword/Stationary) -->
	<item id="3987" /> <!-- Mercenary Posting Ticket (Spear/Stationary) -->
	<item id="3988" /> <!-- Mercenary Posting Ticket (Bow/Stationary) -->
	<item id="3989" /> <!-- Mercenary Posting Ticket (Cleric/Stationary) -->
	<item id="3990" /> <!-- Mercenary Posting Ticket (Wizard/Stationary) -->
	<item id="3991" /> <!-- Mercenary Posting Ticket (Sword/Mobile) -->
	<item id="3992" /> <!-- Mercenary Posting Ticket (Spear/Mobile) -->
	<item id="3993" /> <!-- Mercenary Posting Ticket (Bow/Mobile) -->
	<item id="3994" /> <!-- Mercenary Posting Ticket (Cleric/Mobile) -->
	<item id="3995" /> <!-- Mercenary Posting Ticket (Wizard/Mobile) -->
</list>
