<?xml version="1.0" encoding="UTF-8"?>
<list baseTax="20" xmlns:xsi="http://www.w3.org/2001/XMLSchema-instance" xsi:noNamespaceSchemaLocation="../xsd/buylist.xsd">
	<npcs>
		<npc>35144</npc> <!-- Mercenary Manager Sanford -->
	</npcs>
	<item id="6125" /> <!-- Dawn Mercenary Posting Ticket (Sword/Stationary) -->
	<item id="6126" /> <!-- Dawn Mercenary Posting Ticket (Spear/Stationary) -->
	<item id="6127" /> <!-- Dawn Mercenary Posting Ticket (Bow/Stationary) -->
	<item id="6128" /> <!-- Dawn Mercenary Posting Ticket (Cleric/Stationary) -->
	<item id="6129" /> <!-- Dawn Mercenary Posting Ticket (Wizard/Stationary) -->
	<item id="6130" /> <!-- Dawn Mercenary Posting Ticket (Sword/Mobile) -->
	<item id="6131" /> <!-- Dawn Mercenary Posting Ticket (Spear/Mobile) -->
	<item id="6132" /> <!-- Dawn Mercenary Posting Ticket (Bow/Mobile) -->
	<item id="6133" /> <!-- Dawn Mercenary Posting Ticket (Cleric/Mobile) -->
	<item id="6134" /> <!-- Dawn Mercenary Posting Ticket (Wizard/Mobile) -->
</list>
