<?xml version="1.0" encoding="UTF-8"?>
<list baseTax="20" xmlns:xsi="http://www.w3.org/2001/XMLSchema-instance" xsi:noNamespaceSchemaLocation="../xsd/buylist.xsd">
	<npcs>
		<npc>35144</npc> <!-- Mercenary Manager Sanford -->
	</npcs>
	<item id="6051" /> <!-- Greater Mercenary Posting Ticket (Sword/Stationary) -->
	<item id="6052" /> <!-- Greater Mercenary Posting Ticket (Spear/Stationary) -->
	<item id="6053" /> <!-- Greater Mercenary Posting Ticket (Bow/Stationary) -->
	<item id="6054" /> <!-- Greater Mercenary Posting Ticket (Cleric/Stationary) -->
	<item id="6055" /> <!-- Greater Mercenary Posting Ticket (Wizard/Stationary) -->
	<item id="6056" /> <!-- Greater Mercenary Posting Ticket (Sword/Mobile) -->
	<item id="6057" /> <!-- Greater Mercenary Posting Ticket (Spear/Mobile) -->
	<item id="6058" /> <!-- Greater Mercenary Posting Ticket (Bow/Mobile) -->
	<item id="6059" /> <!-- Greater Mercenary Posting Ticket (Cleric/Mobile) -->
	<item id="6060" /> <!-- Greater Mercenary Posting Ticket (Wizard/Mobile) -->
</list>
