<?xml version="1.0" encoding="UTF-8"?>
<list baseTax="20" xmlns:xsi="http://www.w3.org/2001/XMLSchema-instance" xsi:noNamespaceSchemaLocation="../xsd/buylist.xsd">
	<npcs>
		<npc>35102</npc> <!-- Greenspan -->
	</npcs>
	<item id="6038" /> <!-- Greater Mercenary Posting Ticket (Sword/Stationary) -->
	<item id="6039" /> <!-- Greater Mercenary Posting Ticket (Spear/Stationary) -->
	<item id="6040" /> <!-- Greater Mercenary Posting Ticket (Bow/Stationary) -->
	<item id="6041" /> <!-- Greater Mercenary Posting Ticket (Cleric/Stationary) -->
	<item id="6042" /> <!-- Greater Mercenary Posting Ticket (Wizard/Stationary) -->
	<item id="6043" /> <!-- Greater Mercenary Posting Ticket (Sword/Mobile) -->
	<item id="6044" /> <!-- Greater Mercenary Posting Ticket (Spear/Mobile) -->
	<item id="6045" /> <!-- Greater Mercenary Posting Ticket (Bow/Mobile) -->
	<item id="6046" /> <!-- Greater Mercenary Posting Ticket (Cleric/Mobile) -->
	<item id="6047" /> <!-- Greater Mercenary Posting Ticket (Wizard/Mobile) -->
</list>
