<?xml version="1.0" encoding="UTF-8"?>
<list baseTax="20" xmlns:xsi="http://www.w3.org/2001/XMLSchema-instance" xsi:noNamespaceSchemaLocation="../xsd/buylist.xsd">
	<npcs>
		<npc>35144</npc> <!-- Mercenary Manager Sanford -->
	</npcs>
	<item id="3973" /> <!-- Mercenary Posting Ticket (Sword/Stationary) -->
	<item id="3974" /> <!-- Mercenary Posting Ticket (Spear/Stationary) -->
	<item id="3975" /> <!-- Mercenary Posting Ticket (Bow/Stationary) -->
	<item id="3976" /> <!-- Mercenary Posting Ticket (Cleric/Stationary) -->
	<item id="3977" /> <!-- Mercenary Posting Ticket (Wizard/Stationary) -->
	<item id="3978" /> <!-- Mercenary Posting Ticket (Sword/Mobile) -->
	<item id="3979" /> <!-- Mercenary Posting Ticket (Spear/Mobile) -->
	<item id="3980" /> <!-- Mercenary Posting Ticket (Bow/Mobile) -->
	<item id="3981" /> <!-- Mercenary Posting Ticket (Cleric/Mobile) -->
	<item id="3982" /> <!-- Mercenary Posting Ticket (Wizard/Mobile) -->
</list>
