<?xml version="1.0" encoding="UTF-8"?>
<list baseTax="20" xmlns:xsi="http://www.w3.org/2001/XMLSchema-instance" xsi:noNamespaceSchemaLocation="../xsd/buylist.xsd">
	<npcs>
		<npc>35228</npc> <!-- Morrison -->
	</npcs>
	<item id="6077" /> <!-- Greater Mercenary Posting Ticket (Sword/Stationary) -->
	<item id="6078" /> <!-- Greater Mercenary Posting Ticket (Spear/Stationary) -->
	<item id="6079" /> <!-- Greater Mercenary Posting Ticket (Bow/Stationary) -->
	<item id="6080" /> <!-- Greater Mercenary Posting Ticket (Cleric/Stationary) -->
	<item id="6081" /> <!-- Greater Mercenary Posting Ticket (Wizard/Stationary) -->
	<item id="6082" /> <!-- Greater Mercenary Posting Ticket (Sword/Mobile) -->
	<item id="6083" /> <!-- Greater Mercenary Posting Ticket (Spear/Mobile) -->
	<item id="6084" /> <!-- Greater Mercenary Posting Ticket (Bow/Mobile) -->
	<item id="6085" /> <!-- Greater Mercenary Posting Ticket (Cleric/Mobile) -->
	<item id="6086" /> <!-- Greater Mercenary Posting Ticket (Wizard/Mobile) -->
</list>
