<?xml version="1.0" encoding="UTF-8"?>
<list baseTax="20" xmlns:xsi="http://www.w3.org/2001/XMLSchema-instance" xsi:noNamespaceSchemaLocation="../xsd/buylist.xsd">
	<npcs>
		<npc>35276</npc> <!-- Eldon -->
	</npcs>
	<item id="6215" /> <!-- Greater Recruit Posting Ticket (Sword/Stationary) -->
	<item id="6216" /> <!-- Greater Recruit Posting Ticket (Spear/Stationary) -->
	<item id="6217" /> <!-- Greater Recruit Posting Ticket (Bow/Stationary) -->
	<item id="6218" /> <!-- Greater Recruit Posting Ticket (Cleric/Stationary) -->
	<item id="6219" /> <!-- Greater Recruit Posting Ticket (Wizard/Stationary) -->
	<item id="6220" /> <!-- Greater Recruit Posting Ticket (Sword/Mobile) -->
	<item id="6221" /> <!-- Greater Recruit Posting Ticket (Spear/Mobile) -->
	<item id="6222" /> <!-- Greater Recruit Posting Ticket (Bow/Mobile) -->
	<item id="6223" /> <!-- Greater Recruit Posting Ticket (Cleric/Mobile) -->
	<item id="6224" /> <!-- Greater Recruit Posting Ticket (Wizard/Mobile) -->
	<item id="6275" /> <!-- Recruit Posting Ticket (Sword/Stationary) -->
	<item id="6276" /> <!-- Recruit Posting Ticket (Spear/Stationary) -->
	<item id="6277" /> <!-- Recruit Posting Ticket (Bow/Stationary) -->
	<item id="6278" /> <!-- Recruit Posting Ticket (Cleric/Stationary) -->
	<item id="6279" /> <!-- Recruit Posting Ticket (Wizard/Stationary) -->
	<item id="6280" /> <!-- Recruit Posting Ticket (Sword/Mobile) -->
	<item id="6281" /> <!-- Recruit Posting Ticket (Spear/Mobile) -->
	<item id="6282" /> <!-- Recruit Posting Ticket (Bow/Mobile) -->
	<item id="6283" /> <!-- Recruit Posting Ticket (Cleric/Mobile) -->
	<item id="6284" /> <!-- Recruit Posting Ticket (Wizard/Mobile) -->
</list>
