<?xml version="1.0" encoding="UTF-8"?>
<list baseTax="20" xmlns:xsi="http://www.w3.org/2001/XMLSchema-instance" xsi:noNamespaceSchemaLocation="../xsd/buylist.xsd">
	<npcs>
		<npc>35276</npc> <!-- Eldon -->
	</npcs>
	<item id="4012" /> <!-- Mercenary Posting Ticket (Sword/Stationary) -->
	<item id="4013" /> <!-- Mercenary Posting Ticket (Spear/Stationary) -->
	<item id="4014" /> <!-- Mercenary Posting Ticket (Bow/Stationary) -->
	<item id="4015" /> <!-- Mercenary Posting Ticket (Cleric/Stationary) -->
	<item id="4016" /> <!-- Mercenary Posting Ticket (Wizard/Stationary) -->
	<item id="4017" /> <!-- Mercenary Posting Ticket (Sword/Mobile) -->
	<item id="4018" /> <!-- Mercenary Posting Ticket (Spear/Mobile) -->
	<item id="4019" /> <!-- Mercenary Posting Ticket (Bow/Mobile) -->
	<item id="4020" /> <!-- Mercenary Posting Ticket (Cleric/Mobile) -->
	<item id="4021" /> <!-- Mercenary Posting Ticket (Wizard/Mobile) -->
</list>
