<?xml version="1.0" encoding="UTF-8"?>
<list baseTax="20" xmlns:xsi="http://www.w3.org/2001/XMLSchema-instance" xsi:noNamespaceSchemaLocation="../xsd/buylist.xsd">
	<npcs>
		<npc>35276</npc> <!-- Eldon -->
	</npcs>
	<item id="6090" /> <!-- Greater Mercenary Posting Ticket (Sword/Stationary) -->
	<item id="6091" /> <!-- Greater Mercenary Posting Ticket (Spear/Stationary) -->
	<item id="6092" /> <!-- Greater Mercenary Posting Ticket (Bow/Stationary) -->
	<item id="6093" /> <!-- Greater Mercenary Posting Ticket (Cleric/Stationary) -->
	<item id="6094" /> <!-- Greater Mercenary Posting Ticket (Wizard/Stationary) -->
	<item id="6095" /> <!-- Greater Mercenary Posting Ticket (Sword/Mobile) -->
	<item id="6096" /> <!-- Greater Mercenary Posting Ticket (Spear/Mobile) -->
	<item id="6097" /> <!-- Greater Mercenary Posting Ticket (Bow/Mobile) -->
	<item id="6098" /> <!-- Greater Mercenary Posting Ticket (Cleric/Mobile) -->
	<item id="6099" /> <!-- Greater Mercenary Posting Ticket (Wizard/Mobile) -->
</list>
