<?xml version="1.0" encoding="UTF-8"?>
<list baseTax="20" xmlns:xsi="http://www.w3.org/2001/XMLSchema-instance" xsi:noNamespaceSchemaLocation="../xsd/buylist.xsd">
	<npcs>
		<npc>35228</npc> <!-- Morrison -->
	</npcs>
	<item id="3999" /> <!-- Mercenary Posting Ticket (Sword/Stationary) -->
	<item id="4000" /> <!-- Mercenary Posting Ticket (Spear/Stationary) -->
	<item id="4001" /> <!-- Mercenary Posting Ticket (Bow/Stationary) -->
	<item id="4002" /> <!-- Mercenary Posting Ticket (Cleric/Stationary) -->
	<item id="4003" /> <!-- Mercenary Posting Ticket (Wizard/Stationary) -->
	<item id="4004" /> <!-- Mercenary Posting Ticket (Sword/Mobile) -->
	<item id="4005" /> <!-- Mercenary Posting Ticket (Spear/Mobile) -->
	<item id="4006" /> <!-- Mercenary Posting Ticket (Bow/Mobile) -->
	<item id="4007" /> <!-- Mercenary Posting Ticket (Cleric/Mobile) -->
	<item id="4008" /> <!-- Mercenary Posting Ticket (Wizard/Mobile) -->
</list>
