<?xml version="1.0" encoding="UTF-8"?>
<list baseTax="20" xmlns:xsi="http://www.w3.org/2001/XMLSchema-instance" xsi:noNamespaceSchemaLocation="../xsd/buylist.xsd">
	<npcs>
		<npc>35228</npc> <!-- Morrison -->
	</npcs>
	<item id="6145" /> <!-- Dawn Mercenary Posting Ticket (Sword/Stationary) -->
	<item id="6146" /> <!-- Dawn Mercenary Posting Ticket (Spear/Stationary) -->
	<item id="6147" /> <!-- Dawn Mercenary Posting Ticket (Bow/Stationary) -->
	<item id="6148" /> <!-- Dawn Mercenary Posting Ticket (Cleric/Stationary) -->
	<item id="6149" /> <!-- Dawn Mercenary Posting Ticket (Wizard/Stationary) -->
	<item id="6150" /> <!-- Dawn Mercenary Posting Ticket (Sword/Mobile) -->
	<item id="6151" /> <!-- Dawn Mercenary Posting Ticket (Spear/Mobile) -->
	<item id="6152" /> <!-- Dawn Mercenary Posting Ticket (Bow/Mobile) -->
	<item id="6153" /> <!-- Dawn Mercenary Posting Ticket (Cleric/Mobile) -->
	<item id="6154" /> <!-- Dawn Mercenary Posting Ticket (Wizard/Mobile) -->
</list>
