<?xml version="1.0" encoding="UTF-8"?>
<list baseTax="20" xmlns:xsi="http://www.w3.org/2001/XMLSchema-instance" xsi:noNamespaceSchemaLocation="../xsd/buylist.xsd">
	<npcs>
		<npc>35228</npc> <!-- Morrison -->
	</npcs>
	<item id="6205" /> <!-- Greater Recruit Posting Ticket (Sword/Stationary) -->
	<item id="6206" /> <!-- Greater Recruit Posting Ticket (Spear/Stationary) -->
	<item id="6207" /> <!-- Greater Recruit Posting Ticket (Bow/Stationary) -->
	<item id="6208" /> <!-- Greater Recruit Posting Ticket (Cleric/Stationary) -->
	<item id="6209" /> <!-- Greater Recruit Posting Ticket (Wizard/Stationary) -->
	<item id="6210" /> <!-- Greater Recruit Posting Ticket (Sword/Mobile) -->
	<item id="6211" /> <!-- Greater Recruit Posting Ticket (Spear/Mobile) -->
	<item id="6212" /> <!-- Greater Recruit Posting Ticket (Bow/Mobile) -->
	<item id="6213" /> <!-- Greater Recruit Posting Ticket (Cleric/Mobile) -->
	<item id="6214" /> <!-- Greater Recruit Posting Ticket (Wizard/Mobile) -->
	<item id="6265" /> <!-- Recruit Posting Ticket (Sword/Stationary) -->
	<item id="6266" /> <!-- Recruit Posting Ticket (Spear/Stationary) -->
	<item id="6267" /> <!-- Recruit Posting Ticket (Bow/Stationary) -->
	<item id="6268" /> <!-- Recruit Posting Ticket (Cleric/Stationary) -->
	<item id="6269" /> <!-- Recruit Posting Ticket (Wizard/Stationary) -->
	<item id="6270" /> <!-- Recruit Posting Ticket (Sword/Mobile) -->
	<item id="6271" /> <!-- Recruit Posting Ticket (Spear/Mobile) -->
	<item id="6272" /> <!-- Recruit Posting Ticket (Bow/Mobile) -->
	<item id="6273" /> <!-- Recruit Posting Ticket (Cleric/Mobile) -->
	<item id="6274" /> <!-- Recruit Posting Ticket (Wizard/Mobile) -->
</list>
