<?xml version="1.0" encoding="UTF-8"?>
<list baseTax="20" xmlns:xsi="http://www.w3.org/2001/XMLSchema-instance" xsi:noNamespaceSchemaLocation="../xsd/buylist.xsd">
	<npcs>
		<npc>35318</npc> <!-- Solinus -->
	</npcs>
	<item id="6225" /> <!-- Greater Recruit Posting Ticket (Sword/Stationary) -->
	<item id="6226" /> <!-- Greater Recruit Posting Ticket (Spear/Stationary) -->
	<item id="6227" /> <!-- Greater Recruit Posting Ticket (Bow/Stationary) -->
	<item id="6228" /> <!-- Greater Recruit Posting Ticket (Cleric/Stationary) -->
	<item id="6229" /> <!-- Greater Recruit Posting Ticket (Wizard/Stationary) -->
	<item id="6230" /> <!-- Greater Recruit Posting Ticket (Sword/Mobile) -->
	<item id="6231" /> <!-- Greater Recruit Posting Ticket (Spear/Mobile) -->
	<item id="6232" /> <!-- Greater Recruit Posting Ticket (Bow/Mobile) -->
	<item id="6233" /> <!-- Greater Recruit Posting Ticket (Cleric/Mobile) -->
	<item id="6234" /> <!-- Greater Recruit Posting Ticket (Wizard/Mobile) -->
	<item id="6285" /> <!-- Recruit Posting Ticket (Sword/Stationary) -->
	<item id="6286" /> <!-- Recruit Posting Ticket (Spear/Stationary) -->
	<item id="6287" /> <!-- Recruit Posting Ticket (Bow/Stationary) -->
	<item id="6288" /> <!-- Recruit Posting Ticket (Cleric/Stationary) -->
	<item id="6289" /> <!-- Recruit Posting Ticket (Wizard/Stationary) -->
	<item id="6290" /> <!-- Recruit Posting Ticket (Sword/Mobile) -->
	<item id="6291" /> <!-- Recruit Posting Ticket (Spear/Mobile) -->
	<item id="6292" /> <!-- Recruit Posting Ticket (Bow/Mobile) -->
	<item id="6293" /> <!-- Recruit Posting Ticket (Cleric/Mobile) -->
	<item id="6294" /> <!-- Recruit Posting Ticket (Wizard/Mobile) -->
</list>
