<?xml version="1.0" encoding="UTF-8"?>
<list baseTax="20" xmlns:xsi="http://www.w3.org/2001/XMLSchema-instance" xsi:noNamespaceSchemaLocation="../xsd/buylist.xsd">
	<npcs>
		<npc>35318</npc> <!-- Solinus -->
	</npcs>
	<item id="6165" /> <!-- Dawn Mercenary Posting Ticket (Sword/Stationary) -->
	<item id="6166" /> <!-- Dawn Mercenary Posting Ticket (Spear/Stationary) -->
	<item id="6167" /> <!-- Dawn Mercenary Posting Ticket (Bow/Stationary) -->
	<item id="6168" /> <!-- Dawn Mercenary Posting Ticket (Cleric/Stationary) -->
	<item id="6169" /> <!-- Dawn Mercenary Posting Ticket (Wizard/Stationary) -->
	<item id="6170" /> <!-- Dawn Mercenary Posting Ticket (Sword/Mobile) -->
	<item id="6171" /> <!-- Dawn Mercenary Posting Ticket (Spear/Mobile) -->
	<item id="6172" /> <!-- Dawn Mercenary Posting Ticket (Bow/Mobile) -->
	<item id="6173" /> <!-- Dawn Mercenary Posting Ticket (Cleric/Mobile) -->
	<item id="6174" /> <!-- Dawn Mercenary Posting Ticket (Wizard/Mobile) -->
</list>
