<?xml version="1.0" encoding="UTF-8"?>
<list baseTax="20" xmlns:xsi="http://www.w3.org/2001/XMLSchema-instance" xsi:noNamespaceSchemaLocation="../xsd/buylist.xsd">
	<npcs>
		<npc>35365</npc> <!-- Rowell -->
	</npcs>
	<item id="6792" /> <!-- Greater Mercenary Posting Ticket (Sword/Stationary) -->
	<item id="6793" /> <!-- Greater Mercenary Posting Ticket (Spear/Stationary) -->
	<item id="6794" /> <!-- Greater Mercenary Posting Ticket (Bow/Stationary) -->
	<item id="6795" /> <!-- Greater Mercenary Posting Ticket (Cleric/Stationary) -->
	<item id="6796" /> <!-- Greater Mercenary Posting Ticket (Wizard/Stationary) -->
	<item id="6797" /> <!-- Greater Mercenary Posting Ticket (Sword/Mobile) -->
	<item id="6798" /> <!-- Greater Mercenary Posting Ticket (Spear/Mobile) -->
	<item id="6799" /> <!-- Greater Mercenary Posting Ticket (Bow/Mobile) -->
	<item id="6800" /> <!-- Greater Mercenary Posting Ticket (Cleric/Mobile) -->
	<item id="6801" /> <!-- Greater Mercenary Posting Ticket (Wizard/Mobile) -->
</list>
