<?xml version="1.0" encoding="UTF-8"?>
<list baseTax="20" xmlns:xsi="http://www.w3.org/2001/XMLSchema-instance" xsi:noNamespaceSchemaLocation="../xsd/buylist.xsd">
	<npcs>
		<npc>35365</npc> <!-- Rowell -->
	</npcs>
	<item id="6802" /> <!-- Dawn Mercenary Posting Ticket (Sword/Stationary) -->
	<item id="6803" /> <!-- Dawn Mercenary Posting Ticket (Spear/Stationary) -->
	<item id="6804" /> <!-- Dawn Mercenary Posting Ticket (Bow/Stationary) -->
	<item id="6805" /> <!-- Dawn Mercenary Posting Ticket (Cleric/Stationary) -->
	<item id="6806" /> <!-- Dawn Mercenary Posting Ticket (Wizard/Stationary) -->
	<item id="6807" /> <!-- Dawn Mercenary Posting Ticket (Sword/Mobile) -->
	<item id="6808" /> <!-- Dawn Mercenary Posting Ticket (Spear/Mobile) -->
	<item id="6809" /> <!-- Dawn Mercenary Posting Ticket (Bow/Mobile) -->
	<item id="6810" /> <!-- Dawn Mercenary Posting Ticket (Cleric/Mobile) -->
	<item id="6811" /> <!-- Dawn Mercenary Posting Ticket (Wizard/Mobile) -->
</list>
