<?xml version="1.0" encoding="UTF-8"?>
<list baseTax="20" xmlns:xsi="http://www.w3.org/2001/XMLSchema-instance" xsi:noNamespaceSchemaLocation="../xsd/buylist.xsd">
	<npcs>
		<npc>35365</npc> <!-- Rowell -->
	</npcs>
	<item id="6812" /> <!-- Greater Recruit Posting Ticket (Sword/Stationary) -->
	<item id="6813" /> <!-- Greater Recruit Posting Ticket (Spear/Stationary) -->
	<item id="6814" /> <!-- Greater Recruit Posting Ticket (Bow/Stationary) -->
	<item id="6815" /> <!-- Greater Recruit Posting Ticket (Cleric/Stationary) -->
	<item id="6816" /> <!-- Greater Recruit Posting Ticket (Wizard/Stationary) -->
	<item id="6817" /> <!-- Greater Recruit Posting Ticket (Sword/Mobile) -->
	<item id="6818" /> <!-- Greater Recruit Posting Ticket (Spear/Mobile) -->
	<item id="6819" /> <!-- Greater Recruit Posting Ticket (Bow/Mobile) -->
	<item id="6820" /> <!-- Greater Recruit Posting Ticket (Cleric/Mobile) -->
	<item id="6821" /> <!-- Greater Recruit Posting Ticket (Wizard/Mobile) -->
	<item id="6822" /> <!-- Recruit Posting Ticket (Sword/Stationary) -->
	<item id="6823" /> <!-- Recruit Posting Ticket (Spear/Stationary) -->
	<item id="6824" /> <!-- Recruit Posting Ticket (Bow/Stationary) -->
	<item id="6825" /> <!-- Recruit Posting Ticket (Cleric/Stationary) -->
	<item id="6826" /> <!-- Recruit Posting Ticket (Wizard/Stationary) -->
	<item id="6827" /> <!-- Recruit Posting Ticket (Sword/Mobile) -->
	<item id="6828" /> <!-- Recruit Posting Ticket (Spear/Mobile) -->
	<item id="6829" /> <!-- Recruit Posting Ticket (Bow/Mobile) -->
	<item id="6830" /> <!-- Recruit Posting Ticket (Cleric/Mobile) -->
	<item id="6831" /> <!-- Recruit Posting Ticket (Wizard/Mobile) -->
</list>
