<?xml version="1.0" encoding="UTF-8"?>
<list baseTax="20" xmlns:xsi="http://www.w3.org/2001/XMLSchema-instance" xsi:noNamespaceSchemaLocation="../xsd/buylist.xsd">
	<npcs>
		<npc>35318</npc> <!-- Solinus -->
	</npcs>
	<item id="6105" /> <!-- Greater Mercenary Posting Ticket (Sword/Stationary) -->
	<item id="6106" /> <!-- Greater Mercenary Posting Ticket (Spear/Stationary) -->
	<item id="6107" /> <!-- Greater Mercenary Posting Ticket (Bow/Stationary) -->
	<item id="6108" /> <!-- Greater Mercenary Posting Ticket (Cleric/Stationary) -->
	<item id="6109" /> <!-- Greater Mercenary Posting Ticket (Wizard/Stationary) -->
	<item id="6110" /> <!-- Greater Mercenary Posting Ticket (Sword/Mobile) -->
	<item id="6111" /> <!-- Greater Mercenary Posting Ticket (Spear/Mobile) -->
	<item id="6112" /> <!-- Greater Mercenary Posting Ticket (Bow/Mobile) -->
	<item id="6113" /> <!-- Greater Mercenary Posting Ticket (Cleric/Mobile) -->
	<item id="6114" /> <!-- Greater Mercenary Posting Ticket (Wizard/Mobile) -->
</list>
