<?xml version="1.0" encoding="UTF-8"?>
<list baseTax="20" xmlns:xsi="http://www.w3.org/2001/XMLSchema-instance" xsi:noNamespaceSchemaLocation="../xsd/buylist.xsd">
	<npcs>
		<npc>35557</npc> <!-- Kendrew -->
	</npcs>
	<item id="7931" /> <!-- Greater Mercenary Posting Ticket (Sword/Stationary) -->
	<item id="7932" /> <!-- Greater Mercenary Posting Ticket (Spear/Stationary) -->
	<item id="7933" /> <!-- Greater Mercenary Posting Ticket (Bow/Stationary) -->
	<item id="7934" /> <!-- Greater Mercenary Posting Ticket (Cleric/Stationary) -->
	<item id="7935" /> <!-- Greater Mercenary Posting Ticket (Wizard/Stationary) -->
	<item id="7936" /> <!-- Greater Mercenary Posting Ticket (Sword/Mobile) -->
	<item id="7937" /> <!-- Greater Mercenary Posting Ticket (Spear/Mobile) -->
	<item id="7938" /> <!-- Greater Mercenary Posting Ticket (Bow/Mobile) -->
	<item id="7939" /> <!-- Greater Mercenary Posting Ticket (Cleric/Mobile) -->
	<item id="7940" /> <!-- Greater Mercenary Posting Ticket (Wizard/Mobile) -->
</list>
