<?xml version="1.0" encoding="UTF-8"?>
<list baseTax="20" xmlns:xsi="http://www.w3.org/2001/XMLSchema-instance" xsi:noNamespaceSchemaLocation="../xsd/buylist.xsd">
	<npcs>
		<npc>35511</npc> <!-- Gompus -->
	</npcs>
	<item id="7988" /> <!-- Greater Mercenary Posting Ticket (Sword/Stationary) -->
	<item id="7989" /> <!-- Greater Mercenary Posting Ticket (Spear/Stationary) -->
	<item id="7990" /> <!-- Greater Mercenary Posting Ticket (Bow/Stationary) -->
	<item id="7991" /> <!-- Greater Mercenary Posting Ticket (Cleric/Stationary) -->
	<item id="7992" /> <!-- Greater Mercenary Posting Ticket (Wizard/Stationary) -->
	<item id="7993" /> <!-- Greater Mercenary Posting Ticket (Sword/Mobile) -->
	<item id="7994" /> <!-- Greater Mercenary Posting Ticket (Spear/Mobile) -->
	<item id="7995" /> <!-- Greater Mercenary Posting Ticket (Bow/Mobile) -->
	<item id="7996" /> <!-- Greater Mercenary Posting Ticket (Cleric/Mobile) -->
	<item id="7997" /> <!-- Greater Mercenary Posting Ticket (Wizard/Mobile) -->
</list>
