<?xml version="1.0" encoding="UTF-8"?>
<list baseTax="20" xmlns:xsi="http://www.w3.org/2001/XMLSchema-instance" xsi:noNamespaceSchemaLocation="../xsd/buylist.xsd">
	<npcs>
		<npc>35557</npc> <!-- Kendrew -->
	</npcs>
	<item id="7941" /> <!-- Dawn Mercenary Posting Ticket (Sword/Stationary) -->
	<item id="7942" /> <!-- Dawn Mercenary Posting Ticket (Spear/Stationary) -->
	<item id="7943" /> <!-- Dawn Mercenary Posting Ticket (Bow/Stationary) -->
	<item id="7944" /> <!-- Dawn Mercenary Posting Ticket (Cleric/Stationary) -->
	<item id="7945" /> <!-- Dawn Mercenary Posting Ticket (Wizard/Stationary) -->
	<item id="7946" /> <!-- Dawn Mercenary Posting Ticket (Sword/Mobile) -->
	<item id="7947" /> <!-- Dawn Mercenary Posting Ticket (Spear/Mobile) -->
	<item id="7948" /> <!-- Dawn Mercenary Posting Ticket (Bow/Mobile) -->
	<item id="7949" /> <!-- Dawn Mercenary Posting Ticket (Cleric/Mobile) -->
	<item id="7950" /> <!-- Dawn Mercenary Posting Ticket (Wizard/Mobile) -->
</list>
