<?xml version="1.0" encoding="UTF-8"?>
<list baseTax="20" xmlns:xsi="http://www.w3.org/2001/XMLSchema-instance" xsi:noNamespaceSchemaLocation="../xsd/buylist.xsd">
	<npcs>
		<npc>35511</npc> <!-- Gompus -->
	</npcs>
	<item id="8008" /> <!-- Greater Recruit Posting Ticket (Sword/Stationary) -->
	<item id="8009" /> <!-- Greater Recruit Posting Ticket (Spear/Stationary) -->
	<item id="8010" /> <!-- Greater Recruit Posting Ticket (Bow/Stationary) -->
	<item id="8011" /> <!-- Greater Recruit Posting Ticket (Cleric/Stationary) -->
	<item id="8012" /> <!-- Greater Recruit Posting Ticket (Wizard/Stationary) -->
	<item id="8013" /> <!-- Greater Recruit Posting Ticket (Sword/Mobile) -->
	<item id="8014" /> <!-- Greater Recruit Posting Ticket (Spear/Mobile) -->
	<item id="8015" /> <!-- Greater Recruit Posting Ticket (Bow/Mobile) -->
	<item id="8016" /> <!-- Greater Recruit Posting Ticket (Cleric/Mobile) -->
	<item id="8017" /> <!-- Greater Recruit Posting Ticket (Wizard/Mobile) -->
	<item id="8018" /> <!-- Recruit Posting Ticket (Sword/Stationary) -->
	<item id="8019" /> <!-- Recruit Posting Ticket (Spear/Stationary) -->
	<item id="8020" /> <!-- Recruit Posting Ticket (Bow/Stationary) -->
	<item id="8021" /> <!-- Recruit Posting Ticket (Cleric/Stationary) -->
	<item id="8022" /> <!-- Recruit Posting Ticket (Wizard/Stationary) -->
	<item id="8023" /> <!-- Recruit Posting Ticket (Sword/Mobile) -->
	<item id="8024" /> <!-- Recruit Posting Ticket (Spear/Mobile) -->
	<item id="8025" /> <!-- Recruit Posting Ticket (Bow/Mobile) -->
	<item id="8026" /> <!-- Recruit Posting Ticket (Cleric/Mobile) -->
	<item id="8027" /> <!-- Recruit Posting Ticket (Wizard/Mobile) -->
</list>
