<?xml version="1.0" encoding="UTF-8"?>
<list baseTax="20" xmlns:xsi="http://www.w3.org/2001/XMLSchema-instance" xsi:noNamespaceSchemaLocation="../xsd/buylist.xsd">
	<npcs>
		<npc>35511</npc> <!-- Gompus -->
	</npcs>
	<item id="7983" /> <!-- Mercenary Posting Ticket (Teleporter1) -->
	<item id="7984" /> <!-- Mercenary Posting Ticket (Teleporter2) -->
	<item id="7985" /> <!-- Mercenary Posting Ticket (Teleporter3) -->
	<item id="7986" /> <!-- Mercenary Posting Ticket (Teleporter4) -->
	<item id="7987" /> <!-- Mercenary Posting Ticket (Teleporter5) -->
</list>
