<?xml version="1.0" encoding="UTF-8"?>
<list baseTax="15" xmlns:xsi="http://www.w3.org/2001/XMLSchema-instance" xsi:noNamespaceSchemaLocation="../xsd/buylist.xsd">
	<npcs>
		<npc>30003</npc> <!-- Silvia -->
	</npcs>
	<item id="1294" /> <!-- Spellbook: Defense Aura -->
	<item id="1095" /> <!-- Spellbook: Attack Aura -->
	<item id="1048" /> <!-- Spellbook: Might -->
	<item id="1050" /> <!-- Spellbook: Battle Heal -->
	<item id="1051" /> <!-- Spellbook: Vampiric Touch -->
	<item id="1049" /> <!-- Spellbook: Ice Bolt -->
	<item id="1152" /> <!-- Spellbook: Heal -->
	<item id="1054" /> <!-- Spellbook: Group Heal -->
	<item id="1058" /> <!-- Spellbook: Shield -->
	<item id="1099" /> <!-- Spellbook: Wind Shackle -->
	<item id="1098" /> <!-- Spellbook: Wind Walk -->
	<item id="1056" /> <!-- Spellbook: Curse: Weakness -->
	<item id="1055" /> <!-- Spellbook: Curse: Poison -->
	<item id="1053" /> <!-- Spellbook: Cure Poison -->
	<item id="1052" /> <!-- Spellbook: Flame Strike -->
	<item id="1097" /> <!-- Spellbook: Drain Health -->
	<item id="1096" /> <!-- Spellbook: Elemental Heal -->
	<item id="1386" /> <!-- Spellbook: Disrupt Undead -->
	<item id="1514" /> <!-- Spellbook: Resurrection -->
	<item id="1372" /> <!-- Spellbook: Blaze -->
	<item id="1667" /> <!-- Spellbook: Summon Shadow -->
	<item id="1671" /> <!-- Spellbook: Summon Silhouette -->
	<item id="1669" /> <!-- Spellbook: Summon Boxer the Unicorn -->
	<item id="1403" /> <!-- Spellbook: Summon Kat the Cat -->
	<item id="1405" /> <!-- Spellbook: Servitor Heal -->
	<item id="1370" /> <!-- Spellbook: Aqua Swirl -->
	<item id="1401" /> <!-- Spellbook: Acumen -->
	<item id="4916" /> <!-- Spellbook: Energy Bolt -->
	<item id="1411" /> <!-- Spellbook: Aura Burn -->
	<item id="1513" /> <!-- Spellbook: Charm -->
	<item id="1399" /> <!-- Spellbook: Concentration -->
	<item id="1515" /> <!-- Spellbook: Kiss of Eva -->
	<item id="1371" /> <!-- Spellbook: Twister -->
	<item id="1383" /> <!-- Spellbook: Poison -->
	<item id="1377" /> <!-- Spellbook: Poison Recovery -->
	<item id="3038" /> <!-- Blueprint: Summon Mechanic Golem -->
	<item id="10025" /> <!-- Battle Manual - Fallen Arrow -->
	<item id="10026" /> <!-- Battle Manual - Fallen Attack -->
	<item id="10073" /> <!-- Battle Manual - Rapid Attack -->
	<item id="10072" /> <!-- Battle Manual - Increase Power -->
	<item id="10027" /> <!-- Battle Manual - Detect Trap -->
	<item id="10028" /> <!-- Battle Manual - Defuse Trap -->
	<item id="3100" /> <!-- Spellbook: Guidance -->
	<item id="3431" /> <!-- Spellbook: Greater Group Heal -->
	<item id="3430" /> <!-- Spellbook: Greater Battle Heal -->
	<item id="3429" /> <!-- Spellbook: Greater Heal -->
	<item id="3101" /> <!-- Spellbook: Death Whisper -->
	<item id="3042" /> <!-- Spellbook: Life Scavenge -->
	<item id="3071" /> <!-- Spellbook: Requiem -->
	<item id="3432" /> <!-- Spellbook: Remedy -->
	<item id="3098" /> <!-- Spellbook: Return -->
	<item id="3048" /> <!-- Spellbook: Reflect Damage -->
	<item id="3073" /> <!-- Spellbook: Might of Heaven -->
	<item id="3941" /> <!-- Spellbook: Mass Resurrection -->
	<item id="7638" /> <!-- Spellbook - Mass Summon Storm Cubic -->
	<item id="3067" /> <!-- Spellbook: Vampiric Claw -->
	<item id="3102" /> <!-- Spellbook: Bless Shield -->
	<item id="3075" /> <!-- Spellbook: Blazing Circle -->
	<item id="3077" /> <!-- Spellbook: Blazing Skin -->
	<item id="3064" /> <!-- Spellbook: Silence -->
	<item id="3074" /> <!-- Spellbook: Surrender to Wind -->
	<item id="3056" /> <!-- Spellbook: Summon Dark Panther -->
	<item id="4922" /> <!-- Spellbook: Summon Binding Cubic -->
	<item id="3039" /> <!-- Spellbook: Summon Storm Cubic -->
	<item id="4918" /> <!-- Spellbook: Summon Kai the Cat -->
	<item id="3058" /> <!-- Spellbook: Summon Corrupted Man -->
	<item id="5813" /> <!-- Spellbook: Servitor Cure -->
	<item id="3092" /> <!-- Spellbook: Servitor Physical Shield -->
	<item id="4917" /> <!-- Spellbook: Aura Bolt -->
	<item id="3081" /> <!-- Spellbook: Aura Flare -->
	<item id="3094" /> <!-- Spellbook: Invigor -->
	<item id="3061" /> <!-- Spellbook: Curse Discord -->
	<item id="3062" /> <!-- Spellbook: Curse Fear -->
	<item id="4206" /> <!-- Spellbook: Transfer Pain -->
	<item id="3076" /> <!-- Spellbook: Prominence -->
	<item id="3053" /> <!-- Spellbook: Holy Blessing -->
	<item id="3047" /> <!-- Spellbook: Iron Will -->
	<item id="3052" /> <!-- Spellbook: Hamstring -->
	<item id="3065" /> <!-- Spellbook: Death Spike -->
	<item id="4200" /> <!-- Spellbook: Restore Life -->
	<item id="3069" /> <!-- Spellbook: Repose -->
	<item id="3095" /> <!-- Spellbook: Magic Barrier -->
	<item id="3096" /> <!-- Spellbook: Blessed Body -->
	<item id="3097" /> <!-- Spellbook: Blessed Soul -->
	<item id="3057" /> <!-- Spellbook: Summon Reanimated Man -->
	<item id="3091" /> <!-- Spellbook: Servitor Magic Shield -->
	<item id="3093" /> <!-- Spellbook: Servitor Haste -->
	<item id="3080" /> <!-- Spellbook: Sleeping Cloud -->
	<item id="3063" /> <!-- Spellbook: Anchor -->
	<item id="4913" /> <!-- Spellbook: Word of Fear -->
	<item id="4208" /> <!-- Spellbook: Curse Gloom -->
	<item id="3060" /> <!-- Spellbook: Forget -->
	<item id="3072" /> <!-- Spellbook: Purify -->
	<item id="3099" /> <!-- Spellbook: Haste -->
	<item id="3049" /> <!-- Spellbook: Corpse Plague -->
	<item id="3044" /> <!-- Spellbook: Horror -->
	<item id="3043" /> <!-- Spellbook: Holy Strike -->
	<item id="3078" /> <!-- Spellbook: Decay -->
	<item id="6398" /> <!-- Spellbook: Body of Avatar -->
	<item id="3068" /> <!-- Spellbook: Vitalize -->
	<item id="3079" /> <!-- Spellbook: Cancel -->
	<item id="3059" /> <!-- Spellbook: Corpse Burst -->
	<item id="3070" /> <!-- Spellbook: Hold Undead -->
	<item id="3046" /> <!-- Spellbook: Sacrifice -->
	<item id="5812" /> <!-- Spellbook: Servitor Empowerment -->
	<item id="3066" /> <!-- Spellbook: Curse Death Link -->
	<item id="8398" /> <!-- Spellbook: Mana Burn -->
	<item id="8396" /> <!-- Spellbook: Magical Backfire -->
	<item id="8401" /> <!-- Spellbook: Major Heal -->
	<item id="8380" /> <!-- Spellbook: Betray -->
	<item id="7644" /> <!-- Spellbook - Summon Cursed Man -->
	<item id="7641" /> <!-- Spellbook - Summon Feline Queen -->
	<item id="8616" /> <!-- Spellbook: Summon Friend -->
	<item id="8386" /> <!-- Spellbook - Arcane Disruption -->
	<item id="8395" /> <!-- Spellbook: Erase -->
	<item id="8946" /> <!-- Spellbook: Invocation -->
	<item id="8400" /> <!-- Spellbook: Turn Undead -->
	<item id="8394" /> <!-- Spellbook: Trance -->
	<item id="8388" /> <!-- Spellbook: Greater Might -->
	<item id="8389" /> <!-- Spellbook: Greater Shield -->
	<item id="1412" /> <!-- Spellbook: Resist Aqua -->
	<item id="8393" /> <!-- Spellbook: Unholy Resistance -->
	<item id="1413" /> <!-- Spellbook: Resist Wind -->
	<item id="8392" /> <!-- Spellbook: Holy Resistance -->
	<item id="8399" /> <!-- Spellbook: Mana Storm -->
	<item id="8383" /> <!-- Spellbook: Mass Surrender to Fire -->
	<item id="8382" /> <!-- Spellbook: Mass Curse Gloom -->
	<item id="8381" /> <!-- Spellbook: Mass Curse Fear -->
	<item id="8402" /> <!-- Spellbook: Major Group Heal -->
	<item id="8387" /> <!-- Spellbook - Summon Cursed Bones -->
	<item id="8891" /> <!-- Spellbook: Aura Flash -->
	<item id="5810" /> <!-- Spellbook: Rain of Fire -->
	<item id="4911" /> <!-- Spellbook: Curse Disease -->
	<item id="5811" /> <!-- Spellbook: Mass Slow -->
	<item id="5814" /> <!-- Spellbook: Servitor Blessing -->
	<item id="8945" /> <!-- Spellbook: Celestial Shield -->
	<item id="4912" /> <!-- Spellbook: Benediction -->
	<item id="4928" /> <!-- Spellbook: Seed of Fire -->
	<item id="6352" /> <!-- Spellbook: Prayer -->
	<item id="4931" /> <!-- Spellbook: Aura Symphony -->
	<item id="4932" /> <!-- Spellbook: Inferno -->
	<item id="5013" /> <!-- Spellbook: Elemental Assault -->
	<item id="12772" /> <!-- Spellbook - Inquisitor -->
</list>
