<?xml version="1.0" encoding="UTF-8"?>
<list baseTax="20" xmlns:xsi="http://www.w3.org/2001/XMLSchema-instance" xsi:noNamespaceSchemaLocation="../xsd/buylist.xsd">
	<npcs>
		<npc>30060</npc> <!-- Sabrin -->
	</npcs>
	<item id="2" /> <!-- Long Sword -->
	<item id="218" /> <!-- Throwing Knife -->
	<item id="272" /> <!-- Forest Bow -->
	<item id="15" /> <!-- Short Spear -->
	<item id="256" /> <!-- Cestus -->
	<item id="68" /> <!-- Falchion -->
	<item id="219" /> <!-- Sword Breaker -->
	<item id="273" /> <!-- Compound Bow -->
	<item id="155" /> <!-- Flanged Mace -->
	<item id="87" /> <!-- Iron Hammer -->
	<item id="16" /> <!-- Great Spear -->
	<item id="257" /> <!-- Viper Fang -->
	<item id="123" /> <!-- Saber -->
	<item id="7880" /> <!-- Steel Sword -->
	<item id="220" /> <!-- Crafted Dagger -->
	<item id="221" /> <!-- Assassin Knife -->
	<item id="274" /> <!-- Reinforced Bow -->
	<item id="156" /> <!-- Hand Axe -->
	<item id="166" /> <!-- Heavy Mace -->
	<item id="168" /> <!-- Work Hammer -->
	<item id="291" /> <!-- Trident -->
	<item id="258" /> <!-- Bagh-Nakh -->
	<item id="69" /> <!-- Bastard Sword -->
	<item id="222" /> <!-- Poniard Dagger -->
	<item id="275" /> <!-- Longbow -->
	<item id="277" /> <!-- Dark Elven Bow -->
	<item id="292" /> <!-- Pike -->
	<item id="295" /> <!-- Dwarven Trident -->
	<item id="259" /> <!-- Single-Edged Jamadhr -->
	<item id="88" /> <!-- Morning Star -->
</list>
