<?xml version="1.0" encoding="UTF-8"?>
<list baseTax="10" xmlns:xsi="http://www.w3.org/2001/XMLSchema-instance" xsi:noNamespaceSchemaLocation="../xsd/buylist.xsd">
	<npcs>
		<npc>30084</npc> <!-- Graham -->
	</npcs>
	<item id="11614" /> <!-- Common Item - Saber -->
	<item id="11605" /> <!-- Common Item - Steel Sword -->
	<item id="11613" /> <!-- Common Item - Crafted Dagger -->
	<item id="11617" /> <!-- Common Item - Assassin Knife -->
	<item id="11606" /> <!-- Common Item - Reinforced Bow -->
	<item id="11623" /> <!-- Common Item - Hand Axe -->
	<item id="11626" /> <!-- Common Item - Heavy Mace -->
	<item id="11618" /> <!-- Common Item - Work Hammer -->
	<item id="11622" /> <!-- Common Item - Trident -->
	<item id="11635" /> <!-- Common Item - Bastard Sword -->
	<item id="11643" /> <!-- Common Item - Artisan's Sword -->
	<item id="11646" /> <!-- Common Item - Poniard Dagger -->
	<item id="11632" /> <!-- Common Item - Long Bow -->
	<item id="11640" /> <!-- Common Item - Elven Bow -->
	<item id="11629" /> <!-- Common Item - Dark Elven Bow -->
	<item id="11645" /> <!-- Common Item - Tomahawk -->
	<item id="11647" /> <!-- Common Item - Pike -->
	<item id="11631" /> <!-- Common Item - Dwarven Trident -->
	<item id="11667" /> <!-- Common Item - Two-Handed Sword -->
	<item id="11675" /> <!-- Common Item - Crimson Sword -->
	<item id="11670" /> <!-- Common Item - Elven Sword -->
	<item id="11673" /> <!-- Common Item - Kukuri -->
	<item id="11659" /> <!-- Common Item - Gastraphetes -->
	<item id="11666" /> <!-- Common Item - Spiked Club -->
	<item id="11671" /> <!-- Common Item - War Hammer -->
	<item id="11661" /> <!-- Common Item - Dwarven Pike -->
	<item id="11714" /> <!-- Common Item - Sword of Revolution -->
	<item id="11685" /> <!-- Common Item - Maingauche -->
	<item id="11706" /> <!-- Common Item - Cursed Maingauche -->
	<item id="11683" /> <!-- Common Item - Reinforced Long Bow -->
	<item id="11708" /> <!-- Common Item - Tarbar -->
	<item id="11710" /> <!-- Common Item - Titan Sword -->
	<item id="11711" /> <!-- Common Item - Titan Hammer -->
	<item id="11713" /> <!-- Common Item - Heavy Bone Club -->
	<item id="11712" /> <!-- Common Item - War Pick -->
	<item id="11686" /> <!-- Common Item - Morning Star -->
	<item id="11703" /> <!-- Common Item - Winged Spear -->
	<item id="11608" /> <!-- Common Item - Bagh-Nakh -->
	<item id="11642" /> <!-- Common Item - Single-Edged Jamadhr -->
	<item id="11665" /> <!-- Common Item - Triple-Edged Jamadhr -->
	<item id="11691" /> <!-- Common Item - Bich'Hwa -->
	<item id="11625" /> <!-- Common Item - Heavy Sword -->
	<item id="11736" /> <!-- Common Item - Claymore -->
	<item id="11727" /> <!-- Common Item - Bonebreaker -->
	<item id="11726" /> <!-- Common Item - Mithril Dagger -->
	<item id="11730" /> <!-- Common Item - Scallop Jamadhr -->
	<item id="11728" /> <!-- Common Item - Light Crossbow -->
	<item id="11725" /> <!-- Common Item - Glaive -->
	<item id="11733" /> <!-- Common Item - Elven Long Sword -->
	<item id="11747" /> <!-- Common Item - Dark Elven Dagger -->
	<item id="11763" /> <!-- Common Item - Chakram -->
	<item id="11759" /> <!-- Common Item - Crystallized Ice Bow -->
	<item id="11760" /> <!-- Common Item - Orcish Glaive -->
	<item id="11749" /> <!-- Common Item - Body Slasher -->
	<item id="11783" /> <!-- Common Item - Shamshir -->
	<item id="11794" /> <!-- Common Item - Katana -->
	<item id="11789" /> <!-- Common Item - Spirit Sword -->
	<item id="11778" /> <!-- Common Item - Raid Sword -->
	<item id="11788" /> <!-- Common Item - Stiletto -->
	<item id="11777" /> <!-- Common Item - Dwarven War Hammer -->
	<item id="11782" /> <!-- Common Item - Bec de Corbin -->
	<item id="11790" /> <!-- Common Item - Elemental Bow -->
	<item id="11775" /> <!-- Common Item - Noble Elven Bow -->
	<item id="11776" /> <!-- Common Item - Knuckle Duster -->
	<item id="11821" /> <!-- Common Item - Caliburs -->
	<item id="11807" /> <!-- Common Item - Sword of Delusion -->
	<item id="11820" /> <!-- Common Item - Tsurugi -->
	<item id="11801" /> <!-- Common Item - Sword of Limit -->
	<item id="11815" /> <!-- Common Item - Sword of Nightmare -->
	<item id="11816" /> <!-- Common Item - War Axe -->
	<item id="11800" /> <!-- Common Item - Grace Dagger -->
	<item id="11803" /> <!-- Common Item - Dark Screamer -->
	<item id="11826" /> <!-- Common Item - Poleaxe -->
	<item id="11827" /> <!-- Common Item - Fisted Blade -->
	<item id="11814" /> <!-- Common Item - Akat Long Bow -->
	<item id="11813" /> <!-- Common Item - Pa'agrian Sword -->
	<item id="11822" /> <!-- Common Item - Karik Horn -->
	<item id="11830" /> <!-- Common Item - Scorpion -->
	<item id="11832" /> <!-- Common Item - Widow Maker -->
	<item id="11853" /> <!-- Common Item - Samurai Long Sword -->
	<item id="11863" /> <!-- Common Item - Crystal Dagger -->
	<item id="11856" /> <!-- Common Item - Yaksa Mace -->
	<item id="11839" /> <!-- Common Item - Great Pata -->
	<item id="11857" /> <!-- Common Item - Eminence Bow -->
	<item id="11858" /> <!-- Common Item - Orcish Poleaxe -->
	<item id="11843" /> <!-- Common Item - Berserker Blade -->
	<item id="11840" /> <!-- Common Item - Dwarven Hammer -->
</list>
