<?xml version="1.0" encoding="UTF-8"?>
<list baseTax="15" xmlns:xsi="http://www.w3.org/2001/XMLSchema-instance" xsi:noNamespaceSchemaLocation="../xsd/buylist.xsd">
	<npcs>
		<npc>30135</npc> <!-- Iria -->
	</npcs>
	<item id="7" /> <!-- Apprentice's Rod -->
	<item id="308" /> <!-- Buffalo's Horn -->
	<item id="8" /> <!-- Willow Staff -->
	<item id="99" /> <!-- Apprentice's Spellbook -->
	<item id="9" /> <!-- Cedar Staff -->
	<item id="176" /> <!-- Apprentice's Staff -->
	<item id="310" /> <!-- Relic of the Saints -->
	<item id="9577" /> <!-- Cotton Shirt -->
	<item id="9583" /> <!-- Striped Cotton Shirt -->
</list>
