<?xml version="1.0" encoding="UTF-8"?>
<list baseTax="20" xmlns:xsi="http://www.w3.org/2001/XMLSchema-instance" xsi:noNamespaceSchemaLocation="../xsd/buylist.xsd">
	<npcs>
		<npc>30149</npc> <!-- Creamees -->
	</npcs>
	<item id="1294" /> <!-- Spellbook: Defense Aura -->
	<item id="1095" /> <!-- Spellbook: Attack Aura -->
	<item id="1048" /> <!-- Spellbook: Might -->
	<item id="1050" /> <!-- Spellbook: Battle Heal -->
	<item id="1051" /> <!-- Spellbook: Vampiric Touch -->
	<item id="1049" /> <!-- Spellbook: Ice Bolt -->
	<item id="1152" /> <!-- Spellbook: Heal -->
	<item id="1054" /> <!-- Spellbook: Group Heal -->
	<item id="1058" /> <!-- Spellbook: Shield -->
	<item id="1099" /> <!-- Spellbook: Wind Shackle -->
	<item id="1098" /> <!-- Spellbook: Wind Walk -->
	<item id="1056" /> <!-- Spellbook: Curse: Weakness -->
	<item id="1055" /> <!-- Spellbook: Curse: Poison -->
	<item id="1053" /> <!-- Spellbook: Cure Poison -->
	<item id="1052" /> <!-- Spellbook: Flame Strike -->
	<item id="1097" /> <!-- Spellbook: Drain Health -->
	<item id="1096" /> <!-- Spellbook: Elemental Heal -->
	<item id="1386" /> <!-- Spellbook: Disrupt Undead -->
	<item id="1514" /> <!-- Spellbook: Resurrection -->
	<item id="1372" /> <!-- Spellbook: Blaze -->
	<item id="1667" /> <!-- Spellbook: Summon Shadow -->
	<item id="1671" /> <!-- Spellbook: Summon Silhouette -->
	<item id="1669" /> <!-- Spellbook: Summon Boxer the Unicorn -->
	<item id="1403" /> <!-- Spellbook: Summon Kat the Cat -->
	<item id="1405" /> <!-- Spellbook: Servitor Heal -->
	<item id="1370" /> <!-- Spellbook: Aqua Swirl -->
	<item id="1401" /> <!-- Spellbook: Acumen -->
	<item id="4916" /> <!-- Spellbook: Energy Bolt -->
	<item id="1411" /> <!-- Spellbook: Aura Burn -->
	<item id="1513" /> <!-- Spellbook: Charm -->
	<item id="1399" /> <!-- Spellbook: Concentration -->
	<item id="1515" /> <!-- Spellbook: Kiss of Eva -->
	<item id="1371" /> <!-- Spellbook: Twister -->
	<item id="1383" /> <!-- Spellbook: Poison -->
	<item id="1377" /> <!-- Spellbook: Poison Recovery -->
	<item id="3038" /> <!-- Blueprint: Summon Mechanic Golem -->
	<item id="10025" /> <!-- Battle Manual - Fallen Arrow -->
	<item id="10026" /> <!-- Battle Manual - Fallen Attack -->
	<item id="10073" /> <!-- Battle Manual - Rapid Attack -->
	<item id="10072" /> <!-- Battle Manual - Increase Power -->
	<item id="10027" /> <!-- Battle Manual - Detect Trap -->
	<item id="10028" /> <!-- Battle Manual - Defuse Trap -->
	<item id="3429" /> <!-- Spellbook: Greater Heal -->
	<item id="3431" /> <!-- Spellbook: Greater Group Heal -->
	<item id="4201" /> <!-- Spellbook: Resist Shock -->
	<item id="3098" /> <!-- Spellbook: Return -->
	<item id="4207" /> <!-- Spellbook: Mana Regeneration -->
	<item id="3073" /> <!-- Spellbook: Might of Heaven -->
	<item id="7639" /> <!-- Spellbook - Mass Summon Aqua Cubic -->
	<item id="3102" /> <!-- Spellbook: Bless Shield -->
	<item id="3082" /> <!-- Spellbook: Surrender to Water -->
	<item id="3045" /> <!-- Spellbook: Summon Life Cubic -->
	<item id="3039" /> <!-- Spellbook: Summon Storm Cubic -->
	<item id="4923" /> <!-- Spellbook: Summon Aqua Cubic -->
	<item id="4919" /> <!-- Spellbook: Summon Merrow the Unicorn -->
	<item id="5813" /> <!-- Spellbook: Servitor Cure -->
	<item id="3092" /> <!-- Spellbook: Servitor Physical Shield -->
	<item id="4907" /> <!-- Spellbook: Solar Flare -->
	<item id="3051" /> <!-- Spellbook: Spirit Barrier -->
	<item id="4917" /> <!-- Spellbook: Aura Bolt -->
	<item id="3081" /> <!-- Spellbook: Aura Flare -->
	<item id="3062" /> <!-- Spellbook: Curse Fear -->
	<item id="4206" /> <!-- Spellbook: Transfer Pain -->
	<item id="3086" /> <!-- Spellbook: Frost Bolt -->
	<item id="3088" /> <!-- Spellbook: Freezing Skin -->
	<item id="3085" /> <!-- Spellbook: Hydro Blast -->
	<item id="3091" /> <!-- Spellbook: Servitor Magic Shield -->
	<item id="3093" /> <!-- Spellbook: Servitor Haste -->
	<item id="4914" /> <!-- Spellbook: Serenade of Eva -->
	<item id="3080" /> <!-- Spellbook: Sleeping Cloud -->
	<item id="3087" /> <!-- Spellbook: Ice Dagger -->
	<item id="3084" /> <!-- Spellbook: Freezing Shackle -->
	<item id="3068" /> <!-- Spellbook: Vitalize -->
	<item id="3079" /> <!-- Spellbook: Cancel -->
	<item id="3942" /> <!-- Spellbook: Party Return -->
	<item id="5812" /> <!-- Spellbook: Servitor Empowerment -->
	<item id="3083" /> <!-- Spellbook: Frost Wall -->
	<item id="8398" /> <!-- Spellbook: Mana Burn -->
	<item id="8401" /> <!-- Spellbook: Major Heal -->
	<item id="8380" /> <!-- Spellbook: Betray -->
	<item id="7642" /> <!-- Spellbook - Summon Unicorn Seraphim -->
	<item id="8616" /> <!-- Spellbook: Summon Friend -->
	<item id="8395" /> <!-- Spellbook: Erase -->
	<item id="8946" /> <!-- Spellbook: Invocation -->
	<item id="8400" /> <!-- Spellbook: Turn Undead -->
	<item id="8394" /> <!-- Spellbook: Trance -->
	<item id="1412" /> <!-- Spellbook: Resist Aqua -->
	<item id="8393" /> <!-- Spellbook: Unholy Resistance -->
	<item id="8384" /> <!-- Spellbook: Mass Surrender to Water -->
	<item id="5809" /> <!-- Spellbook: Aqua Splash -->
	<item id="5816" /> <!-- Spellbook: Advanced Block -->
	<item id="8891" /> <!-- Spellbook: Aura Flash -->
	<item id="8397" /> <!-- Spellbook: Clarity -->
	<item id="8890" /> <!-- Spellbook: Summon Attractive Cubic -->
	<item id="5814" /> <!-- Spellbook: Servitor Blessing -->
	<item id="5815" /> <!-- Spellbook: Wild Magic -->
	<item id="4929" /> <!-- Spellbook: Seed of Water -->
	<item id="4931" /> <!-- Spellbook: Aura Symphony -->
	<item id="4933" /> <!-- Spellbook: Blizzard -->
	<item id="5014" /> <!-- Spellbook: Elemental Symphony -->
	<item id="12772" /> <!-- Spellbook - Inquisitor -->
</list>
