<?xml version="1.0" encoding="UTF-8"?>
<list baseTax="20" xmlns:xsi="http://www.w3.org/2001/XMLSchema-instance" xsi:noNamespaceSchemaLocation="../xsd/buylist.xsd">
	<npcs>
		<npc>30321</npc> <!-- Sydnia -->
	</npcs>
	<item id="176" /> <!-- Apprentice's Staff -->
	<item id="310" /> <!-- Relic of the Saints -->
	<item id="177" /> <!-- Mage Staff -->
	<item id="311" /> <!-- Crucifix of Blessing -->
	<item id="100" /> <!-- Voodoo Doll -->
	<item id="178" /> <!-- Bone Staff -->
	<item id="101" /> <!-- Scroll of Wisdom -->
	<item id="7885" /> <!-- Priest Sword -->
	<item id="312" /> <!-- Branch of Life -->
	<item id="314" /> <!-- Proof of Revenge -->
	<item id="179" /> <!-- Mace of Prayer -->
	<item id="182" /> <!-- Doom Hammer -->
	<item id="183" /> <!-- Mystic Staff -->
	<item id="185" /> <!-- Staff of Mana -->
	<item id="315" /> <!-- Divine Tome -->
	<item id="83" /> <!-- Sword of Magic -->
	<item id="143" /> <!-- Sword of Mystic -->
	<item id="144" /> <!-- Sword of Occult -->
	<item id="238" /> <!-- Dagger of Mana -->
	<item id="239" /> <!-- Mystic Knife -->
	<item id="240" /> <!-- Conjurer's Knife -->
</list>
