<?xml version="1.0" encoding="UTF-8"?>
<list baseTax="50" xmlns:xsi="http://www.w3.org/2001/XMLSchema-instance" xsi:noNamespaceSchemaLocation="../xsd/buylist.xsd">
	<npcs>
		<npc>30436</npc> <!-- Sarien -->
	</npcs>
	<item id="34994" /> <!-- Gemstone -->
	<item id="2130" /> <!-- Gemstone (D-grade) -->
	<item id="2131" /> <!-- Gemstone (C-grade) -->
	<item id="2132" /> <!-- Gemstone (B-grade) -->
	<item id="1835" /> <!-- Soulshot (No-grade) -->
	<item id="2509" /> <!-- Spiritshot (No-grade) -->
	<item id="3947" /> <!-- Blessed Spiritshot (No-grade) -->
	<item id="1463" /> <!-- Soulshot (D-grade) -->
	<item id="1464" /> <!-- Soulshot (C-grade) -->
	<item id="1465" /> <!-- Soulshot (B-grade) -->
	<item id="1466" /> <!-- Soulshot (A-grade) -->
	<item id="1467" /> <!-- Soulshot (S-grade) -->
	<item id="3948" /> <!-- Blessed Spiritshot (D-grade) -->
	<item id="3949" /> <!-- Blessed Spiritshot (C-grade) -->
	<item id="3950" /> <!-- Blessed Spiritshot (B-grade) -->
	<item id="3951" /> <!-- Blessed Spiritshot (A-grade) -->
	<item id="3952" /> <!-- Blessed Spiritshot (S-grade) -->
	<item id="32249" /> <!-- Infinite Wooden Quiver -->
	<item id="32250" /> <!-- Infinite Bone Quiver -->
	<item id="32251" /> <!-- Infinite Steel Quiver -->
	<item id="32252" /> <!-- Infinite Silver Quiver -->
	<item id="32253" /> <!-- Infinite Mithril Quiver -->
	<item id="32254" /> <!-- Infinite Quiver of Light -->
	<item id="32256" /> <!-- Infinite Wooden Bolt Container -->
	<item id="32257" /> <!-- Infinite Bone Bolt Container -->
	<item id="32258" /> <!-- Infinite Steel Bolt Container -->
	<item id="32259" /> <!-- Infinite Silver Bolt Container -->
	<item id="32260" /> <!-- Infinite Mithril Bolt Container -->
	<item id="32261" /> <!-- Infinite Light Bolt Container -->
	<item id="5146" /> <!-- Compressed Package: Blessed No-grade Spiritshots -->
	<item id="5140" /> <!-- Compressed Package: No-grade Spiritshots -->
	<item id="5134" /> <!-- Compressed Package: No-grade Soulshots -->
	<item id="5262" /> <!-- Greater Compressed Package: Blessed No-grade Spiritshots -->
	<item id="5256" /> <!-- Greater Compressed Package: No-grade Spiritshots -->
	<item id="5250" /> <!-- Greater Compressed Package: No-grade Soulshots -->
	<item id="5192" /> <!-- D-grade Magic Rope -->
	<item id="5193" /> <!-- C-grade Magic Rope -->
	<item id="5194" /> <!-- B-grade Magic Rope -->
	<item id="5195" /> <!-- A-grade Magic Rope -->
	<item id="5196" /> <!-- S-grade Magic Rope -->
	<item id="34837" /> <!-- R-grade Magic Rope -->
	<item id="1060" /> <!-- HP Replenishing Potion -->
	<item id="1061" /> <!-- Greater HP Replenishing Potion -->
	<item id="1539" /> <!-- Major HP Replenishing Potion -->
	<item id="1540" /> <!-- Quick HP Replenishing Potion -->
	<item id="1832" /> <!-- Greater Antidote -->
	<item id="1834" /> <!-- Emergency Dressing -->
	<item id="734" /> <!-- Wind Walk Potion -->
	<item id="735" /> <!-- Haste Potion -->
	<item id="6035" /> <!-- Magic Haste Potion -->
	<item id="6037" /> <!-- Scroll: Cancel Sleep -->
	<item id="5589" /> <!-- Momentum Stone -->
	<item id="4679" /> <!-- Eva's Blessing -->
	<item id="8622" /> <!-- No-grade Elixir of Life -->
	<item id="8623" /> <!-- Elixir of Life -->
	<item id="8624" /> <!-- Elixir of Life -->
	<item id="8634" /> <!-- No-grade Elixir of CP -->
	<item id="8635" /> <!-- Elixir of CP -->
	<item id="8636" /> <!-- Elixir of CP -->
	<item id="8637" /> <!-- Elixir of CP -->
	<item id="8638" /> <!-- Elixir of CP -->
	<item id="8639" /> <!-- Elixir of CP -->
	<item id="8615" /> <!-- Summoning Crystal -->
	<item id="8628" /> <!-- No-grade Elixir of Mind -->
	<item id="8629" /> <!-- Elixir of Mind -->
	<item id="36598" /> <!-- Scroll: Restore R-grade Equipment -->
	<item id="36599" /> <!-- Scroll: Restore S-grade Equipment -->
	<item id="36600" /> <!-- Scroll: Restore A-grade Equipment -->
	<item id="36601" /> <!-- Scroll: Restore B-grade Equipment -->
	<item id="36602" /> <!-- Scroll: Restore C-grade Equipment -->
	<item id="36603" /> <!-- Scroll: Restore D-grade Equipment -->
	<item id="37493" /> <!-- Restoration Stone: Hair Accessory -->
	<item id="8515" /> <!-- No-grade Charm of Courage -->
</list>