<?xml version="1.0" encoding="UTF-8"?>
<list baseTax="15" xmlns:xsi="http://www.w3.org/2001/XMLSchema-instance" xsi:noNamespaceSchemaLocation="../xsd/buylist.xsd">
	<npcs>
		<npc>30517</npc> <!-- Shari -->
	</npcs>
	<item id="462" /> <!-- Stockings -->
	<item id="426" /> <!-- Tunic -->
	<item id="1103" /> <!-- Cotton Stockings -->
	<item id="1100" /> <!-- Cotton Tunic -->
	<item id="463" /> <!-- Feriotic Stockings -->
	<item id="428" /> <!-- Feriotic Tunic -->
	<item id="464" /> <!-- Leather Stockings -->
	<item id="429" /> <!-- Leather Tunic -->
	<item id="1104" /> <!-- Stockings of Devotion -->
	<item id="1101" /> <!-- Tunic of Devotion -->
	<item id="18" /> <!-- Leather Shield -->
	<item id="19" /> <!-- Small Shield -->
	<item id="20" /> <!-- Buckler -->
	<item id="102" /> <!-- Round Shield -->
	<item id="48" /> <!-- Short Gloves -->
	<item id="1119" /> <!-- Short Leather Gloves -->
	<item id="49" /> <!-- Gloves -->
	<item id="50" /> <!-- Leather Gloves -->
	<item id="1121" /> <!-- Apprentice's Shoes -->
	<item id="35" /> <!-- Cloth Shoes -->
	<item id="36" /> <!-- Leather Sandals -->
	<item id="1129" /> <!-- Crude Leather Shoes -->
	<item id="1122" /> <!-- Cotton Shoes -->
	<item id="37" /> <!-- Leather Shoes -->
	<item id="38" /> <!-- Low Boots -->
	<item id="41" /> <!-- Cloth Cap -->
	<item id="42" /> <!-- Leather Cap -->
	<item id="43" /> <!-- Wooden Helmet -->
	<item id="44" /> <!-- Leather Helmet -->
	<item id="9577" /> <!-- Cotton Shirt -->
	<item id="9583" /> <!-- Striped Cotton Shirt -->
</list>
