<?xml version="1.0" encoding="UTF-8"?>
<list baseTax="15" xmlns:xsi="http://www.w3.org/2001/XMLSchema-instance" xsi:noNamespaceSchemaLocation="../xsd/buylist.xsd">
	<npcs>
		<npc>30561</npc> <!-- Papuma -->
	</npcs>
	<item id="1835" /> <!-- Soulshot: No Grade -->
	<item id="2509" /> <!-- Spiritshot: No Grade -->
	<item id="3947" /> <!-- Blessed Spiritshot: No Grade -->
	<item id="5146" /> <!-- Compressed Package of Blessed Spiritshots: No Grade -->
	<item id="5140" /> <!-- Compressed Package of Spiritshots: No Grade -->
	<item id="5134" /> <!-- Compressed Package of Soulshots: No Grade -->
	<item id="5262" /> <!-- Greater Compressed Package of Blessed Spiritshots (No-Grade) -->
	<item id="5256" /> <!-- Greater Compressed Package of Spiritshots (No-Grade) -->
	<item id="5250" /> <!-- Greater Compressed Package of Soulshots (No-Grade) -->
	<item id="17" /> <!-- Wooden Arrow -->
	<item id="1341" /> <!-- Bone Arrow -->
	<item id="1060" /> <!-- Lesser Healing Potion -->
	<item id="1831" /> <!-- Antidote -->
	<item id="1833" /> <!-- Bandage -->
	<item id="734" /> <!-- Haste Potion -->
	<item id="735" /> <!-- Alacrity Potion -->
	<item id="6035" /> <!-- Magic Haste Potion -->
	<item id="736" /> <!-- Scroll of Escape -->
	<item id="737" /> <!-- Scroll of Resurrection -->
	<item id="3031" /> <!-- Spirit Ore -->
	<item id="1785" /> <!-- Soul Ore -->
	<item id="5589" /> <!-- Energy Stone -->
	<item id="1661" /> <!-- Thief Key -->
	<item id="5192" /> <!-- Rope of Magic (D-Grade) -->
	<item id="9633" /> <!-- Bone Bolt -->
	<item id="8594" /> <!-- Scroll: Recovery (No Grade) -->
	<item id="8595" /> <!-- Scroll: Recovery (Grade D) -->
	<item id="8622" /> <!-- Elixir of Life (No Grade) -->
	<item id="8623" /> <!-- Elixir of Life (D-Grade) -->
	<item id="8628" /> <!-- Elixir of Mental Strength (No Grade) -->
	<item id="8629" /> <!-- Elixir of Mental Strength (D-Grade) -->
	<item id="8634" /> <!-- Elixir of CP (No Grade) -->
	<item id="8635" /> <!-- Elixir of CP (D-Grade) -->
	<item id="8615" /> <!-- Summoning Crystal -->
	<item id="4625" /> <!-- Dice (Heart) -->
	<item id="4626" /> <!-- Dice (Spade) -->
	<item id="4627" /> <!-- Dice (Clover) -->
	<item id="4628" /> <!-- Dice (Diamond) -->
	<item id="21746" /> <!-- Maestro's Key -->
</list>
