<?xml version="1.0" encoding="UTF-8"?>
<list baseTax="15" xmlns:xsi="http://www.w3.org/2001/XMLSchema-instance" xsi:noNamespaceSchemaLocation="../xsd/buylist.xsd">
	<npcs>
		<npc>30560</npc> <!-- Uska -->
	</npcs>
	<item id="1529" /> <!-- Amulet: Dreaming Spirit -->
	<item id="1525" /> <!-- Amulet: Life Drain -->
	<item id="1527" /> <!-- Amulet: Venom -->
	<item id="1524" /> <!-- Amulet: Soul Shield -->
	<item id="1531" /> <!-- Amulet: Chill Flame -->
	<item id="1522" /> <!-- Amulet: Chant of Battle -->
	<item id="1526" /> <!-- Amulet: Fear -->
	<item id="1534" /> <!-- Amulet: Madness -->
	<item id="1537" /> <!-- Amulet: Seal of Poison -->
	<item id="1856" /> <!-- Amulet: Chant of Life -->
	<item id="1523" /> <!-- Amulet: Chant of Shielding -->
	<item id="1521" /> <!-- Amulet: Chant of Fire -->
	<item id="1535" /> <!-- Amulet: Frost Flame -->
	<item id="3104" /> <!-- Amulet: Pa'agrio's Glory -->
	<item id="3114" /> <!-- Amulet: Steal Essence -->
	<item id="3110" /> <!-- Amulet: Seal of Scourge -->
	<item id="3105" /> <!-- Amulet: Seal of Winter -->
	<item id="3113" /> <!-- Amulet: Pa'agrio's Protection -->
	<item id="3103" /> <!-- Amulet: Pa'agrio's Wisdom -->
	<item id="3117" /> <!-- Amulet: Chant of Evasion -->
	<item id="4204" /> <!-- Amulet: Pa'agrio's Tact -->
	<item id="3115" /> <!-- Amulet: Freezing Flame -->
	<item id="4205" /> <!-- Amulet: Pa'agrio's Rage -->
	<item id="3112" /> <!-- Amulet: Pa'agrio's Vision -->
	<item id="4926" /> <!-- Amulet: Soul Guard -->
	<item id="3107" /> <!-- Amulet: Seal of Gloom -->
	<item id="3108" /> <!-- Amulet: Seal of Mirage -->
	<item id="3118" /> <!-- Amulet: Chant of Rage -->
	<item id="6397" /> <!-- Amulet: Chant of Vampire -->
	<item id="3943" /> <!-- Amulet: Pa'agrio's Heart -->
	<item id="3109" /> <!-- Amulet: Seal of Silence -->
	<item id="3111" /> <!-- Amulet: Seal of Suspension -->
	<item id="3106" /> <!-- Amulet: Seal of Flame -->
	<item id="6396" /> <!-- Amulet: Chant of Eagle -->
	<item id="3116" /> <!-- Amulet: Chant of Fury -->
	<item id="6395" /> <!-- Amulet: Chant of Predator -->
	<item id="4925" /> <!-- Amulet: Pa'agrio's Haste -->
	<item id="8391" /> <!-- Amulet: Earth Chant -->
	<item id="8390" /> <!-- Amulet: War Chant -->
	<item id="4927" /> <!-- Amulet: Chant of Revenge -->
	<item id="6351" /> <!-- Amulet: Ritual of Life -->
	<item id="6350" /> <!-- Amulet: Pa'agrio's Honor -->
</list>
