<?xml version="1.0" encoding="UTF-8"?>
<list baseTax="20" xmlns:xsi="http://www.w3.org/2001/XMLSchema-instance" xsi:noNamespaceSchemaLocation="../xsd/buylist.xsd">
	<npcs>
		<npc>30841</npc> <!-- Carson -->
	</npcs>
	<item id="12312" /> <!-- Common Item - Necklace of Devotion -->
	<item id="12311" /> <!-- Common Item - Red Crescent -->
	<item id="12313" /> <!-- Common Item - Ring of Devotion -->
	<item id="12326" /> <!-- Common Item - Moonstone Earring -->
	<item id="12328" /> <!-- Common Item - Aquastone Ring -->
	<item id="12327" /> <!-- Common Item - Aquastone Necklace -->
	<item id="12331" /> <!-- Common Item - Ring of Protection -->
	<item id="12329" /> <!-- Common Item - Earring of Protection -->
	<item id="12330" /> <!-- Common Item - Necklace of Protection -->
	<item id="12333" /> <!-- Common Item - Ring of Ages -->
	<item id="12332" /> <!-- Common Item - Earring of Seal -->
	<item id="12334" /> <!-- Common Item - Necklace of Mermaid -->
	<item id="12337" /> <!-- Common Item - Ring of Seal -->
	<item id="12335" /> <!-- Common Item - Nassen's Earring -->
	<item id="12336" /> <!-- Common Item - Necklace of Seal -->
</list>
