<?xml version="1.0" encoding="UTF-8"?>
<list baseTax="20" xmlns:xsi="http://www.w3.org/2001/XMLSchema-instance" xsi:noNamespaceSchemaLocation="../xsd/buylist.xsd">
	<npcs>
		<npc>30841</npc> <!-- Carson -->
	</npcs>
	<item id="4445" /> <!-- STR Dye (STR + 1 CON - 3) -->
	<item id="4446" /> <!-- STR Dye (STR + 1 DEX - 3) -->
	<item id="4447" /> <!-- CON Dye (Con + 1 Str - 3) -->
	<item id="4448" /> <!-- CON Dye (Con + 1 DEX - 3) -->
	<item id="4449" /> <!-- DEX Dye (Dex + 1 Str - 3) -->
	<item id="4450" /> <!-- DEX Dye (Dex + 1 CON - 3) -->
	<item id="4451" /> <!-- INT Dye (Int + 1 Men - 3) -->
	<item id="4452" /> <!-- INT Dye (Int + 1 Wit - 3) -->
	<item id="4453" /> <!-- MEN Dye (Men + 1 Int - 3) -->
	<item id="4454" /> <!-- MEN Dye (Men + 1 Wit - 3) -->
	<item id="4455" /> <!-- WIT Dye (Wit + 1 Int - 3) -->
	<item id="4456" /> <!-- WIT Dye (Wit + 1 Men - 3) -->
	<item id="4457" /> <!-- STR Dye (STR + 1 CON - 2) -->
	<item id="4458" /> <!-- STR Dye (STR + 1 DEX - 2) -->
	<item id="4459" /> <!-- CON Dye (Con + 1 Str - 2) -->
	<item id="4460" /> <!-- CON Dye (Con + 1 DEX - 2) -->
	<item id="4461" /> <!-- DEX Dye (Dex + 1 Str - 2) -->
	<item id="4462" /> <!-- DEX Dye (Dex + 1 CON - 2) -->
	<item id="4463" /> <!-- INT Dye (Int + 1 Men - 2) -->
	<item id="4464" /> <!-- INT Dye (Int + 1 Wit - 2) -->
	<item id="4465" /> <!-- MEN Dye (Men + 1 Int - 2) -->
	<item id="4466" /> <!-- MEN Dye (Men + 1 Wit - 2) -->
	<item id="4467" /> <!-- WIT Dye (Wit + 1 Int - 2) -->
	<item id="4468" /> <!-- WIT Dye (Wit + 1 Men - 2) -->
	<item id="4481" /> <!-- Greater STR Dye (STR + 1 CON - 3) -->
	<item id="4482" /> <!-- Greater STR Dye (STR + 1 DEX - 3) -->
	<item id="4483" /> <!-- Greater CON Dye(Con + 1 Str - 3) -->
	<item id="4484" /> <!-- Greater CON Dye(Con + 1 DEX - 3) -->
	<item id="4485" /> <!-- Greater DEX Dye (Dex + 1 Str - 3) -->
	<item id="4486" /> <!-- Greater DEX Dye (Dex + 1 CON - 3) -->
	<item id="4487" /> <!-- Greater INT Dye (Int + 1 Men - 3) -->
	<item id="4488" /> <!-- Greater INT Dye (Int + 1 Wit - 3) -->
	<item id="4489" /> <!-- Greater MEN Dye (Men + 1 Int - 3) -->
	<item id="4490" /> <!-- Greater MEN Dye (Men + 1 Wit - 3) -->
	<item id="4491" /> <!-- Greater WIT Dye (Wit + 1 Int - 3) -->
	<item id="4492" /> <!-- Greater WIT Dye (Wit + 1 Men - 3) -->
</list>
