<?xml version="1.0" encoding="UTF-8"?>
<list baseTax="20" xmlns:xsi="http://www.w3.org/2001/XMLSchema-instance" xsi:noNamespaceSchemaLocation="../xsd/buylist.xsd">
	<npcs>
		<npc>30892</npc> <!-- Enverun -->
	</npcs>
	<item id="908" /> <!-- Necklace of Wisdom -->
	<item id="845" /> <!-- Cat's Eye -->
	<item id="877" /> <!-- Ring of Wisdom -->
	<item id="909" /> <!-- Blue Diamond Necklace -->
	<item id="846" /> <!-- Coral Earring -->
	<item id="878" /> <!-- Blue Coral Ring -->
	<item id="910" /> <!-- Necklace of Devotion -->
	<item id="847" /> <!-- Red Crescent -->
	<item id="890" /> <!-- Ring of Devotion -->
	<item id="911" /> <!-- Magic Necklace -->
	<item id="848" /> <!-- Earring of Magic -->
	<item id="879" /> <!-- Ring of Magic -->
	<item id="912" /> <!-- Near Forest Necklace -->
	<item id="849" /> <!-- Tiger's Eye -->
	<item id="880" /> <!-- Black Pearl Ring -->
	<item id="913" /> <!-- Elven Necklace -->
	<item id="850" /> <!-- Elven Earring -->
	<item id="881" /> <!-- Elven Ring -->
	<item id="851" /> <!-- Onyx Beast's Eye Earring -->
	<item id="882" /> <!-- Mithril Ring -->
	<item id="914" /> <!-- Dark Necklace -->
</list>
