<?xml version="1.0" encoding="UTF-8"?>
<list xmlns:xsi="http://www.w3.org/2001/XMLSchema-instance" xsi:noNamespaceSchemaLocation="../xsd/buylist.xsd">
	<npcs>
		<npc>30085</npc> <!-- Stany -->
	</npcs>
	<item id="176" price="149600" /> <!-- Apprentice's Staff -->
	<item id="310" price="149600" /> <!-- Relic of the Saints -->
	<item id="177" price="268400" /> <!-- Mage Staff -->
	<item id="311" price="268400" /> <!-- Crucifix of Blessing -->
	<item id="100" price="268400" /> <!-- Voodoo Doll -->
	<item id="178" price="449900" /> <!-- Bone Staff -->
	<item id="101" price="449900" /> <!-- Scroll of Wisdom -->
	<item id="7885" price="449900" /> <!-- Priest Sword -->
	<item id="312" price="449900" /> <!-- Branch of Life -->
	<item id="314" price="449900" /> <!-- Proof of Revenge -->
	<item id="179" price="708400" /> <!-- Mace of Prayer -->
	<item id="182" price="708400" /> <!-- Doom Hammer -->
	<item id="183" price="708400" /> <!-- Mystic Staff -->
	<item id="185" price="708400" /> <!-- Staff of Mana -->
	<item id="315" price="708400" /> <!-- Divine Tome -->
	<item id="83" price="787600" /> <!-- Sword of Magic -->
	<item id="143" price="787600" /> <!-- Sword of Mystic -->
	<item id="144" price="787600" /> <!-- Sword of Occult -->
	<item id="238" price="1063700" /> <!-- Dagger of Mana -->
	<item id="239" price="1063700" /> <!-- Mystic Knife -->
	<item id="240" price="1063700" /> <!-- Conjurer's Knife -->
	<item id="241" price="1063700" /> <!-- Shilen Knife -->
	<item id="186" price="1063700" /> <!-- Staff of Magic -->
	<item id="316" price="1063700" /> <!-- Sage's Blood -->
	<item id="317" price="1063700" /> <!-- Tome of Blood -->
	<item id="90" price="1540000" /> <!-- Goat Head Staff -->
	<item id="7886" price="1540000" /> <!-- Sword of Magic Fog -->
	<item id="7890" price="1540000" /> <!-- Priest Mace -->
</list>