<?xml version="1.0" encoding="UTF-8"?>
<list xmlns:xsi="http://www.w3.org/2001/XMLSchema-instance" xsi:noNamespaceSchemaLocation="../xsd/buylist.xsd">
	<npcs>
		<npc>31258</npc> <!-- Simplon -->
	</npcs>
	<item id="412" price="15240" /> <!-- Cotton Pants -->
	<item id="390" price="24360" /> <!-- Cotton Shirt -->
	<item id="24" price="24360" /> <!-- Bone Bronze -->
	<item id="31" price="15240" /> <!-- Bone Gaiters -->
	<item id="102" price="8532" /> <!-- Round Shield -->
	<item id="50" price="8124" /> <!-- Leather Gloves -->
	<item id="38" price="8124" /> <!-- Low Boots -->
	<item id="44" price="12240" /> <!-- Leather Helm -->
	<item id="25" price="38160" /> <!-- Piece Bone Breastplate -->
	<item id="32" price="23880" /> <!-- Piece Bone Gaiters -->
	<item id="26" price="59040" /> <!-- Bronze Breastplate -->
	<item id="33" price="27600" /> <!-- Durable Leather Gaiters -->
	<item id="27" price="44280" /> <!-- Durable Leather Shirt -->
	<item id="34" price="36840" /> <!-- Bronze Gaiters -->
	<item id="625" price="15480" /> <!-- Bone Shield -->
	<item id="51" price="14760" /> <!-- Bracer -->
	<item id="39" price="14760" /> <!-- Boots -->
	<item id="1148" price="22080" /> <!-- Durable Leather Helmet -->
	<item id="413" price="46920" /> <!-- Puma Skin Gaiters -->
	<item id="347" price="100200" /> <!-- Ring Breastplate -->
	<item id="376" price="62640" /> <!-- Iron Plate Gaiters -->
	<item id="391" price="75120" /> <!-- Puma Skin Shirt -->
	<item id="626" price="26280" /> <!-- Bronze Shield -->
	<item id="604" price="25080" /> <!-- Quality Leather Gloves -->
	<item id="40" price="25080" /> <!-- Leather Boots -->
	<item id="45" price="37560" /> <!-- Bone Helmet -->
	<item id="414" price="75000" /> <!-- Lion Skin Gaiters -->
	<item id="392" price="119880" /> <!-- Lion Skin Shirt -->
	<item id="627" price="42000" /> <!-- Aspis -->
	<item id="605" price="39960" /> <!-- Leather Gauntlets -->
	<item id="1123" price="39960" /> <!-- Blue Buckskin Boots -->
	<item id="46" price="60000" /> <!-- Bronze Helmet -->
	<item id="58" price="219600" /> <!-- Mithril Breastplate -->
	<item id="59" price="152400" /> <!-- Mithril Gaiters -->
	<item id="415" price="114240" /> <!-- Mithril Banded Gaiters -->
	<item id="393" price="182400" /> <!-- Mithril Banded Mail -->
</list>
