<?xml version="1.0" encoding="UTF-8"?>
<list xmlns:xsi="http://www.w3.org/2001/XMLSchema-instance" xsi:noNamespaceSchemaLocation="../xsd/buylist.xsd">
	<npcs>
		<npc>35228</npc> <!-- Morrison -->
	</npcs>
	<item id="3999" price="50000" />
	<item id="4000" price="60000" />
	<item id="4001" price="70000" />
	<item id="4002" price="170000" />
	<item id="4003" price="170000" />
	<item id="4004" price="50000" />
	<item id="4005" price="60000" />
	<item id="4006" price="70000" />
	<item id="4007" price="170000" />
	<item id="4008" price="170000" />
</list>
