<?xml version="1.0" encoding="UTF-8"?>
<list xmlns:xsi="http://www.w3.org/2001/XMLSchema-instance" xsi:noNamespaceSchemaLocation="xsd/RaidTeleportListData.xsd">
	<teleport id="29001" x="93001" y="7913" z="-3904" price="10" />
	<teleport id="29006" x="17756" y="110388" z="-6648" price="10" />
	<teleport id="29014" x="67180" y="28562" z="-3744" price="10" />
	<teleport id="25004" x="-61466" y="79786" z="-3488" price="10" />
	<teleport id="25095" x="168148" y="-20504" z="-3680" price="10" />
	<teleport id="25152" x="119877" y="13565" z="-5184" price="10" />
	<teleport id="25398" x="94774" y="81548" z="-3680" price="10" />
	<teleport id="25217" x="115966" y="10530" z="-5136" price="10" />
	<teleport id="25176" x="92127" y="119736" z="-2912" price="10" />
	<teleport id="25026" x="137772" y="78637" z="-3608" price="10" />
	<teleport id="25102" x="-23702" y="74952" z="-3672" price="10" />
	<teleport id="25155" x="135981" y="79736" z="-3576" price="10" />
	<teleport id="25431" x="158212" y="-13096" z="-2816" price="10" />
	<teleport id="25441" x="81273" y="109691" z="-3056" price="10" />
	<teleport id="25146" x="119277" y="20219" z="-5168" price="10" />
	<teleport id="25366" x="82341" y="60738" z="-3496" price="10" />
	<teleport id="25369" x="110571" y="11967" z="-5152" price="10" />
	<teleport id="25044" x="165646" y="-20861" z="-2912" price="10" />
	<teleport id="25051" x="166972" y="-21210" z="-3416" price="10" />
	<teleport id="25057" x="94373" y="83153" z="-3560" price="10" />
	<teleport id="25099" x="167711" y="-19190" z="-3072" price="10" />
	<teleport id="25122" x="-27820" y="79612" z="-3576" price="10" />
	<teleport id="25159" x="85179" y="87669" z="-3152" price="10" />
	<teleport id="25226" x="-27463" y="84255" z="-3464" price="10" />
	<teleport id="25230" x="-58461" y="75471" z="-3176" price="10" />
	<teleport id="25241" x="91330" y="69898" z="-3464" price="10" />
	<teleport id="25255" x="85189" y="119998" z="-2944" price="10" />
	<teleport id="25256" x="-54418" y="81791" z="-3480" price="10" />
	<teleport id="25420" x="66911" y="31145" z="-3720" price="10" />
	<teleport id="25463" x="-63757" y="82701" z="-3432" price="10" />
	<teleport id="25478" x="91189" y="110550" z="-3808" price="10" />
	<teleport id="25163" x="87669" y="108230" z="-3088" price="10" />
	<teleport id="25252" x="96835" y="109953" z="-3712" price="10" />
	<teleport id="29025" x="116033" y="17447" z="10107" price="10" />
	<teleport id="25738" x="96002" y="27789" z="-3640" price="10" />
	<teleport id="25739" x="108543" y="27676" z="-3480" price="10" />
	<teleport id="25742" x="95285" y="20886" z="-3120" price="10" />
	<teleport id="25743" x="102675" y="26799" z="-3376" price="10" />
	<teleport id="25746" x="170376" y="-19957" z="-3504" price="10" />
	<teleport id="25747" x="108414" y="80429" z="-2808" price="10" />
	<teleport id="25748" x="107567" y="86892" z="-3144" price="10" />
	<teleport id="25749" x="133071" y="6662" z="-4344" price="10" />
	<teleport id="25750" x="138820" y="3347" z="-4520" price="10" />
	<teleport id="25751" x="135274" y="11909" z="-4144" price="10" />
	<teleport id="25754" x="155519" y="-20579" z="-1776" price="10" />
	<teleport id="25757" x="80223" y="85605" z="-3528" price="10" />
	<teleport id="25766" x="-47586" y="141472" z="-2920" price="10" />
	<teleport id="25767" x="-51042" y="135662" z="-2920" price="10" />
	<teleport id="25773" x="-89953" y="105548" z="-3576" price="10" />
	<teleport id="25775" x="-94488" y="109525" z="-3784" price="10" />
	<teleport id="29068" x="125833" y="123041" z="-3952" price="10" />
	<teleport id="25283" x="185059" y="-9610" z="-5488" price="10" />
	<teleport id="25286" x="-6675" y="18505" z="-5488" price="10" />
	<teleport id="25054" x="113489" y="16586" z="3960" price="10" />
	<teleport id="25092" x="115968" y="16003" z="1944" price="10" />
	<teleport id="25126" x="113058" y="15603" z="5984" price="10" />
	<teleport id="25143" x="114243" y="14482" z="7992" price="10" />
	<teleport id="25220" x="114635" y="18179" z="-2896" price="10" />
	<teleport id="25444" x="112565" y="16055" z="-4376" price="10" />
	<teleport id="25447" x="114660" y="13914" z="64" price="10" />
	<teleport id="25450" x="113430" y="14836" z="9560" price="10" />
	<teleport id="29022" x="43403" y="208710" z="-3752" price="10" />
	<teleport id="25909" x="-89105" y="104554" z="-3312" price="10" />
	<teleport id="25910" x="-89635" y="115127" z="-3400" price="10" />
	<teleport id="25911" x="-92358" y="119334" z="-3488" price="10" />
	<teleport id="25925" x="-60496" y="137347" z="-2392" price="10" />
	<teleport id="25926" x="-58974" y="135294" z="-2392" price="10" />
	<teleport id="25932" x="127644" y="114568" z="-3520" price="10" />
	<teleport id="25768" x="176307" y="40572" z="-3824" price="10" />
	<teleport id="25769" x="163749" y="42252" z="-3352" price="10" />
	<teleport id="25770" x="168081" y="46863" z="-3672" price="10" />
	<teleport id="25365" x="89837" y="67707" z="-3664" price="10" />
	<teleport id="25103" x="86092" y="67675" z="-3328" price="10" />
	<teleport id="25437" x="180790" y="37516" z="-4792" price="10" />
	<teleport id="25745" x="180326" y="43505" z="-3840" price="10" />
	<teleport id="25772" x="185073" y="36926" z="-4176" price="10" />
	<teleport id="25774" x="166837" y="39190" z="-3616" price="10" />
	<teleport id="25776" x="174507" y="42098" z="-4872" price="10" />
	<teleport id="25777" x="178757" y="41533" z="-3688" price="10" />
	<teleport id="25780" x="145002" y="86608" z="-3600" price="10" />
	<teleport id="25781" x="147320" y="83986" z="-3624" price="10" />
	<teleport id="25782" x="151096" y="83959" z="-3432" price="10" />
	<teleport id="25783" x="148726" y="82720" z="-3264" price="10" />
	<teleport id="25784" x="154506" y="81675" z="-3160" price="10" />
	<teleport id="25385" x="114815" y="1744" z="-3720" price="10" />
	<teleport id="25758" x="112793" y="-987" z="-3904" price="10" />
	<teleport id="25759" x="119294" y="-1929" z="-3720" price="10" />
	<teleport id="25760" x="123636" y="-4094" z="-3304" price="10" />
	<teleport id="25761" x="120924" y="-7493" z="-3152" price="10" />
	<teleport id="25762" x="119518" y="-2860" z="-3760" price="10" />
	<teleport id="25763" x="115975" y="-5424" z="-3416" price="10" />
	<teleport id="25173" x="133703" y="-14093" z="-2656" price="10" />
	<teleport id="25260" x="133853" y="-8115" z="-3384" price="10" />
	<teleport id="25158" x="128048" y="-5376" z="-3280" price="10" />
	<teleport id="25125" x="135519" y="-17294" z="-2576" price="10" />
	<teleport id="25755" x="129750" y="-9334" z="-3600" price="10" />
	<teleport id="25756" x="128767" y="-11501" z="-3664" price="10" />
	<teleport id="25127" x="89085" y="61867" z="-3688" price="10" />
</list>