<?xml version="1.0" encoding="UTF-8"?>
<list xmlns:xsi="http://www.w3.org/2001/XMLSchema-instance" xsi:noNamespaceSchemaLocation="xsd/AttendanceRewards.xsd">
	<item id="91840" count="6" /> <!-- XP Growth Scroll -->
	<item id="90907" count="50" /> <!-- Soulshot Ticket -->
	<item id="91690" count="6" /> <!-- Special HP Recovery Potion -->
	<item id="94380" count="10" /> <!-- Scroll: Boost Attack -->
	<item id="94381" count="10" /> <!-- Scroll: Boost Defence -->
	<item id="94213" count="2" /> <!-- Talisman Fortune Box -->
	<item id="91864" count="3" /> <!-- Dragon Belt Pack -->
	
	<item id="91840" count="9" /> <!-- XP Growth Scroll -->
	<item id="90907" count="75" /> <!-- Soulshot Ticket -->
	<item id="91690" count="9" /> <!-- Special HP Recovery Potion -->
	<item id="94380" count="15" /> <!-- Scroll: Boost Attack -->
	<item id="94381" count="3" /> <!-- Scroll: Boost Defence -->
	<item id="94213" count="15" /> <!-- Talisman Fortune Box -->
	<item id="71905" count="1" /> <!-- Silver Strider Rider Scroll -->
	
	<item id="91840" count="12" /> <!-- XP Growth Scroll -->
	<item id="90907" count="100" /> <!-- Soulshot Ticket -->
	<item id="91690" count="12" /> <!-- Special HP Recovery Potion -->
	<item id="94380" count="20" /> <!-- Scroll: Boost Attack -->
	<item id="94381" count="4" /> <!-- Scroll: Boost Defence -->
	<item id="94213" count="20" /> <!-- Talisman Fortune Box -->
	<item id="93330" count="3" /> <!-- Enchant Kit: Talisman of Authority -->
	
	<item id="91840" count="15" /> <!-- XP Growth Scroll -->
	<item id="90907" count="150" /> <!-- Soulshot Ticket -->
	<item id="91690" count="15" /> <!-- Special HP Recovery Potion -->
	<item id="94380" count="25" /> <!-- Scroll: Boost Attack -->
	<item id="94381" count="5" /> <!-- Scroll: Boost Defence -->
	<item id="94213" count="25" /> <!-- Talisman Fortune Box -->
	<item id="94168" count="3" /> <!-- Enchant Kit: Circlet of Hero -->
</list>