<?xml version="1.0" encoding="UTF-8"?>
<list xmlns:xsi="http://www.w3.org/2001/XMLSchema-instance" xsi:noNamespaceSchemaLocation="xsd/CategoryData.xsd">
	<category name="FIGHTER_GROUP">
		<id>0</id> <!-- fighter -->
		<id>1</id> <!-- warrior -->
		<id>2</id> <!-- gladiator -->
		<id>3</id> <!-- warlord -->
		<id>4</id> <!-- knight -->
		<id>5</id> <!-- paladin -->
		<id>6</id> <!-- dark_avenger -->
		<id>7</id> <!-- rogue -->
		<id>8</id> <!-- treasure_hunter -->
		<id>9</id> <!-- hawkeye -->
		<id>18</id> <!-- elven_fighter -->
		<id>19</id> <!-- elven_knight -->
		<id>20</id> <!-- temple_knight -->
		<id>21</id> <!-- swordsinger -->
		<id>22</id> <!-- elven_scout -->
		<id>23</id> <!-- plains_walker -->
		<id>24</id> <!-- silver_ranger -->
		<id>31</id> <!-- dark_fighter -->
		<id>32</id> <!-- palus_knight -->
		<id>33</id> <!-- shillien_knight -->
		<id>34</id> <!-- bladedancer -->
		<id>35</id> <!-- assassin -->
		<id>36</id> <!-- abyss_walker -->
		<id>37</id> <!-- phantom_ranger -->
		<id>44</id> <!-- orc_fighter -->
		<id>45</id> <!-- orc_raider -->
		<id>46</id> <!-- destroyer -->
		<id>47</id> <!-- orc_monk -->
		<id>48</id> <!-- tyrant -->
		<id>53</id> <!-- dwarven_fighter -->
		<id>54</id> <!-- scavenger -->
		<id>55</id> <!-- bounty_hunter -->
		<id>56</id> <!-- artisan -->
		<id>57</id> <!-- warsmith -->
		<id>88</id> <!-- duelist -->
		<id>89</id> <!-- dreadnought -->
		<id>90</id> <!-- phoenix_knight -->
		<id>91</id> <!-- hell_knight -->
		<id>92</id> <!-- sagittarius -->
		<id>93</id> <!-- adventurer -->
		<id>99</id> <!-- evas_templar -->
		<id>100</id> <!-- sword_muse -->
		<id>101</id> <!-- wind_rider -->
		<id>102</id> <!-- moonlight_sentinel -->
		<id>106</id> <!-- shillien_templar -->
		<id>107</id> <!-- spectral_dancer -->
		<id>108</id> <!-- ghost_hunter -->
		<id>109</id> <!-- ghost_sentinel -->
		<id>113</id> <!-- titan -->
		<id>114</id> <!-- grand_khavatari -->
		<id>117</id> <!-- fortune_seeker -->
		<id>118</id> <!-- maestro -->
		<id>125</id> <!-- trooper -->
		<id>126</id> <!-- warder -->
		<id>127</id> <!-- berserker -->
		<id>128</id> <!-- m_soul_breaker -->
		<id>129</id> <!-- f_soul_breaker -->
		<id>130</id> <!-- arbalester -->
		<id>131</id> <!-- doombringer -->
		<id>134</id> <!-- trickster -->
		<id>192</id> <!-- Jin Kamael Soldier -->
		<id>193</id> <!-- Soul Finder -->
		<id>194</id> <!-- Soul Breaker -->
		<id>195</id> <!-- Soul Hound -->
		<id>196</id> <!-- Death Pilgrim - Human -->
		<id>205</id> <!-- Death Blade - Human -->
		<id>202</id> <!-- Death Messenger - Human -->
		<id>199</id> <!-- Death Knight - Human -->
		<id>200</id> <!-- Death Pilgrim - Elf -->
		<id>197</id> <!-- Death Blade - Elf -->
		<id>206</id> <!-- Death Messenger - Elf -->
		<id>203</id> <!-- Death Knight - Elf -->
		<id>204</id> <!-- Death Pilgrim - Dark Elf -->
		<id>201</id> <!-- Death Blade - Dark Elf -->
		<id>198</id> <!-- Death Messenger - Dark Elf -->
		<id>207</id> <!-- Death Knight - Dark Elf -->
	</category>
	<category name="MAGE_GROUP">
		<id>10</id> <!-- mage -->
		<id>11</id> <!-- wizard -->
		<id>12</id> <!-- sorcerer -->
		<id>13</id> <!-- necromancer -->
		<id>14</id> <!-- warlock -->
		<id>15</id> <!-- cleric -->
		<id>16</id> <!-- bishop -->
		<id>17</id> <!-- prophet -->
		<id>25</id> <!-- elven_mage -->
		<id>26</id> <!-- elven_wizard -->
		<id>27</id> <!-- spellsinger -->
		<id>28</id> <!-- elemental_summoner -->
		<id>29</id> <!-- oracle -->
		<id>30</id> <!-- elder -->
		<id>38</id> <!-- dark_mage -->
		<id>39</id> <!-- dark_wizard -->
		<id>40</id> <!-- spellhowler -->
		<id>41</id> <!-- phantom_summoner -->
		<id>42</id> <!-- shillien_oracle -->
		<id>43</id> <!-- shillien_elder -->
		<id>49</id> <!-- orc_mage -->
		<id>50</id> <!-- orc_shaman -->
		<id>51</id> <!-- overlord -->
		<id>52</id> <!-- warcryer -->
		<id>94</id> <!-- archmage -->
		<id>95</id> <!-- soultaker -->
		<id>96</id> <!-- arcana_lord -->
		<id>97</id> <!-- cardinal -->
		<id>98</id> <!-- hierophant -->
		<id>103</id> <!-- mystic_muse -->
		<id>104</id> <!-- elemental_master -->
		<id>105</id> <!-- evas_saint -->
		<id>110</id> <!-- storm_screamer -->
		<id>111</id> <!-- spectral_master -->
		<id>112</id> <!-- shillien_saint -->
		<id>115</id> <!-- dominator -->
		<id>116</id> <!-- doomcryer -->
	</category>
	<category name="WIZARD_GROUP">
		<id>10</id> <!-- mage -->
		<id>11</id> <!-- wizard -->
		<id>12</id> <!-- sorcerer -->
		<id>13</id> <!-- necromancer -->
		<id>14</id> <!-- warlock -->
		<id>25</id> <!-- elven_mage -->
		<id>26</id> <!-- elven_wizard -->
		<id>27</id> <!-- spellsinger -->
		<id>28</id> <!-- elemental_summoner -->
		<id>38</id> <!-- dark_mage -->
		<id>39</id> <!-- dark_wizard -->
		<id>40</id> <!-- spellhowler -->
		<id>41</id> <!-- phantom_summoner -->
		<id>94</id> <!-- archmage -->
		<id>95</id> <!-- soultaker -->
		<id>96</id> <!-- arcana_lord -->
		<id>103</id> <!-- mystic_muse -->
		<id>104</id> <!-- elemental_master -->
		<id>110</id> <!-- storm_screamer -->
		<id>111</id> <!-- spectral_master -->
		<id>49</id> <!-- orc_mage -->
		<id>50</id> <!-- orc_shaman -->
		<id>51</id> <!-- overlord -->
		<id>52</id> <!-- warcryer -->
		<id>115</id> <!-- dominator -->
		<id>116</id> <!-- doomcryer -->
	</category>
	<category name="CLERIC_GROUP">
		<id>10</id> <!-- mage -->
		<id>15</id> <!-- cleric -->
		<id>16</id> <!-- bishop -->
		<id>17</id> <!-- prophet -->
		<id>25</id> <!-- elven_mage -->
		<id>29</id> <!-- oracle -->
		<id>30</id> <!-- elder -->
		<id>38</id> <!-- dark_mage -->
		<id>42</id> <!-- shillien_oracle -->
		<id>43</id> <!-- shillien_elder -->
		<id>97</id> <!-- cardinal -->
		<id>98</id> <!-- hierophant -->
	</category>
	<category name="ATTACKER_GROUP">
		<id>0</id> <!-- fighter -->
		<id>1</id> <!-- warrior -->
		<id>2</id> <!-- gladiator -->
		<id>3</id> <!-- warlord -->
		<id>7</id> <!-- rogue -->
		<id>8</id> <!-- treasure_hunter -->
		<id>9</id> <!-- hawkeye -->
		<id>18</id> <!-- elven_fighter -->
		<id>22</id> <!-- elven_scout -->
		<id>23</id> <!-- plains_walker -->
		<id>24</id> <!-- silver_ranger -->
		<id>31</id> <!-- dark_fighter -->
		<id>35</id> <!-- assassin -->
		<id>36</id> <!-- abyss_walker -->
		<id>37</id> <!-- phantom_ranger -->
		<id>44</id> <!-- orc_fighter -->
		<id>45</id> <!-- orc_raider -->
		<id>46</id> <!-- destroyer -->
		<id>47</id> <!-- orc_monk -->
		<id>48</id> <!-- tyrant -->
		<id>53</id> <!-- dwarven_fighter -->
		<id>88</id> <!-- duelist -->
		<id>89</id> <!-- dreadnought -->
		<id>93</id> <!-- adventurer -->
		<id>92</id> <!-- sagittarius -->
		<id>102</id> <!-- moonlight_sentinel -->
		<id>101</id> <!-- wind_rider -->
		<id>108</id> <!-- ghost_hunter -->
		<id>109</id> <!-- ghost_sentinel -->
		<id>113</id> <!-- titan -->
		<id>114</id> <!-- grand_khavatari -->
		<id>125</id> <!-- trooper -->
		<id>126</id> <!-- warder -->
		<id>127</id> <!-- berserker -->
		<id>130</id> <!-- arbalester -->
		<id>131</id> <!-- doombringer -->
		<id>134</id> <!-- trickster -->
		<id>192</id> <!-- Jin Kamael Soldier -->
		<id>193</id> <!-- Soul Finder -->
		<id>194</id> <!-- Soul Breaker -->
		<id>195</id> <!-- Soul Hound -->
		<id>196</id> <!-- Death Pilgrim - Human -->
		<id>205</id> <!-- Death Blade - Human -->
		<id>202</id> <!-- Death Messenger - Human -->
		<id>199</id> <!-- Death Knight - Human -->
		<id>200</id> <!-- Death Pilgrim - Elf -->
		<id>197</id> <!-- Death Blade - Elf -->
		<id>206</id> <!-- Death Messenger - Elf -->
		<id>203</id> <!-- Death Knight - Elf -->
		<id>204</id> <!-- Death Pilgrim - Dark Elf -->
		<id>201</id> <!-- Death Blade - Dark Elf -->
		<id>198</id> <!-- Death Messenger - Dark Elf -->
		<id>207</id> <!-- Death Knight - Dark Elf -->
	</category>
	<category name="FIRST_CLASS_GROUP">
		<id>0</id> <!-- fighter -->
		<id>10</id> <!-- mage -->
		<id>18</id> <!-- elven_fighter -->
		<id>25</id> <!-- elven_mage -->
		<id>31</id> <!-- dark_fighter -->
		<id>38</id> <!-- dark_mage -->
		<id>44</id> <!-- orc_fighter -->
		<id>49</id> <!-- orc_mage -->
		<id>53</id> <!-- dwarven_fighter -->
		<id>192</id> <!-- Jin Kamael Soldier -->
		<id>196</id> <!-- Death Pilgrim - Human -->
		<id>200</id> <!-- Death Pilgrim - Elf -->
		<id>204</id> <!-- Death Pilgrim - Dark Elf -->
	</category>
	<category name="SECOND_CLASS_GROUP">
		<id>1</id> <!-- warrior -->
		<id>4</id> <!-- knight -->
		<id>7</id> <!-- rogue -->
		<id>11</id> <!-- wizard -->
		<id>15</id> <!-- cleric -->
		<id>19</id> <!-- elven_knight -->
		<id>22</id> <!-- elven_scout -->
		<id>26</id> <!-- elven_wizard -->
		<id>29</id> <!-- oracle -->
		<id>32</id> <!-- palus_knight -->
		<id>35</id> <!-- assassin -->
		<id>39</id> <!-- dark_wizard -->
		<id>42</id> <!-- shillien_oracle -->
		<id>45</id> <!-- orc_raider -->
		<id>47</id> <!-- orc_monk -->
		<id>50</id> <!-- orc_shaman -->
		<id>54</id> <!-- scavenger -->
		<id>56</id> <!-- artisan -->
		<id>125</id> <!-- trooper -->
		<id>126</id> <!-- warder -->
		<id>193</id> <!-- Soul Finder -->
		<id>197</id> <!-- Death Blade - Human -->
		<id>201</id> <!-- Death Blade - Elf -->
		<id>205</id> <!-- Death Blade - Dark Elf -->
	</category>
	<category name="THIRD_CLASS_GROUP">
		<id>2</id> <!-- gladiator -->
		<id>3</id> <!-- warlord -->
		<id>5</id> <!-- paladin -->
		<id>6</id> <!-- dark_avenger -->
		<id>8</id> <!-- treasure_hunter -->
		<id>9</id> <!-- hawkeye -->
		<id>12</id> <!-- sorcerer -->
		<id>13</id> <!-- necromancer -->
		<id>14</id> <!-- warlock -->
		<id>16</id> <!-- bishop -->
		<id>17</id> <!-- prophet -->
		<id>20</id> <!-- temple_knight -->
		<id>21</id> <!-- swordsinger -->
		<id>23</id> <!-- plains_walker -->
		<id>24</id> <!-- silver_ranger -->
		<id>27</id> <!-- spellsinger -->
		<id>28</id> <!-- elemental_summoner -->
		<id>30</id> <!-- elder -->
		<id>33</id> <!-- shillien_knight -->
		<id>34</id> <!-- bladedancer -->
		<id>36</id> <!-- abyss_walker -->
		<id>37</id> <!-- phantom_ranger -->
		<id>40</id> <!-- spellhowler -->
		<id>41</id> <!-- phantom_summoner -->
		<id>43</id> <!-- shillien_elder -->
		<id>46</id> <!-- destroyer -->
		<id>48</id> <!-- tyrant -->
		<id>51</id> <!-- overlord -->
		<id>52</id> <!-- warcryer -->
		<id>55</id> <!-- bounty_hunter -->
		<id>57</id> <!-- warsmith -->
		<id>127</id> <!-- berserker -->
		<id>130</id> <!-- arbalester -->
		<id>194</id> <!-- Soul Breaker -->
		<id>198</id> <!-- Death Messenger - Human -->
		<id>202</id> <!-- Death Messenger - Elf -->
		<id>206</id> <!-- Death Messenger - Dark Elf -->
	</category>
	<category name="FOURTH_CLASS_GROUP">
		<id>88</id> <!-- duelist -->
		<id>89</id> <!-- dreadnought -->
		<id>90</id> <!-- phoenix_knight -->
		<id>91</id> <!-- hell_knight -->
		<id>92</id> <!-- sagittarius -->
		<id>93</id> <!-- adventurer -->
		<id>94</id> <!-- archmage -->
		<id>95</id> <!-- soultaker -->
		<id>96</id> <!-- arcana_lord -->
		<id>97</id> <!-- cardinal -->
		<id>98</id> <!-- hierophant -->
		<id>99</id> <!-- evas_templar -->
		<id>100</id> <!-- sword_muse -->
		<id>101</id> <!-- wind_rider -->
		<id>102</id> <!-- moonlight_sentinel -->
		<id>103</id> <!-- mystic_muse -->
		<id>104</id> <!-- elemental_master -->
		<id>105</id> <!-- evas_saint -->
		<id>106</id> <!-- shillien_templar -->
		<id>107</id> <!-- spectral_dancer -->
		<id>108</id> <!-- ghost_hunter -->
		<id>109</id> <!-- ghost_sentinel -->
		<id>110</id> <!-- storm_screamer -->
		<id>111</id> <!-- spectral_master -->
		<id>112</id> <!-- shillien_saint -->
		<id>113</id> <!-- titan -->
		<id>114</id> <!-- grand_khavatari -->
		<id>115</id> <!-- dominator -->
		<id>116</id> <!-- doomcryer -->
		<id>117</id> <!-- fortune_seeker -->
		<id>118</id> <!-- maestro -->
		<id>131</id> <!-- doombringer -->
		<id>134</id> <!-- trickster -->
		<id>195</id> <!-- Soul Hound -->
		<id>199</id> <!-- Death Knight - Human -->
		<id>203</id> <!-- Death Knight - Elf -->
		<id>207</id> <!-- Death Knight - Dark Elf -->
	</category>
	<category name="BOUNTY_HUNTER_GROUP">
		<id>53</id> <!-- dwarven_fighter -->
		<id>54</id> <!-- scavenger -->
		<id>55</id> <!-- bounty_hunter -->
		<id>117</id> <!-- fortune_seeker -->
	</category>
	<category name="WARSMITH_GROUP">
		<id>53</id> <!-- dwarven_fighter -->
		<id>56</id> <!-- artisan -->
		<id>57</id> <!-- warsmith -->
		<id>118</id> <!-- maestro -->
	</category>
	<category name="STRIDER">
		<id>12526</id> <!-- wind_strider -->
		<id>12527</id> <!-- star_strider -->
		<id>12528</id> <!-- twilight_strider -->
		<id>16038</id> <!-- red_wind_strider -->
		<id>16039</id> <!-- red_star_strider -->
		<id>16040</id> <!-- red_twilight_strider -->
		<id>16068</id> <!-- protector_strider -->
	</category>
	<category name="WOLF_GROUP">
		<id>16030</id> <!-- grown_up_wolf_event -->
		<id>16037</id> <!-- grown_up_wolf_white -->
		<id>16041</id> <!-- grown_up_wolf_ride -->
		<id>16042</id> <!-- grown_up_wolf_ride_white -->
	</category>
	<category name="WYVERN_GROUP">
		<id>15955</id> <!-- wyvern -->
	</category>
	<category name="SUBJOB_GROUP_KNIGHT">
		<id>5</id> <!-- paladin -->
		<id>6</id> <!-- dark_avenger -->
		<id>33</id> <!-- shillien_knight -->
		<id>20</id> <!-- temple_knight -->
		<id>90</id> <!-- phoenix_knight -->
		<id>91</id> <!-- hell_knight -->
		<id>106</id> <!-- shillien_templar -->
		<id>99</id> <!-- evas_templar -->
	</category>
	<category name="HUMAN_FALL_CLASS">
		<id>0</id> <!-- fighter -->
		<id>1</id> <!-- warrior -->
		<id>4</id> <!-- knight -->
		<id>7</id> <!-- rogue -->
		<id>2</id> <!-- gladiator -->
		<id>3</id> <!-- warlord -->
		<id>5</id> <!-- paladin -->
		<id>6</id> <!-- dark_avenger -->
		<id>8</id> <!-- treasure_hunter -->
		<id>9</id> <!-- hawkeye -->
		<id>88</id> <!-- duelist -->
		<id>89</id> <!-- dreadnought -->
		<id>90</id> <!-- phoenix_knight -->
		<id>91</id> <!-- hell_knight -->
		<id>92</id> <!-- sagittarius -->
		<id>93</id> <!-- adventurer -->
	</category>
	<category name="HUMAN_MALL_CLASS">
		<id>10</id> <!-- mage -->
		<id>11</id> <!-- wizard -->
		<id>12</id> <!-- sorcerer -->
		<id>13</id> <!-- necromancer -->
		<id>14</id> <!-- warlock -->
		<id>10</id> <!-- mage -->
		<id>15</id> <!-- cleric -->
		<id>16</id> <!-- bishop -->
		<id>17</id> <!-- prophet -->
		<id>94</id> <!-- Archmage -->
		<id>95</id> <!-- soultaker -->
		<id>96</id> <!-- arcana_lord -->
		<id>97</id> <!-- cardinal -->
		<id>98</id> <!-- hierophant -->
	</category>
	<category name="HUMAN_CALL_CLASS">
		<id>10</id> <!-- mage -->
		<id>15</id> <!-- cleric -->
		<id>16</id> <!-- bishop -->
		<id>17</id> <!-- prophet -->
		<id>97</id> <!-- cardinal -->
		<id>98</id> <!-- hierophant -->
	</category>
	<category name="ELF_FALL_CLASS">
		<id>18</id> <!-- elven_fighter -->
		<id>19</id> <!-- elven_knight -->
		<id>22</id> <!-- elven_scout -->
		<id>20</id> <!-- temple_knight -->
		<id>21</id> <!-- swordsinger -->
		<id>23</id> <!-- plains_walker -->
		<id>24</id> <!-- silver_ranger -->
		<id>99</id> <!-- evas_templar -->
		<id>100</id> <!-- sword_muse -->
		<id>101</id> <!-- wind_rider -->
		<id>102</id> <!-- moonlight_sentinel -->
	</category>
	<category name="ELF_MALL_CLASS">
		<id>25</id> <!-- elven_mage -->
		<id>26</id> <!-- elven_wizard -->
		<id>27</id> <!-- spellsinger -->
		<id>28</id> <!-- elemental_summoner -->
		<id>25</id> <!-- elven_mage -->
		<id>29</id> <!-- oracle -->
		<id>30</id> <!-- elder -->
		<id>103</id> <!-- mystic_muse -->
		<id>104</id> <!-- elemental_master -->
	</category>
	<category name="ELF_CALL_CLASS">
		<id>25</id> <!-- elven_mage -->
		<id>29</id> <!-- oracle -->
		<id>30</id> <!-- elder -->
	</category>
	<category name="ORC_FALL_CLASS">
		<id>44</id> <!-- orc_fighter -->
		<id>45</id> <!-- orc_raider -->
		<id>47</id> <!-- orc_monk -->
		<id>46</id> <!-- destroyer -->
		<id>48</id> <!-- tyrant -->
		<id>113</id> <!-- titan -->
		<id>114</id> <!-- grand_khavatari -->
	</category>
	<category name="ORC_MALL_CLASS">
		<id>49</id> <!-- orc_mage -->
		<id>50</id> <!-- orc_shaman -->
		<id>51</id> <!-- overlord -->
		<id>52</id> <!-- warcryer -->
		<id>115</id> <!-- dominator -->
		<id>116</id> <!-- doomcryer -->
	</category>
	<category name="BEGINNER_MAGE">
		<id>10</id> <!-- mage -->
		<id>11</id> <!-- wizard -->
		<id>12</id> <!-- sorcerer -->
		<id>13</id> <!-- necromancer -->
		<id>14</id> <!-- warlock -->
		<id>15</id> <!-- cleric -->
		<id>16</id> <!-- bishop -->
		<id>17</id> <!-- prophet -->
		<id>25</id> <!-- elven_mage -->
		<id>26</id> <!-- elven_wizard -->
		<id>27</id> <!-- spellsinger -->
		<id>28</id> <!-- elemental_summoner -->
		<id>29</id> <!-- oracle -->
		<id>30</id> <!-- elder -->
		<id>38</id> <!-- dark_mage -->
		<id>39</id> <!-- dark_wizard -->
		<id>40</id> <!-- spellhowler -->
		<id>41</id> <!-- phantom_summoner -->
		<id>42</id> <!-- shillien_oracle -->
		<id>43</id> <!-- shillien_elder -->
	</category>
	<category name="SUB_GROUP_ROGUE">
		<id>8</id> <!-- treasure_hunter -->
		<id>23</id> <!-- plains_walker -->
		<id>36</id> <!-- abyss_walker -->
		<id>93</id> <!-- adventurer -->
		<id>101</id> <!-- wind_rider -->
		<id>108</id> <!-- ghost_hunter -->
		<id>9</id> <!-- hawkeye -->
		<id>24</id> <!-- silver_ranger -->
		<id>37</id> <!-- phantom_ranger -->
		<id>92</id> <!-- sagittarius -->
		<id>102</id> <!-- moonlight_sentinel -->
		<id>109</id> <!-- ghost_sentinel -->
		<id>130</id> <!-- arbalester -->
		<id>134</id> <!-- trickster -->
	</category>
	<category name="SUB_GROUP_KNIGHT">
		<id>5</id> <!-- paladin -->
		<id>6</id> <!-- dark_avenger -->
		<id>33</id> <!-- shillien_knight -->
		<id>20</id> <!-- temple_knight -->
		<id>90</id> <!-- phoenix_knight -->
		<id>91</id> <!-- hell_knight -->
		<id>106</id> <!-- shillien_templar -->
		<id>99</id> <!-- evas_templar -->
	</category>
	<category name="SUB_GROUP_HEC">
		<id>16</id> <!-- bishop -->
		<id>30</id> <!-- elder -->
		<id>97</id> <!-- cardinal -->
		<id>105</id> <!-- evas_saint -->
		<id>17</id> <!-- prophet -->
		<id>98</id> <!-- hierophant -->
	</category>
	<category name="SUB_GROUP_HEW">
		<id>12</id> <!-- sorcerer -->
		<id>94</id> <!-- archmage -->
		<id>27</id> <!-- spellsinger -->
		<id>103</id> <!-- mystic_muse -->
		<id>13</id> <!-- necromancer -->
		<id>95</id> <!-- soultaker -->
		<id>14</id> <!-- warlock -->
		<id>96</id> <!-- arcana_lord -->
		<id>28</id> <!-- elemental_summoner -->
		<id>104</id> <!-- elemental_master -->
	</category>
	<category name="SUB_GROUP_HEF">
		<id>2</id> <!-- gladiator -->
		<id>88</id> <!-- duelist -->
		<id>3</id> <!-- warlord -->
		<id>89</id> <!-- dreadnought -->
		<id>5</id> <!-- paladin -->
		<id>90</id> <!-- phoenix_knight -->
		<id>6</id> <!-- dark_avenger -->
		<id>91</id> <!-- hell_knight -->
		<id>8</id> <!-- treasure_hunter -->
		<id>93</id> <!-- adventurer -->
		<id>9</id> <!-- hawkeye -->
		<id>92</id> <!-- sagittarius -->
		<id>20</id> <!-- temple_knight -->
		<id>99</id> <!-- evas_templar -->
		<id>21</id> <!-- swordsinger -->
		<id>100</id> <!-- sword_muse -->
		<id>23</id> <!-- plains_walker -->
		<id>101</id> <!-- wind_rider -->
		<id>24</id> <!-- silver_ranger -->
		<id>102</id> <!-- moonlight_sentinel -->
	</category>
	<category name="SUB_GROUP_ORC">
		<id>46</id> <!-- destroyer -->
		<id>113</id> <!-- titan -->
		<id>48</id> <!-- tyrant -->
		<id>114</id> <!-- grand_khavatari -->
		<id>51</id> <!-- overlord -->
		<id>115</id> <!-- dominator -->
		<id>52</id> <!-- warcryer -->
		<id>116</id> <!-- doomcryer -->
	</category>
	<category name="SUB_GROUP_WARE">
		<id>55</id> <!-- bounty_hunter -->
		<id>117</id> <!-- fortune_seeker -->
	</category>
	<category name="SUB_GROUP_BLACK">
		<id>57</id> <!-- warsmith -->
		<id>118</id> <!-- maestro -->
	</category>
	<category name="SUB_GROUP_DE">
		<id>36</id> <!-- abyss_walker -->
		<id>108</id> <!-- ghost_hunter -->
		<id>37</id> <!-- phantom_ranger -->
		<id>109</id> <!-- ghost_sentinel -->
		<id>33</id> <!-- shillien_knight -->
		<id>106</id> <!-- shillien_templar -->
		<id>41</id> <!-- phantom_summoner -->
		<id>111</id> <!-- spectral_master -->
		<id>40</id> <!-- spellhowler -->
		<id>110</id> <!-- storm_screamer -->
		<id>43</id> <!-- shillien_elder -->
		<id>112</id> <!-- shillien_saint -->
		<id>34</id> <!-- bladedancer -->
		<id>107</id> <!-- spectral_dancer -->
	</category>
	<category name="DEATH_KNIGHT_ALL_CLASS">
		<id>196</id> <!-- Death Pilgrim - Human -->
		<id>197</id> <!-- Death Blade - Human -->
		<id>198</id> <!-- Death Messenger - Human -->
		<id>199</id> <!-- Death Knight - Human -->
		<id>200</id> <!-- Death Pilgrim - Elf -->
		<id>201</id> <!-- Death Blade - Elf -->
		<id>202</id> <!-- Death Messenger - Elf -->
		<id>203</id> <!-- Death Knight - Elf -->
		<id>204</id> <!-- Death Pilgrim - Dark Elf -->
		<id>205</id> <!-- Death Blade - Dark Elf -->
		<id>206</id> <!-- Death Messenger - Dark Elf -->
		<id>207</id> <!-- Death Knight - Dark Elf -->
	</category>
</list>