<?xml version="1.0" encoding="UTF-8"?>
<list xmlns:xsi="http://www.w3.org/2001/XMLSchema-instance" xsi:noNamespaceSchemaLocation="xsd/DailyMission.xsd">
	<reward id="1001" reward_id="101" name="Daily Hunting I (Lv. 1-20)" requiredCompletion="30" isOneTime="false">
		<!-- Daily mission. A reward is given for killing any 30 monsters. Monsters whose level is lower than the character's for more than 10 levels do not count. -->
		<handler name="monster">
			<param name="minLevel">1</param>
			<param name="maxLevel">20</param>
		</handler>
		<items>
			<item id="49674" count="1" /> <!-- XP Growth Scroll -->
		</items>
	</reward>
	<reward id="1002" reward_id="102" name="Daily Hunting I (Lv. 21-40)" requiredCompletion="30" isOneTime="false">
		<!-- Daily mission. A reward is given for killing any 30 monsters. Monsters whose level is lower than the character's for more than 10 levels do not count. -->
		<handler name="monster">
			<param name="minLevel">21</param>
			<param name="maxLevel">40</param>
		</handler>
		<items>
			<item id="49779" count="1" /> <!-- XP Scroll: 100K -->
			<item id="49595" count="1" /> <!-- Scroll: 2000 SP (Exchangeable) -->
			<item id="49674" count="1" /> <!-- XP Growth Scroll -->
		</items>
	</reward>
	<reward id="1003" reward_id="103" name="Daily Hunting I (Lv. 41-50)" requiredCompletion="40" isOneTime="false">
		<!-- Daily mission. A reward is given for killing any 40 monsters. Monsters whose level is lower than the character's for more than 10 levels do not count. -->
		<handler name="monster">
			<param name="minLevel">41</param>
			<param name="maxLevel">50</param>
		</handler>
		<items>
			<item id="49674" count="1" /> <!-- XP Growth Scroll -->
		</items>
	</reward>
	<reward id="1004" reward_id="104" name="Daily Hunting I (Lv. 51-60)" requiredCompletion="50" isOneTime="false">
		<!-- Daily mission. A reward is given for killing any 50 monsters. Monsters whose level is lower than the character's for more than 10 levels do not count. -->
		<handler name="monster">
			<param name="minLevel">51</param>
			<param name="maxLevel">60</param>
		</handler>
		<items>
			<item id="49674" count="1" /> <!-- XP Growth Scroll -->
		</items>
	</reward>
	<reward id="1005" reward_id="105" name="Daily Hunting I (Lv. 61-70)" requiredCompletion="60" isOneTime="false">
		<!-- Daily mission. A reward is given for killing any 60 monsters. Monsters whose level is lower than the character's for more than 10 levels do not count. -->
		<handler name="monster">
			<param name="minLevel">61</param>
			<param name="maxLevel">70</param>
		</handler>
		<items>
			<item id="49674" count="1" /> <!-- XP Growth Scroll -->
		</items>
	</reward>
	<reward id="1006" reward_id="106" name="Daily Hunting I (Lv. 71-75)" requiredCompletion="80" isOneTime="false">
		<!-- Daily mission. A reward is given for killing any 80 monsters. Monsters whose level is lower than the character's for more than 10 levels do not count. -->
		<handler name="monster">
			<param name="minLevel">71</param>
			<param name="maxLevel">75</param>
		</handler>
		<items>
			<item id="49674" count="1" /> <!-- XP Growth Scroll -->
		</items>
	</reward>
	<reward id="1007" reward_id="107" name="Daily Hunting I (Lv. 76+)" requiredCompletion="100" isOneTime="false">
		<!-- Daily mission. A reward is given for killing any 100 monsters. Monsters whose level is lower than the character's for more than 10 levels do not count. -->
		<handler name="monster">
			<param name="minLevel">76</param>
			<param name="maxLevel">99</param>
		</handler>
		<items>
			<item id="49674" count="1" /> <!-- XP Growth Scroll -->
		</items>
	</reward>
	<reward id="1017" reward_id="117" name="In-game Weekend" requiredCompletion="1" isOneTime="false" duration="WEEKEND">
		<!-- Weekly mission. A reward is given for playing the game on Saturday or Sunday. -->
		<handler name="loginweekend" />
		<items>
			<item id="3031" count="50" /> <!-- Spirit Ore -->
			<item id="94269" count="1" /> <!-- Scroll: Boost Attack -->
		</items>
	</reward>
	<!-- TODO: Clan handler
	<reward id="1023" reward_id="501" name="Joining a Clan" requiredCompletion="1">
		One-time mission. A reward is given when joining a clan for the first time.
		<handler name="siege">
			<param name="minLevel">40</param>
			<param name="maxLevel">99</param>
		</handler>
		<items>
			<item id="90768" count="1" /> Hair Accessory Coupon
		</items>
	</reward>
	-->
	<!-- TODO: spiritevolve handler
	<reward id="1112" reward_id="508" name="Fire Spirit Lv. 3" requiredCompletion="3">
		One-time mission. A reward is given when evolving the Fire Spirit up to Lv. 3.
		<handler name="spiritevolve">
			<param name="element">FIRE</param>
		</handler>
		<items>
			<item id="91185" count="30" /> Mid-grade Spirit's Blessing
		</items>
	</reward>
	<reward id="1113" reward_id="509" name="Water Spirit Lv. 3" requiredCompletion="3">
		One-time mission. A reward is given when evolving the Water Spirit up to Lv. 3.
		<handler name="spiritevolve">
			<param name="element">WATER</param>
		</handler>
		<items>
			<item id="91185" count="30" /> Mid-grade Spirit's Blessing
		</items>
	</reward>
	<reward id="1114" reward_id="510" name="Wind Spirit Lv. 3" requiredCompletion="3">
		One-time mission. A reward is given when evolving the Wind Spirit up to Lv. 3.
		<handler name="spiritevolve">
			<param name="element">WIND</param>
		</handler>
		<items>
			<item id="91185" count="30" /> Mid-grade Spirit's Blessing
		</items>
	</reward>
	<reward id="1115" reward_id="511" name="Earth Spirit Lv. 3" requiredCompletion="3">
		One-time mission. A reward is given when evolving the Earth Spirit up to Lv. 3.
		<handler name="spiritevolve">
			<param name="element">EARTH</param>
		</handler>
		<items>
			<item id="91185" count="30" /> Mid-grade Spirit's Blessing
		</items>
	</reward>
	-->
	<!-- TODO: Weekly monster handler
	<reward id="1116" reward_id="118" name="Attribute monsters hunting" requiredCompletion="1800">
		A reward is given once a week for elemental monster hunting.
		<handler name="monster">
			<param name="ids">20792,20794,20795,20796,20797,20798,20799,20800,20801,20802,20803,20849,20995,21661,21662,21663,21664,21665,21666,21667,21668,21669,21670,21671,21672,21673,21674,21675,21676,21678,21685,21686,21761,21762,21763,21764,21765,21766,21767,21768,21769,21770,21771,21772,21773,21774,21775,21776,21777,21778,21779,21780,21781,21782,21783,21784,21785,21786,21787,21788,21789,21790,21791,21792,21793,21813,21814,21815,21816,21817,21818,21819,21820,21821,21822,21823,21824,21825,21826,21827,21828,21829,21830,21831,21832</param>
			<param name="minLevel">76</param>
			<param name="maxLevel">99</param>
		</handler>
		<items>
			<item id="91030" count="10" /> Blessed Soul
		</items>
	</reward>
	-->
	<reward id="1126" reward_id="2001" name="Daily Hunting II (Lv. 1-20)" requiredCompletion="50" isOneTime="false">
		<!-- Daily mission. A reward is given for killing any 50 monsters. Monsters whose level is lower than the character's for more than 10 levels do not count. -->
		<handler name="monster">
			<param name="minLevel">1</param>
			<param name="maxLevel">20</param>
		</handler>
		<items>
			<item id="49674" count="1" /> <!-- XP Growth Scroll -->
		</items>
	</reward>
	<reward id="1127" reward_id="2002" name="Daily Hunting II (Lv. 21-40)" requiredCompletion="60" isOneTime="false">
		<!-- Daily mission. A reward is given for killing any 60 monsters. Monsters whose level is lower than the character's for more than 10 levels do not count. -->
		<handler name="monster">
			<param name="minLevel">21</param>
			<param name="maxLevel">40</param>
		</handler>
		<items>
			<item id="49779" count="1" /> <!-- XP Scroll: 100K -->
			<item id="49595" count="1" /> <!-- Scroll: 2000 SP (Exchangeable) -->
			<item id="49674" count="1" /> <!-- XP Growth Scroll -->
		</items>
	</reward>
	<reward id="1128" reward_id="2003" name="Daily Hunting II (Lv. 41-50)" requiredCompletion="80" isOneTime="false">
		<!-- Daily mission. A reward is given for killing any 80 monsters. Monsters whose level is lower than the character's for more than 10 levels do not count. -->
		<handler name="monster">
			<param name="minLevel">41</param>
			<param name="maxLevel">50</param>
		</handler>
		<items>
			<item id="49674" count="2" /> <!-- XP Growth Scroll -->
		</items>
	</reward>
	<reward id="1129" reward_id="2004" name="Daily Hunting II (Lv. 51-60)" requiredCompletion="100" isOneTime="false">
		<!-- Daily mission. A reward is given for killing any 100 monsters. Monsters whose level is lower than the character's for more than 10 levels do not count. -->
		<handler name="monster">
			<param name="minLevel">51</param>
			<param name="maxLevel">60</param>
		</handler>
		<items>
			<item id="49674" count="2" /> <!-- XP Growth Scroll -->
		</items>
	</reward>
	<reward id="1130" reward_id="2005" name="Daily Hunting II (Lv. 61-70)" requiredCompletion="120" isOneTime="false">
		<!-- Daily mission. A reward is given for killing any 120 monsters. Monsters whose level is lower than the character's for more than 10 levels do not count. -->
		<handler name="monster">
			<param name="minLevel">61</param>
			<param name="maxLevel">70</param>
		</handler>
		<items>
			<item id="49674" count="2" /> <!-- XP Growth Scroll -->
		</items>
	</reward>
	<reward id="1131" reward_id="2006" name="Daily Hunting II (Lv. 71-75)" requiredCompletion="150" isOneTime="false">
		<!-- Daily mission. A reward is given for killing any 150 monsters. Monsters whose level is lower than the character's for more than 10 levels do not count. -->
		<handler name="monster">
			<param name="minLevel">71</param>
			<param name="maxLevel">75</param>
		</handler>
		<items>
			<item id="49674" count="2" /> <!-- XP Growth Scroll -->
		</items>
	</reward>
	<reward id="1132" reward_id="2007" name="Daily Hunting II (Lv. 76+)" requiredCompletion="200" isOneTime="false">
		<!-- Daily mission. A reward is given for killing any 200 monsters. Monsters whose level is lower than the character's for more than 10 levels do not count. -->
		<handler name="monster">
			<param name="minLevel">76</param>
			<param name="maxLevel">99</param>
		</handler>
		<items>
			<item id="49674" count="2" /> <!-- XP Growth Scroll -->
		</items>
	</reward>
	<reward id="1133" reward_id="2008" name="Daily Hunting III (Lv. 1-20)" requiredCompletion="80" isOneTime="false">
		<!-- Daily mission. A reward is given for killing any 80 monsters. Monsters whose level is lower than the character's for more than 10 levels do not count. -->
		<handler name="monster">
			<param name="minLevel">1</param>
			<param name="maxLevel">20</param>
		</handler>
		<items>
			<item id="49674" count="1" /> <!-- XP Growth Scroll -->
		</items>
	</reward>
	<reward id="1134" reward_id="2009" name="Daily Hunting III (Lv. 21-40)" requiredCompletion="100" isOneTime="false">
		<!-- Daily mission. A reward is given for killing any 100 monsters. Monsters whose level is lower than the character's for more than 10 levels do not count. -->
		<handler name="monster">
			<param name="minLevel">21</param>
			<param name="maxLevel">40</param>
		</handler>
		<items>
			<item id="49779" count="1" /> <!-- XP Scroll: 100K -->
			<item id="49595" count="1" /> <!-- Scroll: 2000 SP (Exchangeable) -->
			<item id="49674" count="2" /> <!-- XP Growth Scroll -->
		</items>
	</reward>
	<reward id="1135" reward_id="2010" name="Daily Hunting III (Lv. 41-50)" requiredCompletion="120" isOneTime="false">
		<!-- Daily mission. A reward is given for killing any 120 monsters. Monsters whose level is lower than the character's for more than 10 levels do not count. -->
		<handler name="monster">
			<param name="minLevel">41</param>
			<param name="maxLevel">50</param>
		</handler>
		<items>
			<item id="49674" count="3" /> <!-- XP Growth Scroll -->
		</items>
	</reward>
	<reward id="1136" reward_id="2011" name="Daily Hunting III (Lv. 51-60)" requiredCompletion="150" isOneTime="false">
		<!-- Daily mission. A reward is given for killing any 150 monsters. Monsters whose level is lower than the character's for more than 10 levels do not count. -->
		<handler name="monster">
			<param name="minLevel">51</param>
			<param name="maxLevel">60</param>
		</handler>
		<items>
			<item id="49674" count="3" /> <!-- XP Growth Scroll -->
		</items>
	</reward>
	<reward id="1137" reward_id="2012" name="Daily Hunting III (Lv. 61-70)" requiredCompletion="180" isOneTime="false">
		<!-- Daily mission. A reward is given for killing any 180 monsters. Monsters whose level is lower than the character's for more than 10 levels do not count. -->
		<handler name="monster">
			<param name="minLevel">61</param>
			<param name="maxLevel">70</param>
		</handler>
		<items>
			<item id="49674" count="3" /> <!-- XP Growth Scroll -->
		</items>
	</reward>
	<reward id="1138" reward_id="2013" name="Daily Hunting III (Lv. 71-75)" requiredCompletion="200" isOneTime="false">
		<!-- Daily mission. A reward is given for killing any 200 monsters. Monsters whose level is lower than the character's for more than 10 levels do not count. -->
		<handler name="monster">
			<param name="minLevel">71</param>
			<param name="maxLevel">75</param>
		</handler>
		<items>
			<item id="49674" count="3" /> <!-- XP Growth Scroll -->
		</items>
	</reward>
	<reward id="1139" reward_id="2014" name="Daily Hunting III (Lv. 76+)" requiredCompletion="300" isOneTime="false">
		<!-- Daily mission. A reward is given for killing any 300 monsters. Monsters whose level is lower than the character's for more than 10 levels do not count. -->
		<handler name="monster">
			<param name="minLevel">76</param>
			<param name="maxLevel">99</param>
		</handler>
		<items>
			<item id="49674" count="3" /> <!-- XP Growth Scroll -->
		</items>
	</reward>
	<reward id="1141" reward_id="827" name="Adventurer's Journey I (Lv. 20-30)" requiredCompletion="100" isOneTime="false" dailyReset="false">
		<!-- Kill 100 monsters in the following hunting zones: Ruins of Agony, Abandoned Camp. -->
		<handler name="monster">
			<param name="ids">20017,20026,20029,20030,20035,20038,20042,20043,20045,20050,20051,20053,20054,20055,20058,20059,20060,20061,20062,20063,20064,20066,20076,20310,20359,20436,20437,20438,20439,20548,20782</param>
			<param name="minLevel">20</param>
			<param name="maxLevel">30</param>
		</handler>
		<items>
			<item id="91654" count="1" /> <!-- Adventurer's Mark Lv. 1 -->
		</items>
	</reward>
	<reward id="1142" reward_id="828" name="Adventurer's Journey II (Lv. 31-40)" requiredCompletion="200" isOneTime="false" dailyReset="false">
		<!-- Kill 200 monsters in the following hunting zones: Gorgon Flower Garden, Death Pass. -->
		<handler name="monster">
			<param name="ids">20075,20079,20080,20081,20082,20083,20084,20086,20087,20088,20089,20090,20144,20145,20156,20157,20158,20160,20171,20176,20197,20198,20199,20200,20201,20202,20199,20225,20226,20227,20228,20229,20230,20231,20232,20233,20234,20248,20249,20550,20551,20552,20553,20554</param>
			<param name="minLevel">31</param>
			<param name="maxLevel">40</param>
		</handler>
		<items>
			<item id="91655" count="1" /> <!-- Adventurer's Mark Lv. 2 -->
		</items>
	</reward>
	<reward id="1143" reward_id="829" name="Adventurer's Journey III (Lv. 41-60)" requiredCompletion="500" isOneTime="false" dailyReset="false">
		<!-- Kill 500 monsters in the following hunting zones: Sea of Spores, Cemetery, Fields of Massacre. -->
		<handler name="monster">
			<param name="ids">20555,20556,20557,20558,20559,20560,20561,20562,20563,20564,20565,20566,20567,20589,20590,20591,20592,20593,20594,20595,20596,20597,20598,20599,20666,20668,20669,20674,20675,20678,20974,20975,20976,20996,20997,20998,20999,21000,21001,21002,21003,21004,21005,21006,21007,21008,21009,21010</param>
			<param name="minLevel">41</param>
			<param name="maxLevel">60</param>
		</handler>
		<items>
			<item id="91656" count="1" /> <!-- Adventurer's Mark Lv. 3 -->
		</items>
	</reward>
	<reward id="1144" reward_id="830" name="Adventurer's Journey IV (Lv. 61-75)" requiredCompletion="700" isOneTime="false" dailyReset="false">
		<!-- Kill 700 monsters in the following hunting zones: Plains of Glory, War-Torn Plains, Patriot's Necropolis, Necropolis of Devotion, Blazing Swamp, Silent Valley. -->
		<handler name="monster">
			<param name="ids">20659,20660,20661,20662,20663,20664,20665,20667,20681,20682,20683,20684,20685,20686,20965,20966,20967,20968,20969,20970,20971,20972,20973,21620,21621,21622,21623,21624,21625,21626,21627,21628,21629,21630,21631,21632,21633,21634,21635,21636,21637</param>
			<param name="minLevel">61</param>
			<param name="maxLevel">75</param>
		</handler>
		<items>
			<item id="91657" count="1" /> <!-- Adventurer's Mark Lv. 4 -->
		</items>
	</reward>
	<reward id="1145" reward_id="831" name="Adventurer's Journey V (Lv. 76+)" requiredCompletion="1000" isOneTime="false" dailyReset="false">
		<!-- Kill 1000 monsters in the following hunting zones: Plains of the Lizardmen, Dragon Valley -->
		<handler name="monster">
			<param name="ids">20110,20792,20794,20795,20796,20797,20798,20799,20800,20801,20802,20803,20849,20994,20995,21661,21662,21663,21664,21665,21666,21667,21668,21669,21670,21671,21672,21673,21674,21675,21676,21678,21686,21761,21762,21763,21764,21765,21766,21768,21769,21774,21775,21777,21778,21779,21780,21781,21782,21783,21784,21813,21814,21815,21816,21817,21818,21819,21820,21821,21822,21823,21824,21825,21826,21827,21828,21829,21830,21831</param>
			<param name="minLevel">76</param>
			<param name="maxLevel">99</param>
		</handler>
		<items>
			<item id="91931" count="1" /> <!-- Adventurer's Mark Lv. 5 -->
		</items>
	</reward>
	<reward id="1146" reward_id="2015" name="Daily Hunting IV (Lv. 1-20)" requiredCompletion="100" isOneTime="false" dailyReset="false">
		<!-- Daily mission. A reward is given for killing any 100 monsters. Monsters whose level is lower than the character's for more than 10 levels do not count. -->
		<handler name="monster">
			<param name="minLevel">1</param>
			<param name="maxLevel">20</param>
		</handler>
		<items>
			<item id="49674" count="1" /> <!-- XP Growth Scroll -->
		</items>
	</reward>
	<reward id="1147" reward_id="2016" name="Daily Hunting IV (Lv. 21-40)" requiredCompletion="130" isOneTime="false" dailyReset="false">
		<!-- Daily mission. A reward is given for killing any 130 monsters. Monsters whose level is lower than the character's for more than 10 levels do not count. -->
		<handler name="monster">
			<param name="minLevel">21</param>
			<param name="maxLevel">40</param>
		</handler>
		<items>
			<item id="49779" count="1" /> <!-- XP Scroll: 100K -->
			<item id="49595" count="1" /> <!-- Scroll: 2000 SP (Exchangeable) -->
			<item id="49674" count="2" /> <!-- XP Growth Scroll -->
		</items>
	</reward>
	<reward id="1148" reward_id="2017" name="Daily Hunting IV (Lv. 41-50)" requiredCompletion="160" isOneTime="false">
		<!-- Daily mission. A reward is given for killing any 160 monsters. Monsters whose level is lower than the character's for more than 10 levels do not count. -->
		<handler name="monster">
			<param name="minLevel">41</param>
			<param name="maxLevel">50</param>
		</handler>
		<items>
			<item id="49674" count="3" /> <!-- XP Growth Scroll -->
		</items>
	</reward>
	<reward id="1149" reward_id="2018" name="Daily Hunting IV (Lv. 51-60)" requiredCompletion="200" isOneTime="false">
		<!-- Daily mission. A reward is given for killing any 200 monsters. Monsters whose level is lower than the character's for more than 10 levels do not count. -->
		<handler name="monster">
			<param name="minLevel">51</param>
			<param name="maxLevel">60</param>
		</handler>
		<items>
			<item id="49674" count="3" /> <!-- XP Growth Scroll -->
		</items>
	</reward>
	<reward id="1150" reward_id="2019" name="Daily Hunting IV (Lv. 61-70)" requiredCompletion="240" isOneTime="false">
		<!-- Daily mission. A reward is given for killing any 240 monsters. Monsters whose level is lower than the character's for more than 10 levels do not count. -->
		<handler name="monster">
			<param name="minLevel">61</param>
			<param name="maxLevel">70</param>
		</handler>
		<items>
			<item id="49674" count="3" /> <!-- XP Growth Scroll -->
		</items>
	</reward>
	<reward id="1151" reward_id="2020" name="Daily Hunting IV (Lv. 71-75)" requiredCompletion="300" isOneTime="false">
		<!-- Daily mission. A reward is given for killing any 300 monsters. Monsters whose level is lower than the character's for more than 10 levels do not count. -->
		<handler name="monster">
			<param name="minLevel">71</param>
			<param name="maxLevel">75</param>
		</handler>
		<items>
			<item id="49674" count="3" /> <!-- XP Growth Scroll -->
		</items>
	</reward>
	<reward id="1152" reward_id="2021" name="Daily Hunting IV (Lv. 76+)" requiredCompletion="400" isOneTime="false">
		<!-- Daily mission. A reward is given for killing any 400 monsters. Monsters whose level is lower than the character's for more than 10 levels do not count. -->
		<handler name="monster">
			<param name="minLevel">76</param>
			<param name="maxLevel">99</param>
		</handler>
		<items>
			<item id="49674" count="3" /> <!-- XP Growth Scroll -->
		</items>
	</reward>
	<reward id="1153" reward_id="2022" name="Daily Hunting V (Lv. 1-20)" requiredCompletion="130" isOneTime="false">
		<!-- Daily mission. A reward is given for killing any 130 monsters. Monsters whose level is lower than the character's for more than 10 levels do not count. -->
		<handler name="monster">
			<param name="minLevel">1</param>
			<param name="maxLevel">20</param>
		</handler>
		<items>
			<item id="49674" count="1" /> <!-- XP Growth Scroll -->
		</items>
	</reward>
	<reward id="1154" reward_id="2023" name="Daily Hunting V (Lv. 21-40)" requiredCompletion="160" isOneTime="false">
		<!-- Daily mission. A reward is given for killing any 160 monsters. Monsters whose level is lower than the character's for more than 10 levels do not count. -->
		<handler name="monster">
			<param name="minLevel">21</param>
			<param name="maxLevel">40</param>
		</handler>
		<items>
			<item id="49779" count="1" /> <!-- XP Scroll: 100K -->
			<item id="49595" count="1" /> <!-- Scroll: 2000 SP (Exchangeable) -->
			<item id="49674" count="2" /> <!-- XP Growth Scroll -->
		</items>
	</reward>
	<reward id="1155" reward_id="2024" name="Daily Hunting V (Lv. 41-50)" requiredCompletion="200" isOneTime="false">
		<!-- Daily mission. A reward is given for killing any 200 monsters. Monsters whose level is lower than the character's for more than 10 levels do not count. -->
		<handler name="monster">
			<param name="minLevel">41</param>
			<param name="maxLevel">50</param>
		</handler>
		<items>
			<item id="49674" count="3" /> <!-- XP Growth Scroll -->
		</items>
	</reward>
	<reward id="1156" reward_id="2025" name="Daily Hunting V (Lv. 51-60)" requiredCompletion="250" isOneTime="false">
		<!-- Daily mission. A reward is given for killing any 250 monsters. Monsters whose level is lower than the character's for more than 10 levels do not count. -->
		<handler name="monster">
			<param name="minLevel">51</param>
			<param name="maxLevel">60</param>
		</handler>
		<items>
			<item id="49674" count="3" /> <!-- XP Growth Scroll -->
		</items>
	</reward>
	<reward id="1157" reward_id="2026" name="Daily Hunting V (Lv. 61-70)" requiredCompletion="300" isOneTime="false">
		<!-- Daily mission. A reward is given for killing any 300 monsters. Monsters whose level is lower than the character's for more than 10 levels do not count. -->
		<handler name="monster">
			<param name="minLevel">61</param>
			<param name="maxLevel">70</param>
		</handler>
		<items>
			<item id="49674" count="3" /> <!-- XP Growth Scroll -->
		</items>
	</reward>
	<reward id="1158" reward_id="2027" name="Daily Hunting V (Lv. 71-75)" requiredCompletion="400" isOneTime="false">
		<!-- Daily mission. A reward is given for killing any 400 monsters. Monsters whose level is lower than the character's for more than 10 levels do not count. -->
		<handler name="monster">
			<param name="minLevel">71</param>
			<param name="maxLevel">75</param>
		</handler>
		<items>
			<item id="49674" count="3" /> <!-- XP Growth Scroll -->
		</items>
	</reward>
	<reward id="1159" reward_id="2028" name="Daily Hunting V (Lv. 76+)" requiredCompletion="500" isOneTime="false">
		<!-- Daily mission. A reward is given for killing any 500 monsters. Monsters whose level is lower than the character's for more than 10 levels do not count. -->
		<handler name="monster">
			<param name="minLevel">76</param>
			<param name="maxLevel">99</param>
		</handler>
		<items>
			<item id="49674" count="3" /> <!-- XP Growth Scroll -->
		</items>
	</reward>
	<!-- TODO: spiritevolve handler
	<reward id="1160" reward_id="2029" name="Hunt in the Tower of Insolence I (Lv. 74+)" requiredCompletion="300">
		Daily mission. A reward is given for killing 300 monsters in the Tower of Insolence. Required level: 74+.
		<handler name="monster">
			<param name="minLevel">74</param>
			<param name="maxLevel">99</param>
		</handler>
		<items>
			<item id="91971" count="2" /> Star Candy
		</items>
	</reward>
	<reward id="1161" reward_id="2030" name="Hunt in the Tower of Insolence II (Lv. 74+)" requiredCompletion="300">
		Daily mission. A reward is given for killing 300 elite monsters in the Tower of Insolence. Required level: 74+.
		<handler name="monster">
			<param name="minLevel">74</param>
			<param name="maxLevel">99</param>
		</handler>
		<items>
			<item id="94269" count="2" /> Scroll: Boost Attack
			<item id="91971" count="2" /> Star Candy
		</items>
	</reward>
	<reward id="1162" reward_id="2031" name="Fire Spirit Lv. 5" requiredCompletion="5">
		One-time quest. A reward is given when evolving the Fire Spirit up to Lv. 5.
		<handler name="spiritevolve">
			<param name="element">FIRE</param>
		</handler>
		<items>
			<item id="91186" count="30" />
		</items>
	</reward>
	<reward id="1163" reward_id="2032" name="Water Spirit Lv. 5" requiredCompletion="5">
		One-time quest. A reward is given when evolving the Water Spirit up to Lv. 5.
		<handler name="spiritevolve">
			<param name="element">WATER</param>
		</handler>
		<items>
			<item id="91186" count="30" />
		</items>
	</reward>
	<reward id="1164" reward_id="2033" name="Wind Spirit Lv. 5" requiredCompletion="5">
		One-time quest. A reward is given when evolving the Wind Spirit up to Lv. 5.
		<handler name="spiritevolve">
			<param name="element">WIND</param>
		</handler>
		<items>
			<item id="91186" count="30" />
		</items>
	</reward>
	<reward id="1165" reward_id="2034" name="Earth Spirit Lv. 5" requiredCompletion="5">
		One-time quest. A reward is given when evolving the Earth Spirit up to Lv. 5.
		<handler name="spiritevolve">
			<param name="element">EARTH</param>
		</handler>
		<items>
			<item id="91186" count="30" />
		</items>
	</reward>
	-->
	<reward id="4000" reward_id="1077" name="Reach Level 10" requiredCompletion="10">
		<!-- One-time mission. A reward is given when the character reaches Lv. 10. -->
		<handler name="level">
			<param name="level">10</param>
		</handler>
		<items>
			<item id="49778" count="1" /> <!-- XP Scroll: 10K -->
			<item id="90907" count="5" /> <!-- Soulshot Ticket -->
		</items>
	</reward>
	<reward id="4001" reward_id="1078" name="Reach Level 20" requiredCompletion="20">
		<!-- One-time mission. A reward is given when the character reaches Lv. 20. -->
		<handler name="level">
			<param name="level">20</param>
		</handler>
		<items>
			<item id="91912" count="10" /> <!-- HP Potion (Exchangeable) -->
			<item id="49778" count="8" /> <!-- XP Scroll: 10K -->
			<item id="90907" count="5" /> <!-- Soulshot Ticket -->
		</items>
	</reward>
	<reward id="4002" reward_id="1079" name="Reach Level 30" requiredCompletion="30">
		<!-- One-time mission. A reward is given when the character reaches Lv. 30. -->
		<handler name="level">
			<param name="level">30</param>
		</handler>
		<items>
			<item id="91912" count="20" /> <!-- HP Potion (Exchangeable) -->
			<item id="49779" count="9" /> <!-- XP Scroll: 100K -->
			<item id="90907" count="15" /> <!-- Soulshot Ticket -->
		</items>
	</reward>
	<reward id="4003" reward_id="1080" name="Reach Level 40" requiredCompletion="40">
		<!-- One-time mission. A reward is given when the character reaches Lv. 40. -->
		<handler name="level">
			<param name="level">40</param>
		</handler>
		<items>
			<item id="91912" count="30" /> <!-- HP Potion (Exchangeable) -->
			<item id="91910" count="10" /> <!-- Sayha's Blessing - Lv. 1-75 -->
			<item id="90907" count="20" /> <!-- Soulshot Ticket -->
		</items>
	</reward>
	<reward id="4004" reward_id="1081" name="Reach Level 45" requiredCompletion="45">
		<!-- One-time mission. A reward is given when the character reaches Lv. 45. -->
		<handler name="level">
			<param name="level">45</param>
		</handler>
		<items>
			<item id="94269" count="3" /> <!-- Scroll: Boost Attack -->
			<item id="91776" count="3" /> <!-- Sayha's Gust -->
			<item id="91910" count="10" /> <!-- Sayha's Blessing - Lv. 1-75 -->
			<item id="91757" count="1" /> <!-- Magic Lamp Charging Potion -->
		</items>
	</reward>
	<reward id="4005" reward_id="1082" name="Reach Level 50" requiredCompletion="50">
		<!-- One-time mission. A reward is given when the character reaches Lv. 50. -->
		<handler name="level">
			<param name="level">50</param>
		</handler>
		<items>
			<item id="94269" count="6" /> <!-- Scroll: Boost Attack -->
			<item id="91776" count="6" /> <!-- Sayha's Gust -->
			<item id="91910" count="10" /> <!-- Sayha's Blessing - Lv. 1-75 -->
			<item id="91757" count="2" /> <!-- Magic Lamp Charging Potion -->
		</items>
	</reward>
	<reward id="4006" reward_id="1083" name="Reach Level 55" requiredCompletion="55">
		<!-- One-time mission. A reward is given when the character reaches Lv. 55. -->
		<handler name="level">
			<param name="level">55</param>
		</handler>
		<items>
			<item id="94269" count="9" /> <!-- Scroll: Boost Attack -->
			<item id="91776" count="9" /> <!-- Sayha's Gust -->
			<item id="3031" count="450" /> <!-- Spirit Ore -->
			<item id="91757" count="3" /> <!-- Magic Lamp Charging Potion -->
		</items>
	</reward>
	<reward id="4007" reward_id="1084" name="Reach Level 60" requiredCompletion="60">
		<!-- One-time mission. A reward is given when the character reaches Lv. 60. -->
		<handler name="level">
			<param name="level">60</param>
		</handler>
		<items>
			<item id="94269" count="9" /> <!-- Scroll: Boost Attack -->
			<item id="91776" count="9" /> <!-- Sayha's Gust -->
			<item id="3031" count="450" /> <!-- Spirit Ore -->
			<item id="91757" count="3" /> <!-- Magic Lamp Charging Potion -->
		</items>
	</reward>
	<reward id="4008" reward_id="1085" name="Reach Level 65" requiredCompletion="65">
		<!-- One-time mission. A reward is given when the character reaches Lv. 65. -->
		<handler name="level">
			<param name="level">65</param>
		</handler>
		<items>
			<item id="94269" count="12" /> <!-- Scroll: Boost Attack -->
			<item id="91776" count="12" /> <!-- Sayha's Gust -->
			<item id="3031" count="450" /> <!-- Spirit Ore -->
			<item id="91757" count="3" /> <!-- Magic Lamp Charging Potion -->
		</items>
	</reward>
	<reward id="4009" reward_id="1086" name="Reach Level 68" requiredCompletion="68">
		<!-- One-time mission. A reward is given when the character reaches Lv. 68. -->
		<handler name="level">
			<param name="level">68</param>
		</handler>
		<items>
			<item id="94269" count="18" /> <!-- Scroll: Boost Attack -->
			<item id="91776" count="12" /> <!-- Sayha's Gust -->
			<item id="3031" count="600" /> <!-- Spirit Ore -->
			<item id="91757" count="3" /> <!-- Magic Lamp Charging Potion -->
		</items>
	</reward>
	<reward id="4010" reward_id="1087" name="Reach Level 71" requiredCompletion="71">
		<!-- One-time mission. A reward is given when the character reaches Lv. 71. -->
		<handler name="level">
			<param name="level">71</param>
		</handler>
		<items>
			<item id="94269" count="21" /> <!-- Scroll: Boost Attack -->
			<item id="91776" count="12" /> <!-- Sayha's Gust -->
			<item id="3031" count="600" /> <!-- Spirit Ore -->
			<item id="91757" count="4" /> <!-- Magic Lamp Charging Potion -->
		</items>
	</reward>
	<reward id="4011" reward_id="1088" name="Reach Level 74" requiredCompletion="74">
		<!-- One-time mission. A reward is given when the character reaches Lv. 74. -->
		<handler name="level">
			<param name="level">74</param>
		</handler>
		<items>
			<item id="94269" count="24" /> <!-- Scroll: Boost Attack -->
			<item id="91776" count="12" /> <!-- Sayha's Gust -->
			<item id="3031" count="600" /> <!-- Spirit Ore -->
			<item id="91757" count="4" /> <!-- Magic Lamp Charging Potion -->
		</items>
	</reward>
	<reward id="4012" reward_id="1089" name="Reach Level 76" requiredCompletion="76">
		<!-- One-time mission. A reward is given when the character reaches Lv. 76. -->
		<handler name="level">
			<param name="level">76</param>
		</handler>
		<items>
			<item id="91712" count="12" /> <!-- Sayha's Storm Lv. 3 -->
			<item id="91641" count="10" /> <!-- Sayha's Blessing -->
			<item id="3031" count="600" /> <!-- Spirit Ore -->
			<item id="94269" count="24" /> <!-- Scroll: Boost Attack -->
		</items>
	</reward>
	<reward id="4013" reward_id="1090" name="Reach Level 78" requiredCompletion="78">
		<!-- One-time mission. A reward is given when the character reaches Lv. 78. -->
		<handler name="level">
			<param name="level">78</param>
		</handler>
		<items>
			<item id="91712" count="12" /> <!-- Sayha's Storm Lv. 3 -->
			<item id="91641" count="10" /> <!-- Sayha's Blessing -->
			<item id="3031" count="600" /> <!-- Spirit Ore -->
			<item id="94269" count="24" /> <!-- Scroll: Boost Attack -->
		</items>
	</reward>
	<reward id="4014" reward_id="1091" name="Reach Level 79" requiredCompletion="79">
		<!-- One-time mission. A reward is given when the character reaches Lv. 79. -->
		<handler name="level">
			<param name="level">79</param>
		</handler>
		<items>
			<item id="91712" count="12" /> <!-- Sayha's Storm Lv. 3 -->
			<item id="91641" count="10" /> <!-- Sayha's Blessing -->
			<item id="3031" count="600" /> <!-- Spirit Ore -->
			<item id="94269" count="24" /> <!-- Scroll: Boost Attack -->
		</items>
	</reward>
	<reward id="4015" reward_id="1092" name="Reach Level 80" requiredCompletion="80">
		<!-- One-time mission. A reward is given when the character reaches Lv. 80. -->
		<handler name="level">
			<param name="level">80</param>
		</handler>
		<items>
			<item id="91712" count="12" /> <!-- Sayha's Storm Lv. 3 -->
			<item id="91641" count="15" /> <!-- Sayha's Blessing -->
			<item id="3031" count="600" /> <!-- Spirit Ore -->
			<item id="94269" count="30" /> <!-- Scroll: Boost Attack -->
		</items>
	</reward>
	<reward id="4016" reward_id="1093" name="Reach Level 81" requiredCompletion="81">
		<!-- One-time mission. A reward is given when the character reaches Lv. 81. -->
		<handler name="level">
			<param name="level">81</param>
		</handler>
		<items>
			<item id="91712" count="18" /> <!-- Sayha's Storm Lv. 3 -->
			<item id="91641" count="15" /> <!-- Sayha's Blessing -->
			<item id="3031" count="600" /> <!-- Spirit Ore -->
			<item id="94269" count="30" /> <!-- Scroll: Boost Attack -->
		</items>
	</reward>
	<reward id="4017" reward_id="1094" name="Reach Level 82" requiredCompletion="82">
		<!-- One-time mission. A reward is given when the character reaches Lv. 82. -->
		<handler name="level">
			<param name="level">82</param>
		</handler>
		<items>
			<item id="91712" count="18" /> <!-- Sayha's Storm Lv. 3 -->
			<item id="91641" count="15" /> <!-- Sayha's Blessing -->
			<item id="3031" count="900" /> <!-- Spirit Ore -->
			<item id="94269" count="36" /> <!-- Scroll: Boost Attack -->
		</items>
	</reward>
	<reward id="4018" reward_id="1095" name="Reach Level 83" requiredCompletion="83">
		<!-- One-time mission. A reward is given when the character reaches Lv. 83. -->
		<handler name="level">
			<param name="level">83</param>
		</handler>
		<items>
			<item id="91712" count="18" /> <!-- Sayha's Storm Lv. 3 -->
			<item id="91641" count="15" /> <!-- Sayha's Blessing -->
			<item id="3031" count="900" /> <!-- Spirit Ore -->
			<item id="94269" count="36" /> <!-- Scroll: Boost Attack -->
		</items>
	</reward>
	<reward id="4019" reward_id="1096" name="Reach Level 84" requiredCompletion="84">
		<!-- One-time mission. A reward is given when the character reaches Lv. 84. -->
		<handler name="level">
			<param name="level">84</param>
		</handler>
		<items>
			<item id="91712" count="18" /> <!-- Sayha's Storm Lv. 3 -->
			<item id="91641" count="15" /> <!-- Sayha's Blessing -->
			<item id="3031" count="900" /> <!-- Spirit Ore -->
			<item id="94269" count="36" /> <!-- Scroll: Boost Attack -->
		</items>
	</reward>
	<reward id="4020" reward_id="1097" name="Reach Level 85" requiredCompletion="85">
		<!-- One-time mission. A reward is given when the character reaches Lv. 85. -->
		<handler name="level">
			<param name="level">85</param>
		</handler>
		<items>
			<item id="91712" count="85" /> <!-- Sayha's Storm Lv. 3 -->
			<item id="93062" count="1" /> <!-- Hat of Glory -->
			<item id="3031" count="4250" /> <!-- Spirit Ore -->
			<item id="94269" count="170" /> <!-- Scroll: Boost Attack -->
		</items>
	</reward>
	<reward id="4021" reward_id="1098" name="Reach Level 86" requiredCompletion="86">
		<!-- One-time mission. A reward is given when the character reaches Lv. 86. -->
		<handler name="level">
			<param name="level">86</param>
		</handler>
		<items>
			<item id="91712" count="86" /> <!-- Sayha's Storm Lv. 3 -->
			<item id="93064" count="1" /> <!-- Weight Limit Ticket of Glory -->
			<item id="3031" count="4300" /> <!-- Spirit Ore -->
			<item id="94269" count="172" /> <!-- Scroll: Boost Attack -->
		</items>
	</reward>
	<reward id="4022" reward_id="1099" name="Reach Level 87" requiredCompletion="87">
		<!-- One-time mission. A reward is given when the character reaches Lv. 87. -->
		<handler name="level">
			<param name="level">87</param>
		</handler>
		<items>
			<item id="91712" count="87" /> <!-- Sayha's Storm Lv. 3 -->
			<item id="93059" count="1" /> <!-- Spellbook: Mount Glory of Champion -->
			<item id="3031" count="4350" /> <!-- Spirit Ore -->
			<item id="94269" count="174" /> <!-- Scroll: Boost Attack -->
		</items>
	</reward>
	<reward id="4023" reward_id="1100" name="Reach Level 88" requiredCompletion="88">
		<!-- One-time mission. A reward is given when the character reaches Lv. 88. -->
		<handler name="level">
			<param name="level">88</param>
		</handler>
		<items>
			<item id="91712" count="88" /> <!-- Sayha's Storm Lv. 3 -->
			<item id="93063" count="1" /> <!-- Inventory Expansion Ticket of Glory -->
			<item id="3031" count="4400" /> <!-- Spirit Ore -->
			<item id="94269" count="176" /> <!-- Scroll: Boost Attack -->
		</items>
	</reward>
	<reward id="4024" reward_id="1101" name="Reach Level 89" requiredCompletion="89">
		<!-- One-time mission. A reward is given when the character reaches Lv. 89. -->
		<handler name="level">
			<param name="level">89</param>
		</handler>
		<items>
			<item id="91712" count="89" /> <!-- Sayha's Storm Lv. 3 -->
			<item id="93061" count="1" /> <!-- Spellbook: Mount Shining Lady -->
			<item id="3031" count="4450" /> <!-- Spirit Ore -->
			<item id="94269" count="178" /> <!-- Scroll: Boost Attack -->
		</items>
	</reward>
	<reward id="4025" reward_id="1102" name="Reach Level 90" requiredCompletion="90">
		<!-- One-time mission. A reward is given when the character reaches Lv. 90. -->
		<handler name="level">
			<param name="level">90</param>
		</handler>
		<items>
			<item id="91712" count="90" /> <!-- Sayha's Storm Lv. 3 -->
			<item id="3031" count="4500" /> <!-- Spirit Ore -->
			<item id="94046" count="1" /> <!-- Spellbook: Glorious Warrior's Ability -->
			<item id="94269" count="180" /> <!-- Scroll: Boost Attack -->
		</items>
	</reward>
	<reward id="1172" reward_id="2040" name="Hunt on Alligator Island I (Lv. 60+)" requiredCompletion="100">
		<!-- A reward is given for killing 100 Savage monsters on Alligator Island. -->
		<handler name="monster">
			<param name="minLevel">60</param>
			<param name="maxLevel">99</param>
			<param name="ids">22192,22193,22194,22195,22196,22197,22198,22199</param>
		</handler>
		<items>
			<item id="93080" count="1" /> <!-- Charging Stone of Random Craft - 1 Charge -->
		</items>
	</reward>
	<reward id="1173" reward_id="2041" name="Hunt on Alligator Island II (Lv. 60+)" requiredCompletion="200">
		<!-- A reward is given for killing 200 Savage monsters on Alligator Island. -->
		<handler name="monster">
			<param name="minLevel">60</param>
			<param name="maxLevel">99</param>
			<param name="ids">22192,22193,22194,22195,22196,22197,22198,22199</param>
		</handler>
		<items>
			<item id="93080" count="1" /> <!-- Charging Stone of Random Craft - 1 Charge -->
		</items>
	</reward>
	<!-- TODO:
	<reward id="3007" reward_id="3007" name="Sayha's Blessing" requiredCompletion="10">
		A reward is given for using Sayha's Blessing that is not limited by level, 10 times.
		<handler name="monster">
			<param name="minLevel">45</param>
			<param name="maxLevel">99</param>
		</handler>
		<items>
			<item id="90907" count="30" /> Soulshot Ticket
			<item id="3031" count="500" /> Spirit Ore
			<item id="93274" count="10" /> Sayha's Cookie
		</items>
	</reward>
	<reward id="1171" reward_id="1171" name="Assault on the Transcendent Instance Zones" requiredCompletion="300">
		Daily mission (once per account). A reward is given for killing 300 monsters in a Transcendent Instance Zone.
		<handler name="monster">
			<param name="minLevel">40</param>
			<param name="maxLevel">99</param>
		</handler>
		<items>
			<item id="90907" count="10" /> Soulshot Ticket
			<item id="3031" count="50" /> Spirit Ore
			<item id="93274" count="3" /> Sayha's Cookie
		</items>
	</reward>
	<reward id="5011" reward_id="5011" name="Reach Level 46" requiredCompletion="46">
		One-time mission. A reward is given when the character reaches Lv. 46. Event.
		<handler name="level">
			<param name="level">46</param>
		</handler>
		<items>
			<item id="91910" count="5" /> Sayha's Blessing - Lv. 1-75
		</items>
	</reward>
	<reward id="5012" reward_id="5012" name="Reach Level 47" requiredCompletion="47">
		One-time mission. A reward is given when the character reaches Lv. 47. Event.
		<handler name="level">
			<param name="level">47</param>
		</handler>
		<items>
			<item id="91910" count="5" /> Sayha's Blessing - Lv. 1-75
		</items>
	</reward>
	<reward id="5013" reward_id="5013" name="Reach Level 48" requiredCompletion="48">
		One-time mission. A reward is given when the character reaches Lv. 48. Event.
		<handler name="level">
			<param name="level">48</param>
		</handler>
		<items>
			<item id="91910" count="5" /> Sayha's Blessing - Lv. 1-75
		</items>
	</reward>
	<reward id="5014" reward_id="5014" name="Reach Level 49" requiredCompletion="49">
		One-time mission. A reward is given when the character reaches Lv. 49. Event.
		<handler name="level">
			<param name="level">49</param>
		</handler>
		<items>
			<item id="91910" count="5" /> Sayha's Blessing - Lv. 1-75
		</items>
	</reward>
	<reward id="3019" reward_id="3011" name="Difficult Assault on the Orc Fortress" requiredCompletion="1">
		A reward is given for killing titled monsters during the battle for the Orc Fortress.
		<handler name="monster">
			<param name="minLevel">60</param>
			<param name="maxLevel">99</param>
		</handler>
		<items>
			<item id="93068" count="1" /> Red Lantern
			<item id="49674" count="3" /> XP Growth Scroll
		</items>
	</reward>
	<reward id="3020" reward_id="3012" name="Assault on Orc Fortress" requiredCompletion="50">
		A reward is given for killing titleless monsters during the battle for the Orc Fortress.
		<handler name="monster">
			<param name="minLevel">60</param>
			<param name="maxLevel">99</param>
		</handler>
		<items>
			<item id="93070" count="5" /> Blue Lantern
			<item id="49674" count="2" /> XP Growth Scroll
		</items>
	</reward>
	<reward id="3013" reward_id="3013" name="3 vs 3 Olympiad Winner I" requiredCompletion="1">
		One-time mission. A reward is given for winning a 3 vs 3 Olympiad match. Not available on Sundays.
		<handler name="olympiad" />
		<items>
			<item id="92991" count="3" /> Einhasad's Blessing Scroll
		</items>
	</reward>
	<reward id="3014" reward_id="3014" name="3 vs 3 Olympiad Winner II" requiredCompletion="2">
		One-time mission. A reward is given for winning 2 of 3 vs 3 Olympiad matches. Not available on Sundays.
		<handler name="olympiad" />
		<items>
			<item id="91690" count="50" /> Special HP Recovery Potion
		</items>
	</reward>
	<reward id="3015" reward_id="3015" name="3 vs 3 Olympiad Winner III" requiredCompletion="3">
		One-time mission. A reward is given for winning 3 of 3 vs 3 Olympiad matches. Not available on Sundays.
		<handler name="olympiad" />
		<items>
			<item id="92991" count="5" /> Einhasad's Blessing Scroll
		</items>
	</reward>
	<reward id="3016" reward_id="3016" name="3 vs 3 Olympiad Winner IV" requiredCompletion="4">
		One-time mission. A reward is given for winning 4 of 3 vs 3 Olympiad matches. Not available on Sundays.
		<handler name="olympiad" />
		<items>
			<item id="91690" count="100" /> Special HP Recovery Potion
		</items>
	</reward>
	<reward id="3017" reward_id="3017" name="3 vs 3 Olympiad Winner V" requiredCompletion="5">
		One-time mission. A reward is given for winning 5 of 3 vs 3 Olympiad matches. Not available on Sundays.
		<handler name="olympiad" />
		<items>
			<item id="93290" count="1" /> Victory Pack
		</items>
	</reward>
	-->
	<reward id="9001" reward_id="9001" name="Clan Raid Attack" requiredCompletion="1">
		<!-- Weekly mission. A reward is given for defeating 1 enemy together with your clan members in the Clan Arena. -->
		<handler name="monster">
			<param name="ids">25794,25795,25796,25797,25798,25799,25800,25801,25802,25803,25804,25805,25806,25807,25808,25809,25810,25811,25812,25813,25834,25835,25836,25837,25838</param>
			<param name="minLevel">40</param>
			<param name="maxLevel">99</param>
		</handler>
		<items>
			<item id="3031" count="150" /> <!-- Spirit Ore -->
			<item id="94481" count="50" /> <!-- Clan XP -->
			<item id="94269" count="3" /> <!-- Scroll: Boost Attack -->
		</items>
	</reward>
	<reward id="9002" reward_id="9002" name="Dwelling of Spirits" requiredCompletion="50">
		<!-- Weekly mission. A reward is given for defeating monsters during a clan raid to the Dwelling of Spirits. -->
		<handler name="monster">
			<param name="ids">22271,22272,22273</param>
			<param name="minLevel">76</param>
			<param name="maxLevel">99</param>
		</handler>
		<items>
			<item id="91831" count="5" /> <!-- Improved Water Attack Potion -->
			<item id="91832" count="5" /> <!-- Improved Wind Attack Potion -->
			<item id="91833" count="5" /> <!-- Improved Earth Attack Potion -->
			<item id="91830" count="5" /> <!-- Improved Fire Attack Potion -->
		</items>
	</reward>
	<reward id="9003" reward_id="9003" name="Spirit Kings" requiredCompletion="1">
		<!-- Weekly mission. A reward is given for defeating Ignis, Nebula, Procella or Petram during a clan raid to the Dwelling of Spirits. -->
		<handler name="monster">
			<param name="ids">29105,29106,29107,29108</param>
			<param name="minLevel">76</param>
			<param name="maxLevel">99</param>
		</handler>
		<items>
			<item id="91831" count="5" /> <!-- Improved Water Attack Potion -->
			<item id="91832" count="5" /> <!-- Improved Wind Attack Potion -->
			<item id="91833" count="5" /> <!-- Improved Earth Attack Potion -->
			<item id="91830" count="5" /> <!-- Improved Fire Attack Potion -->
		</items>
	</reward>
</list>