<?xml version="1.0" encoding="UTF-8"?>
<list xmlns:xsi="http://www.w3.org/2001/XMLSchema-instance" xsi:noNamespaceSchemaLocation="xsd/EnchantItemGroups.xsd">
	<!-- General armor enchant group. -->
	<enchantRateGroup name="ARMOR_GROUP">
		<current enchant="0-2" chance="100" />
		<current enchant="3-15" chance="66.67" />
		<current enchant="16-19" chance="33" />
		<current enchant="20-29" chance="20" />
		<current enchant="30-65535" chance="0" />
	</enchantRateGroup>

	<!-- General full armor enchant group. -->
	<enchantRateGroup name="FULL_ARMOR_GROUP">
		<current enchant="0-3" chance="100" />
		<current enchant="4-15" chance="66.67" />
		<current enchant="16-19" chance="33" />
		<current enchant="20-29" chance="20" />
		<current enchant="30-65535" chance="0" />
	</enchantRateGroup>

	<!-- General fighter weapon enchant group. -->
	<enchantRateGroup name="FIGHTER_WEAPON_GROUP">
		<current enchant="0-2" chance="100" />
		<current enchant="3-15" chance="66.67" />
		<current enchant="16-19" chance="33" />
		<current enchant="20-29" chance="20" />
		<current enchant="30-65535" chance="0" />
	</enchantRateGroup>

	<!-- General mage weapon enchant group. -->
	<enchantRateGroup name="MAGE_WEAPON_GROUP">
		<current enchant="0-2" chance="100" />
		<current enchant="3-15" chance="66.67" />
		<current enchant="16-19" chance="33" />
		<current enchant="20-29" chance="20" />
		<current enchant="30-65535" chance="0" />
	</enchantRateGroup>

	<!-- Spirits Agathion enchant group. -->
	<enchantRateGroup name="SPIRITS_AGATHION">
		<current enchant="0-2" chance="100" />
		<current enchant="3" chance="65" />
		<current enchant="4" chance="50" />
		<current enchant="5" chance="35" />
		<current enchant="6" chance="24" />
		<current enchant="7" chance="18" />
		<current enchant="8" chance="14" />
		<current enchant="9" chance="8" />
	</enchantRateGroup>

	<!-- Zodiac Agathion enchant group. -->
	<enchantRateGroup name="ZODIACS_AGATHION">
		<current enchant="0-2" chance="100" />
		<current enchant="3" chance="65" />
		<current enchant="4" chance="50" />
		<current enchant="5" chance="35" />
		<current enchant="6" chance="12" />
		<current enchant="7" chance="9" />
		<current enchant="8" chance="7" />
		<current enchant="9" chance="4" />
	</enchantRateGroup>

	<!-- Rare Accessories enchant group. -->
	<enchantRateGroup name="RARE_ACCESSORIES_GROUP">
		<current enchant="0" chance="100" />
		<current enchant="1" chance="50" />
		<current enchant="2" chance="40" />
		<current enchant="3" chance="30" />
		<current enchant="4" chance="20" />
	</enchantRateGroup>

	<!-- Dragon Belt enchant group. -->
	<enchantRateGroup name="DRAGON_BELT">
		<current enchant="0" chance="60" />
		<current enchant="1" chance="50" />
		<current enchant="2" chance="40" />
		<current enchant="3" chance="35" />
		<current enchant="4" chance="30" />
		<current enchant="5" chance="28" />
		<current enchant="6" chance="26" />
		<current enchant="7" chance="24" />
		<current enchant="8" chance="22" />
		<current enchant="9" chance="20" />
	</enchantRateGroup>

	<!-- Hellbound Ring enchant group. -->
	<enchantRateGroup name="HELLBOUND_RING_GROUP">
		<current enchant="0" chance="60" />
		<current enchant="1" chance="50" />
		<current enchant="2" chance="40" />
		<current enchant="3" chance="35" />
		<current enchant="4" chance="30" />
		<current enchant="5" chance="28" />
		<current enchant="6" chance="26" />
		<current enchant="7" chance="24" />
		<current enchant="8" chance="22" />
		<current enchant="9" chance="20" />
	</enchantRateGroup>
	
	<!-- Talisman of Aden -->
	<enchantRateGroup name="TALISMAN_ADEN">
		<current enchant="0" chance="100" />
		<current enchant="1" chance="80" />
		<current enchant="2" chance="70" />
		<current enchant="3" chance="60" />
		<current enchant="4" chance="40" />
		<current enchant="5" chance="30" />
		<current enchant="6" chance="24" />
		<current enchant="7" chance="16" />
		<current enchant="8" chance="10" />
		<current enchant="9" chance="10" />
	</enchantRateGroup>

	<!-- Talisman of Eva -->
	<enchantRateGroup name="TALISMAN_EVA">
		<current enchant="0" chance="60" />
		<current enchant="1" chance="50" />
		<current enchant="2" chance="40" />
		<current enchant="3" chance="35" />
		<current enchant="4" chance="30" />
		<current enchant="5" chance="28" />
		<current enchant="6" chance="26" />
		<current enchant="7" chance="24" />
		<current enchant="8" chance="22" />
		<current enchant="9" chance="20" />
	</enchantRateGroup>

	<!-- Talisman of Speed -->
	<enchantRateGroup name="TALISMAN_SPEED">
		<current enchant="0" chance="60" />
		<current enchant="1" chance="50" />
		<current enchant="2" chance="45" />
		<current enchant="3" chance="40" />
		<current enchant="4" chance="35" />
		<current enchant="5" chance="30" />
		<current enchant="6" chance="25" />
		<current enchant="7" chance="20" />
		<current enchant="8" chance="10" />
		<current enchant="9" chance="5" />
	</enchantRateGroup>

	<!-- Talisman of Authority -->
	<enchantRateGroup name="TALISMAN_AUTHORITY">
		<current enchant="0" chance="60" />
		<current enchant="1" chance="50" />
		<current enchant="2" chance="40" />
		<current enchant="3" chance="35" />
		<current enchant="4" chance="30" />
		<current enchant="5" chance="28" />
		<current enchant="6" chance="26" />
		<current enchant="7" chance="24" />
		<current enchant="8" chance="22" />
		<current enchant="9" chance="20" />
	</enchantRateGroup>

	<!-- Adventurer's Talisman -->
	<enchantRateGroup name="TALISMAN_ADVENTURERS">
		<current enchant="0" chance="100" />
	</enchantRateGroup>
	
	<!-- Hair Accesory enchant group. -->
	<enchantRateGroup name="CIRCLET_GROUP">
		<current enchant="0" chance="60" />
		<current enchant="1" chance="50" />
		<current enchant="2" chance="40" />
		<current enchant="3" chance="35" />
		<current enchant="4" chance="30" />
		<current enchant="5" chance="28" />
		<current enchant="6" chance="26" />
		<current enchant="7" chance="24" />
		<current enchant="8" chance="22" />
		<current enchant="9" chance="20" />
	</enchantRateGroup>

	<!-- Default scrolls enchanting route line. -->
	<enchantScrollGroup id="0">
		<!-- Bind armor group to all item slots except full armor. -->
		<enchantRate group="ARMOR_GROUP">
			<item slot="lhand" /> <!-- Left hand: Shields, Sigils -->
			<item slot="head" /> <!-- Head: Helmet -->
			<item slot="chest" /> <!-- Chest: Armor upper body. -->
			<item slot="legs" /> <!-- Legs: Armor lower body. -->
			<item slot="feet" /> <!-- Feet: Boots -->
			<item slot="gloves" /> <!-- Gloves: Gloves -->
			<item slot="neck" /> <!-- Neck: Necklaces -->
			<item slot="rear;lear" /> <!-- Right ear, Left ear: Earrings -->
			<item slot="rfinger;lfinger" /> <!-- Right finger, Left finger: Rings -->
			<item slot="belt" /> <!-- Belt: Belts -->
			<item slot="shirt" /> <!-- Shirt: Shirts -->
			<item slot="back" /> <!-- Cloaks -->
			<item slot="rbracelet" /> <!-- Bracelet -->
			<item slot="lbracelet" /> <!-- Evolved Agathion Bracelet -->
		</enchantRate>
		<!-- Bind only full armor group to to full armor slot items. -->
		<enchantRate group="FULL_ARMOR_GROUP">
			<item slot="fullarmor" /> <!-- Full Armor: Full armor pants are included. -->
		</enchantRate>
		<!-- Bind only fighter weapon group to all fighter weapons. -->
		<enchantRate group="FIGHTER_WEAPON_GROUP">
			<item slot="rhand" magicWeapon="false" /> <!-- Right hand: Weapons, Non magic weapon -->
			<item slot="lrhand" magicWeapon="false" /> <!-- Two hands: Weapons, Non magic weapon -->
		</enchantRate>
		<!-- Bind only mage weapon group to all magic weapons. -->
		<enchantRate group="MAGE_WEAPON_GROUP">
			<item slot="rhand" magicWeapon="true" /> <!-- Right hand: Weapons, Magic weapon -->
			<item slot="lrhand" magicWeapon="true" /> <!-- Two hands: Weapons, Magic weapon -->
		</enchantRate>
		<!-- Rare Accessories -->
		<enchantRate group="RARE_ACCESSORIES_GROUP">
			<item slot="neck" /> <!-- Neck: Necklaces -->
			<item slot="rear;lear" /> <!-- Right ear, Left ear: Earrings -->
			<item slot="rfinger;lfinger" /> <!-- Right finger, Left finger: Rings -->
		</enchantRate>
		<!-- Dragon Belt -->
		<enchantRate group="DRAGON_BELT">
			<item slot="belt" /> <!-- Belt: Belts -->
		</enchantRate>
		<!-- Hellbound Ring -->
		<enchantRate group="HELLBOUND_RING_GROUP">
			<item slot="rfinger;lfinger" /> <!-- Right finger, Left finger: Rings -->
		</enchantRate>
		<!-- Spirits Agathion -->
		<enchantRate group="SPIRITS_AGATHION">
			<item slot="agathion" /> <!-- Agathion: agathion -->
		</enchantRate>
		<!-- Zodiacs Agathion -->
		<enchantRate group="ZODIACS_AGATHION">
			<item slot="agathion" /> <!-- Agathion: agathion -->
		</enchantRate>
		<!-- Talisman of Aden -->
		<enchantRate group="TALISMAN_ADEN">
			<item itemId="91745" /> <!-- Talisman of Aden -->
		</enchantRate>
		<!-- Talisman of Eva -->
		<enchantRate group="TALISMAN_EVA">
			<item itemId="92018" /> <!-- Talisman of Eva -->
		</enchantRate>
		<!-- Talisman of Speed -->
		<enchantRate group="TALISMAN_SPEED">
			<item itemId="92403" /> <!-- Talisman of Speed -->
		</enchantRate>
		<!-- Talisman of Authority -->
		<enchantRate group="TALISMAN_AUTHORITY">
			<item itemId="91061" /> <!-- Talisman of Authority -->
		</enchantRate>
		<!-- Adventurer's Talisman -->
		<enchantRate group="TALISMAN_ADVENTURERS">
			<item itemId="91937" /> <!-- Adventurer's Talisman -->
		</enchantRate>
		<!-- Circlets Group -->
		<enchantRate group="CIRCLET_GROUP">
			<item slot="hair" /> <!-- Hair Accessories -->
			<item slot="hair2" /> <!-- Hair Accessories -->
			<item slot="hairall" /> <!-- Hair Accessories -->
		</enchantRate>
	</enchantScrollGroup>
</list>