<?xml version="1.0" encoding="UTF-8"?>
<list enabled="true" xmlns:xsi="http://www.w3.org/2001/XMLSchema-instance" xsi:noNamespaceSchemaLocation="xsd/LimitShop.xsd">
	<product id="70" category="0">
		<ingredient id="91663" count="200" /> <!-- L-Coin -->
		<production id="93740" /> <!-- Giran Seal Pack -->
	</product>
	<!-- 
	<product id="71" category="0">
		<ingredient id="91663" count="100" /> L-Coin
		<production id="94167" /> Hero's Shining Pack
	</product>
	<product id="72" category="1">
		<ingredient id="91663" count="500" /> L-Coin
		<production id="94303" /> Life Stone - Circlet
	</product>
	<product id="73" category="1">
		<ingredient id="91663" count="200" /> L-Coin
		<production id="94188" /> Life Stone Lv. 2 - Armor
	</product>
	<product id="74" category="1">
		<ingredient id="91663" count="200" /> L-Coin
		<production id="94186" /> Life Stone Lv. 2 - Weapon
	</product>
	<product id="75" category="1">
		<ingredient id="91663" count="200" /> L-Coin
		<production id="93100" /> Life Stone Lv. 2 - Shield/ Sigil
	</product>
	<product id="76" category="0">
		<ingredient id="91663" count="1000" /> Adena
		<production id="94450" accountDailyLimit="1" /> Augustina's Support Box Lv. 1
	</product>
	<product id="77" category="0">
		<ingredient id="91663" count="300000" /> Adena
		<production id="94457" accountDailyLimit="1" /> Augustina's Support Box Lv. 2
	</product>
	-->
	<product id="1" category="1">
		<ingredient id="91663" count="200" /> <!-- L-Coin -->
		<production id="90694" /> <!-- Sealed Soul Crystal Lv. 1 -->
	</product>
	<product id="2" category="1">
		<ingredient id="91663" count="200" /> <!-- L-Coin -->
		<production id="9589" /> <!-- Talisman Bracelet Lv. 1 -->
	</product>
	<product id="3" category="1">
		<ingredient id="91663" count="200" /> <!-- L-Coin -->
		<production id="90311" /> <!-- Brooch Lv. 1 -->
	</product>
	<product id="4" category="1">
		<ingredient id="91663" count="600" /> <!-- L-Coin -->
		<production id="92034" /> <!-- Reinforced Jewel Box -->
	</product>
	<product id="5" category="1">
		<ingredient id="91663" count="600" /> <!-- L-Coin -->
		<production id="91767" /> <!-- Enchant Kit: Talisman of Aden -->
	</product>
	<product id="6" category="1">
		<ingredient id="91663" count="600" /> <!-- L-Coin -->
		<production id="92020" /> <!-- Enchant Kit: Talisman of Eva -->
	</product>
	<product id="7" category="1">
		<ingredient id="91663" count="600" /> <!-- L-Coin -->
		<production id="91864" /> <!-- Dragon Belt Pack -->
	</product>
	<product id="57" category="1">
		<ingredient id="91663" count="600" /> <!-- L-Coin -->
		<production id="93303" /> <!-- Package: Cloak of Protection -->
	</product>
	<product id="32" category="1">
		<ingredient id="91663" count="1500" /> <!-- L-Coin -->
		<production id="729" /> <!-- Scroll: Enchant A-grade Weapon (Exchangeable) -->
	</product>
	<product id="31" category="1">
		<ingredient id="91663" count="600" /> <!-- L-Coin -->
		<production id="947" /> <!-- Scroll: Enchant B-grade Weapon (Exchangeable) -->
	</product>
	<product id="30" category="1">
		<ingredient id="91663" count="200" /> <!-- L-Coin -->
		<production id="951" /> <!-- Scroll: Enchant C-grade Weapon (Exchangeable) -->
	</product>
	<product id="28" category="1">
		<ingredient id="91663" count="350" /> <!-- L-Coin -->
		<production id="730" /> <!-- Scroll: Enchant A-grade Armor (Exchangeable) -->
	</product>
	<product id="27" category="1">
		<ingredient id="91663" count="100" /> <!-- L-Coin -->
		<production id="948" /> <!-- Scroll: Enchant B-grade Armor (Exchangeable) -->
	</product>
	<product id="26" category="1">
		<ingredient id="91663" count="50" /> <!-- L-Coin -->
		<production id="952" /> <!-- Scroll: Enchant C-grade Armor (Exchangeable) -->
	</product>
	<product id="8" category="2">
		<ingredient id="91663" count="120" /> <!-- L-Coin -->
		<production id="71900" /> <!-- Limited Sayha's Blessing (1 Day) -->
	</product>
	<!-- 
	<product id="9" category="2">
		<ingredient id="91663" count="2000" /> L-Coin
		<production id="71899" /> Limited Sayha's Blessing (30 Day)
	</product>
	-->
	<product id="11" category="2">
		<ingredient id="91663" count="20" /> <!-- L-Coin -->
		<production id="91641" /> <!-- Sayha's Blessing -->
	</product>
	<product id="12" category="2">
		<ingredient id="91663" count="6" /> <!-- L-Coin -->
		<production id="90907" /> <!-- Soulshot Ticket -->
	</product>
	<product id="13" category="2">
		<ingredient id="91663" count="20" /> <!-- L-Coin -->
		<production id="49674" /> <!-- XP Growth Scroll -->
	</product>
	<product id="14" category="2">
		<ingredient id="91663" count="6" /> <!-- L-Coin -->
		<production id="91690" /> <!-- Special HP Recovery Potion -->
	</product>
	<!-- 
	<product id="15" category="2">
		<ingredient id="91663" count="20" /> L-Coin
		<production id="91689" /> Blessed Scroll of Escape
	</product>
	-->
	<product id="16" category="2">
		<ingredient id="91663" count="300" /> <!-- L-Coin -->
		<production id="90404" /> <!-- My Teleport Book -->
	</product>
	<product id="17" category="2">
		<ingredient id="91663" count="20" /> <!-- L-Coin -->
		<production id="90405" /> <!-- My Teleport Scroll -->
	</product>
	<product id="18" category="2">
		<ingredient id="91663" count="50" /> <!-- L-Coin -->
		<production id="91996" /> <!-- Scroll of Escape Pack: Tower of Insolence (Floors 1-7) -->
	</product>
	<product id="19" category="2">
		<ingredient id="91663" count="100" /> <!-- L-Coin -->
		<production id="92973" /> <!-- Scroll of Escape Pack: Tower of Insolence (Floors 8-12) -->
	</product>
	<!-- 
	<product id="20" category="3">
		<ingredient id="91663" count="300" /> L-Coin
		<production id="92400" accountDailyLimit="1" /> Forgotten Primeval Garden's Time Stone
	</product>
	-->
	<product id="21" category="3">
		<ingredient id="91663" count="200" /> <!-- L-Coin -->
		<production id="91983" accountDailyLimit="1" /> <!-- Primeval Isle's Time Stone -->
	</product>
	<!-- 
	<product id="22" category="3">
		<ingredient id="91663" count="200" /> L-Coin
		<production id="93704" accountDailyLimit="1" /> Alligator Island's Time Stone
	</product>
	<product id="58" category="3">
		<ingredient id="91663" count="600" /> L-Coin
		<production id="93948" accountDailyLimit="1" /> Extra Pass: Transcendent Instance Zone
	</product>
	-->
	<product id="33" category="3">
		<ingredient id="91663" count="2000" /> <!-- L-Coin -->
		<production id="92004" /> <!-- Inventory Expansion Ticket Lv. 1 -->
	</product>
	<product id="34" category="3">
		<ingredient id="91663" count="2000" /> <!-- L-Coin -->
		<production id="92005" /> <!-- Inventory Expansion Ticket Lv. 2 -->
	</product>
	<product id="35" category="3">
		<ingredient id="91663" count="2000" /> <!-- L-Coin -->
		<production id="92006" /> <!-- Inventory Expansion Ticket Lv. 3 -->
	</product>
	<product id="36" category="3">
		<ingredient id="91663" count="4000" /> <!-- L-Coin -->
		<production id="8618" /> <!-- Buff Expansion Book Lv. 1 -->
	</product>
	<product id="37" category="3">
		<ingredient id="91663" count="4000" /> <!-- L-Coin -->
		<production id="8619" /> <!-- Buff Expansion Book Lv. 2 -->
	</product>
	<product id="38" category="3">
		<ingredient id="91663" count="5000" /> <!-- L-Coin -->
		<production id="32253" /> <!-- Infinite Mithril Quiver -->
	</product>
	<product id="39" category="3">
		<ingredient id="91663" count="1000" /> <!-- L-Coin -->
		<production id="32252" /> <!-- Infinite Silver Quiver -->
	</product>
	<product id="40" category="3">
		<ingredient id="91663" count="400" /> <!-- L-Coin -->
		<production id="32251" /> <!-- Infinite Steel Quiver -->
	</product>
	<product id="41" category="3">
		<ingredient id="91663" count="200" /> <!-- L-Coin -->
		<production id="32250" /> <!-- Infinite Bone Quiver -->
	</product>
	<product id="42" category="4">
		<ingredient id="57" count="1000000" /> <!-- Adena -->
		<production id="91767" accountDailyLimit="1" /> <!-- Enchant Kit: Talisman of Aden -->
	</product>
	<product id="43" category="4">
		<ingredient id="57" count="1000000" /> <!-- Adena -->
		<production id="92020" accountDailyLimit="1" /> <!-- Enchant Kit: Talisman of Eva -->
	</product>
	<product id="47" category="4">
		<ingredient id="57" count="1000000" /> <!-- Adena -->
		<production id="91864" accountDailyLimit="1" /> <!-- Dragon Belt Pack -->
	</product>
	<!-- 
	<product id="59" category="4">
		<ingredient id="57" count="30000000" /> Adena
		<production id="94208" accountDailyLimit="1" /> Scroll of Blessing
	</product>
	<product id="49" category="4">
		<ingredient id="57" count="50000" /> Adena
		<production id="91641" accountDailyLimit="30" /> Sayha's Blessing
	</product>
	-->
	<product id="60" category="4">
		<ingredient id="57" count="100000" /> <!-- Adena -->
		<production id="94271" accountDailyLimit="30" /> <!-- Scroll: Enchant Protection -->
	</product>
	<product id="61" category="4">
		<ingredient id="57" count="100000" /> <!-- Adena -->
		<production id="94269" accountDailyLimit="30" /> <!-- Scroll: Enchant Attack -->
	</product>
	<product id="69" category="4">
		<ingredient id="57" count="30000" />
		<production id="91690" accountDailyLimit="100" />
	</product>
	<!-- 
	<product id="68" category="4">
		<ingredient id="57" count="150000" /> Adena
		<production id="94377" accountDailyLimit="10" /> Supply Pouch
	</product>
	<product id="69" category="4">
		<ingredient id="57" count="30000" /> Adena
		<production id="91690" accountDailyLimit="100" /> Special HP Recovery Potion
	</product>
	-->
</list>