<?xml version="1.0" encoding="UTF-8"?>
<list enabled="true" xmlns:xsi="http://www.w3.org/2001/XMLSchema-instance" xsi:noNamespaceSchemaLocation="xsd/LimitShop.xsd">
	<product id="1001" category="1">
		<ingredient id="92314" count="41" /> <!-- Giran Seal -->
		<production id="94573" chance="33" id2="93801" chance2="33" id3="92314" count3="6" /> <!-- Package: +5 Sirra's Blade -->
	</product>
	<product id="1002" category="1">
		<ingredient id="92314" count="41" /> <!-- Giran Seal -->
		<production id="94574" chance="33" id2="93802" chance2="33" id3="92314" count3="6" /> <!-- Package: +5 Sword of Ipos -->
	</product>
	<product id="1003" category="1">
		<ingredient id="92314" count="41" /> <!-- Giran Seal -->
		<production id="94575" chance="33" id2="93803" chance2="33" id3="92314" count3="6" /> <!-- Package: +5 Barakiel's Axe -->
	</product>
	<product id="1004" category="1">
		<ingredient id="92314" count="41" /> <!-- Giran Seal -->
		<production id="94576" chance="33" id2="93804" chance2="33" id3="92314" count3="6" /> <!-- Package: +5 Behemoth' Tuning Fork -->
	</product>
	<product id="1005" category="1">
		<ingredient id="92314" count="41" /> <!-- Giran Seal -->
		<production id="94577" chance="33" id2="93805" chance2="33" id3="92314" count3="6" /> <!-- Package: +5 Naga's Storm -->
	</product>
	<product id="1006" category="1">
		<ingredient id="92314" count="41" /> <!-- Giran Seal -->
		<production id="94578" chance="33" id2="93806" chance2="33" id3="92314" count3="6" /> <!-- Package: +5 Tiphon's Spear -->
	</product>
	<product id="1007" category="1">
		<ingredient id="92314" count="41" /> <!-- Giran Seal -->
		<production id="94579" chance="33" id2="93807" chance2="33" id3="92314" count3="6" /> <!-- Package: +5 Shyeed's Bow -->
	</product>
	<product id="1008" category="1">
		<ingredient id="92314" count="41" /> <!-- Giran Seal -->
		<production id="94580" chance="33" id2="93808" chance2="33" id3="92314" count3="6" /> <!-- Package: +5 Sobekk's Hurricane -->
	</product>
	<product id="1009" category="1">
		<ingredient id="92314" count="41" /> <!-- Giran Seal -->
		<production id="94581" chance="33" id2="93809" chance2="33" id3="92314" count3="6" /> <!-- Package: +5 Themis' Tongue -->
	</product>
	<product id="1010" category="1">
		<ingredient id="92314" count="41" /> <!-- Giran Seal -->
		<production id="94582" chance="33" id2="93810" chance2="33" id3="92314" count3="6" /> <!-- Package: +5 Cabrio's Hand -->
	</product>
	<product id="1011" category="1">
		<ingredient id="92314" count="41" /> <!-- Giran Seal -->
		<production id="94583" chance="33" id2="93811" chance2="33" id3="92314" count3="6" /> <!-- Package: +5 Daimon Crystal -->
	</product>
	<product id="1012" category="1">
		<ingredient id="92314" count="41" /> <!-- Giran Seal -->
		<production id="94584" chance="33" id2="93812" chance2="33" id3="92314" count3="6" /> <!-- Package: +5 Tallum Blade*Damascus -->
	</product>
	<product id="1013" category="1">
		<ingredient id="92314" count="41" /> <!-- Giran Seal -->
		<production id="94585" chance="33" id2="93813" chance2="33" id3="92314" count3="6" /> <!-- Package: +5 Éclair Bijou -->
	</product>
	<product id="1014" category="1">
		<ingredient id="92314" count="41" /> <!-- Giran Seal -->
		<production id="94586" chance="33" id2="93814" chance2="33" id3="92314" count3="6" /> <!-- Package: +5 Durendal -->
	</product>
	<product id="1016" category="2">
		<ingredient id="92314" count="31" /> <!-- Giran Seal -->
		<production id="94587" chance="33" id2="93815" chance2="33" id3="92314" count3="5" /> <!-- Package: +5 Armor of Nightmare (Heavy) Armor -->
	</product>
	<product id="1017" category="2">
		<ingredient id="92314" count="31" /> <!-- Giran Seal -->
		<production id="94588" chance="33" id2="93816" chance2="33" id3="92314" count3="5" /> <!-- Package: +5 Helm of Nightmare (Heavy) Armor -->
	</product>
	<product id="1018" category="2">
		<ingredient id="92314" count="31" /> <!-- Giran Seal -->
		<production id="94589" chance="33" id2="93817" chance2="33" id3="92314" count3="5" /> <!-- Package: +5 Gauntlets of Nightmare (Heavy) Armor -->
	</product>
	<product id="1019" category="2">
		<ingredient id="92314" count="31" /> <!-- Giran Seal -->
		<production id="94590" chance="33" id2="93818" chance2="33" id3="92314" count3="5" /> <!-- Package: +5 Boots of Nightmare (Heavy) Armor -->
	</product>
	<product id="1020" category="2">
		<ingredient id="92314" count="31" /> <!-- Giran Seal -->
		<production id="94591" chance="33" id2="93819" chance2="33" id3="92314" count3="5" /> <!-- Package: +5 Majestic Plate Armor (Heavy) Armor -->
	</product>
	<product id="1021" category="2">
		<ingredient id="92314" count="31" /> <!-- Giran Seal -->
		<production id="94592" chance="33" id2="93820" chance2="33" id3="92314" count3="5" /> <!-- Package: +5 Majestic Circlet (Heavy) Armor -->
	</product>
	<product id="1022" category="2">
		<ingredient id="92314" count="31" /> <!-- Giran Seal -->
		<production id="94593" chance="33" id2="93821" chance2="33" id3="92314" count3="5" /> <!-- Package: +5 Majestic Gauntlets (Heavy) Armor -->
	</product>
	<product id="1023" category="2">
		<ingredient id="92314" count="31" /> <!-- Giran Seal -->
		<production id="94594" chance="33" id2="93822" chance2="33" id3="92314" count3="5" /> <!-- Package: +5 Majestic Boots (Heavy) Armor -->
	</product>
	<product id="1024" category="2">
		<ingredient id="92314" count="31" /> <!-- Giran Seal -->
		<production id="94595" chance="33" id2="93823" chance2="33" id3="92314" count3="5" /> <!-- Package: +5 Leather Armor of Nightmare (Light) Armor -->
	</product>
	<product id="1025" category="2">
		<ingredient id="92314" count="31" /> <!-- Giran Seal -->
		<production id="94596" chance="33" id2="93824" chance2="33" id3="92314" count3="5" /> <!-- Package: +5 Helm of Nightmare (Light) Armor -->
	</product>
	<product id="1026" category="2">
		<ingredient id="92314" count="31" /> <!-- Giran Seal -->
		<production id="94597" chance="33" id2="93825" chance2="33" id3="92314" count3="5" /> <!-- Package: +5 Gauntlets of Nightmare (Light) Armor -->
	</product>
	<product id="1027" category="2">
		<ingredient id="92314" count="31" /> <!-- Giran Seal -->
		<production id="94598" chance="33" id2="93826" chance2="33" id3="92314" count3="5" /> <!-- Package: +5 Boots of Nightmare (Light) Armor -->
	</product>
	<product id="1028" category="2">
		<ingredient id="92314" count="31" /> <!-- Giran Seal -->
		<production id="94599" chance="33" id2="93827" chance2="33" id3="92314" count3="5" /> <!-- Package: +5 Majestic Leather Armor (Light) Armor -->
	</product>
	<product id="1029" category="2">
		<ingredient id="92314" count="31" /> <!-- Giran Seal -->
		<production id="94600" chance="33" id2="93828" chance2="33" id3="92314" count3="5" /> <!-- Package: +5 Majestic Circlet (Light) Armor -->
	</product>
	<product id="1030" category="2">
		<ingredient id="92314" count="31" /> <!-- Giran Seal -->
		<production id="94601" chance="33" id2="93829" chance2="33" id3="92314" count3="5" /> <!-- Package: +5 Majestic Gauntlets (Light) Armor -->
	</product>
	<product id="1031" category="2">
		<ingredient id="92314" count="31" /> <!-- Giran Seal -->
		<production id="94602" chance="33" id2="93830" chance2="33" id3="92314" count3="5" /> <!-- Package: +5 Majestic Boots (Light) Armor -->
	</product>
	<product id="1032" category="2">
		<ingredient id="92314" count="31" /> <!-- Giran Seal -->
		<production id="94603" chance="33" id2="93831" chance2="33" id3="92314" count3="5" /> <!-- Package: +5 Robe of Nightmare (Robe) -->
	</product>
	<product id="1033" category="2">
		<ingredient id="92314" count="31" /> <!-- Giran Seal -->
		<production id="94604" chance="33" id2="93832" chance2="33" id3="92314" count3="5" /> <!-- Package: +5 Helm of Nightmare (Robe) -->
	</product>
	<product id="1034" category="2">
		<ingredient id="92314" count="31" /> <!-- Giran Seal -->
		<production id="94605" chance="33" id2="93833" chance2="33" id3="92314" count3="5" /> <!-- Package: +5 Gauntlets of Nightmare (Robe) -->
	</product>
	<product id="1035" category="2">
		<ingredient id="92314" count="31" /> <!-- Giran Seal -->
		<production id="94606" chance="33" id2="93834" chance2="33" id3="92314" count3="5" /> <!-- Package: +5 Boots of Nightmare (Robe) -->
	</product>
	<product id="1036" category="2">
		<ingredient id="92314" count="31" /> <!-- Giran Seal -->
		<production id="94607" chance="33" id2="93835" chance2="33" id3="92314" count3="5" /> <!-- Package: +5 Majestic Robe (Robe) -->
	</product>
	<product id="1037" category="2">
		<ingredient id="92314" count="31" /> <!-- Giran Seal -->
		<production id="94608" chance="33" id2="93836" chance2="33" id3="92314" count3="5" /> <!-- Package: +5 Majestic Circlet (Robe) -->
	</product>
	<product id="1038" category="2">
		<ingredient id="92314" count="31" /> <!-- Giran Seal -->
		<production id="94609" chance="33" id2="93837" chance2="33" id3="92314" count3="5" /> <!-- Package: +5 Majestic Gauntlets (Robe) -->
	</product>
	<product id="1039" category="2">
		<ingredient id="92314" count="31" /> <!-- Giran Seal -->
		<production id="94610" chance="33" id2="93838" chance2="33" id3="92314" count3="5" /> <!-- Package: +5 Majestic Boots (Robe) -->
	</product>
</list>