<?xml version="1.0" encoding="UTF-8"?>
<list xmlns:xsi="http://www.w3.org/2001/XMLSchema-instance" xsi:noNamespaceSchemaLocation="xsd/AttendanceRewards.xsd">
	<item id="29564" count="50" /> <!-- Attendance Coin -->
	<item id="20740" count="3" /> <!-- Cocktail Pack -->
	<item id="1540" count="10" /> <!-- Quick Healing Potion -->
	<item id="22979" count="3" /> <!-- SP Rune 50% (1-hour) -->
	<item id="22906" count="3" /> <!-- XP Rune III 50% (1-hour) -->
	<item id="20353" count="10" /> <!-- Greater CP Potion -->
	<item id="21343" count="1" /> <!-- Agathion - Cow (7-Day) -->
	
	<item id="29564" count="100" /> <!-- Attendance Coin -->
	<item id="20740" count="3" /> <!-- Cocktail Pack -->
	<item id="1540" count="10" /> <!-- Quick Healing Potion -->
	<item id="22979" count="3" /> <!-- SP Rune 50% (1-hour) -->
	<item id="22906" count="3" /> <!-- XP Rune III 50% (1-hour) -->
	<item id="20353" count="10" /> <!-- Greater CP Potion -->
	<item id="21331" count="1" /> <!-- Agathion - Griffin (7-Day) -->
	
	<item id="29564" count="150" /> <!-- Attendance Coin -->
	<item id="20740" count="6" /> <!-- Cocktail Pack -->
	<item id="1540" count="20" /> <!-- Quick Healing Potion -->
	<item id="22979" count="5" /> <!-- SP Rune 50% (1-hour) -->
	<item id="22906" count="5" /> <!-- XP Rune III 50% (1-hour) -->
	<item id="20353" count="20" /> <!-- Greater CP Potion -->
	<item id="21166" count="1" /> <!-- Agathion - Zaken's Spirit Swords (7-Day) -->
	
	<item id="29564" count="300" /> <!-- Attendance Coin -->
	<item id="20740" count="6" /> <!-- Cocktail Pack -->
	<item id="1540" count="20" /> <!-- Quick Healing Potion -->
	<item id="23284" count="5" /> <!-- SP Rune 100% (1-hour) -->
	<item id="23277" count="5" /> <!-- XP Rune III 100% (1-hour) -->
	<item id="23176" count="1" /> <!-- Stylish Straw Hat (30-Day) -->
	<item id="22955" count="1" /> <!-- Mount - Tame Princess Ant (30-Day) -->
</list>