<?xml version="1.0" encoding="UTF-8"?>
<list xmlns:xsi="http://www.w3.org/2001/XMLSchema-instance" xsi:noNamespaceSchemaLocation="xsd/EnchantItemData.xsd">
	<!-- Scrolls: Enchant Hair's -->
	<enchant id="33818" maxEnchant="10" />
	<enchant id="34940" maxEnchant="10" />
	<enchant id="36978" maxEnchant="10" />

	<!-- Knight's, Warrior's, Wizard's Circlets -->
	<enchant id="48211" maxEnchant="5">
		<item id="48202" />
		<item id="48203" />
		<item id="48204" />
		<item id="48205" />
		<item id="48206" />
		<item id="48207" />
		<item id="48208" />
		<item id="48209" />
		<item id="48210" />
	</enchant>

	<!-- Heavenly Enchant Scroll: Weapon -->
	<enchant id="22427" targetGrade="R" maxEnchant="12" bonusRate="100" />
	<!-- Heavenly Enchant Scroll: Armor -->
	<enchant id="22430" targetGrade="R" maxEnchant="12" bonusRate="100" />

	<!-- Scroll: Enchant Shadow Weapon -->
	<enchant id="46337" targetGrade="R" maxEnchant="10">
		<item id="46317" /> <!-- Shadow Shaper -->
		<item id="46318" /> <!-- Shadow Cutter -->
		<item id="46319" /> <!-- Shadow Slasher -->
		<item id="46320" /> <!-- Shadow Fighter -->
		<item id="46321" /> <!-- Shadow Stormer -->
		<item id="46322" /> <!-- Shadow Thrower -->
		<item id="46323" /> <!-- Shadow Shooter -->
		<item id="46324" /> <!-- Shadow Buster -->
		<item id="46325" /> <!-- Shadow Retributer -->
		<item id="46326" /> <!-- Shadow Dualsword -->
		<item id="46327" /> <!-- Shadow Shaper -->
		<item id="46328" /> <!-- Shadow Cutter -->
		<item id="46329" /> <!-- Shadow Slasher -->
		<item id="46330" /> <!-- Shadow Fighter -->
		<item id="46331" /> <!-- Shadow Stormer -->
		<item id="46332" /> <!-- Shadow Thrower -->
		<item id="46333" /> <!-- Shadow Shooter -->
		<item id="46334" /> <!-- Shadow Buster -->
		<item id="46335" /> <!-- Shadow Retributer -->
		<item id="46336" /> <!-- Shadow Dualsword -->
	</enchant>

	<!-- Scroll: Enchant Cloak -->
	<enchant id="28593" maxEnchant="10">
		<item id="28585" />
		<item id="28586" />
		<item id="28587" />
		<item id="28588" />
		<item id="28589" />
		<item id="28590" />
		<item id="28591" />
		<item id="28592" />
	</enchant>

	<!-- Scroll: Enchant Cloak - Legendary -->
	<enchant id="28594" minEnchant="10" maxEnchant="20">
		<item id="28589" />
		<item id="28590" />
		<item id="28591" />
		<item id="28592" />
	</enchant>

	<!-- Scroll: Ancient Cloak - Legendary -->
	<enchant id="28595" minEnchant="7" maxEnchant="20" bonusRate="10">
		<item id="28589" />
		<item id="28590" />
		<item id="28591" />
		<item id="28592" />
	</enchant>

	<!-- Scrolls: Enchant Weapon -->
	<enchant id="729" targetGrade="A" />
	<enchant id="947" targetGrade="B" />
	<enchant id="951" targetGrade="C" />
	<enchant id="955" targetGrade="D" />
	<enchant id="959" targetGrade="S" />
	<enchant id="17526" targetGrade="R" />

	<!-- Scrolls: Enchant Armor -->
	<enchant id="730" targetGrade="A" />
	<enchant id="948" targetGrade="B" />
	<enchant id="952" targetGrade="C" />
	<enchant id="956" targetGrade="D" scrollGroupId="0" /> <!-- Default scroll groups binding. -->
	<enchant id="960" targetGrade="S" />
	<enchant id="17527" targetGrade="R" />

	<!-- Blessed Scrolls: Enchant Weapon -->
	<enchant id="6569" targetGrade="A" />
	<enchant id="6571" targetGrade="B" />
	<enchant id="6573" targetGrade="C" />
	<enchant id="6575" targetGrade="D" />
	<enchant id="6577" targetGrade="S" />
	<enchant id="19447" targetGrade="R" />

	<!-- Blessed Scrolls: Enchant Armor -->
	<enchant id="6570" targetGrade="A" />
	<enchant id="6572" targetGrade="B" />
	<enchant id="6574" targetGrade="C" />
	<enchant id="6576" targetGrade="D" />
	<enchant id="6578" targetGrade="S" />
	<enchant id="19448" targetGrade="R" />

	<!-- Not used anymore. -->
	<!-- Crystal Scrolls: Enchant Weapon -->
	<!-- <enchant id="731" targetGrade="A" bonusRate="100" /> -->
	<!-- <enchant id="949" targetGrade="B" bonusRate="100" /> -->
	<!-- <enchant id="953" targetGrade="C" bonusRate="100" /> -->
	<!-- <enchant id="957" targetGrade="D" bonusRate="100" /> -->
	<!-- <enchant id="961" targetGrade="S" bonusRate="100" /> -->
	<!-- Crystal Scrolls: Enchant Armor -->
	<!-- <enchant id="732" targetGrade="A" bonusRate="100" /> -->
	<!-- <enchant id="950" targetGrade="B" bonusRate="100" /> -->
	<!-- <enchant id="954" targetGrade="C" bonusRate="100" /> -->
	<!-- <enchant id="958" targetGrade="D" bonusRate="100" /> -->
	<!-- <enchant id="962" targetGrade="S" bonusRate="100" /> -->

	<!-- Weapon Enchant Scrolls -->
	<enchant id="22006" targetGrade="D" bonusRate="10" />
	<enchant id="22007" targetGrade="C" bonusRate="10" />
	<enchant id="22008" targetGrade="B" bonusRate="10" />
	<enchant id="22009" targetGrade="A" bonusRate="10" />
	<enchant id="20517" targetGrade="S" bonusRate="10" />
	
	<!-- Armor Enchant Scrolls -->
	<enchant id="22010" targetGrade="D" bonusRate="10" />
	<enchant id="22011" targetGrade="C" bonusRate="10" />
	<enchant id="22012" targetGrade="B" bonusRate="10" />
	<enchant id="22013" targetGrade="A" bonusRate="10" />
	<enchant id="20518" targetGrade="S" bonusRate="10" />

	<!-- Ancient Weapon Enchant Crystal -->
	<enchant id="22014" targetGrade="B" maxEnchant="16" bonusRate="10" />
	<enchant id="22015" targetGrade="A" maxEnchant="16" bonusRate="10" />
	<enchant id="20519" targetGrade="S" maxEnchant="16" bonusRate="10" />
	<enchant id="22427" targetGrade="R" maxEnchant="12" bonusRate="100" />
	
	<!-- Ancient Armor Enchant Crystal -->
	<enchant id="22016" targetGrade="B" maxEnchant="16" bonusRate="10" />
	<enchant id="22017" targetGrade="A" maxEnchant="16" bonusRate="10" />
	<enchant id="20520" targetGrade="S" maxEnchant="16" bonusRate="10" />
	<enchant id="22430" targetGrade="R" maxEnchant="7" bonusRate="100" />

	<!-- Divine Weapon Enchant Crystal -->
	<enchant id="22018" targetGrade="B" bonusRate="100" />
	<enchant id="22019" targetGrade="A" bonusRate="100" />
	<enchant id="20521" targetGrade="S" bonusRate="100" />
	
	<!-- Divine Armor Enchant Crystal -->
	<enchant id="22020" targetGrade="B" bonusRate="100" />
	<enchant id="22021" targetGrade="A" bonusRate="100" />
	<enchant id="20522" targetGrade="S" bonusRate="100" />

	<!-- Scroll: Enchant Weapon of Destruction -->
	<enchant id="22221" targetGrade="S" maxEnchant="15" />
	<enchant id="22223" targetGrade="A" maxEnchant="15" />
	<enchant id="22225" targetGrade="B" maxEnchant="15" />
	<enchant id="22227" targetGrade="C" maxEnchant="15" />
	<enchant id="22229" targetGrade="D" maxEnchant="15" />
	<enchant id="33478" targetGrade="R" maxEnchant="15" />

	<enchant id="33838" targetGrade="D" maxEnchant="15" />
	<enchant id="33839" targetGrade="C" maxEnchant="15" />
	<enchant id="33840" targetGrade="B" maxEnchant="15" />
	<enchant id="33841" targetGrade="A" maxEnchant="15" />
	<enchant id="33842" targetGrade="S" maxEnchant="15" />
	<enchant id="33843" targetGrade="R" maxEnchant="15" />
	
	<!-- Scroll: Enchant Armor of Destruction -->
	<enchant id="22222" targetGrade="S" maxEnchant="6" />
	<enchant id="22224" targetGrade="A" maxEnchant="6" />
	<enchant id="22226" targetGrade="B" maxEnchant="6" />
	<enchant id="22228" targetGrade="C" maxEnchant="6" />
	<enchant id="22230" targetGrade="D" maxEnchant="6" />
	<enchant id="33479" targetGrade="R" maxEnchant="6" />

	<enchant id="33844" targetGrade="D" maxEnchant="6" />
	<enchant id="33845" targetGrade="C" maxEnchant="6" />
	<enchant id="33846" targetGrade="B" maxEnchant="6" />
	<enchant id="33847" targetGrade="A" maxEnchant="6" />
	<enchant id="33848" targetGrade="S" maxEnchant="6" />
	<enchant id="33849" targetGrade="R" maxEnchant="6" />

	<!-- Master Yogi's Scroll: Enchant Weapon -->
	<enchant id="13540" maxEnchant="15">
		<item id="13539" /> <!-- Staff of Master Yogi -->
	</enchant>

	<!-- Master Yogi's Scroll: Enchant Weapon -->
	<enchant id="38926" maxEnchant="15">
		<item id="13539" /> <!-- Staff of Master Yogi -->
	</enchant>

	<!-- Master Yogi's Special Scroll: Enchant Weapon -->
	<enchant id="37803" maxEnchant="15">
		<item id="13539" /> <!-- Staff of Master Yogi -->
	</enchant>

	<!-- Scroll: Enchant Power Shirt -->
	<enchant id="21581" maxEnchant="10">
		<item id="21580" /> <!-- Power Shirt -->
		<item id="21706" /> <!-- Power Shirt -->
	</enchant>

	<!-- Blessed Scroll: Enchant Power Shirt -->
	<enchant id="21582" maxEnchant="10">
		<item id="21580" /> <!-- Power Shirt -->
		<item id="21706" /> <!-- Power Shirt -->
	</enchant>

	<!-- Blessed Scroll: Enchant Power Shirt -->
	<enchant id="21707" maxEnchant="10">
		<item id="21580" /> <!-- Power Shirt -->
		<item id="21706" /> <!-- Power Shirt -->
	</enchant>

	<!-- Blessed Scroll: Enchant Elemental Shirt" type="EtcItem -->
	<enchant id="25793" maxEnchant="10">
		<item id="37718" /> <!-- Shiny Elemental Shirt -->
		<item id="46194" /> <!-- Reflect Magic T-shirt -->
		<item id="46193" /> <!-- Reflect Attack T-shirt -->
		<item id="34623" /> <!-- Pa'agrio's Shirt -->
		<item id="34624" /> <!-- Sayha's Shirt -->
		<item id="34625" /> <!-- Eva's Shirt -->
		<item id="34626" /> <!-- Maphr's Shirt -->
		<item id="23307" /> <!-- Maphr's Shirt -->
	</enchant>

	<!-- Blessed Olf's T-shirt Enchant Scroll - Event -->
	<enchant id="21707" maxEnchant="10">
		<item id="21580" /> <!-- Olf's T-shirt -->
		<item id="21706" /> <!-- Olf's T-shirt (Event) -->
	</enchant>

	<!-- Event - Herdsman's Love Scroll Event -->
	<enchant id="15381" maxEnchant="16">
		<item id="15383" /> <!-- Weaver's Multi-colored Clothes (7-day limited period) -->
		<item id="15384" /> <!-- Weaver's Multi-colored Clothes (30-day limited period) -->
		<item id="15385" /> <!-- Weaver's Multi-colored Clothes (60-day limited period) -->
		<item id="15386" /> <!-- Weaver's Multi-colored Clothes (90-day limited period) -->
		<item id="15387" /> <!-- Weaver's Multi-colored Clothes (Permanent Use) -->
		<item id="15388" /> <!-- Weaver's Multi-colored Clothes (Event) (7-day limited period) -->
		<item id="15389" /> <!-- Weaver's Multi-colored Clothes (Event) (30-day limited period) -->
		<item id="15390" /> <!-- Weaver's Multi-colored Clothes (Event) (60-day limited period) -->
		<item id="15391" /> <!-- Weaver's Multi-colored Clothes (Event) (90-day limited period) -->
		<item id="15392" /> <!-- Weaver's Multi-colored Clothes (Event) (Permanent Use) -->
	</enchant>

	<!-- Event - Vitality Belt Enchant Scroll -->
	<enchant id="15382" maxEnchant="50">
		<item id="15393" /> <!-- Vitality Belt (7-day limited period) -->
		<item id="15394" /> <!-- Vitality Belt (30-day limited period) -->
		<item id="15395" /> <!-- Vitality Belt (60-day limited period) -->
		<item id="15396" /> <!-- Vitality Belt (90-day limited period) -->
		<item id="15397" /> <!-- Vitality Belt (Permanent Use) -->
		<item id="15398" /> <!-- Vitality Belt (Event) (7-day limited period) -->
		<item id="15399" /> <!-- Vitality Belt (Event) (30-day limited period) -->
		<item id="15400" /> <!-- Vitality Belt (Event) (60-day limited period) -->
		<item id="15401" /> <!-- Vitality Belt (Event) (90-day limited period) -->
		<item id="15402" /> <!-- Vitality Belt (Event) (Permanent Use) -->
	</enchant>

	<!-- Weapon enhancing scroll exclusive for PC cafe -->
	<enchant id="15346" targetGrade="S">
		<item id="15313" /> <!-- Player Commendation - Forgotten Blade (Player Recommendation Weapon) -->
		<item id="15314" /> <!-- Player Commendation - Basalt Battlehammer (Player Recommendation Weapon) -->
		<item id="15315" /> <!-- Player Commendation - Imperial Staff (Player Recommendation Weapon) -->
		<item id="15316" /> <!-- Player Commendation - Angel Slayer (Player Recommendation Weapon) -->
		<item id="15317" /> <!-- Player Commendation - Dragon Hunter Axe (Player Recommendation Weapon) -->
		<item id="15318" /> <!-- Player Commendation - Saint Spear (Player Recommendation Weapon) -->
		<item id="15319" /> <!-- Player Commendation - Demon Splinter (Player Recommendation Weapon) -->
		<item id="15320" /> <!-- Player Commendation - Heaven's Divider (Player Recommendation Weapon) -->
		<item id="15321" /> <!-- Player Commendation - Arcana Macw (Player Recommendation Weapon) -->
		<item id="15322" /> <!-- Player Commendation - Draconic Bow (Player Recommendation Weapon) -->
		<item id="15323" /> <!-- Player Commendation - Laevateinn (Player Recommendation Weapon) -->
		<item id="15324" /> <!-- Player Commendation - Gram (Player Recommendation Weapon) -->
		<item id="15325" /> <!-- Player Commendation - Sarunga (Player Recommendation Weapon) -->
		<item id="15326" /> <!-- Player Commendation - Tallum Blade *Dark Legion's Edge (Player Recommendation Weapon) -->
	</enchant>
	<enchant id="15347" targetGrade="A">
		<item id="13210" /> <!-- Player Commendation - Sirra's Blade (Player Commendation Weapon) -->
		<item id="13211" /> <!-- Player Commendation - Sword of Ipos (Player Commendation Weapon) -->
		<item id="13212" /> <!-- Player Commendation - Barakiel's Axe (Player Commendation Weapon) -->
		<item id="13213" /> <!-- Player Commendation - Behemoth Tuning Fork (Player Commendation Weapon) -->
		<item id="13214" /> <!-- Player Commendation - Naga Storm (Player Commendation Weapon) -->
		<item id="13215" /> <!-- Player Commendation - Tiphon's Spear (Player Commendation Weapon) -->
		<item id="13216" /> <!-- Player Commendation - Shyeed's Bow (Player Commendation Weapon) -->
		<item id="13217" /> <!-- Player Commendation - Sobekk's Hurricane (Player Commendation Weapon) -->
		<item id="13218" /> <!-- Player Commendation - Themis' Tongue (Player Commendation Weapon) -->
		<item id="13219" /> <!-- Player Commendation - Cabrio's Hand (Player Commendation Weapon) -->
		<item id="13220" /> <!-- Player Commendation - Daimon Crystal (Player Commendation Weapon) -->
		<item id="13221" /> <!-- Player Commendation - Tallum Blade*Damascus (Player Commendation Weapon) -->
		<item id="13222" /> <!-- Player Commendation - Éclair Bijou (Player Commendation Weapon) -->
		<item id="13223" /> <!-- Player Commendation - Durendal (Player Commendation Weapon) -->
		<item id="13224" /> <!-- Player Commendation - Screaming Vengeance (Player Commendation Weapon) -->
	</enchant>
	<enchant id="15348" targetGrade="B">
		<item id="13194" /> <!-- Player Commendation - Damascus Sword (Player Commendation Weapon) -->
		<item id="13195" /> <!-- Player Commendation - Lance (Player Commendation Weapon) -->
		<item id="13196" /> <!-- Player Commendation - Deadman's Glory (Player Commendation Weapon) -->
		<item id="13197" /> <!-- Player Commendation - Art of Battle Axe (Player Commendation Weapon) -->
		<item id="13198" /> <!-- Player Commendation - Staff of Evil Spirits (Player Commendation Weapon) -->
		<item id="13199" /> <!-- Player Commendation - Devil's Dagger (Player Commendation Weapon) -->
		<item id="13200" /> <!-- Player Commendation - Bellion Cestus (Player Commendation Weapon) -->
		<item id="13201" /> <!-- Player Commendation - Bow of Peril (Player Commendation Weapon) -->
		<item id="13202" /> <!-- Player Commendation - Samurai*Samurai (Player Commendation Weapon) -->
		<item id="13203" /> <!-- Player Commendation - Guardian's Sword (Player Commendation Weapon) -->
		<item id="13204" /> <!-- Player Commendation - Wizard's Tear (Player Commendation Weapon) -->
		<item id="13205" /> <!-- Player Commendation - Kaim Vanul's Bones (Player Commendation Weapon) -->
		<item id="13206" /> <!-- Player Commendation - Star Buster (Player Commendation Weapon) -->
		<item id="13207" /> <!-- Player Commendation - Colichemarde (Player Commendation Weapon) -->
		<item id="13208" /> <!-- Player Commendation - Dismantler (Player Commendation Weapon) -->
		<item id="13209" /> <!-- Player Commendation - Hell Hound (Player Commendation Weapon) -->
	</enchant>
	<enchant id="15349" targetGrade="C">
		<item id="13178" /> <!-- Player Commendation - Samurai Long Sword (Player Commendation Weapon) -->
		<item id="13179" /> <!-- Player Commendation - Ghost's Wand (Player Commendation Weapon) -->
		<item id="13180" /> <!-- Player Commendation - Ghoul's Wand (Player Commendation Weapon) -->
		<item id="13181" /> <!-- Player Commendation - Devil's Wand (Player Commendation Weapon) -->
		<item id="13182" /> <!-- Player Commendation - Crystal Dagger (Player Commendation Weapon) -->
		<item id="13183" /> <!-- Player Commendation - Great Pata (Player Commendation Weapon) -->
		<item id="13184" /> <!-- Player Commendation - Eminence Bow (Player Commendation Weapon) -->
		<item id="13185" /> <!-- Player Commendation - Orcish Poleaxe (Player Commendation Weapon) -->
		<item id="13186" /> <!-- Player Commendation - Yaksa Mace (Player Commendation Weapon) -->
		<item id="13187" /> <!-- Player Commendation - Shamshir*Shamshir (Player Commendation Weapon) -->
		<item id="13188" /> <!-- Player Commendation - Admiral's Estoc (Player Commendation Weapon) -->
		<item id="13189" /> <!-- Player Commendation - Saber Tooth (Player Commendation Weapon) -->
		<item id="13190" /> <!-- Player Commendation - Sharpshooter (Player Commendation Weapon) -->
		<item id="13191" /> <!-- Player Commendation - Ecliptic Sword (Player Commendation Weapon) -->
		<item id="13192" /> <!-- Player Commendation - Ecliptic Axe (Player Commendation Weapon) -->
		<item id="13193" /> <!-- Player Commendation - Dwarven Hammer (Player Commendation Weapon) -->
	</enchant>
	<enchant id="15350" targetGrade="D">
		<item id="13163" /> <!-- Player Commendation - Bastard*Crimson Sword (Player Commendation Weapon) -->
		<item id="13164" /> <!-- Player Commendation - Claymore (Player Commendation Weapon) -->
		<item id="13165" /> <!-- Player Commendation - Bonebreaker (Player Commendation Weapon) -->
		<item id="13166" /> <!-- Player Commendation - Atuba Hammer (Player Commendation Weapon) -->
		<item id="13167" /> <!-- Player Commendation - Ghost's Wand (Player Commendation Weapon) -->
		<item id="13168" /> <!-- Player Commendation - Hall of Life (Player Commendation Weapon) -->
		<item id="13169" /> <!-- Player Commendation - Atuba Mace (Player Commendation Weapon) -->
		<item id="13170" /> <!-- Player Commendation - Mithril Dagger (Player Commendation Weapon) -->
		<item id="13171" /> <!-- Player Commendation - Scallop Jamadhr (Player Commendation Weapon) -->
		<item id="13172" /> <!-- Player Commendation - Crossbow (Player Commendation Weapon) -->
		<item id="13173" /> <!-- Player Commendation - Glaive (Player Commendation Weapon) -->
		<item id="13174" /> <!-- Player Commendation - Elven Long Sword (Player Commendation Weapon) -->
		<item id="13175" /> <!-- Player Commendation - Grand Epee (Player Commendation Weapon) -->
		<item id="13176" /> <!-- Player Commendation - General Katzbalger (Player Commendation Weapon) -->
		<item id="13177" /> <!-- Player Commendation - Cranequin (Player Commendation Weapon) -->
	</enchant>

	<!-- Blessed Scrolls: Enchant Weapon -->
	<enchant id="17255" targetGrade="A" />
	<enchant id="17257" targetGrade="B" />
	<enchant id="17259" targetGrade="C" />
	<enchant id="17261" targetGrade="D" />
	<enchant id="17263" targetGrade="S" />

	<!-- Blessed Scrolls: Enchant Armor -->
	<enchant id="17256" targetGrade="A" />
	<enchant id="17258" targetGrade="B" />
	<enchant id="17260" targetGrade="C" />
	<enchant id="17262" targetGrade="D" />
	<enchant id="17264" targetGrade="S" />

	<!-- Scrolls: Enchant Weapon -->
	<enchant id="22306" targetGrade="S" />
	<enchant id="22307" targetGrade="A" />

	<!-- Scrolls: Enchant Armor -->
	<enchant id="22308" targetGrade="S" />
	<enchant id="22309" targetGrade="A" />

	<!-- Blessed Scrolls: Enchant Weapon -->
	<enchant id="22314" targetGrade="S" />
	<enchant id="22316" targetGrade="A" />
	<enchant id="22317" targetGrade="B" />
	<enchant id="22341" targetGrade="C" />

	<!-- Blessed Scrolls: Enchant Armor -->
	<enchant id="22315" targetGrade="S" />
	<enchant id="22318" targetGrade="A" />
	<enchant id="22319" targetGrade="B" />

	<!-- Scrolls: Enchant Weapon -->
	<enchant id="22320" targetGrade="A" />
	<enchant id="22321" targetGrade="B" />
	<enchant id="22342" targetGrade="C" />
	<enchant id="22344" targetGrade="D" />

	<!-- Scrolls: Enchant Armor -->
	<enchant id="22322" targetGrade="A" />
	<enchant id="22323" targetGrade="B" />
	<enchant id="22343" targetGrade="C" />
	<enchant id="22345" targetGrade="D" />

	<!-- Scrolls: Enchant Weapon -->
	<enchant id="22425" targetGrade="R" bonusRate="10" />
	<!-- Ancient Scrolls: Enchant Weapon -->
	<enchant id="22426" targetGrade="R" maxEnchant="15" bonusRate="10" />
	<enchant id="23342" targetGrade="R" bonusRate="10" />

	<!-- Heavenly Scrolls: Enchant Weapon -->
	<enchant id="23343" targetGrade="R" maxEnchantFighter="12" maxEnchantMagic="7" bonusRate="100" />

	<!-- Scrolls: Enchant Armor -->
	<enchant id="22428" targetGrade="R" bonusRate="10" />
	<!-- Ancient Scrolls: Enchant Armor -->
	<enchant id="22429" targetGrade="R" maxEnchant="15" bonusRate="10" />
	<enchant id="23344" targetGrade="R" bonusRate="10" />

	<!-- Heavenly Scrolls: Enchant Armor -->
	<enchant id="23345" targetGrade="R" maxEnchant="7" bonusRate="100" />

	<!-- Event - Scrolls: Enchant Weapon -->
	<enchant id="22550" targetGrade="A" />
	<enchant id="22552" targetGrade="B" />
	<enchant id="22554" targetGrade="C" />
	<enchant id="22556" targetGrade="D" />
	<enchant id="22558" targetGrade="S" />
	<enchant id="22560" targetGrade="R" />

	<enchant id="34066" targetGrade="A" />
	<enchant id="34068" targetGrade="B" />
	<enchant id="34070" targetGrade="C" />
	<enchant id="34072" targetGrade="D" />
	<enchant id="34074" targetGrade="S" />
	<enchant id="34076" targetGrade="R" />

	<enchant id="34782" targetGrade="S" />
	<enchant id="34783" targetGrade="R" />
	
	<!-- Event - Scrolls: Enchant Armor -->
	<enchant id="22551" targetGrade="A" />
	<enchant id="22553" targetGrade="B" />
	<enchant id="22555" targetGrade="C" />
	<enchant id="22557" targetGrade="D" />
	<enchant id="22559" targetGrade="S" />
	<enchant id="22561" targetGrade="R" />

	<enchant id="34067" targetGrade="A" />
	<enchant id="34069" targetGrade="B" />
	<enchant id="34071" targetGrade="C" />
	<enchant id="34073" targetGrade="D" />
	<enchant id="34075" targetGrade="S" />
	<enchant id="34077" targetGrade="R" />

	<enchant id="34784" targetGrade="S" />
	<enchant id="34785" targetGrade="R" />

	<!-- Event - Blessed Scrolls: Enchant Weapon -->
	<enchant id="23596" targetGrade="R" />
	<enchant id="34786" targetGrade="S" />
	<enchant id="34787" targetGrade="R" />

	<!-- Event - Blessed Scrolls: Enchant Armor -->
	<enchant id="23597" targetGrade="R" />
	<enchant id="34788" targetGrade="S" />
	<enchant id="34789" targetGrade="R" />

	<!-- Campaign - Scrolls: Enchant Weapon -->
	<enchant id="33519" targetGrade="R" />

	<!-- Campaign - Scrolls: Enchant Armor -->
	<enchant id="33520" targetGrade="R" />

	<!-- Premium User - Scrolls: Enchant Weapon -->
	<enchant id="22627" targetGrade="R" />
	<!-- Premium User - Blessed Scrolls: Enchant Weapon -->
	<enchant id="22647" targetGrade="R" />

	<!-- Premium User - Scrolls: Enchant Armor -->
	<enchant id="22628" targetGrade="R" />
	<!-- Premium User - Blessed Scrolls: Enchant Armor -->
	<enchant id="22648" targetGrade="R" />

	<!-- Scroll: Enchant Power Shirt -->
	<enchant id="22904" maxEnchant="10">
		<item id="21580" /> <!-- Power Shirt -->
		<item id="21706" /> <!-- Power Shirt (Event) -->
		<item id="23085" /> <!-- Power Shirt (Event) -->
		<item id="34732" /> <!-- Exchanged Power Shirt (Event) -->
		<item id="21580" /> <!-- Shiny Elemental power Shirt -->
	</enchant>

	<!-- Scroll: Enchant Elemental Shirt -->
	<enchant id="25792" maxEnchant="10">
		<item id="21580" /> <!-- Power Shirt -->
		<item id="21706" /> <!-- Power Shirt (Event) -->
		<item id="23085" /> <!-- Power Shirt (Event) -->
		<item id="34732" /> <!-- Exchanged Power Shirt (Event) -->
		<item id="21580" /> <!-- Shiny Elemental power Shirt -->
		<item id="23240" /> <!-- Pa'agrio's Shirt -->
		<item id="23241" /> <!-- Sayha's Shirt -->
		<item id="23242" /> <!-- Eva's Shirt -->
		<item id="23243" /> <!-- Maphr's Shirt -->
		<item id="23304" /> <!-- Eva's Shirt -->
		<item id="34623" /> <!-- Pa'agrio's Shirt -->
		<item id="34624" /> <!-- Sayha's Shirt -->
		<item id="34625" /> <!-- Eva's Shirt -->
		<item id="34626" /> <!-- Maphr's Shirt -->
		<item id="23307" /> <!-- Maphr's Shirt -->
		<item id="34732" /> <!-- Exchanged Power Shirt -->
		<item id="34770" /> <!-- Pa'agrio's Shirt -->
		<item id="34771" /> <!-- Sayha's Shirt -->
		<item id="34772" /> <!-- Eva's Shirt -->
		<item id="34773" /> <!-- Maphr's Shirt -->
		<item id="37718" /> <!-- Shiny Elemental power Shirt -->
		<item id="46193" /> <!-- Physical Refleck Shirt -->
		<item id="46194" /> <!-- Magical Refleck Shirt -->
	</enchant>

	<!-- Scroll: Enchant Elemental Shirt -->
	<enchant id="34627" maxEnchant="10">
		<item id="21580" /> <!-- Power Shirt -->
		<item id="21706" /> <!-- Power Shirt (Event) -->
		<item id="23085" /> <!-- Power Shirt (Event) -->
		<item id="34732" /> <!-- Exchanged Power Shirt (Event) -->
		<item id="21580" /> <!-- Shiny Elemental power Shirt -->
		<item id="23240" /> <!-- Pa'agrio's Shirt -->
		<item id="23241" /> <!-- Sayha's Shirt -->
		<item id="23242" /> <!-- Eva's Shirt -->
		<item id="23243" /> <!-- Maphr's Shirt -->
		<item id="34623" /> <!-- Pa'agrio's Shirt -->
		<item id="34624" /> <!-- Sayha's Shirt -->
		<item id="34625" /> <!-- Eva's Shirt -->
		<item id="34626" /> <!-- Maphr's Shirt -->
		<item id="23307" /> <!-- Maphr's Shirt -->
		<item id="34732" /> <!-- Exchanged Power Shirt -->
		<item id="34770" /> <!-- Pa'agrio's Shirt -->
		<item id="34771" /> <!-- Sayha's Shirt -->
		<item id="34772" /> <!-- Eva's Shirt -->
		<item id="34773" /> <!-- Maphr's Shirt -->
		<item id="37718" /> <!-- Shiny Elemental power Shirt -->
		<item id="46193" /> <!-- Physical Refleck Shirt -->
		<item id="46194" /> <!-- Magical Refleck Shirt -->
	</enchant>

	<!-- Blessed Scroll: Enchant Power Shirt -->
	<enchant id="22905" maxEnchant="10">
		<item id="21580" /> <!-- Power Shirt -->
		<item id="21706" /> <!-- Power Shirt (Event) -->
		<item id="23085" /> <!-- Power Shirt (Event) -->
		<item id="34732" /> <!-- Exchanged Power Shirt (Event) -->
		<item id="21580" /> <!-- Shiny Elemental power Shirt -->
		<item id="23240" /> <!-- Pa'agrio's Shirt -->
		<item id="23241" /> <!-- Sayha's Shirt -->
		<item id="23242" /> <!-- Eva's Shirt -->
		<item id="23243" /> <!-- Maphr's Shirt -->
		<item id="34623" /> <!-- Pa'agrio's Shirt -->
		<item id="34624" /> <!-- Sayha's Shirt -->
		<item id="34625" /> <!-- Eva's Shirt -->
		<item id="34626" /> <!-- Maphr's Shirt -->
		<item id="23307" /> <!-- Maphr's Shirt -->
		<item id="34732" /> <!-- Exchanged Power Shirt -->
		<item id="34770" /> <!-- Pa'agrio's Shirt -->
		<item id="34771" /> <!-- Sayha's Shirt -->
		<item id="34772" /> <!-- Eva's Shirt -->
		<item id="34773" /> <!-- Maphr's Shirt -->
		<item id="37718" /> <!-- Shiny Elemental power Shirt -->
		<item id="46193" /> <!-- Physical Refleck Shirt -->
		<item id="46194" /> <!-- Magical Refleck Shirt -->
	</enchant>

	<!-- Blessed Scroll: Enchant Elemental Shirt -->
	<enchant id="25793" maxEnchant="10">
		<item id="21580" /> <!-- Power Shirt -->
		<item id="21706" /> <!-- Power Shirt (Event) -->
		<item id="23085" /> <!-- Power Shirt (Event) -->
		<item id="34732" /> <!-- Exchanged Power Shirt (Event) -->
		<item id="21580" /> <!-- Shiny Elemental power Shirt -->
		<item id="23240" /> <!-- Pa'agrio's Shirt -->
		<item id="23241" /> <!-- Sayha's Shirt -->
		<item id="23242" /> <!-- Eva's Shirt -->
		<item id="23243" /> <!-- Maphr's Shirt -->
		<item id="34623" /> <!-- Pa'agrio's Shirt -->
		<item id="34624" /> <!-- Sayha's Shirt -->
		<item id="34625" /> <!-- Eva's Shirt -->
		<item id="34626" /> <!-- Maphr's Shirt -->
		<item id="23307" /> <!-- Maphr's Shirt -->
		<item id="34732" /> <!-- Exchanged Power Shirt -->
		<item id="34770" /> <!-- Pa'agrio's Shirt -->
		<item id="34771" /> <!-- Sayha's Shirt -->
		<item id="34772" /> <!-- Eva's Shirt -->
		<item id="34773" /> <!-- Maphr's Shirt -->
		<item id="37718" /> <!-- Shiny Elemental power Shirt -->
		<item id="46193" /> <!-- Physical Refleck Shirt -->
		<item id="46194" /> <!-- Magical Refleck Shirt -->
	</enchant>

	<!-- Blessed Scroll: Enchant Elemental Power Shirt -->
	<enchant id="23241" maxEnchant="10">
		<item id="21580" /> <!-- Power Shirt -->
		<item id="21706" /> <!-- Power Shirt (Event) -->
		<item id="23085" /> <!-- Power Shirt (Event) -->
		<item id="34732" /> <!-- Exchanged Power Shirt (Event) -->
		<item id="21580" /> <!-- Shiny Elemental power Shirt -->
		<item id="23240" /> <!-- Pa'agrio's Shirt -->
		<item id="23241" /> <!-- Sayha's Shirt -->
		<item id="23242" /> <!-- Eva's Shirt -->
		<item id="23243" /> <!-- Maphr's Shirt -->
		<item id="34623" /> <!-- Pa'agrio's Shirt -->
		<item id="34624" /> <!-- Sayha's Shirt -->
		<item id="34625" /> <!-- Eva's Shirt -->
		<item id="34626" /> <!-- Maphr's Shirt -->
		<item id="23307" /> <!-- Maphr's Shirt -->
		<item id="34732" /> <!-- Exchanged Power Shirt -->
		<item id="34770" /> <!-- Pa'agrio's Shirt -->
		<item id="34771" /> <!-- Sayha's Shirt -->
		<item id="34772" /> <!-- Eva's Shirt -->
		<item id="34773" /> <!-- Maphr's Shirt -->
		<item id="37718" /> <!-- Shiny Elemental power Shirt -->
		<item id="46193" /> <!-- Physical Refleck Shirt -->
		<item id="46194" /> <!-- Magical Refleck Shirt -->
	</enchant>

	<!-- Shining Scroll: Enchant Elemental Shirt -->
	<enchant id="23241" maxEnchant="8">
		<item id="21580" /> <!-- Power Shirt -->
		<item id="21706" /> <!-- Power Shirt (Event) -->
		<item id="23085" /> <!-- Power Shirt (Event) -->
		<item id="34732" /> <!-- Exchanged Power Shirt (Event) -->
		<item id="21580" /> <!-- Shiny Elemental power Shirt -->
		<item id="23240" /> <!-- Pa'agrio's Shirt -->
		<item id="23241" /> <!-- Sayha's Shirt -->
		<item id="23242" /> <!-- Eva's Shirt -->
		<item id="23243" /> <!-- Maphr's Shirt -->
		<item id="34623" /> <!-- Pa'agrio's Shirt -->
		<item id="34624" /> <!-- Sayha's Shirt -->
		<item id="34625" /> <!-- Eva's Shirt -->
		<item id="34626" /> <!-- Maphr's Shirt -->
		<item id="23307" /> <!-- Maphr's Shirt -->
		<item id="34732" /> <!-- Exchanged Power Shirt -->
		<item id="34770" /> <!-- Pa'agrio's Shirt -->
		<item id="34771" /> <!-- Sayha's Shirt -->
		<item id="34772" /> <!-- Eva's Shirt -->
		<item id="34773" /> <!-- Maphr's Shirt -->
		<item id="37718" /> <!-- Shiny Elemental power Shirt -->
		<item id="46193" /> <!-- Physical Refleck Shirt -->
		<item id="46194" /> <!-- Magical Refleck Shirt -->
	</enchant>

	<!-- Scrolls: Enchant Weapon -->
	<enchant id="23410" targetGrade="R" />
	<enchant id="23411" targetGrade="S" />
	<enchant id="23412" targetGrade="A" />
	<enchant id="23413" targetGrade="B" />
	<enchant id="23414" targetGrade="C" />
	<enchant id="23415" targetGrade="D" />

	<enchant id="26350" targetGrade="A" />
	<enchant id="26352" targetGrade="S" />
	
	<!-- Scrolls: Enchant Armor -->
	<enchant id="23416" targetGrade="R" />
	<enchant id="23417" targetGrade="S" />
	<enchant id="23418" targetGrade="A" />
	<enchant id="23419" targetGrade="B" />
	<enchant id="23420" targetGrade="C" />
	<enchant id="23421" targetGrade="D" />

	<enchant id="26351" targetGrade="A" />
	<enchant id="26353" targetGrade="S" />

	<!-- Blessed Scrolls: Enchant Weapon -->
	<enchant id="23422" targetGrade="R" />
	<enchant id="23423" targetGrade="S" />
	<enchant id="23424" targetGrade="A" />
	<enchant id="23425" targetGrade="B" />
	<enchant id="23426" targetGrade="C" />
	<enchant id="23427" targetGrade="D" />

	<!-- Blessed Scrolls: Enchant Armor -->
	<enchant id="23428" targetGrade="R" />
	<enchant id="23429" targetGrade="S" />
	<enchant id="23430" targetGrade="A" />
	<enchant id="23431" targetGrade="B" />
	<enchant id="23432" targetGrade="C" />
	<enchant id="23433" targetGrade="D" />

	<!-- Divine Scrolls: Enchant Weapon -->
	<enchant id="23731" targetGrade="A" maxEnchant="4" bonusRate="100" />
	<enchant id="23732" targetGrade="S" maxEnchant="4" bonusRate="100" />
	<enchant id="23733" targetGrade="R" maxEnchant="4" bonusRate="100" />

	<enchant id="23737" targetGrade="A" maxEnchant="4" bonusRate="100" />
	<enchant id="23738" targetGrade="S" maxEnchant="4" bonusRate="100" />
	<enchant id="23739" targetGrade="R" maxEnchant="4" bonusRate="100" />

	<!-- Divine Scrolls: Enchant Armor -->
	<enchant id="23734" targetGrade="A" maxEnchant="4" bonusRate="100" />
	<enchant id="23735" targetGrade="S" maxEnchant="4" bonusRate="100" />
	<enchant id="23736" targetGrade="R" maxEnchant="4" bonusRate="100" />

	<enchant id="23740" targetGrade="A" maxEnchant="4" bonusRate="100" />
	<enchant id="23741" targetGrade="S" maxEnchant="4" bonusRate="100" />
	<enchant id="23742" targetGrade="R" maxEnchant="4" bonusRate="100" />

	<!-- Weapon Destiny Enchant Scrolls -->
	<enchant id="33455" targetGrade="D" />
	<enchant id="33456" targetGrade="C" />
	<enchant id="33457" targetGrade="B" />
	<enchant id="33458" targetGrade="A" />
	<enchant id="33459" targetGrade="S" />

	<!-- Armor Destiny Enchant Scrolls -->
	<enchant id="33460" targetGrade="D" />
	<enchant id="33461" targetGrade="C" />
	<enchant id="33462" targetGrade="B" />
	<enchant id="33463" targetGrade="A" />
	<enchant id="33464" targetGrade="S" />

	<!-- Giant's Scroll: Enchant Weapon -->
	<enchant id="33806" targetGrade="D" randomEnchantMin="1" randomEnchantMax="3" />
	<enchant id="33807" targetGrade="C" randomEnchantMin="1" randomEnchantMax="3" />
	<enchant id="33808" targetGrade="B" randomEnchantMin="1" randomEnchantMax="3" />
	<enchant id="33809" targetGrade="A" randomEnchantMin="1" randomEnchantMax="3" />
	<enchant id="33810" targetGrade="S" randomEnchantMin="1" randomEnchantMax="3" />
	<enchant id="33811" targetGrade="R" randomEnchantMin="1" randomEnchantMax="3" />
	<enchant id="36163" targetGrade="R" randomEnchantMin="1" randomEnchantMax="3" />

	<enchant id="36386" targetGrade="R" randomEnchantMin="1" randomEnchantMax="3" />
	<enchant id="36387" targetGrade="S" randomEnchantMin="1" randomEnchantMax="3" />
	<enchant id="36388" targetGrade="A" randomEnchantMin="1" randomEnchantMax="3" />

	<!-- Giant's Scroll: Enchant Armor -->
	<enchant id="33812" targetGrade="D" randomEnchantMin="1" randomEnchantMax="3" />
	<enchant id="33813" targetGrade="C" randomEnchantMin="1" randomEnchantMax="3" />
	<enchant id="33814" targetGrade="B" randomEnchantMin="1" randomEnchantMax="3" />
	<enchant id="33815" targetGrade="A" randomEnchantMin="1" randomEnchantMax="3" />
	<enchant id="33816" targetGrade="S" randomEnchantMin="1" randomEnchantMax="3" />
	<enchant id="33817" targetGrade="R" randomEnchantMin="1" randomEnchantMax="3" />
	<enchant id="36164" targetGrade="R" randomEnchantMin="1" randomEnchantMax="3" />

	<enchant id="36389" targetGrade="R" randomEnchantMin="1" randomEnchantMax="3" />
	<enchant id="36390" targetGrade="S" randomEnchantMin="1" randomEnchantMax="3" />
	<enchant id="36391" targetGrade="A" randomEnchantMin="1" randomEnchantMax="3" />

	<!-- Blessed Giant's Scroll: Enchant Weapon -->
	<enchant id="36283" targetGrade="R" />

	<!-- Blessed Giant's Scroll: Enchant Armor -->
	<enchant id="36284" targetGrade="R" />
		
	<!-- Lucky Enchant Stone: Weapon -->
	<support id="12362" targetGrade="D" minEnchant="3" maxEnchant="9" bonusRate="20" />
	<support id="12363" targetGrade="C" minEnchant="3" maxEnchant="9" bonusRate="18" />
	<support id="12364" targetGrade="B" minEnchant="3" maxEnchant="9" bonusRate="15" />
	<support id="12365" targetGrade="A" minEnchant="3" maxEnchant="9" bonusRate="12" />
	<support id="12366" targetGrade="S" minEnchant="3" maxEnchant="9" bonusRate="10" />
	<support id="23347" targetGrade="R" minEnchant="3" maxEnchant="9" bonusRate="10" />
	<support id="46077" targetGrade="R" minEnchant="3" maxEnchant="9" bonusRate="10" />

	<!-- Lucky Enchant Stone: Armor -->
	<support id="12367" targetGrade="D" minEnchant="3" maxEnchant="9" bonusRate="35" />
	<support id="12368" targetGrade="C" minEnchant="3" maxEnchant="9" bonusRate="27" />
	<support id="12369" targetGrade="B" minEnchant="3" maxEnchant="9" bonusRate="23" />
	<support id="12370" targetGrade="A" minEnchant="3" maxEnchant="9" bonusRate="18" />
	<support id="12371" targetGrade="S" minEnchant="3" maxEnchant="9" bonusRate="15" />
	<support id="23348" targetGrade="R" minEnchant="3" maxEnchant="9" bonusRate="15" />
	<support id="46078" targetGrade="R" minEnchant="3" maxEnchant="9" bonusRate="15" />

	<!-- Lucky Enchant Stone: Weapon Event -->
	<support id="14078" targetGrade="D" minEnchant="3" maxEnchant="9" bonusRate="20" />
	<support id="14079" targetGrade="C" minEnchant="3" maxEnchant="9" bonusRate="18" />
	<support id="14080" targetGrade="B" minEnchant="3" maxEnchant="9" bonusRate="15" />
	<support id="14081" targetGrade="A" minEnchant="3" maxEnchant="9" bonusRate="12" />
	<support id="14082" targetGrade="S" minEnchant="3" maxEnchant="9" bonusRate="10" />
	<support id="23599" targetGrade="R" minEnchant="3" maxEnchant="9" bonusRate="10" />

	<support id="33850" targetGrade="D" minEnchant="3" maxEnchant="9" bonusRate="20" />
	<support id="33851" targetGrade="C" minEnchant="3" maxEnchant="9" bonusRate="18" />
	<support id="33852" targetGrade="B" minEnchant="3" maxEnchant="9" bonusRate="15" />
	<support id="33853" targetGrade="A" minEnchant="3" maxEnchant="9" bonusRate="12" />
	<support id="33854" targetGrade="S" minEnchant="3" maxEnchant="9" bonusRate="10" />
	<support id="33855" targetGrade="R" minEnchant="3" maxEnchant="9" bonusRate="10" />

	<!-- Lucky Enchant Stone: Armor Event -->
	<support id="14083" targetGrade="D" minEnchant="3" maxEnchant="9" bonusRate="35" />
	<support id="14084" targetGrade="C" minEnchant="3" maxEnchant="9" bonusRate="27" />
	<support id="14085" targetGrade="B" minEnchant="3" maxEnchant="9" bonusRate="23" />
	<support id="14086" targetGrade="A" minEnchant="3" maxEnchant="9" bonusRate="18" />
	<support id="14087" targetGrade="S" minEnchant="3" maxEnchant="9" bonusRate="15" />
	<support id="23600" targetGrade="R" minEnchant="3" maxEnchant="9" bonusRate="15" />

	<support id="33856" targetGrade="D" minEnchant="3" maxEnchant="9" bonusRate="35" />
	<support id="33857" targetGrade="C" minEnchant="3" maxEnchant="9" bonusRate="27" />
	<support id="33858" targetGrade="B" minEnchant="3" maxEnchant="9" bonusRate="23" />
	<support id="33859" targetGrade="A" minEnchant="3" maxEnchant="9" bonusRate="18" />
	<support id="33860" targetGrade="S" minEnchant="3" maxEnchant="9" bonusRate="15" />
	<support id="33861" targetGrade="R" minEnchant="3" maxEnchant="9" bonusRate="15" />

	<!-- Lucky Enchant Stone: Weapon -->
	<support id="14702" targetGrade="D" minEnchant="3" maxEnchant="9" bonusRate="20" />
	<support id="14703" targetGrade="C" minEnchant="3" maxEnchant="9" bonusRate="18" />
	<support id="14704" targetGrade="B" minEnchant="3" maxEnchant="9" bonusRate="15" />
	<support id="14705" targetGrade="A" minEnchant="3" maxEnchant="9" bonusRate="12" />
	<support id="14706" targetGrade="S" minEnchant="3" maxEnchant="9" bonusRate="10" />
	<support id="30381" targetGrade="R" minEnchant="3" maxEnchant="9" bonusRate="10" />

	<!-- Lucky Enchant Stone: Armor -->
	<support id="14707" targetGrade="D" minEnchant="3" maxEnchant="9" bonusRate="35" />
	<support id="14708" targetGrade="C" minEnchant="3" maxEnchant="9" bonusRate="27" />
	<support id="14709" targetGrade="B" minEnchant="3" maxEnchant="9" bonusRate="23" />
	<support id="14710" targetGrade="A" minEnchant="3" maxEnchant="9" bonusRate="18" />
	<support id="14711" targetGrade="S" minEnchant="3" maxEnchant="9" bonusRate="15" />
	<support id="30382" targetGrade="R" minEnchant="3" maxEnchant="9" bonusRate="15" />

	<!-- Agathion Auxiliary Stone: Enchant Weapon -->
	<support id="14702" targetGrade="D" minEnchant="3" maxEnchant="9" bonusRate="20" />
	<support id="14703" targetGrade="C" minEnchant="3" maxEnchant="9" bonusRate="18" />
	<support id="14704" targetGrade="B" minEnchant="3" maxEnchant="9" bonusRate="15" />
	<support id="14705" targetGrade="A" minEnchant="3" maxEnchant="9" bonusRate="12" />
	<support id="14706" targetGrade="S" minEnchant="3" maxEnchant="9" bonusRate="10" />

	<!-- Agathion Auxiliary Stone: Enchant Armor -->
	<support id="14707" targetGrade="D" minEnchant="3" maxEnchant="9" bonusRate="35" />
	<support id="14708" targetGrade="C" minEnchant="3" maxEnchant="9" bonusRate="27" />
	<support id="14709" targetGrade="B" minEnchant="3" maxEnchant="9" bonusRate="23" />
	<support id="14710" targetGrade="A" minEnchant="3" maxEnchant="9" bonusRate="18" />
	<support id="14711" targetGrade="S" minEnchant="3" maxEnchant="9" bonusRate="15" />

	<!-- High-grade Lucky Enchant Stone Weapon -->
	<support id="23646" targetGrade="R" minEnchant="3" maxEnchant="9" bonusRate="20" />
	<support id="36008" targetGrade="R" minEnchant="3" maxEnchant="9" bonusRate="20" />
	<support id="36019" targetGrade="R" minEnchant="3" maxEnchant="9" bonusRate="20" />
	
	<!-- High-grade Lucky Enchant Stone Armor -->
	<support id="23647" targetGrade="R" minEnchant="3" maxEnchant="9" bonusRate="30" />
	<support id="36009" targetGrade="R" minEnchant="3" maxEnchant="9" bonusRate="30" />
	<support id="36020" targetGrade="R" minEnchant="3" maxEnchant="9" bonusRate="30" />

	<!-- Blessed Lucky Enchant Stone Weapon -->
	<support id="23787" targetGrade="D" minEnchant="3" maxEnchant="9" />
	<support id="23788" targetGrade="C" minEnchant="3" maxEnchant="9" />
	<support id="23789" targetGrade="B" minEnchant="3" maxEnchant="9" />
	<support id="23790" targetGrade="A" minEnchant="3" maxEnchant="9" />
	<support id="23791" targetGrade="S" minEnchant="3" maxEnchant="9" />
	<support id="23792" targetGrade="R" minEnchant="3" maxEnchant="9" />
	<support id="37566" targetGrade="R" minEnchant="3" maxEnchant="9" bonusRate="10" />
	
	<!-- Blessed Lucky Enchant Stone Armor -->
	<support id="23793" targetGrade="D" minEnchant="3" maxEnchant="9" />
	<support id="23794" targetGrade="C" minEnchant="3" maxEnchant="9" />
	<support id="23795" targetGrade="B" minEnchant="3" maxEnchant="9" />
	<support id="23796" targetGrade="A" minEnchant="3" maxEnchant="9" />
	<support id="23797" targetGrade="S" minEnchant="3" maxEnchant="9" />
	<support id="23798" targetGrade="R" minEnchant="3" maxEnchant="9" />
	<support id="37567" targetGrade="R" minEnchant="3" maxEnchant="9" bonusRate="10" />
	<support id="38758" targetGrade="R" minEnchant="3" maxEnchant="9" bonusRate="30" />
	<support id="38760" targetGrade="R" minEnchant="3" maxEnchant="9" bonusRate="30" />
	
	<!-- Blessed High-grade Lucky Enchant Stone Weapon -->
	<support id="38757" targetGrade="R" minEnchant="3" maxEnchant="9" bonusRate="20" />
	<support id="38759" targetGrade="R" minEnchant="3" maxEnchant="9" bonusRate="20" />

	<!-- Blessed High-grade Lucky Enchant Stone Armor -->
	<support id="38758" targetGrade="R" minEnchant="3" maxEnchant="9" bonusRate="30" />
	<support id="38760" targetGrade="R" minEnchant="3" maxEnchant="9" bonusRate="30" />

	<!-- Lesser Giant's Lucky Stone: Enchant Weapon -->
	<support id="23785" targetGrade="R" minEnchant="3" maxEnchant="9" randomEnchantMin="2" randomEnchantMax="4" />
	
	<!-- Lesser Giant's Lucky Stone: Enchant Armor -->
	<support id="23786" targetGrade="R" minEnchant="3" maxEnchant="9" randomEnchantMin="2" randomEnchantMax="4" />
	
	<!-- Giant's Lucky Enchant Stone Weapon -->
	<support id="23781" targetGrade="R" minEnchant="3" maxEnchant="9" bonusRate="10" />
	<support id="39463" targetGrade="R" minEnchant="3" maxEnchant="9" bonusRate="10" />

	<!-- Giant's Lucky Enchant Stone Armor -->
	<support id="23782" targetGrade="R" minEnchant="3" maxEnchant="9" bonusRate="15" />
	<support id="39462" targetGrade="R" minEnchant="3" maxEnchant="9" bonusRate="15" />
	
	<!-- Blessed Giant's Lucky Enchant Stone Weapon -->
	<support id="23783" targetGrade="R" minEnchant="3" maxEnchant="9" />

	<!-- Blessed Giant's Lucky Enchant Stone Armor -->
	<support id="23784" targetGrade="R" minEnchant="3" maxEnchant="9" />
	
	<!-- Windy Lucky Enchant Stone Weapon -->
	<support id="39465" targetGrade="R" minEnchant="3" maxEnchant="9" bonusRate="20" />
	<support id="28497" targetGrade="R" minEnchant="3" maxEnchant="9" bonusRate="20" />

	<!-- Windy Lucky Enchant Stone Armor -->
	<support id="39464" targetGrade="R" minEnchant="3" maxEnchant="9" bonusRate="30" />

	<!-- Freya's Lucky Enchant Stone Weapon -->
	<support id="40232" targetGrade="R" minEnchant="3" maxEnchant="15" bonusRate="20" />

	<!-- Freya's Lucky Enchant Stone Armor -->
	<support id="40233" targetGrade="R" minEnchant="3" maxEnchant="15" bonusRate="30" />

	<!-- High-grade Lucky Enchant Stone Weapon -->
	<support id="45439" targetGrade="R" minEnchant="3" maxEnchant="9" bonusRate="20" />

	<!-- Improved Lucky Enchant Stone Weapon -->
	<support id="23769" targetGrade="D" minEnchant="10" maxEnchant="15" bonusRate="20" />
	<support id="23770" targetGrade="C" minEnchant="10" maxEnchant="15" bonusRate="18" />
	<support id="23771" targetGrade="B" minEnchant="10" maxEnchant="15" bonusRate="15" />
	<support id="23772" targetGrade="A" minEnchant="10" maxEnchant="15" bonusRate="12" />
	<support id="23773" targetGrade="S" minEnchant="10" maxEnchant="15" bonusRate="10" />
	<support id="23774" targetGrade="R" minEnchant="10" maxEnchant="15" bonusRate="7" />

	<!-- Improved Lucky Enchant Stone Armor -->
	<support id="23775" targetGrade="D" minEnchant="10" maxEnchant="15" bonusRate="35" />
	<support id="23776" targetGrade="C" minEnchant="10" maxEnchant="15" bonusRate="27" />
	<support id="23777" targetGrade="B" minEnchant="10" maxEnchant="15" bonusRate="23" />
	<support id="23778" targetGrade="A" minEnchant="10" maxEnchant="15" bonusRate="18" />
	<support id="23779" targetGrade="S" minEnchant="10" maxEnchant="15" bonusRate="15" />
	<support id="23780" targetGrade="R" minEnchant="10" maxEnchant="15" bonusRate="10" />
</list>