<?xml version="1.0" encoding="UTF-8"?>
<list xmlns:xsi="http://www.w3.org/2001/XMLSchema-instance" xsi:noNamespaceSchemaLocation="xsd/InstanceNames.xsd">
	<instance id="1" name="Party Duel" />
	<instance id="2" name="Urban Area" />
	<instance id="3" name="Tower of Infinitum Demon Prince" />
	<instance id="4" name="Tower of Infinitum Ranku" />
	<instance id="5" name="Tully's Workshop 1st Floor" />
	<instance id="6" name="Tully's Workshop 3rd Floor" />
	<instance id="7" name="Tully's Workshop 5th Floor" />
	<instance id="8" name="Tully's Workshop 7th Floor" />
	<instance id="9" name="Dark Cloud Mansion" />
	<instance id="10" name="Crystal Caverns" />
	<instance id="11" name="Nornil's Garden" />
	<instance id="12" name="Nornil's Garden Quest" />
	<instance id="13" name="Dungeon" />
	<instance id="14" name="Dungeon" />
	<instance id="15" name="Dungeon" />
	<instance id="16" name="Dungeon" />
	<instance id="17" name="Dungeon" />
	<instance id="18" name="Dungeon" />
	<instance id="19" name="Dungeon" />
	<instance id="20" name="Dungeon" />
	<instance id="21" name="Dungeon" />
	<instance id="22" name="Monster Dungeon" />
	<instance id="23" name="Monster Dungeon" />
	<instance id="24" name="Monster Dungeon" />
	<instance id="25" name="Monster Dungeon" />
	<instance id="26" name="Monster Dungeon" />
	<instance id="27" name="Monster Dungeon" />
	<instance id="28" name="Monster Dungeon" />
	<instance id="29" name="Monster Dungeon" />
	<instance id="30" name="Monster Dungeon" />
	<instance id="31" name="Monster Dungeon" />
	<instance id="32" name="Monster Dungeon" />
	<instance id="33" name="Monster Dungeon" />
	<instance id="34" name="Monster Dungeon" />
	<instance id="35" name="Monster Dungeon" />
	<instance id="36" name="Monster Dungeon" />
	<instance id="37" name="Monster Dungeon" />
	<instance id="38" name="Monster Dungeon" />
	<instance id="39" name="Monster Dungeon" />
	<instance id="40" name="Monster Dungeon" />
	<instance id="41" name="Monster Dungeon" />
	<instance id="42" name="Monster Dungeon" />
	<instance id="43" name="Pailaka (Forgotten Temple)" />
	<instance id="44" name="Pailaka (Devil's Isle)" />
	<instance id="45" name="Pailaka (Varka Silenos Barracks)" />
	<instance id="46" name="Rim Kamaloka" />
	<instance id="47" name="Rim Kamaloka" />
	<instance id="48" name="Rim Kamaloka" />
	<instance id="49" name="Rim Kamaloka" />
	<instance id="50" name="Rim Kamaloka" />
	<instance id="51" name="Rim Kamaloka" />
	<instance id="52" name="Rim Kamaloka" />
	<instance id="53" name="Rim Kamaloka" />
	<instance id="54" name="Rim Kamaloka" />
	<instance id="55" name="Rim Kamaloka" />
	<instance id="56" name="Rim Kamaloka" />
	<instance id="57" name="Kamaloka (Hall of the Abyss)" />
	<instance id="58" name="Kamaloka (Hall of the Abyss)" />
	<instance id="59" name="Near Kamaloka" />
	<instance id="60" name="Kamaloka (Hall of the Abyss)" />
	<instance id="61" name="Kamaloka (Hall of the Abyss)" />
	<instance id="62" name="Near Kamaloka" />
	<instance id="63" name="Kamaloka (Hall of the Abyss)" />
	<instance id="64" name="Kamaloka (Hall of the Abyss)" />
	<instance id="65" name="Near Kamaloka" />
	<instance id="66" name="Kamaloka (Hall of the Abyss)" />
	<instance id="67" name="Kamaloka (Hall of the Abyss)" />
	<instance id="68" name="Near Kamaloka" />
	<instance id="69" name="Kamaloka (Hall of the Abyss)" />
	<instance id="70" name="Kamaloka (Hall of the Abyss)" />
	<instance id="71" name="Near Kamaloka" />
	<instance id="72" name="Kamaloka (Hall of the Abyss)" />
	<instance id="73" name="Kamaloka (Labyrinth of the Abyss)" />
	<instance id="74" name="Kamaloka (Labyrinth of the Abyss)" />
	<instance id="75" name="Kamaloka (Labyrinth of the Abyss)" />
	<instance id="76" name="Kamaloka (Labyrinth of the Abyss)" />
	<instance id="77" name="Kamaloka (Labyrinth of the Abyss)" />
	<instance id="78" name="Kamaloka (Labyrinth of the Abyss)" />
	<instance id="79" name="Kamaloka (Labyrinth of the Abyss)" />
	<instance id="80" name="Pailaka (Rune Castle)" />
	<instance id="81" name="Pailaka (Rune Castle)" />
	<instance id="82" name="Pailaka (Rune Castle)" />
	<instance id="83" name="Pailaka (Rune Castle)" />
	<instance id="84" name="Pailaka (Rune Castle)" />
	<instance id="85" name="Pailaka (Rune Castle)" />
	<instance id="86" name="Pailaka (Rune Castle)" />
	<instance id="87" name="Pailaka (Rune Castle)" />
	<instance id="88" name="Pailaka (Rune Castle)" />
	<instance id="89" name="Pailaka (Rune Castle)" />
	<instance id="90" name="Pailaka (Rune Castle)" />
	<instance id="91" name="Pailaka (Rune Castle)" />
	<instance id="92" name="Pailaka (Rune Castle)" />
	<instance id="93" name="Pailaka (Rune Castle)" />
	<instance id="94" name="Pailaka (Rune Castle)" />
	<instance id="95" name="Pailaka (Rune Castle)" />
	<instance id="96" name="Pailaka (Rune Castle)" />
	<instance id="97" name="Pailaka (Rune Castle)" />
	<instance id="98" name="Pailaka (Rune Castle)" />
	<instance id="99" name="Pailaka (Rune Castle)" />
	<instance id="100" name="Pailaka (Rune Castle)" />
	<instance id="101" name="Pailaka (Rune Castle)" />
	<instance id="102" name="Pailaka (Rune Castle)" />
	<instance id="103" name="Pailaka (Rune Castle)" />
	<instance id="104" name="Pailaka (Rune Castle)" />
	<instance id="105" name="Pailaka (Rune Castle)" />
	<instance id="106" name="Pailaka (Rune Castle)" />
	<instance id="107" name="Pailaka (Rune Castle)" />
	<instance id="108" name="Pailaka (Rune Castle)" />
	<instance id="109" name="Pailaka (Rune Castle)" />
	<instance id="110" name="Seed of Destruction" />
	<instance id="111" name="Sanctum of the Lords of Dawn" />
	<instance id="112" name="Disciple's Necropolis (Past)" />
	<instance id="113" name="Hideout of the Dawn" />
	<instance id="114" name="Cavern of the Pirate Captain (Nightmare)" />
	<instance id="115" name="Seed of Infinity (Hall of Suffering)" />
	<instance id="116" name="Seed of Infinity (Hall of Suffering)" />
	<instance id="117" name="Secret Area in the Keucereus Fortress" />
	<instance id="118" name="Secret Area in the Keucereus Fortress" />
	<instance id="119" name="Seed of Infinity (Hall of Erosion)" />
	<instance id="120" name="Seed of Infinity (Hall of Erosion)" />
	<instance id="121" name="Seed of Infinity (Heart of Infinity)" />
	<instance id="122" name="Seed of Infinity (Heart of Infinity)" />
	<instance id="123" name="Seed of Destruction (Dragonkin Servant)" />
	<instance id="124" name="Seed of Destruction (Dragonkin Sentinel)" />
	<instance id="125" name="Seed of Destruction (Dragonkin Warrior)" />
	<instance id="126" name="Seed of Destruction (Dragonkin Crusher)" />
	<instance id="127" name="Delusion Chamber (Eastern Seal)" />
	<instance id="128" name="Delusion Chamber (Western Seal)" />
	<instance id="129" name="Delusion Chamber (Southern Seal)" />
	<instance id="130" name="Delusion Chamber (Northern Seal)" />
	<instance id="131" name="Delusion Chamber (Great Seal)" />
	<instance id="132" name="Delusion Chamber (Tower of Seal)" />
	<instance id="133" name="Cavern of the Pirate Captain (Daydream)" />
	<instance id="134" name="Kamaloka (Labyrinth of the Abyss)" />
	<instance id="135" name="Cavern of the Pirate Captain (Distant Daydream)" />
	<instance id="136" name="Last Imperial Tomb" />
	<instance id="137" name="Ice Queen's Castle" />
	<instance id="138" name="Mithril Mine" />
	<instance id="139" name="Ice Queen's Castle" />
	<instance id="140" name="Jinia Guild Hideout" />
	<instance id="141" name="Jinia Guild Hideout" />
	<instance id="142" name="Tower of Infinitum (5th Floor)" />
	<instance id="143" name="Tower of Infinitum (10th Floor)" />
	<instance id="144" name="Ice Queen's Castle (Epic)" />
	<instance id="145" name="Jinia Guild Hideout" />
	<instance id="146" name="Jinia Guild Hideout" />
	<instance id="147" name="Olympiad" />
	<instance id="148" name="Olympiad" />
	<instance id="149" name="Olympiad" />
	<instance id="150" name="Olympiad" />
	<instance id="151" name="Monastery of Silence" />
	<instance id="152" name="Monastery of Silence" />
	<instance id="153" name="Monastery of Silence" />
	<instance id="154" name="Monastery of Silence" />
	<instance id="155" name="Monastery of Silence" />
	<instance id="156" name="Library of Sages" />
	<instance id="157" name="Underground Library of Sages" />
	<instance id="158" name="Elcadia's Cabin" />
	<instance id="159" name="Prison of Darkness" />
	<instance id="160" name="Teredor Warzone" />
	<instance id="161" name="Kimerian" />
	<instance id="162" name="Kimerian (Epic)" />
	<instance id="163" name="Crystal Caverns" />
	<instance id="164" name="Crystal Caverns" />
	<instance id="165" name="Crystal Caverns" />
	<instance id="166" name="Baylor Warzone" />
	<instance id="167" name="Balok Warzone" />
	<instance id="168" name="Coral Garden Hall" />
	<instance id="169" name="Istina's Cavern" />
	<instance id="170" name="Istina's Cavern (Epic)" />
	<instance id="171" name="Nursery" />
	<instance id="172" name="Lachik Dwelling Warzone" />
	<instance id="173" name="Lachik Dwelling Warzone" />
	<instance id="174" name="Lachik Dwelling Warzone (Epic)" />
	<instance id="175" name="Lachik Dwelling Warzone (Epic)" />
	<instance id="176" name="Underground Military Compound" />
	<instance id="177" name="Closed Underground Compound" />
	<instance id="178" name="Labyrinth of Belis" />
	<instance id="179" name="Fortuna" />
	<instance id="180" name="Octavis Warzone" />
	<instance id="181" name="Octavis Warzone (Epic)" />
	<instance id="182" name="Museum Dungeon" />
	<instance id="183" name="Balthus Knights - Antharas Expedition" />
	<instance id="184" name="Valakas Warzone" />
	<instance id="185" name="Evil Incubator" />
	<instance id="186" name="Orchid Hall" />
	<instance id="187" name="Ellia Hall" />
	<instance id="188" name="Laurell Hall" />
	<instance id="189" name="Orchid Hall" />
	<instance id="190" name="Ellia Hall" />
	<instance id="191" name="Laurell Hall" />
	<instance id="192" name="Tainted Dimension" />
	<instance id="193" name="Altar of Shilen" />
	<instance id="194" name="Altar of Shilen" />
	<instance id="195" name="Harnak Underground Ruins" />
	<instance id="196" name="Prison of Darkness (Epic)" />
	<instance id="197" name="Elcadia's Cabin" />
	<instance id="198" name="Legacy of Cruma Tower" />
	<instance id="199" name="Rim Kamaloka" />
	<instance id="200" name="Memory of Disaster" />
	<instance id="201" name="Harnak Underground Ruins" />
	<instance id="202" name="Kimerian" />
	<instance id="203" name="Kimerian (Epic)" />
	<instance id="204" name="Evolved Agathion's Place" />
	<instance id="205" name="Kartia's Labyrinth - Tainted Dimension Attacker" />
	<instance id="206" name="Kartia's Labyrinth - Tainted Dimension Attacker" />
	<instance id="207" name="Kartia's Labyrinth - Tainted Dimension Attacker" />
	<instance id="208" name="Kartia's Labyrinth" />
	<instance id="209" name="Kartia's Labyrinth" />
	<instance id="210" name="Kartia's Labyrinth" />
	<instance id="211" name="Advent of Delusion" />
	<instance id="212" name="Verdof's Room (Devil's Island)" />
	<instance id="213" name="Verdof's Room (Devil's Island)" />
	<instance id="214" name="Verdof's Room (Devil's Island)" />
	<instance id="215" name="Verdof's Room (Devil's Island)" />
	<instance id="216" name="Verdof's Room (Devil's Island)" />
	<instance id="217" name="Eva's Hidden Space" />
	<instance id="218" name="Tauti Warzone" />
	<instance id="219" name="Tauti Warzone (Epic)" />
	<instance id="220" name="Arena 1" />
	<instance id="221" name="Arena 2" />
	<instance id="222" name="Arena 3" />
	<instance id="223" name="Arena 4" />
	<instance id="224" name="Battle Tournament Stadium 1" />
	<instance id="225" name="Battle Tournament Stadium 2" />
	<instance id="226" name="Battle Tournament Stadium 3" />
	<instance id="227" name="Battle Tournament Stadium 4" />
	<instance id="228" name="Ancient Kartia's Labyrinth - A Secret of Two Races" />
	<instance id="229" name="Ancient Kartia's Labyrinth - A Secret of Two Races" />
	<instance id="230" name="Ancient Kartia's Labyrinth - A Secret of Two Races" />
	<instance id="231" name="Nornil's Garden - Spicula Raid" />
	<instance id="232" name="Fortress of the Dead" />
	<instance id="233" name="Fortress of the Dead" />
	<instance id="234" name="Devastated Castle" />
	<instance id="235" name="Devastated Castle" />
	<instance id="236" name="Fortress of Resistance" />
	<instance id="237" name="Fortress of Resistance" />
	<instance id="238" name="Bronze Key Guild's Request Zone" />
	<instance id="239" name="Black Anvil Guild's Request Zone" />
	<instance id="240" name="Golden Wheel Guild's Request Zone" />
	<instance id="241" name="Talking Island (Past)" />
	<instance id="242" name="Bronze Key Guild's Request Zone" />
	<instance id="243" name="Black Anvil Guild's Request Zone" />
	<instance id="244" name="Golden Wheel Guild's Request Zone" />
	<instance id="245" name="Nornil's Garden" />
	<instance id="246" name="Verdof's Room (Devil's Island)" />
	<instance id="247" name="Prelude to Lindvior" />
	<instance id="248" name="Prelude to Lindvior" />
	<instance id="249" name="Seed of Infinity" />
	<instance id="250" name="Dimensional Warp" />
	<instance id="251" name="Faeron Training Grounds" />
	<instance id="252" name="Faeron Training Grounds" />
	<instance id="253" name="Karaphon Habitat" />
	<instance id="254" name="Fortress of the Dead" />
	<instance id="255" name="Chamber of Prophecies" />
	<instance id="256" name="Infernal Kamaloka" />
	<instance id="257" name="Lunatic Kamaloka" />
	<instance id="258" name="Nightmare Kamaloka" />
	<instance id="259" name="Embryo Command Post" />
	<instance id="260" name="Ashen Shadow Revolutionaries" />
	<instance id="261" name="Mystic Tavern" /> <!-- Mystic Tavern (Tauti) -->
	<instance id="262" name="Mystic Tavern" /> <!-- Mystic Tavern (Kelbim) -->
	<instance id="263" name="Mystic Tavern" /> <!-- Mystic Tavern (Freya) -->
	<instance id="264" name="Dimensional Rift" />
	<instance id="265" name="Outer Messiah's Castle" />
	<instance id="266" name="Inner Messiah's Castle" />
	<instance id="267" name="Mystic Tavern" /> <!-- Mystic Tavern (Kain) -->
</list>