<?xml version="1.0" encoding="UTF-8"?>
<list xmlns:xsi="http://www.w3.org/2001/XMLSchema-instance" xsi:noNamespaceSchemaLocation="xsd/AlchemyData.xsd">
	<skill id="17920" level="1" grade="1" category="1">
		<ingredients>
			<item id="1061" count="1" /> <!-- Major Healing Potion -->
			<item id="39461" count="20" /> <!-- Air Stone -->
		</ingredients>
		<production>
			<item id="39466" count="3" type="ON_SUCCESS" /> <!-- Windy Healing Potion -->
			<item id="1061" count="3" type="ON_FAILURE" /> <!-- Major Healing Potion -->
		</production>
	</skill>
	<skill id="17920" level="2" grade="1" category="1">
		<ingredients>
			<item id="39466" count="1" /> <!-- Windy Healing Potion -->
			<item id="39461" count="30" /> <!-- Air Stone -->
		</ingredients>
		<production>
			<item id="39467" count="2" type="ON_SUCCESS" /> <!-- Greater Windy Healing Potion -->
			<item id="39466" count="2" type="ON_FAILURE" /> <!-- Windy Healing Potion -->
		</production>
	</skill>
	<skill id="17920" level="3" grade="2" category="1">
		<ingredients>
			<item id="39467" count="1" /> <!-- Greater Windy Healing Potion -->
			<item id="39461" count="80" /> <!-- Air Stone -->
		</ingredients>
		<production>
			<item id="39468" count="2" type="ON_SUCCESS" /> <!-- Major Windy Healing Potion -->
			<item id="39467" count="2" type="ON_FAILURE" /> <!-- Greater Windy Healing Potion -->
		</production>
	</skill>
	<skill id="17920" level="4" grade="3" category="1">
		<ingredients>
			<item id="39468" count="1" /> <!-- Major Windy Healing Potion -->
			<item id="39461" count="200" /> <!-- Air Stone -->
		</ingredients>
		<production>
			<item id="39469" count="2" type="ON_SUCCESS" /> <!-- Superior Windy Healing Potion -->
			<item id="39468" count="2" type="ON_FAILURE" /> <!-- Major Windy Healing Potion -->
		</production>
	</skill>
	<skill id="17921" level="1" grade="1" category="1">
		<ingredients>
			<item id="1540" count="2" /> <!-- Quick Healing Potion -->
			<item id="39461" count="50" /> <!-- Air Stone -->
		</ingredients>
		<production>
			<item id="39471" count="1" type="ON_SUCCESS" /> <!-- Windy Quick Healing Potion -->
			<item id="1540" count="1" type="ON_FAILURE" /> <!-- Quick Healing Potion -->
		</production>
	</skill>
	<skill id="17921" level="2" grade="1" category="1">
		<ingredients>
			<item id="39471" count="2" /> <!-- Windy Quick Healing Potion -->
			<item id="39461" count="70" /> <!-- Air Stone -->
		</ingredients>
		<production>
			<item id="39472" count="1" type="ON_SUCCESS" /> <!-- Greater Windy Quick Healing Potion -->
			<item id="39471" count="1" type="ON_FAILURE" /> <!-- Windy Quick Healing Potion -->
		</production>
	</skill>
	<skill id="17921" level="3" grade="2" category="1">
		<ingredients>
			<item id="39472" count="2" /> <!-- Greater Windy Quick Healing Potion -->
			<item id="39461" count="120" /> <!-- Air Stone -->
		</ingredients>
		<production>
			<item id="39473" count="1" type="ON_SUCCESS" /> <!-- Major Windy Quick Healing Potion -->
			<item id="39472" count="1" type="ON_FAILURE" /> <!-- Greater Windy Quick Healing Potion -->
		</production>
	</skill>
	<skill id="17921" level="4" grade="3" category="1">
		<ingredients>
			<item id="39473" count="2" /> <!-- Major Windy Quick Healing Potion -->
			<item id="39461" count="200" /> <!-- Air Stone -->
		</ingredients>
		<production>
			<item id="39474" count="1" type="ON_SUCCESS" /> <!-- Superior Windy Quick Healing Potion -->
			<item id="39473" count="1" type="ON_FAILURE" /> <!-- Major Windy Quick Healing Potion -->
		</production>
	</skill>
	<skill id="17922" level="1" grade="1" category="1">
		<ingredients>
			<item id="6035" count="2" /> <!-- Magic Haste Potion -->
			<item id="735" count="2" /> <!-- Haste Potion -->
			<item id="39461" count="20" /> <!-- Air Stone -->
		</ingredients>
		<production>
			<item id="39476" count="1" type="ON_SUCCESS" /> <!-- Low-grade Love Potion -->
			<item id="6035" count="1" type="ON_FAILURE" /> <!-- Magic Haste Potion -->
		</production>
	</skill>
	<skill id="17922" level="2" grade="2" category="1">
		<ingredients>
			<item id="39476" count="2" /> <!-- Low-grade Love Potion -->
			<item id="39461" count="30" /> <!-- Air Stone -->
		</ingredients>
		<production>
			<item id="39477" count="1" type="ON_SUCCESS" /> <!-- Love Potion -->
			<item id="39476" count="1" type="ON_FAILURE" /> <!-- Low-grade Love Potion -->
		</production>
	</skill>
	<skill id="17922" level="3" grade="2" category="1">
		<ingredients>
			<item id="32316" count="3" /> <!-- Elixir of Blessing -->
			<item id="39461" count="80" /> <!-- Air Stone -->
		</ingredients>
		<production>
			<item id="39478" count="1" type="ON_SUCCESS" /> <!-- Mid-grade Love Potion -->
			<item id="32316" count="2" type="ON_FAILURE" /> <!-- Elixir of Blessing -->
		</production>
	</skill>
	<skill id="17922" level="4" grade="3" category="1">
		<ingredients>
			<item id="39478" count="1" /> <!-- Mid-grade Love Potion -->
			<item id="39461" count="200" /> <!-- Air Stone -->
		</ingredients>
		<production>
			<item id="39479" count="1" type="ON_SUCCESS" /> <!-- High-grade Love Potion -->
			<item id="32316" count="2" type="ON_FAILURE" /> <!-- Elixir of Blessing -->
		</production>
	</skill>
	<skill id="17922" level="5" grade="4" category="1">
		<ingredients>
			<item id="39479" count="1" /> <!-- High-grade Love Potion -->
			<item id="39461" count="400" /> <!-- Air Stone -->
		</ingredients>
		<production>
			<item id="46530" count="1" type="ON_SUCCESS" /> <!-- Top-grade Love Potion - Party -->
			<item id="32316" count="2" type="ON_FAILURE" /> <!-- Elixir of Blessing -->
		</production>
	</skill>
	<skill id="17923" level="1" grade="1" category="1">
		<ingredients>
			<item id="37097" count="2" /> <!-- High-grade Elixir of Life (R-grade) -->
			<item id="37098" count="1" /> <!-- High-grade Elixir of Mind (R-grade) -->
			<item id="37099" count="1" /> <!-- High-grade Elixir of CP (R-grade) -->
		</ingredients>
		<production>
			<item id="39481" count="1" type="ON_SUCCESS" /> <!-- Super Elixir -->
			<item id="37097" count="1" type="ON_FAILURE" /> <!-- High-grade Elixir of Life (R-grade) -->
		</production>
	</skill>
	<skill id="17924" level="1" grade="4" category="1">
		<ingredients>
			<item id="39469" count="1" /> <!-- Superior Windy Healing Potion -->
			<item id="39592" count="1" /> <!-- Tempest Stone -->
		</ingredients>
		<production>
			<item id="39470" count="50" type="ON_SUCCESS" /> <!-- Supreme Windy Healing Potion -->
			<item id="39469" count="2" type="ON_FAILURE" /> <!-- Superior Windy Healing Potion -->
		</production>
	</skill>
	<skill id="17924" level="2" grade="4" category="1">
		<ingredients>
			<item id="39474" count="2" /> <!-- Superior Windy Quick Healing Potion -->
			<item id="39592" count="1" /> <!-- Tempest Stone -->
		</ingredients>
		<production>
			<item id="39475" count="10" type="ON_SUCCESS" /> <!-- Supreme Windy Quick Healing Potion -->
			<item id="39474" count="1" type="ON_FAILURE" /> <!-- Superior Windy Quick Healing Potion -->
		</production>
	</skill>
	<skill id="17924" level="3" grade="4" category="1">
		<ingredients>
			<item id="37041" count="1" /> <!-- Divine Protection Elixir -->
			<item id="39479" count="1" /> <!-- High-grade Love Potion -->
			<item id="39592" count="1" /> <!-- Tempest Stone -->
		</ingredients>
		<production>
			<item id="39480" count="1" type="ON_SUCCESS" /> <!-- Cruel Love Potion -->
			<item id="32316" count="1" type="ON_FAILURE" /> <!-- Elixir of Blessing -->
		</production>
	</skill>
	<skill id="17925" level="1" grade="1" category="2">
		<ingredients>
			<item id="17527" count="3" /> <!-- Scroll: Enchant Armor (R-grade) -->
			<item id="39461" count="100" /> <!-- Air Stone -->
		</ingredients>
		<production>
			<item id="36389" count="1" type="ON_SUCCESS" /> <!-- Giant's Scroll: Enchant Armor (R-grade) -->
			<item id="17527" count="1" type="ON_FAILURE" /> <!-- Scroll: Enchant Armor (R-grade) -->
		</production>
	</skill>
	<skill id="17925" level="2" grade="2" category="2">
		<ingredients>
			<item id="17526" count="3" /> <!-- Scroll: Enchant Weapon (R-grade) -->
			<item id="39461" count="200" /> <!-- Air Stone -->
		</ingredients>
		<production>
			<item id="36386" count="1" type="ON_SUCCESS" /> <!-- Giant's Scroll: Enchant Weapon (R-grade) -->
			<item id="17526" count="1" type="ON_FAILURE" /> <!-- Scroll: Enchant Weapon (R-grade) -->
		</production>
	</skill>
	<skill id="17926" level="1" grade="3" category="2">
		<ingredients>
			<item id="36389" count="3" /> <!-- Giant's Scroll: Enchant Armor (R-grade) -->
			<item id="39461" count="200" /> <!-- Air Stone -->
		</ingredients>
		<production>
			<item id="39462" count="1" type="ON_SUCCESS" /> <!-- Giant's Lucky Enchant Stone: Armor (R-grade) -->
			<item id="36389" count="1" type="ON_FAILURE" /> <!-- Giant's Scroll: Enchant Armor (R-grade) -->
		</production>
	</skill>
	<skill id="17926" level="2" grade="3" category="2">
		<ingredients>
			<item id="36386" count="2" /> <!-- Giant's Scroll: Enchant Weapon (R-grade) -->
			<item id="39461" count="200" /> <!-- Air Stone -->
		</ingredients>
		<production>
			<item id="39463" count="1" type="ON_SUCCESS" /> <!-- Giant's Lucky Enchant Stone: Weapon (R-grade) -->
			<item id="36386" count="1" type="ON_FAILURE" /> <!-- Giant's Scroll: Enchant Weapon (R-grade) -->
		</production>
	</skill>
	<skill id="17927" level="1" grade="4" category="2">
		<ingredients>
			<item id="39462" count="2" /> <!-- Giant's Lucky Enchant Stone: Armor (R-grade) -->
			<item id="39592" count="1" /> <!-- Tempest Stone -->
		</ingredients>
		<production>
			<item id="39464" count="1" type="ON_SUCCESS" /> <!-- Windy Lucky Enchant Stone: Armor (R-grade) -->
			<item id="39462" count="1" type="ON_FAILURE" /> <!-- Giant's Lucky Enchant Stone: Armor (R-grade) -->
		</production>
	</skill>
	<skill id="17927" level="2" grade="4" category="2">
		<ingredients>
			<item id="39463" count="2" /> <!-- Giant's Lucky Enchant Stone: Weapon (R-grade) -->
			<item id="39592" count="1" /> <!-- Tempest Stone -->
		</ingredients>
		<production>
			<item id="39465" count="1" type="ON_SUCCESS" /> <!-- Windy Lucky Enchant Stone: Weapon (R-grade) -->
			<item id="39463" count="1" type="ON_FAILURE" /> <!-- Giant's Lucky Enchant Stone: Weapon (R-grade) -->
		</production>
	</skill>
	<skill id="17928" level="1" grade="1" category="3">
		<ingredients>
			<item id="17642" count="2" /> <!-- Lv. 1 Legendary MEN Dye -->
			<item id="39386" count="1" /> <!-- Lv. 1 Windy LUC Dye -->
			<item id="39461" count="100" /> <!-- Air Stone -->
		</ingredients>
		<production>
			<item id="39426" count="1" type="ON_SUCCESS" /> <!-- Lv. 1 Legendary MEN Dye (Luck) -->
			<item id="17642" count="1" type="ON_FAILURE" /> <!-- Lv. 1 Legendary MEN Dye -->
		</production>
	</skill>
	<skill id="17928" level="2" grade="1" category="3">
		<ingredients>
			<item id="17639" count="2" /> <!-- Lv. 1 Legendary CON Dye -->
			<item id="39386" count="1" /> <!-- Lv. 1 Windy LUC Dye -->
			<item id="39461" count="100" /> <!-- Air Stone -->
		</ingredients>
		<production>
			<item id="39423" count="1" type="ON_SUCCESS" /> <!-- Lv. 1 Legendary CON Dye (Luck) -->
			<item id="17639" count="1" type="ON_FAILURE" /> <!-- Lv. 1 Legendary CON Dye -->
		</production>
	</skill>
	<skill id="17928" level="3" grade="1" category="3">
		<ingredients>
			<item id="17641" count="2" /> <!-- Lv. 1 Legendary WIT Dye -->
			<item id="39386" count="1" /> <!-- Lv. 1 Windy LUC Dye -->
			<item id="39461" count="100" /> <!-- Air Stone -->
		</ingredients>
		<production>
			<item id="39425" count="1" type="ON_SUCCESS" /> <!-- Lv. 1 Legendary WIT Dye (Luck) -->
			<item id="17641" count="1" type="ON_FAILURE" /> <!-- Lv. 1 Legendary WIT Dye -->
		</production>
	</skill>
	<skill id="17928" level="4" grade="1" category="3">
		<ingredients>
			<item id="17638" count="2" /> <!-- Lv. 1 Legendary DEX Dye -->
			<item id="39386" count="1" /> <!-- Lv. 1 Windy LUC Dye -->
			<item id="39461" count="100" /> <!-- Air Stone -->
		</ingredients>
		<production>
			<item id="39422" count="1" type="ON_SUCCESS" /> <!-- Lv. 1 Legendary DEX Dye (Luck) -->
			<item id="17638" count="1" type="ON_FAILURE" /> <!-- Lv. 1 Legendary DEX Dye -->
		</production>
	</skill>
	<skill id="17928" level="5" grade="1" category="3">
		<ingredients>
			<item id="17640" count="2" /> <!-- Lv. 1 Legendary INT Dye -->
			<item id="39386" count="1" /> <!-- Lv. 1 Windy LUC Dye -->
			<item id="39461" count="100" /> <!-- Air Stone -->
		</ingredients>
		<production>
			<item id="39424" count="1" type="ON_SUCCESS" /> <!-- Lv. 1 Legendary INT Dye (Luck) -->
			<item id="17640" count="1" type="ON_FAILURE" /> <!-- Lv. 1 Legendary INT Dye -->
		</production>
	</skill>
	<skill id="17928" level="6" grade="1" category="3">
		<ingredients>
			<item id="17637" count="2" /> <!-- Lv. 1 Legendary STR Dye -->
			<item id="39386" count="1" /> <!-- Lv. 1 Windy LUC Dye -->
			<item id="39461" count="100" /> <!-- Air Stone -->
		</ingredients>
		<production>
			<item id="39421" count="1" type="ON_SUCCESS" /> <!-- Lv. 1 Legendary STR Dye (Luck) -->
			<item id="17637" count="1" type="ON_FAILURE" /> <!-- Lv. 1 Legendary STR Dye -->
		</production>
	</skill>
	<skill id="17929" level="1" grade="2" category="3">
		<ingredients>
			<item id="17660" count="2" /> <!-- Lv. 2 Legendary MEN Dye -->
			<item id="39387" count="1" /> <!-- Lv. 2 Windy LUC Dye -->
			<item id="39461" count="100" /> <!-- Air Stone -->
		</ingredients>
		<production>
			<item id="39432" count="1" type="ON_SUCCESS" /> <!-- Lv. 2 Legendary MEN Dye (Luck) -->
			<item id="17660" count="1" type="ON_FAILURE" /> <!-- Lv. 2 Legendary MEN Dye -->
		</production>
	</skill>
	<skill id="17929" level="2" grade="2" category="3">
		<ingredients>
			<item id="17657" count="2" /> <!-- Lv. 2 Legendary CON Dye -->
			<item id="39387" count="1" /> <!-- Lv. 2 Windy LUC Dye -->
			<item id="39461" count="100" /> <!-- Air Stone -->
		</ingredients>
		<production>
			<item id="39429" count="1" type="ON_SUCCESS" /> <!-- Lv. 2 Legendary CON Dye (Luck) -->
			<item id="17657" count="1" type="ON_FAILURE" /> <!-- Lv. 2 Legendary CON Dye -->
		</production>
	</skill>
	<skill id="17929" level="3" grade="2" category="3">
		<ingredients>
			<item id="17659" count="2" /> <!-- Lv. 2 Legendary WIT Dye -->
			<item id="39387" count="1" /> <!-- Lv. 2 Windy LUC Dye -->
			<item id="39461" count="100" /> <!-- Air Stone -->
		</ingredients>
		<production>
			<item id="39431" count="1" type="ON_SUCCESS" /> <!-- Lv. 2 Legendary WIT Dye (Luck) -->
			<item id="17659" count="1" type="ON_FAILURE" /> <!-- Lv. 2 Legendary WIT Dye -->
		</production>
	</skill>
	<skill id="17929" level="4" grade="2" category="3">
		<ingredients>
			<item id="17656" count="2" /> <!-- Lv. 2 Legendary DEX Dye -->
			<item id="39387" count="1" /> <!-- Lv. 2 Windy LUC Dye -->
			<item id="39461" count="100" /> <!-- Air Stone -->
		</ingredients>
		<production>
			<item id="39428" count="1" type="ON_SUCCESS" /> <!-- Lv. 2 Legendary DEX Dye (Luck) -->
			<item id="17656" count="1" type="ON_FAILURE" /> <!-- Lv. 2 Legendary DEX Dye -->
		</production>
	</skill>
	<skill id="17929" level="5" grade="2" category="3">
		<ingredients>
			<item id="17658" count="2" /> <!-- Lv. 2 Legendary INT Dye -->
			<item id="39387" count="1" /> <!-- Lv. 2 Windy LUC Dye -->
			<item id="39461" count="100" /> <!-- Air Stone -->
		</ingredients>
		<production>
			<item id="39430" count="1" type="ON_SUCCESS" /> <!-- Lv. 2 Legendary INT Dye (Luck) -->
			<item id="17658" count="1" type="ON_FAILURE" /> <!-- Lv. 2 Legendary INT Dye -->
		</production>
	</skill>
	<skill id="17929" level="6" grade="2" category="3">
		<ingredients>
			<item id="17655" count="2" /> <!-- Lv. 2 Legendary STR Dye -->
			<item id="39387" count="1" /> <!-- Lv. 2 Windy LUC Dye -->
			<item id="39461" count="100" /> <!-- Air Stone -->
		</ingredients>
		<production>
			<item id="39427" count="1" type="ON_SUCCESS" /> <!-- Lv. 2 Legendary STR Dye (Luck) -->
			<item id="17655" count="1" type="ON_FAILURE" /> <!-- Lv. 2 Legendary STR Dye -->
		</production>
	</skill>
	<skill id="17930" level="1" grade="2" category="3">
		<ingredients>
			<item id="17678" count="2" /> <!-- Lv. 3 Legendary MEN Dye -->
			<item id="39388" count="1" /> <!-- Lv. 3 Windy LUC Dye -->
			<item id="39461" count="100" /> <!-- Air Stone -->
		</ingredients>
		<production>
			<item id="39438" count="1" type="ON_SUCCESS" /> <!-- Lv. 3 Legendary MEN Dye (Luck) -->
			<item id="17678" count="1" type="ON_FAILURE" /> <!-- Lv. 3 Legendary MEN Dye -->
		</production>
	</skill>
	<skill id="17930" level="2" grade="2" category="3">
		<ingredients>
			<item id="17675" count="2" /> <!-- Lv. 3 Legendary CON Dye -->
			<item id="39388" count="1" /> <!-- Lv. 3 Windy LUC Dye -->
			<item id="39461" count="100" /> <!-- Air Stone -->
		</ingredients>
		<production>
			<item id="39435" count="1" type="ON_SUCCESS" /> <!-- Lv. 3 Legendary CON Dye (Luck) -->
			<item id="17675" count="1" type="ON_FAILURE" /> <!-- Lv. 3 Legendary CON Dye -->
		</production>
	</skill>
	<skill id="17930" level="3" grade="2" category="3">
		<ingredients>
			<item id="17677" count="2" /> <!-- Lv. 3 Legendary WIT Dye -->
			<item id="39388" count="1" /> <!-- Lv. 3 Windy LUC Dye -->
			<item id="39461" count="100" /> <!-- Air Stone -->
		</ingredients>
		<production>
			<item id="39437" count="1" type="ON_SUCCESS" /> <!-- Lv. 3 Legendary WIT Dye (Luck) -->
			<item id="17677" count="1" type="ON_FAILURE" /> <!-- Lv. 3 Legendary WIT Dye -->
		</production>
	</skill>
	<skill id="17930" level="4" grade="2" category="3">
		<ingredients>
			<item id="17674" count="2" /> <!-- Lv. 3 Legendary DEX Dye -->
			<item id="39388" count="1" /> <!-- Lv. 3 Windy LUC Dye -->
			<item id="39461" count="100" /> <!-- Air Stone -->
		</ingredients>
		<production>
			<item id="39434" count="1" type="ON_SUCCESS" /> <!-- Lv. 3 Legendary DEX Dye (Luck) -->
			<item id="17674" count="1" type="ON_FAILURE" /> <!-- Lv. 3 Legendary DEX Dye -->
		</production>
	</skill>
	<skill id="17930" level="5" grade="2" category="3">
		<ingredients>
			<item id="17676" count="2" /> <!-- Lv. 3 Legendary INT Dye -->
			<item id="39388" count="1" /> <!-- Lv. 3 Windy LUC Dye -->
			<item id="39461" count="100" /> <!-- Air Stone -->
		</ingredients>
		<production>
			<item id="39436" count="1" type="ON_SUCCESS" /> <!-- Lv. 3 Legendary INT Dye (Luck) -->
			<item id="17676" count="1" type="ON_FAILURE" /> <!-- Lv. 3 Legendary INT Dye -->
		</production>
	</skill>
	<skill id="17930" level="6" grade="2" category="3">
		<ingredients>
			<item id="17673" count="2" /> <!-- Lv. 3 Legendary STR Dye -->
			<item id="39388" count="1" /> <!-- Lv. 3 Windy LUC Dye -->
			<item id="39461" count="100" /> <!-- Air Stone -->
		</ingredients>
		<production>
			<item id="39433" count="1" type="ON_SUCCESS" /> <!-- Lv. 3 Legendary STR Dye (Luck) -->
			<item id="17673" count="1" type="ON_FAILURE" /> <!-- Lv. 3 Legendary STR Dye -->
		</production>
	</skill>
	<skill id="17931" level="1" grade="3" category="3">
		<ingredients>
			<item id="17696" count="2" /> <!-- Lv. 4 Legendary MEN Dye -->
			<item id="39389" count="1" /> <!-- Lv. 4 Windy LUC Dye -->
			<item id="39461" count="100" /> <!-- Air Stone -->
		</ingredients>
		<production>
			<item id="39444" count="1" type="ON_SUCCESS" /> <!-- Lv. 4 Legendary MEN Dye (Luck) -->
			<item id="17696" count="1" type="ON_FAILURE" /> <!-- Lv. 4 Legendary MEN Dye -->
		</production>
	</skill>
	<skill id="17931" level="2" grade="3" category="3">
		<ingredients>
			<item id="17693" count="2" /> <!-- Lv. 4 Legendary CON Dye -->
			<item id="39389" count="1" /> <!-- Lv. 4 Windy LUC Dye -->
			<item id="39461" count="100" /> <!-- Air Stone -->
		</ingredients>
		<production>
			<item id="39441" count="1" type="ON_SUCCESS" /> <!-- Lv. 4 Legendary CON Dye (Luck) -->
			<item id="17693" count="1" type="ON_FAILURE" /> <!-- Lv. 4 Legendary CON Dye -->
		</production>
	</skill>
	<skill id="17931" level="3" grade="3" category="3">
		<ingredients>
			<item id="17695" count="2" /> <!-- Lv. 4 Legendary WIT Dye -->
			<item id="39389" count="1" /> <!-- Lv. 4 Windy LUC Dye -->
			<item id="39461" count="100" /> <!-- Air Stone -->
		</ingredients>
		<production>
			<item id="39443" count="1" type="ON_SUCCESS" /> <!-- Lv. 4 Legendary WIT Dye (Luck) -->
			<item id="17695" count="1" type="ON_FAILURE" /> <!-- Lv. 4 Legendary WIT Dye -->
		</production>
	</skill>
	<skill id="17931" level="4" grade="3" category="3">
		<ingredients>
			<item id="17692" count="2" /> <!-- Lv. 4 Legendary DEX Dye -->
			<item id="39389" count="1" /> <!-- Lv. 4 Windy LUC Dye -->
			<item id="39461" count="100" /> <!-- Air Stone -->
		</ingredients>
		<production>
			<item id="39440" count="1" type="ON_SUCCESS" /> <!-- Lv. 4 Legendary DEX Dye (Luck) -->
			<item id="17692" count="1" type="ON_FAILURE" /> <!-- Lv. 4 Legendary DEX Dye -->
		</production>
	</skill>
	<skill id="17931" level="5" grade="3" category="3">
		<ingredients>
			<item id="17694" count="2" /> <!-- Lv. 4 Legendary INT Dye -->
			<item id="39389" count="1" /> <!-- Lv. 4 Windy LUC Dye -->
			<item id="39461" count="100" /> <!-- Air Stone -->
		</ingredients>
		<production>
			<item id="39442" count="1" type="ON_SUCCESS" /> <!-- Lv. 4 Legendary INT Dye (Luck) -->
			<item id="17694" count="1" type="ON_FAILURE" /> <!-- Lv. 4 Legendary INT Dye -->
		</production>
	</skill>
	<skill id="17931" level="6" grade="3" category="3">
		<ingredients>
			<item id="17691" count="2" /> <!-- Lv. 4 Legendary STR Dye -->
			<item id="39389" count="1" /> <!-- Lv. 4 Windy LUC Dye -->
			<item id="39461" count="100" /> <!-- Air Stone -->
		</ingredients>
		<production>
			<item id="39439" count="1" type="ON_SUCCESS" /> <!-- Lv. 4 Legendary STR Dye (Luck) -->
			<item id="17691" count="1" type="ON_FAILURE" /> <!-- Lv. 4 Legendary STR Dye -->
		</production>
	</skill>
	<skill id="17932" level="1" grade="1" category="3">
		<ingredients>
			<item id="17642" count="2" /> <!-- Lv. 1 Legendary MEN Dye -->
			<item id="39381" count="1" /> <!-- Lv. 1 Windy CHA Dye -->
			<item id="39461" count="100" /> <!-- Air Stone -->
		</ingredients>
		<production>
			<item id="39396" count="1" type="ON_SUCCESS" /> <!-- Lv. 1 Legendary MEN Dye (Charisma) -->
			<item id="17642" count="1" type="ON_FAILURE" /> <!-- Lv. 1 Legendary MEN Dye -->
		</production>
	</skill>
	<skill id="17932" level="2" grade="1" category="3">
		<ingredients>
			<item id="17639" count="2" /> <!-- Lv. 1 Legendary CON Dye -->
			<item id="39381" count="1" /> <!-- Lv. 1 Windy CHA Dye -->
			<item id="39461" count="100" /> <!-- Air Stone -->
		</ingredients>
		<production>
			<item id="39393" count="1" type="ON_SUCCESS" /> <!-- Lv. 1 Legendary CON Dye (Charisma) -->
			<item id="17639" count="1" type="ON_FAILURE" /> <!-- Lv. 1 Legendary CON Dye -->
		</production>
	</skill>
	<skill id="17932" level="3" grade="1" category="3">
		<ingredients>
			<item id="17641" count="2" /> <!-- Lv. 1 Legendary WIT Dye -->
			<item id="39381" count="1" /> <!-- Lv. 1 Windy CHA Dye -->
			<item id="39461" count="100" /> <!-- Air Stone -->
		</ingredients>
		<production>
			<item id="39395" count="1" type="ON_SUCCESS" /> <!-- Lv. 1 Legendary WIT Dye (Charisma) -->
			<item id="17641" count="1" type="ON_FAILURE" /> <!-- Lv. 1 Legendary WIT Dye -->
		</production>
	</skill>
	<skill id="17932" level="4" grade="1" category="3">
		<ingredients>
			<item id="17638" count="2" /> <!-- Lv. 1 Legendary DEX Dye -->
			<item id="39381" count="1" /> <!-- Lv. 1 Windy CHA Dye -->
			<item id="39461" count="100" /> <!-- Air Stone -->
		</ingredients>
		<production>
			<item id="39392" count="1" type="ON_SUCCESS" /> <!-- Lv. 1 Legendary DEX Dye (Charisma) -->
			<item id="17638" count="1" type="ON_FAILURE" /> <!-- Lv. 1 Legendary DEX Dye -->
		</production>
	</skill>
	<skill id="17932" level="5" grade="1" category="3">
		<ingredients>
			<item id="17640" count="2" /> <!-- Lv. 1 Legendary INT Dye -->
			<item id="39381" count="1" /> <!-- Lv. 1 Windy CHA Dye -->
			<item id="39461" count="100" /> <!-- Air Stone -->
		</ingredients>
		<production>
			<item id="39394" count="1" type="ON_SUCCESS" /> <!-- Lv. 1 Legendary INT Dye (Charisma) -->
			<item id="17640" count="1" type="ON_FAILURE" /> <!-- Lv. 1 Legendary INT Dye -->
		</production>
	</skill>
	<skill id="17932" level="6" grade="1" category="3">
		<ingredients>
			<item id="17637" count="2" /> <!-- Lv. 1 Legendary STR Dye -->
			<item id="39381" count="1" /> <!-- Lv. 1 Windy CHA Dye -->
			<item id="39461" count="100" /> <!-- Air Stone -->
		</ingredients>
		<production>
			<item id="39391" count="1" type="ON_SUCCESS" /> <!-- Lv. 1 Legendary STR Dye (Charisma) -->
			<item id="17637" count="1" type="ON_FAILURE" /> <!-- Lv. 1 Legendary STR Dye -->
		</production>
	</skill>
	<skill id="17933" level="1" grade="2" category="3">
		<ingredients>
			<item id="17660" count="2" /> <!-- Lv. 2 Legendary MEN Dye -->
			<item id="39382" count="1" /> <!-- Lv. 2 Windy CHA Dye -->
			<item id="39461" count="100" /> <!-- Air Stone -->
		</ingredients>
		<production>
			<item id="39402" count="1" type="ON_SUCCESS" /> <!-- Lv. 2 Legendary MEN Dye (Charisma) -->
			<item id="17660" count="1" type="ON_FAILURE" /> <!-- Lv. 2 Legendary MEN Dye -->
		</production>
	</skill>
	<skill id="17933" level="2" grade="2" category="3">
		<ingredients>
			<item id="17657" count="2" /> <!-- Lv. 2 Legendary CON Dye -->
			<item id="39382" count="1" /> <!-- Lv. 2 Windy CHA Dye -->
			<item id="39461" count="100" /> <!-- Air Stone -->
		</ingredients>
		<production>
			<item id="39399" count="1" type="ON_SUCCESS" /> <!-- Lv. 2 Legendary CON Dye (Charisma) -->
			<item id="17657" count="1" type="ON_FAILURE" /> <!-- Lv. 2 Legendary CON Dye -->
		</production>
	</skill>
	<skill id="17933" level="3" grade="2" category="3">
		<ingredients>
			<item id="17659" count="2" /> <!-- Lv. 2 Legendary WIT Dye -->
			<item id="39382" count="1" /> <!-- Lv. 2 Windy CHA Dye -->
			<item id="39461" count="100" /> <!-- Air Stone -->
		</ingredients>
		<production>
			<item id="39401" count="1" type="ON_SUCCESS" /> <!-- Lv. 2 Legendary WIT Dye (Charisma) -->
			<item id="17659" count="1" type="ON_FAILURE" /> <!-- Lv. 2 Legendary WIT Dye -->
		</production>
	</skill>
	<skill id="17933" level="4" grade="2" category="3">
		<ingredients>
			<item id="17656" count="2" /> <!-- Lv. 2 Legendary DEX Dye -->
			<item id="39382" count="1" /> <!-- Lv. 2 Windy CHA Dye -->
			<item id="39461" count="100" /> <!-- Air Stone -->
		</ingredients>
		<production>
			<item id="39398" count="1" type="ON_SUCCESS" /> <!-- Lv. 2 Legendary DEX Dye (Charisma) -->
			<item id="17656" count="1" type="ON_FAILURE" /> <!-- Lv. 2 Legendary DEX Dye -->
		</production>
	</skill>
	<skill id="17933" level="5" grade="2" category="3">
		<ingredients>
			<item id="17658" count="2" /> <!-- Lv. 2 Legendary INT Dye -->
			<item id="39382" count="1" /> <!-- Lv. 2 Windy CHA Dye -->
			<item id="39461" count="100" /> <!-- Air Stone -->
		</ingredients>
		<production>
			<item id="39400" count="1" type="ON_SUCCESS" /> <!-- Lv. 2 Legendary INT Dye (Charisma) -->
			<item id="17658" count="1" type="ON_FAILURE" /> <!-- Lv. 2 Legendary INT Dye -->
		</production>
	</skill>
	<skill id="17933" level="6" grade="2" category="3">
		<ingredients>
			<item id="17655" count="2" /> <!-- Lv. 2 Legendary STR Dye -->
			<item id="39382" count="1" /> <!-- Lv. 2 Windy CHA Dye -->
			<item id="39461" count="100" /> <!-- Air Stone -->
		</ingredients>
		<production>
			<item id="39397" count="1" type="ON_SUCCESS" /> <!-- Lv. 2 Legendary STR Dye (Charisma) -->
			<item id="17655" count="1" type="ON_FAILURE" /> <!-- Lv. 2 Legendary STR Dye -->
		</production>
	</skill>
	<skill id="17934" level="1" grade="3" category="3">
		<ingredients>
			<item id="17678" count="2" /> <!-- Lv. 3 Legendary MEN Dye -->
			<item id="39383" count="1" /> <!-- Lv. 3 Windy CHA Dye -->
			<item id="39461" count="100" /> <!-- Air Stone -->
		</ingredients>
		<production>
			<item id="39408" count="1" type="ON_SUCCESS" /> <!-- Lv. 3 Legendary MEN Dye (Charisma) -->
			<item id="17678" count="1" type="ON_FAILURE" /> <!-- Lv. 3 Legendary MEN Dye -->
		</production>
	</skill>
	<skill id="17934" level="2" grade="3" category="3">
		<ingredients>
			<item id="17675" count="2" /> <!-- Lv. 3 Legendary CON Dye -->
			<item id="39383" count="1" /> <!-- Lv. 3 Windy CHA Dye -->
			<item id="39461" count="100" /> <!-- Air Stone -->
		</ingredients>
		<production>
			<item id="39405" count="1" type="ON_SUCCESS" /> <!-- Lv. 3 Legendary CON Dye (Charisma) -->
			<item id="17675" count="1" type="ON_FAILURE" /> <!-- Lv. 3 Legendary CON Dye -->
		</production>
	</skill>
	<skill id="17934" level="3" grade="3" category="3">
		<ingredients>
			<item id="17677" count="2" /> <!-- Lv. 3 Legendary WIT Dye -->
			<item id="39383" count="1" /> <!-- Lv. 3 Windy CHA Dye -->
			<item id="39461" count="100" /> <!-- Air Stone -->
		</ingredients>
		<production>
			<item id="39407" count="1" type="ON_SUCCESS" /> <!-- Lv. 3 Legendary WIT Dye (Charisma) -->
			<item id="17677" count="1" type="ON_FAILURE" /> <!-- Lv. 3 Legendary WIT Dye -->
		</production>
	</skill>
	<skill id="17934" level="4" grade="3" category="3">
		<ingredients>
			<item id="17674" count="2" /> <!-- Lv. 3 Legendary DEX Dye -->
			<item id="39383" count="1" /> <!-- Lv. 3 Windy CHA Dye -->
			<item id="39461" count="100" /> <!-- Air Stone -->
		</ingredients>
		<production>
			<item id="39404" count="1" type="ON_SUCCESS" /> <!-- Lv. 3 Legendary DEX Dye (Charisma) -->
			<item id="17674" count="1" type="ON_FAILURE" /> <!-- Lv. 3 Legendary DEX Dye -->
		</production>
	</skill>
	<skill id="17934" level="5" grade="3" category="3">
		<ingredients>
			<item id="17676" count="2" /> <!-- Lv. 3 Legendary INT Dye -->
			<item id="39383" count="1" /> <!-- Lv. 3 Windy CHA Dye -->
			<item id="39461" count="100" /> <!-- Air Stone -->
		</ingredients>
		<production>
			<item id="39406" count="1" type="ON_SUCCESS" /> <!-- Lv. 3 Legendary INT Dye (Charisma) -->
			<item id="17676" count="1" type="ON_FAILURE" /> <!-- Lv. 3 Legendary INT Dye -->
		</production>
	</skill>
	<skill id="17934" level="6" grade="3" category="3">
		<ingredients>
			<item id="17673" count="2" /> <!-- Lv. 3 Legendary STR Dye -->
			<item id="39383" count="1" /> <!-- Lv. 3 Windy CHA Dye -->
			<item id="39461" count="100" /> <!-- Air Stone -->
		</ingredients>
		<production>
			<item id="39403" count="1" type="ON_SUCCESS" /> <!-- Lv. 3 Legendary STR Dye (Charisma) -->
			<item id="17673" count="1" type="ON_FAILURE" /> <!-- Lv. 3 Legendary STR Dye -->
		</production>
	</skill>
	<skill id="17935" level="1" grade="3" category="3">
		<ingredients>
			<item id="17696" count="2" /> <!-- Lv. 4 Legendary MEN Dye -->
			<item id="39384" count="1" /> <!-- Lv. 4 Windy CHA Dye -->
			<item id="39461" count="100" /> <!-- Air Stone -->
		</ingredients>
		<production>
			<item id="39414" count="1" type="ON_SUCCESS" /> <!-- Lv. 4 Legendary MEN Dye (Charisma) -->
			<item id="17696" count="1" type="ON_FAILURE" /> <!-- Lv. 4 Legendary MEN Dye -->
		</production>
	</skill>
	<skill id="17935" level="2" grade="3" category="3">
		<ingredients>
			<item id="17693" count="2" /> <!-- Lv. 4 Legendary CON Dye -->
			<item id="39384" count="1" /> <!-- Lv. 4 Windy CHA Dye -->
			<item id="39461" count="100" /> <!-- Air Stone -->
		</ingredients>
		<production>
			<item id="39411" count="1" type="ON_SUCCESS" /> <!-- Lv. 4 Legendary CON Dye (Charisma) -->
			<item id="17693" count="1" type="ON_FAILURE" /> <!-- Lv. 4 Legendary CON Dye -->
		</production>
	</skill>
	<skill id="17935" level="3" grade="3" category="3">
		<ingredients>
			<item id="17695" count="2" /> <!-- Lv. 4 Legendary WIT Dye -->
			<item id="39384" count="1" /> <!-- Lv. 4 Windy CHA Dye -->
			<item id="39461" count="100" /> <!-- Air Stone -->
		</ingredients>
		<production>
			<item id="39413" count="1" type="ON_SUCCESS" /> <!-- Lv. 4 Legendary WIT Dye (Charisma) -->
			<item id="17695" count="1" type="ON_FAILURE" /> <!-- Lv. 4 Legendary WIT Dye -->
		</production>
	</skill>
	<skill id="17935" level="4" grade="3" category="3">
		<ingredients>
			<item id="17692" count="2" /> <!-- Lv. 4 Legendary DEX Dye -->
			<item id="39384" count="1" /> <!-- Lv. 4 Windy CHA Dye -->
			<item id="39461" count="100" /> <!-- Air Stone -->
		</ingredients>
		<production>
			<item id="39410" count="1" type="ON_SUCCESS" /> <!-- Lv. 4 Legendary DEX Dye (Charisma) -->
			<item id="17692" count="1" type="ON_FAILURE" /> <!-- Lv. 4 Legendary DEX Dye -->
		</production>
	</skill>
	<skill id="17935" level="5" grade="3" category="3">
		<ingredients>
			<item id="17694" count="2" /> <!-- Lv. 4 Legendary INT Dye -->
			<item id="39384" count="1" /> <!-- Lv. 4 Windy CHA Dye -->
			<item id="39461" count="100" /> <!-- Air Stone -->
		</ingredients>
		<production>
			<item id="39412" count="1" type="ON_SUCCESS" /> <!-- Lv. 4 Legendary INT Dye (Charisma) -->
			<item id="17694" count="1" type="ON_FAILURE" /> <!-- Lv. 4 Legendary INT Dye -->
		</production>
	</skill>
	<skill id="17935" level="6" grade="3" category="3">
		<ingredients>
			<item id="17691" count="2" /> <!-- Lv. 4 Legendary STR Dye -->
			<item id="39384" count="1" /> <!-- Lv. 4 Windy CHA Dye -->
			<item id="39461" count="100" /> <!-- Air Stone -->
		</ingredients>
		<production>
			<item id="39409" count="1" type="ON_SUCCESS" /> <!-- Lv. 4 Legendary STR Dye (Charisma) -->
			<item id="17691" count="1" type="ON_FAILURE" /> <!-- Lv. 4 Legendary STR Dye -->
		</production>
	</skill>
	<skill id="17936" level="1" grade="4" category="3">
		<ingredients>
			<item id="17714" count="2" /> <!-- Lv. 5 Legendary MEN Dye -->
			<item id="39390" count="1" /> <!-- Lv. 5 Windy LUC Dye -->
			<item id="39592" count="1" /> <!-- Tempest Stone -->
		</ingredients>
		<production>
			<item id="39450" count="1" type="ON_SUCCESS" /> <!-- Lv. 5 Legendary MEN Dye (Luck) -->
			<item id="17714" count="1" type="ON_FAILURE" /> <!-- Lv. 5 Legendary MEN Dye -->
		</production>
	</skill>
	<skill id="17936" level="2" grade="4" category="3">
		<ingredients>
			<item id="17711" count="2" /> <!-- Lv. 5 Legendary CON Dye -->
			<item id="39390" count="1" /> <!-- Lv. 5 Windy LUC Dye -->
			<item id="39592" count="1" /> <!-- Tempest Stone -->
		</ingredients>
		<production>
			<item id="39447" count="1" type="ON_SUCCESS" /> <!-- Lv. 5 Legendary CON Dye (Luck) -->
			<item id="17711" count="1" type="ON_FAILURE" /> <!-- Lv. 5 Legendary CON Dye -->
		</production>
	</skill>
	<skill id="17936" level="3" grade="4" category="3">
		<ingredients>
			<item id="17713" count="2" /> <!-- Lv. 5 Legendary WIT Dye -->
			<item id="39390" count="1" /> <!-- Lv. 5 Windy LUC Dye -->
			<item id="39592" count="1" /> <!-- Tempest Stone -->
		</ingredients>
		<production>
			<item id="39449" count="1" type="ON_SUCCESS" /> <!-- Lv. 5 Legendary WIT Dye (Luck) -->
			<item id="17713" count="1" type="ON_FAILURE" /> <!-- Lv. 5 Legendary WIT Dye -->
		</production>
	</skill>
	<skill id="17936" level="4" grade="4" category="3">
		<ingredients>
			<item id="17710" count="2" /> <!-- Lv. 5 Legendary DEX Dye -->
			<item id="39390" count="1" /> <!-- Lv. 5 Windy LUC Dye -->
			<item id="39592" count="1" /> <!-- Tempest Stone -->
		</ingredients>
		<production>
			<item id="39446" count="1" type="ON_SUCCESS" /> <!-- Lv. 5 Legendary DEX Dye (Luck) -->
			<item id="17710" count="1" type="ON_FAILURE" /> <!-- Lv. 5 Legendary DEX Dye -->
		</production>
	</skill>
	<skill id="17936" level="5" grade="4" category="3">
		<ingredients>
			<item id="17712" count="2" /> <!-- Lv. 5 Legendary INT Dye -->
			<item id="39390" count="1" /> <!-- Lv. 5 Windy LUC Dye -->
			<item id="39592" count="1" /> <!-- Tempest Stone -->
		</ingredients>
		<production>
			<item id="39448" count="1" type="ON_SUCCESS" /> <!-- Lv. 5 Legendary INT Dye (Luck) -->
			<item id="17712" count="1" type="ON_FAILURE" /> <!-- Lv. 5 Legendary INT Dye -->
		</production>
	</skill>
	<skill id="17936" level="6" grade="4" category="3">
		<ingredients>
			<item id="17709" count="2" /> <!-- Lv. 5 Legendary STR Dye -->
			<item id="39390" count="1" /> <!-- Lv. 5 Windy LUC Dye -->
			<item id="39592" count="1" /> <!-- Tempest Stone -->
		</ingredients>
		<production>
			<item id="39445" count="1" type="ON_SUCCESS" /> <!-- Lv. 5 Legendary STR Dye (Luck) -->
			<item id="17709" count="1" type="ON_FAILURE" /> <!-- Lv. 5 Legendary STR Dye -->
		</production>
	</skill>
	<skill id="17936" level="7" grade="4" category="3">
		<ingredients>
			<item id="17714" count="2" /> <!-- Lv. 5 Legendary MEN Dye -->
			<item id="39385" count="1" /> <!-- Lv. 5 Windy CHA Dye -->
			<item id="39592" count="1" /> <!-- Tempest Stone -->
		</ingredients>
		<production>
			<item id="39420" count="1" type="ON_SUCCESS" /> <!-- Lv. 5 Legendary MEN Dye (Charisma) -->
			<item id="17714" count="1" type="ON_FAILURE" /> <!-- Lv. 5 Legendary MEN Dye -->
		</production>
	</skill>
	<skill id="17936" level="8" grade="4" category="3">
		<ingredients>
			<item id="17711" count="2" /> <!-- Lv. 5 Legendary CON Dye -->
			<item id="39385" count="1" /> <!-- Lv. 5 Windy CHA Dye -->
			<item id="39592" count="1" /> <!-- Tempest Stone -->
		</ingredients>
		<production>
			<item id="39417" count="1" type="ON_SUCCESS" /> <!-- Lv. 5 Legendary CON Dye (Charisma) -->
			<item id="17711" count="1" type="ON_FAILURE" /> <!-- Lv. 5 Legendary CON Dye -->
		</production>
	</skill>
	<skill id="17936" level="9" grade="4" category="3">
		<ingredients>
			<item id="17713" count="2" /> <!-- Lv. 5 Legendary WIT Dye -->
			<item id="39385" count="1" /> <!-- Lv. 5 Windy CHA Dye -->
			<item id="39592" count="1" /> <!-- Tempest Stone -->
		</ingredients>
		<production>
			<item id="39419" count="1" type="ON_SUCCESS" /> <!-- Lv. 5 Legendary WIT Dye (Charisma) -->
			<item id="17713" count="1" type="ON_FAILURE" /> <!-- Lv. 5 Legendary WIT Dye -->
		</production>
	</skill>
	<skill id="17936" level="10" grade="4" category="3">
		<ingredients>
			<item id="17710" count="2" /> <!-- Lv. 5 Legendary DEX Dye -->
			<item id="39385" count="1" /> <!-- Lv. 5 Windy CHA Dye -->
			<item id="39592" count="1" /> <!-- Tempest Stone -->
		</ingredients>
		<production>
			<item id="39416" count="1" type="ON_SUCCESS" /> <!-- Lv. 5 Legendary DEX Dye (Charisma) -->
			<item id="17710" count="1" type="ON_FAILURE" /> <!-- Lv. 5 Legendary DEX Dye -->
		</production>
	</skill>
	<skill id="17936" level="11" grade="4" category="3">
		<ingredients>
			<item id="17712" count="2" /> <!-- Lv. 5 Legendary INT Dye -->
			<item id="39385" count="1" /> <!-- Lv. 5 Windy CHA Dye -->
			<item id="39592" count="1" /> <!-- Tempest Stone -->
		</ingredients>
		<production>
			<item id="39418" count="1" type="ON_SUCCESS" /> <!-- Lv. 5 Legendary INT Dye (Charisma) -->
			<item id="17712" count="1" type="ON_FAILURE" /> <!-- Lv. 5 Legendary INT Dye -->
		</production>
	</skill>
	<skill id="17936" level="12" grade="4" category="3">
		<ingredients>
			<item id="17709" count="2" /> <!-- Lv. 5 Legendary STR Dye -->
			<item id="39385" count="1" /> <!-- Lv. 5 Windy CHA Dye -->
			<item id="39592" count="1" /> <!-- Tempest Stone -->
		</ingredients>
		<production>
			<item id="39415" count="1" type="ON_SUCCESS" /> <!-- Lv. 5 Legendary STR Dye (Charisma) -->
			<item id="17709" count="1" type="ON_FAILURE" /> <!-- Lv. 5 Legendary STR Dye -->
		</production>
	</skill>
	<skill id="17936" level="13" grade="4" category="3">
		<ingredients>
			<item id="39385" count="2" /> <!-- Lv. 5 Windy CHA Dye -->
			<item id="39390" count="1" /> <!-- Lv. 5 Windy LUC Dye -->
			<item id="39592" count="1" /> <!-- Tempest Stone -->
		</ingredients>
		<production>
			<item id="39455" count="1" type="ON_SUCCESS" /> <!-- Lv. 5 Windy CHA Dye (Luck) -->
			<item id="39385" count="1" type="ON_FAILURE" /> <!-- Lv. 5 Windy CHA Dye -->
		</production>
	</skill>
	<skill id="17936" level="14" grade="4" category="3">
		<ingredients>
			<item id="39390" count="2" /> <!-- Lv. 5 Windy LUC Dye -->
			<item id="39385" count="1" /> <!-- Lv. 5 Windy CHA Dye -->
			<item id="39592" count="1" /> <!-- Tempest Stone -->
		</ingredients>
		<production>
			<item id="39460" count="1" type="ON_SUCCESS" /> <!-- Lv. 5 Windy LUC Dye (Charisma) -->
			<item id="39390" count="1" type="ON_FAILURE" /> <!-- Lv. 5 Windy LUC Dye -->
		</production>
	</skill>
	<skill id="17941" level="1" grade="1" category="3">
		<ingredients>
			<item id="39381" count="2" /> <!-- Lv. 1 Windy CHA Dye -->
			<item id="39386" count="1" /> <!-- Lv. 1 Windy LUC Dye -->
			<item id="39461" count="100" /> <!-- Air Stone -->
		</ingredients>
		<production>
			<item id="39451" count="1" type="ON_SUCCESS" /> <!-- Lv. 1 Windy CHA Dye (Luck) -->
			<item id="39381" count="1" type="ON_FAILURE" /> <!-- Lv. 1 Windy CHA Dye -->
		</production>
	</skill>
	<skill id="17941" level="2" grade="2" category="3">
		<ingredients>
			<item id="39382" count="2" /> <!-- Lv. 2 Windy CHA Dye -->
			<item id="39387" count="1" /> <!-- Lv. 2 Windy LUC Dye -->
			<item id="39461" count="100" /> <!-- Air Stone -->
		</ingredients>
		<production>
			<item id="39452" count="1" type="ON_SUCCESS" /> <!-- Lv. 2 Windy CHA Dye (Luck) -->
			<item id="39382" count="1" type="ON_FAILURE" /> <!-- Lv. 2 Windy CHA Dye -->
		</production>
	</skill>
	<skill id="17941" level="3" grade="3" category="3">
		<ingredients>
			<item id="39383" count="2" /> <!-- Lv. 3 Windy CHA Dye -->
			<item id="39388" count="1" /> <!-- Lv. 3 Windy LUC Dye -->
			<item id="39461" count="100" /> <!-- Air Stone -->
		</ingredients>
		<production>
			<item id="39453" count="1" type="ON_SUCCESS" /> <!-- Lv. 3 Windy CHA Dye (Luck) -->
			<item id="39383" count="1" type="ON_FAILURE" /> <!-- Lv. 3 Windy CHA Dye -->
		</production>
	</skill>
	<skill id="17941" level="4" grade="3" category="3">
		<ingredients>
			<item id="39384" count="2" /> <!-- Lv. 4 Windy CHA Dye -->
			<item id="39389" count="1" /> <!-- Lv. 4 Windy LUC Dye -->
			<item id="39461" count="100" /> <!-- Air Stone -->
		</ingredients>
		<production>
			<item id="39454" count="1" type="ON_SUCCESS" /> <!-- Lv. 4 Windy CHA Dye (Luck) -->
			<item id="39384" count="1" type="ON_FAILURE" /> <!-- Lv. 4 Windy CHA Dye -->
		</production>
	</skill>
	<skill id="17942" level="1" grade="1" category="3">
		<ingredients>
			<item id="39386" count="2" /> <!-- Lv. 1 Windy LUC Dye -->
			<item id="39381" count="1" /> <!-- Lv. 1 Windy CHA Dye -->
			<item id="39461" count="100" /> <!-- Air Stone -->
		</ingredients>
		<production>
			<item id="39456" count="1" type="ON_SUCCESS" /> <!-- Lv. 1 Windy LUC Dye (Charisma) -->
			<item id="39386" count="1" type="ON_FAILURE" /> <!-- Lv. 1 Windy LUC Dye -->
		</production>
	</skill>
	<skill id="17942" level="2" grade="2" category="3">
		<ingredients>
			<item id="39387" count="2" /> <!-- Lv. 2 Windy LUC Dye -->
			<item id="39382" count="1" /> <!-- Lv. 2 Windy CHA Dye -->
			<item id="39461" count="100" /> <!-- Air Stone -->
		</ingredients>
		<production>
			<item id="39457" count="1" type="ON_SUCCESS" /> <!-- Lv. 2 Windy LUC Dye (Charisma) -->
			<item id="39387" count="1" type="ON_FAILURE" /> <!-- Lv. 2 Windy LUC Dye -->
		</production>
	</skill>
	<skill id="17942" level="3" grade="3" category="3">
		<ingredients>
			<item id="39388" count="2" /> <!-- Lv. 3 Windy LUC Dye -->
			<item id="39383" count="1" /> <!-- Lv. 3 Windy CHA Dye -->
			<item id="39461" count="100" /> <!-- Air Stone -->
		</ingredients>
		<production>
			<item id="39458" count="1" type="ON_SUCCESS" /> <!-- Lv. 3 Windy LUC Dye (Charisma) -->
			<item id="39388" count="1" type="ON_FAILURE" /> <!-- Lv. 3 Windy LUC Dye -->
		</production>
	</skill>
	<skill id="17942" level="4" grade="3" category="3">
		<ingredients>
			<item id="39389" count="2" /> <!-- Lv. 4 Windy LUC Dye -->
			<item id="39384" count="1" /> <!-- Lv. 4 Windy CHA Dye -->
			<item id="39461" count="100" /> <!-- Air Stone -->
		</ingredients>
		<production>
			<item id="39459" count="1" type="ON_SUCCESS" /> <!-- Lv. 4 Windy LUC Dye (Charisma) -->
			<item id="39389" count="1" type="ON_FAILURE" /> <!-- Lv. 4 Windy LUC Dye -->
		</production>
	</skill>
	<skill id="18370" level="1" grade="1" category="4">
		<ingredients>
			<item id="45929" count="5" /> <!-- Spirit Stone -->
			<item id="39461" count="300" /> <!-- Air Stone -->
		</ingredients>
		<production>
			<item id="45930" count="1" type="ON_SUCCESS" /> <!-- Mid-grade Spirit Stone -->
			<item id="45929" count="1" type="ON_FAILURE" /> <!-- Spirit Stone -->
		</production>
	</skill>
	<skill id="18371" level="1" grade="2" category="4">
		<ingredients>
			<item id="45930" count="4" /> <!-- Mid-grade Spirit Stone -->
			<item id="39461" count="300" /> <!-- Air Stone -->
		</ingredients>
		<production>
			<item id="45931" count="1" type="ON_SUCCESS" /> <!-- High-grade Spirit Stone -->
			<item id="45930" count="1" type="ON_FAILURE" /> <!-- Mid-grade Spirit Stone -->
		</production>
	</skill>
	<skill id="18372" level="1" grade="3" category="4">
		<ingredients>
			<item id="45931" count="3" /> <!-- High-grade Spirit Stone -->
			<item id="39461" count="300" /> <!-- Air Stone -->
		</ingredients>
		<production>
			<item id="45932" count="1" type="ON_SUCCESS" /> <!-- Top-grade Spirit Stone -->
			<item id="45931" count="1" type="ON_FAILURE" /> <!-- High-grade Spirit Stone -->
		</production>
	</skill>
	<skill id="18373" level="1" grade="4" category="4">
		<ingredients>
			<item id="45932" count="10" /> <!-- Top-grade Spirit Stone -->
			<item id="36515" count="3" /> <!-- Elcyum -->
			<item id="39592" count="1" /> <!-- Tempest Stone -->
		</ingredients>
		<production>
			<item id="36731" count="1" type="ON_SUCCESS" /> <!-- Life Stone Instilled with Giants' Power -->
			<item id="45932" count="1" type="ON_FAILURE" /> <!-- Top-grade Spirit Stone -->
		</production>
	</skill>
	<skill id="18522" level="1" grade="1" category="1">
		<ingredients>
			<item id="36513" count="1" /> <!-- Elcyum Powder -->
			<item id="39461" count="300" /> <!-- Air Stone -->
		</ingredients>
		<production>
			<item id="46531" count="1" type="ON_SUCCESS" /> <!-- Flash Grenade -->
			<item id="36513" count="1" type="ON_FAILURE" /> <!-- Elcyum Powder -->
		</production>
	</skill>
	<skill id="26906" level="1" grade="1" category="1">
		<ingredients>
			<item id="17371" count="20" /> <!-- Crystal (R-grade) -->
			<item id="39461" count="1" /> <!-- Air Stone -->
		</ingredients>
		<production>
			<item id="24368" count="1" type="ON_SUCCESS" /> <!-- Sayha's Rune: Growth -->
			<item id="17371" count="1" type="ON_FAILURE" /> <!-- Crystal (R-grade) -->
		</production>
	</skill>
	<skill id="26906" level="2" grade="1" category="1">
		<ingredients>
			<item id="24368" count="1" /> <!-- Sayha's Rune: Growth -->
			<item id="39461" count="1" /> <!-- Air Stone -->
		</ingredients>
		<production>
			<item id="24369" count="1" type="ON_SUCCESS" /> <!-- Sayha's Rune: Growth -->
			<item id="24368" count="1" type="ON_FAILURE" /> <!-- Sayha's Rune: Growth -->
		</production>
	</skill>
	<skill id="26906" level="3" grade="2" category="1">
		<ingredients>
			<item id="24369" count="1" /> <!-- Sayha's Rune: Growth -->
			<item id="39461" count="1" /> <!-- Air Stone -->
		</ingredients>
		<production>
			<item id="24370" count="1" type="ON_SUCCESS" /> <!-- Sayha's Rune: Growth -->
			<item id="24369" count="1" type="ON_FAILURE" /> <!-- Sayha's Rune: Growth -->
		</production>
	</skill>
	<skill id="26906" level="4" grade="3" category="1">
		<ingredients>
			<item id="24370" count="1" /> <!-- Sayha's Rune: Growth -->
			<item id="39461" count="1" /> <!-- Air Stone -->
		</ingredients>
		<production>
			<item id="24371" count="1" type="ON_SUCCESS" /> <!-- Sayha's Rune: Growth -->
			<item id="24370" count="1" type="ON_FAILURE" /> <!-- Sayha's Rune: Growth -->
		</production>
	</skill>
	<skill id="26907" level="1" grade="1" category="1">
		<ingredients>
			<item id="17371" count="20" /> <!-- Crystal (R-grade) -->
			<item id="39461" count="1" /> <!-- Air Stone -->
		</ingredients>
		<production>
			<item id="24372" count="1" type="ON_SUCCESS" /> <!-- Sayha's Rune: Skill -->
			<item id="17371" count="1" type="ON_FAILURE" /> <!-- Crystal (R-grade) -->
		</production>
	</skill>
	<skill id="26907" level="2" grade="1" category="1">
		<ingredients>
			<item id="24372" count="1" /> <!-- Sayha's Rune: Skill -->
			<item id="39461" count="1" /> <!-- Air Stone -->
		</ingredients>
		<production>
			<item id="24373" count="1" type="ON_SUCCESS" /> <!-- Sayha's Rune: Skill -->
			<item id="24372" count="1" type="ON_FAILURE" /> <!-- Sayha's Rune: Skill -->
		</production>
	</skill>
	<skill id="26907" level="3" grade="2" category="1">
		<ingredients>
			<item id="24373" count="1" /> <!-- Sayha's Rune: Skill -->
			<item id="39461" count="1" /> <!-- Air Stone -->
		</ingredients>
		<production>
			<item id="24374" count="1" type="ON_SUCCESS" /> <!-- Sayha's Rune: Skill -->
			<item id="24373" count="1" type="ON_FAILURE" /> <!-- Sayha's Rune: Skill -->
		</production>
	</skill>
	<skill id="26907" level="4" grade="3" category="1">
		<ingredients>
			<item id="24374" count="1" /> <!-- Sayha's Rune: Skill -->
			<item id="39461" count="1" /> <!-- Air Stone -->
		</ingredients>
		<production>
			<item id="24375" count="1" type="ON_SUCCESS" /> <!-- Sayha's Rune: Skill -->
			<item id="24374" count="1" type="ON_FAILURE" /> <!-- Sayha's Rune: Skill -->
		</production>
	</skill>
	<skill id="26908" level="1" grade="1" category="1">
		<ingredients>
			<item id="17371" count="20" /> <!-- Crystal (R-grade) -->
			<item id="39461" count="1" /> <!-- Air Stone -->
		</ingredients>
		<production>
			<item id="24376" count="1" type="ON_SUCCESS" /> <!-- Sayha's Rune: Luck -->
			<item id="17371" count="1" type="ON_FAILURE" /> <!-- Crystal (R-grade) -->
		</production>
	</skill>
	<skill id="26908" level="2" grade="1" category="1">
		<ingredients>
			<item id="24376" count="1" /> <!-- Sayha's Rune: Luck -->
			<item id="39461" count="1" /> <!-- Air Stone -->
		</ingredients>
		<production>
			<item id="24377" count="1" type="ON_SUCCESS" /> <!-- Sayha's Rune: Luck -->
			<item id="24376" count="1" type="ON_FAILURE" /> <!-- Sayha's Rune: Luck -->
		</production>
	</skill>
	<skill id="26908" level="3" grade="2" category="1">
		<ingredients>
			<item id="24377" count="1" /> <!-- Sayha's Rune: Luck -->
			<item id="39461" count="1" /> <!-- Air Stone -->
		</ingredients>
		<production>
			<item id="24378" count="1" type="ON_SUCCESS" /> <!-- Sayha's Rune: Luck -->
			<item id="24377" count="1" type="ON_FAILURE" /> <!-- Sayha's Rune: Luck -->
		</production>
	</skill>
	<skill id="26908" level="4" grade="3" category="1">
		<ingredients>
			<item id="24378" count="1" /> <!-- Sayha's Rune: Luck -->
			<item id="39461" count="1" /> <!-- Air Stone -->
		</ingredients>
		<production>
			<item id="24379" count="1" type="ON_SUCCESS" /> <!-- Sayha's Rune: Luck -->
			<item id="24378" count="1" type="ON_FAILURE" /> <!-- Sayha's Rune: Luck -->
		</production>
	</skill>
	<skill id="26909" level="1" grade="1" category="1">
		<ingredients>
			<item id="24368" count="1" /> <!-- Sayha's Rune: Growth -->
			<item id="24372" count="1" /> <!-- Sayha's Rune: Skill -->
			<item id="24376" count="1" /> <!-- Sayha's Rune: Luck -->
		</ingredients>
		<production>
			<item id="24380" count="1" type="ON_SUCCESS" /> <!-- Sayha's Rune -->
			<item id="24368" count="1" type="ON_FAILURE" /> <!-- Sayha's Rune: Growth -->
		</production>
	</skill>
	<skill id="26909" level="2" grade="1" category="1">
		<ingredients>
			<item id="24369" count="1" /> <!-- Sayha's Rune: Growth -->
			<item id="24373" count="1" /> <!-- Sayha's Rune: Skill -->
			<item id="24377" count="1" /> <!-- Sayha's Rune: Luck -->
		</ingredients>
		<production>
			<item id="24381" count="1" type="ON_SUCCESS" /> <!-- Sayha's Rune -->
			<item id="24369" count="1" type="ON_FAILURE" /> <!-- Sayha's Rune: Growth -->
		</production>
	</skill>
	<skill id="26909" level="3" grade="2" category="1">
		<ingredients>
			<item id="24370" count="1" /> <!-- Sayha's Rune: Growth -->
			<item id="24374" count="1" /> <!-- Sayha's Rune: Skill -->
			<item id="24378" count="1" /> <!-- Sayha's Rune: Luck -->
		</ingredients>
		<production>
			<item id="24382" count="1" type="ON_SUCCESS" /> <!-- Sayha's Rune -->
			<item id="24370" count="1" type="ON_FAILURE" /> <!-- Sayha's Rune: Growth -->
		</production>
	</skill>
	<skill id="26909" level="4" grade="3" category="1">
		<ingredients>
			<item id="24371" count="1" /> <!-- Sayha's Rune: Growth -->
			<item id="24375" count="1" /> <!-- Sayha's Rune: Skill -->
			<item id="24379" count="1" /> <!-- Sayha's Rune: Luck -->
		</ingredients>
		<production>
			<item id="24383" count="1" type="ON_SUCCESS" /> <!-- Sayha's Rune -->
			<item id="24371" count="1" type="ON_FAILURE" /> <!-- Sayha's Rune: Growth -->
		</production>
	</skill>
</list>