<?xml version="1.0" encoding="UTF-8"?>
<list xmlns:xsi="http://www.w3.org/2001/XMLSchema-instance" xsi:noNamespaceSchemaLocation="xsd/AttendanceRewards.xsd">
	<item id="48848" count="12" /> <!-- Freya's Ice Rose -->
	<item id="48857" count="12" /> <!-- Shining Dragon Attribute Tonic (XP) -->
	<item id="40231" count="36" /> <!-- Freya's Frozen Scroll -->
	<item id="81013" count="12" /> <!-- Shining Nevit's Gold Hourglass -->
	<item id="81011" count="12" /> <!-- Honey Dark Beer -->
	<item id="81053" count="120" /> <!-- Vitality -->
	<item id="48309" count="1" /> <!-- Blessed Valakas' Necklace - Mind -->
	
	<item id="48848" count="12" /> <!-- Freya's Ice Rose -->
	<item id="48857" count="12" /> <!-- Shining Dragon Attribute Tonic (XP) -->
	<item id="40231" count="36" /> <!-- Freya's Frozen Scroll -->
	<item id="81013" count="12" /> <!-- Shining Nevit's Gold Hourglass -->
	<item id="81011" count="12" /> <!-- Honey Dark Beer -->
	<item id="81053" count="120" /> <!-- Vitality -->
	<item id="29679" count="1" /> <!-- Silver Strider Rider Scroll -->
	
	<item id="48848" count="24" /> <!-- Freya's Ice Rose -->
	<item id="48857" count="24" /> <!-- Shining Dragon Attribute Tonic (XP) -->
	<item id="40231" count="72" /> <!-- Freya's Frozen Scroll -->
	<item id="81013" count="24" /> <!-- Shining Nevit's Gold Hourglass -->
	<item id="81011" count="24" /> <!-- Honey Dark Beer -->
	<item id="81053" count="240" /> <!-- Vitality -->
	<item id="48305" count="1" /> <!-- Blessed Antharas' Earring - Shield -->
	
	<item id="48848" count="24" /> <!-- Freya's Ice Rose -->
	<item id="48857" count="24" /> <!-- Shining Dragon Attribute Tonic (XP) -->
	<item id="40231" count="72" /> <!-- Freya's Frozen Scroll -->
	<item id="81013" count="24" /> <!-- Shining Nevit's Gold Hourglass -->
	<item id="81011" count="24" /> <!-- Honey Dark Beer -->
	<item id="81053" count="240" /> <!-- Vitality -->
	<item id="48313" count="1" /> <!-- Lindvior's Earring - Pure -->
</list>