<?xml version="1.0" encoding="UTF-8"?>
<list xmlns:xsi="http://www.w3.org/2001/XMLSchema-instance" xsi:noNamespaceSchemaLocation="xsd/CollectionData.xsd">
	<collection id="1" optionId="35799" category="1" completeCount="4"> <!-- Blood Whirlwind -->
		<item id="80135" count="1" enchantLevel="20" /> <!-- Enhanced Krishna Slasher -->
		<item id="17418" count="1" enchantLevel="20" /> <!-- Helios Slasher -->
		<item id="18071" count="1" enchantLevel="20" /> <!-- Blessed Helios Slasher -->
		<item id="47951" count="300" enchantLevel="0" /> <!-- Crystal of Determination -->
		<item id="80130" count="20" enchantLevel="0" /> <!-- Superior Weapon Augmenting Stone -->
	</collection>
	<collection id="2" optionId="35800" category="1" completeCount="4"> <!-- Blood Shadow Retributer -->
		<item id="80143" count="1" enchantLevel="20" /> <!-- Enhanced Krishna Retributer -->
		<item id="17426" count="1" enchantLevel="20" /> <!-- Helios Retributer -->
		<item id="18079" count="1" enchantLevel="20" /> <!-- Blessed Helios Retributer -->
		<item id="47951" count="300" enchantLevel="0" /> <!-- Crystal of Determination -->
		<item id="80130" count="20" enchantLevel="0" /> <!-- Superior Weapon Augmenting Stone -->
	</collection>
	<collection id="3" optionId="35801" category="1" completeCount="4"> <!-- Abyssal Sculptor -->
		<item id="80133" count="1" enchantLevel="11" /> <!-- Enhanced Krishna Shaper -->
		<item id="80134" count="1" enchantLevel="11" /> <!-- Enhanced Krishna Cutter -->
		<item id="80136" count="1" enchantLevel="11" /> <!-- Enhanced Krishna Avenger -->
		<item id="80130" count="20" enchantLevel="0" /> <!-- Superior Weapon Augmenting Stone -->
	</collection>
	<collection id="4" optionId="35802" category="1" completeCount="2"> <!-- Abyssal Warrior -->
		<item id="80137" count="1" enchantLevel="5" /> <!-- Enhanced Krishna Fighter -->
		<item id="80138" count="1" enchantLevel="5" /> <!-- Enhanced Krishna Stormer -->
	</collection>
	<collection id="5" optionId="35803" category="1" completeCount="4"> <!-- Dual Daggers of Abyss -->
		<item id="80145" count="1" enchantLevel="11" /> <!-- Enhanced Krishna Dual Daggers -->
		<item id="80144" count="1" enchantLevel="11" /> <!-- Enhanced Krishna Dual Swords -->
		<item id="80103" count="1" enchantLevel="11" /> <!-- Krishna Dual Blunt Weapons -->
		<item id="80130" count="20" enchantLevel="0" /> <!-- Superior Weapon Augmenting Stone -->
	</collection>
	<collection id="6" optionId="35804" category="1" completeCount="3"> <!-- Abyssal Burst -->
		<item id="80139" count="1" enchantLevel="13" /> <!-- Enhanced Krishna Thrower -->
		<item id="80140" count="1" enchantLevel="13" /> <!-- Enhanced Krishna Guardian -->
		<item id="80130" count="20" enchantLevel="0" /> <!-- Superior Weapon Augmenting Stone -->
	</collection>
	<collection id="7" optionId="35805" category="1" completeCount="4"> <!-- Abyssal Buster -->
		<item id="80141" count="1" enchantLevel="11" /> <!-- Enhanced Krishna Buster -->
		<item id="80142" count="1" enchantLevel="11" /> <!-- Enhanced Krishna Caster -->
		<item id="80143" count="1" enchantLevel="11" /> <!-- Enhanced Krishna Retributer -->
		<item id="80130" count="20" enchantLevel="0" /> <!-- Superior Weapon Augmenting Stone -->
	</collection>
	<collection id="8" optionId="35806" category="1" completeCount="3"> <!-- Krishna's Sharpness -->
		<item id="80135" count="1" enchantLevel="23" /> <!-- Enhanced Krishna Slasher -->
		<item id="80130" count="40" enchantLevel="0" /> <!-- Superior Weapon Augmenting Stone -->
		<item id="36386" count="30" enchantLevel="0" /> <!-- Giant's Scroll: Enchant R-grade Weapon -->
	</collection>
	<collection id="9" optionId="35807" category="1" completeCount="3"> <!-- Burning Krishna -->
		<item id="80143" count="1" enchantLevel="23" /> <!-- Enhanced Krishna Retributer -->
		<item id="80130" count="40" enchantLevel="0" /> <!-- Superior Weapon Augmenting Stone -->
		<item id="36386" count="30" enchantLevel="0" /> <!-- Giant's Scroll: Enchant R-grade Weapon -->
	</collection>
	<collection id="10" optionId="35808" category="1" completeCount="5"> <!-- Heine Cutter -->
		<item id="17416" count="1" enchantLevel="13" /> <!-- Helios Shaper -->
		<item id="18069" count="1" enchantLevel="13" /> <!-- Blessed Helios Shaper -->
		<item id="17417" count="1" enchantLevel="13" /> <!-- Helios Cutter -->
		<item id="18070" count="1" enchantLevel="13" /> <!-- Blessed Helios Cutter -->
		<item id="17419" count="1" enchantLevel="13" /> <!-- Helios Avenger -->
		<item id="18072" count="1" enchantLevel="13" /> <!-- Blessed Helios Avenger -->
		<item id="17526" count="12" enchantLevel="0" /> <!-- Scroll: Enchant R-grade Weapon -->
		<item id="47951" count="1200" enchantLevel="0" /> <!-- Crystal of Determination -->
	</collection>
	<collection id="11" optionId="35809" category="1" completeCount="4"> <!-- Heine Stormer -->
		<item id="17420" count="1" enchantLevel="16" /> <!-- Helios Fighter -->
		<item id="18073" count="1" enchantLevel="16" /> <!-- Blessed Helios Fighter -->
		<item id="17421" count="1" enchantLevel="16" /> <!-- Helios Stormer -->
		<item id="18074" count="1" enchantLevel="16" /> <!-- Blessed Helios Stormer -->
		<item id="17526" count="12" enchantLevel="0" /> <!-- Scroll: Enchant R-grade Weapon -->
		<item id="47951" count="1200" enchantLevel="0" /> <!-- Crystal of Determination -->
	</collection>
	<collection id="12" optionId="35810" category="1" completeCount="4"> <!-- Dual Swords of Heine -->
		<item id="17428" count="1" enchantLevel="16" /> <!-- Helios Dual Daggers -->
		<item id="18081" count="1" enchantLevel="16" /> <!-- Blessed Helios Dual Daggers -->
		<item id="17427" count="1" enchantLevel="16" /> <!-- Helios Dual Swords -->
		<item id="18080" count="1" enchantLevel="16" /> <!-- Blessed Helios Dual Swords -->
		<item id="17429" count="1" enchantLevel="16" /> <!-- Helios Dual Blunt Weapons -->
		<item id="18082" count="1" enchantLevel="16" /> <!-- Blessed Helios Dual Blunt Weapons -->
		<item id="17526" count="12" enchantLevel="0" /> <!-- Scroll: Enchant R-grade Weapon -->
	</collection>
	<collection id="13" optionId="35811" category="1" completeCount="3"> <!-- Heine Guardian -->
		<item id="17422" count="1" enchantLevel="16" /> <!-- Helios Thrower -->
		<item id="18075" count="1" enchantLevel="16" /> <!-- Blessed Helios Thrower -->
		<item id="17423" count="1" enchantLevel="16" /> <!-- Helios Guardian -->
		<item id="18076" count="1" enchantLevel="16" /> <!-- Blessed Helios Guardian -->
		<item id="17526" count="12" enchantLevel="0" /> <!-- Scroll: Enchant R-grade Weapon -->
	</collection>
	<collection id="14" optionId="35812" category="1" completeCount="5"> <!-- Heine Caster -->
		<item id="17424" count="1" enchantLevel="14" /> <!-- Helios Buster -->
		<item id="18077" count="1" enchantLevel="14" /> <!-- Blessed Helios Buster -->
		<item id="17425" count="1" enchantLevel="8" /> <!-- Helios Caster -->
		<item id="18078" count="1" enchantLevel="8" /> <!-- Blessed Helios Caster -->
		<item id="17426" count="1" enchantLevel="8" /> <!-- Helios Retributer -->
		<item id="18079" count="1" enchantLevel="8" /> <!-- Blessed Helios Retributer -->
		<item id="17526" count="72" enchantLevel="0" /> <!-- Scroll: Enchant R-grade Weapon -->
		<item id="47951" count="1200" enchantLevel="0" /> <!-- Crystal of Determination -->
	</collection>
	<collection id="15" optionId="35813" category="1" completeCount="3"> <!-- One-handed Weapon Training -->
		<item id="80090" count="1" enchantLevel="9" /> <!-- Krishna Shaper -->
		<item id="17417" count="1" enchantLevel="4" /> <!-- Helios Cutter -->
		<item id="18070" count="1" enchantLevel="4" /> <!-- Blessed Helios Cutter -->
		<item id="19440" count="3000" enchantLevel="0" /> <!-- R-grade Gemstone -->
	</collection>
	<collection id="16" optionId="35814" category="1" completeCount="5"> <!-- Two-handed Weapon Training -->
		<item id="80102" count="1" enchantLevel="16" /> <!-- Krishna Dual Daggers -->
		<item id="80096" count="1" enchantLevel="9" /> <!-- Krishna Thrower -->
		<item id="17428" count="1" enchantLevel="4" /> <!-- Helios Dual Daggers -->
		<item id="17422" count="1" enchantLevel="4" /> <!-- Helios Thrower -->
		<item id="18075" count="1" enchantLevel="4" /> <!-- Blessed Helios Thrower -->
		<item id="19440" count="3000" enchantLevel="0" /> <!-- R-grade Gemstone -->
	</collection>
	<collection id="17" optionId="35815" category="1" completeCount="3"> <!-- Two-handed Magic Weapon Training -->
		<item id="80100" count="1" enchantLevel="16" /> <!-- Krishna Retributer -->
		<item id="17426" count="1" enchantLevel="9" /> <!-- Helios Retributer -->
		<item id="18079" count="1" enchantLevel="9" /> <!-- Blessed Helios Retributer -->
		<item id="19440" count="3000" enchantLevel="0" /> <!-- R-grade Gemstone -->
	</collection>
	<collection id="18" optionId="35816" category="1" completeCount="5"> <!-- One-handed Magic Weapon Training -->
		<item id="80098" count="1" enchantLevel="9" /> <!-- Krishna Buster -->
		<item id="80099" count="1" enchantLevel="4" /> <!-- Krishna Caster -->
		<item id="17424" count="1" enchantLevel="4" /> <!-- Helios Buster -->
		<item id="18077" count="1" enchantLevel="4" /> <!-- Blessed Helios Buster -->
		<item id="17425" count="1" enchantLevel="4" /> <!-- Helios Caster -->
		<item id="18078" count="1" enchantLevel="4" /> <!-- Blessed Helios Caster -->
		<item id="19440" count="3000" enchantLevel="0" /> <!-- R-grade Gemstone -->
	</collection>
	<collection id="19" optionId="35817" category="1" completeCount="5"> <!-- High Quality Weapon -->
		<item id="17418" count="1" enchantLevel="0" /> <!-- Helios Slasher -->
		<item id="18071" count="1" enchantLevel="0" /> <!-- Blessed Helios Slasher -->
		<item id="47951" count="200" enchantLevel="0" /> <!-- Crystal of Determination -->
		<item id="36386" count="10" enchantLevel="0" /> <!-- Giant's Scroll: Enchant R-grade Weapon -->
		<item id="19447" count="10" enchantLevel="0" /> <!-- Blessed Scroll: Enchant R-grade Weapon -->
		<item id="17526" count="10" enchantLevel="0" /> <!-- Scroll: Enchant R-grade Weapon -->
	</collection>
	<collection id="20" optionId="35818" category="1" completeCount="2"> <!-- Legacy of Giants -->
		<item id="17426" count="1" enchantLevel="0" /> <!-- Helios Retributer -->
		<item id="18079" count="1" enchantLevel="0" /> <!-- Blessed Helios Retributer -->
		<item id="36731" count="35" enchantLevel="0" /> <!-- Giant's Energy Spirit Stone -->
	</collection>
	<collection id="21" optionId="35819" category="1" completeCount="2"> <!-- Giant Legend -->
		<item id="17421" count="1" enchantLevel="0" /> <!-- Helios Stormer -->
		<item id="18074" count="1" enchantLevel="0" /> <!-- Blessed Helios Stormer -->
		<item id="36731" count="35" enchantLevel="0" /> <!-- Giant's Energy Spirit Stone -->
	</collection>
	<collection id="22" optionId="35820" category="1" completeCount="3"> <!-- Blacksmith Enhanced Cutter -->
		<item id="17422" count="1" enchantLevel="0" /> <!-- Helios Thrower -->
		<item id="18075" count="1" enchantLevel="0" /> <!-- Blessed Helios Thrower -->
		<item id="45932" count="35" enchantLevel="0" /> <!-- Top-grade Weapon Augmenting Stone -->
		<item id="80130" count="5" enchantLevel="0" /> <!-- Superior Weapon Augmenting Stone -->
	</collection>
	<collection id="23" optionId="35821" category="1" completeCount="3"> <!-- Blacksmith Enhanced Buster -->
		<item id="17429" count="1" enchantLevel="0" /> <!-- Helios Dual Blunt Weapons -->
		<item id="18082" count="1" enchantLevel="0" /> <!-- Blessed Helios Dual Blunt Weapons -->
		<item id="45932" count="35" enchantLevel="0" /> <!-- Top-grade Weapon Augmenting Stone -->
		<item id="80130" count="5" enchantLevel="0" /> <!-- Superior Weapon Augmenting Stone -->
	</collection>
	<collection id="24" optionId="35822" category="1" completeCount="3"> <!-- Weapon Enhancement I -->
		<item id="47951" count="120" enchantLevel="0" /> <!-- Crystal of Determination -->
		<item id="17526" count="6" enchantLevel="0" /> <!-- Scroll: Enchant R-grade Weapon -->
		<item id="19440" count="300" enchantLevel="0" /> <!-- R-grade Gemstone -->
	</collection>
	<collection id="25" optionId="35823" category="2" completeCount="3"> <!-- Armor Basics -->
		<item id="80190" count="1" enchantLevel="10" /> <!-- Enhanced Leviathan Breastplate - Heavy armor -->
		<item id="80196" count="1" enchantLevel="10" /> <!-- Enhanced Leviathan Leather Armor - Light armor -->
		<item id="80201" count="1" enchantLevel="10" /> <!-- Enhanced Leviathan Tunic - Robe -->
	</collection>
	<collection id="26" optionId="35824" category="2" completeCount="5"> <!-- Shining Helmet -->
		<item id="80189" count="1" enchantLevel="14" /> <!-- Enhanced Leviathan Helmet - Heavy armor -->
		<item id="17436" count="1" enchantLevel="14" /> <!-- Eternal Leather Helmet - Light armor -->
		<item id="19912" count="1" enchantLevel="14" /> <!-- Blessed Eternal Leather Helmet - Reinforced light armor -->
		<item id="81728" count="240" enchantLevel="0" /> <!-- Armor Augmenting Stone -->
		<item id="47952" count="800" enchantLevel="0" /> <!-- Crystal of Protection -->
		<item id="19440" count="800" enchantLevel="0" /> <!-- R-grade Gemstone -->
	</collection>
	<collection id="27" optionId="35825" category="2" completeCount="5"> <!-- Heavy Armor Set -->
		<item id="80189" count="1" enchantLevel="6" /> <!-- Enhanced Leviathan Helmet - Heavy armor -->
		<item id="80190" count="1" enchantLevel="6" /> <!-- Enhanced Leviathan Breastplate - Heavy armor -->
		<item id="80191" count="1" enchantLevel="6" /> <!-- Enhanced Leviathan Gaiters - Heavy armor -->
		<item id="80192" count="1" enchantLevel="6" /> <!-- Enhanced Leviathan Gauntlets - Heavy armor -->
		<item id="80193" count="1" enchantLevel="6" /> <!-- Enhanced Leviathan Boots - Heavy armor -->
	</collection>
	<collection id="28" optionId="35826" category="2" completeCount="5"> <!-- Light Armor Set -->
		<item id="80195" count="1" enchantLevel="10" /> <!-- Enhanced Leviathan Leather Helmet - Light armor -->
		<item id="80196" count="1" enchantLevel="10" /> <!-- Enhanced Leviathan Leather Armor - Light armor -->
		<item id="80197" count="1" enchantLevel="10" /> <!-- Enhanced Leviathan Leather Leggings - Light armor -->
		<item id="80198" count="1" enchantLevel="10" /> <!-- Enhanced Leviathan Leather Gloves - Light armor -->
		<item id="80199" count="1" enchantLevel="10" /> <!-- Enhanced Leviathan Leather Boots - Light armor -->
	</collection>
	<collection id="29" optionId="35827" category="2" completeCount="5"> <!-- Robe Set -->
		<item id="80200" count="1" enchantLevel="6" /> <!-- Enhanced Leviathan Circlet - Robe -->
		<item id="80201" count="1" enchantLevel="6" /> <!-- Enhanced Leviathan Tunic - Robe -->
		<item id="80202" count="1" enchantLevel="6" /> <!-- Enhanced Leviathan Stockings - Robe -->
		<item id="80203" count="1" enchantLevel="6" /> <!-- Enhanced Leviathan Gloves - Robe -->
		<item id="80204" count="1" enchantLevel="6" /> <!-- Enhanced Leviathan Shoes - Robe -->
	</collection>
	<collection id="30" optionId="35828" category="2" completeCount="5"> <!-- Minimal Protection -->
		<item id="80319" count="1" enchantLevel="16" /> <!-- Enhanced Leviathan Sigil -->
		<item id="17446" count="1" enchantLevel="13" /> <!-- Eternal Sigil -->
		<item id="18099" count="1" enchantLevel="13" /> <!-- Blessed Eternal Sigil -->
		<item id="47952" count="120" enchantLevel="0" /> <!-- Crystal of Protection -->
		<item id="17527" count="20" enchantLevel="0" /> <!-- Scroll: Enchant R-grade Armor -->
		<item id="19440" count="1300" enchantLevel="0" /> <!-- R-grade Gemstone -->
	</collection>
	<collection id="31" optionId="35829" category="2" completeCount="5"> <!-- Sigel Knight's Symbol -->
		<item id="80194" count="1" enchantLevel="12" /> <!-- Enhanced Leviathan Shield -->
		<item id="17435" count="1" enchantLevel="8" /> <!-- Eternal Shield -->
		<item id="18088" count="1" enchantLevel="8" /> <!-- Blessed Eternal Shield -->
		<item id="47952" count="120" enchantLevel="0" /> <!-- Crystal of Protection -->
		<item id="17527" count="20" enchantLevel="0" /> <!-- Scroll: Enchant R-grade Armor -->
		<item id="19440" count="400" enchantLevel="0" /> <!-- R-grade Gemstone -->
	</collection>
	<collection id="32" optionId="35830" category="2" completeCount="6"> <!-- Basic Heavy Armor -->
		<item id="35002" count="1" enchantLevel="12" /> <!-- Dark Eternal Helmet - Reinforced heavy armor -->
		<item id="35003" count="1" enchantLevel="6" /> <!-- Dark Eternal Breastplate - Reinforced heavy armor -->
		<item id="35004" count="1" enchantLevel="6" /> <!-- Dark Eternal Gaiters - Reinforced heavy armor -->
		<item id="35005" count="1" enchantLevel="6" /> <!-- Dark Eternal Gauntlets - Reinforced heavy armor -->
		<item id="35006" count="1" enchantLevel="6" /> <!-- Dark Eternal Boots - Reinforced heavy armor -->
		<item id="19440" count="1400" enchantLevel="0" /> <!-- R-grade Gemstone -->
	</collection>
	<collection id="33" optionId="35831" category="2" completeCount="5"> <!-- Basic Light Armor -->
		<item id="17436" count="1" enchantLevel="10" /> <!-- Eternal Leather Helmet - Light armor -->
		<item id="19912" count="1" enchantLevel="10" /> <!-- Blessed Eternal Leather Helmet - Reinforced light armor -->
		<item id="17437" count="1" enchantLevel="10" /> <!-- Eternal Leather Armor - Light armor -->
		<item id="19913" count="1" enchantLevel="10" /> <!-- Blessed Eternal Leather Armor - Reinforced light armor -->
		<item id="17438" count="1" enchantLevel="10" /> <!-- Eternal Leather Leggings - Light armor -->
		<item id="19914" count="1" enchantLevel="10" /> <!-- Blessed Eternal Leather Leggings - Reinforced light armor -->
		<item id="17439" count="1" enchantLevel="10" /> <!-- Eternal Leather Gloves - Light armor -->
		<item id="19915" count="1" enchantLevel="10" /> <!-- Blessed Eternal Leather Gloves - Reinforced light armor -->
		<item id="17440" count="1" enchantLevel="10" /> <!-- Eternal Leather Boots - Light armor -->
		<item id="19916" count="1" enchantLevel="10" /> <!-- Blessed Eternal Leather Boots - Reinforced light armor -->
	</collection>
	<collection id="34" optionId="35832" category="2" completeCount="5"> <!-- Basic Robe -->
		<item id="35043" count="1" enchantLevel="12" /> <!-- Bloody Eternal Circlet - Reinforced robe -->
		<item id="35044" count="1" enchantLevel="6" /> <!-- Bloody Eternal Tunic - Reinforced robe -->
		<item id="35045" count="1" enchantLevel="6" /> <!-- Bloody Eternal Stockings - Reinforced robe -->
		<item id="35046" count="1" enchantLevel="6" /> <!-- Bloody Eternal Gloves - Reinforced robe -->
		<item id="35047" count="1" enchantLevel="6" /> <!-- Bloody Eternal Shoes - Reinforced robe -->
	</collection>
	<collection id="35" optionId="35833" category="2" completeCount="5"> <!-- High Quality Helmet -->
		<item id="17430" count="1" enchantLevel="3" /> <!-- Eternal Helmet - Heavy armor -->
		<item id="19698" count="1" enchantLevel="3" /> <!-- Blessed Eternal Helmet - Reinforced heavy armor -->
		<item id="47952" count="650" enchantLevel="0" /> <!-- Crystal of Protection -->
		<item id="36389" count="10" enchantLevel="0" /> <!-- Giant's Scroll: Enchant R-grade Armor -->
		<item id="19448" count="10" enchantLevel="0" /> <!-- Blessed Scroll: Enchant R-grade Armor -->
		<item id="17527" count="10" enchantLevel="0" /> <!-- Scroll: Enchant R-grade Armor -->
	</collection>
	<collection id="36" optionId="35834" category="2" completeCount="3"> <!-- High Quality Upper Armor -->
		<item id="80196" count="1" enchantLevel="3" /> <!-- Enhanced Leviathan Leather Armor - Light armor -->
		<item id="17436" count="1" enchantLevel="0" /> <!-- Eternal Leather Helmet - Light armor -->
		<item id="19912" count="1" enchantLevel="0" /> <!-- Blessed Eternal Leather Helmet - Reinforced light armor -->
		<item id="81728" count="20" enchantLevel="0" /> <!-- Armor Augmenting Stone -->
	</collection>
	<collection id="37" optionId="35835" category="2" completeCount="5"> <!-- High Quality Lower Armor -->
		<item id="80202" count="1" enchantLevel="3" /> <!-- Enhanced Leviathan Stockings - Robe -->
		<item id="47952" count="400" enchantLevel="0" /> <!-- Crystal of Protection -->
		<item id="36389" count="8" enchantLevel="0" /> <!-- Giant's Scroll: Enchant R-grade Armor -->
		<item id="19448" count="6" enchantLevel="0" /> <!-- Blessed Scroll: Enchant R-grade Armor -->
		<item id="17527" count="3" enchantLevel="0" /> <!-- Scroll: Enchant R-grade Armor -->
	</collection>
	<collection id="38" optionId="35836" category="2" completeCount="5"> <!-- High Quality Gloves -->
		<item id="80203" count="1" enchantLevel="3" /> <!-- Enhanced Leviathan Gloves - Robe -->
		<item id="47952" count="400" enchantLevel="0" /> <!-- Crystal of Protection -->
		<item id="36389" count="8" enchantLevel="0" /> <!-- Giant's Scroll: Enchant R-grade Armor -->
		<item id="19448" count="6" enchantLevel="0" /> <!-- Blessed Scroll: Enchant R-grade Armor -->
		<item id="17527" count="3" enchantLevel="0" /> <!-- Scroll: Enchant R-grade Armor -->
	</collection>
	<collection id="39" optionId="35837" category="2" completeCount="5"> <!-- High Quality Shoes -->
		<item id="80193" count="1" enchantLevel="3" /> <!-- Enhanced Leviathan Boots - Heavy armor -->
		<item id="47952" count="400" enchantLevel="0" /> <!-- Crystal of Protection -->
		<item id="36389" count="8" enchantLevel="0" /> <!-- Giant's Scroll: Enchant R-grade Armor -->
		<item id="19448" count="6" enchantLevel="0" /> <!-- Blessed Scroll: Enchant R-grade Armor -->
		<item id="17527" count="3" enchantLevel="0" /> <!-- Scroll: Enchant R-grade Armor -->
	</collection>
	<collection id="40" optionId="35838" category="2" completeCount="5"> <!-- High Quality Shield -->
		<item id="80194" count="1" enchantLevel="3" /> <!-- Enhanced Leviathan Shield -->
		<item id="47952" count="400" enchantLevel="0" /> <!-- Crystal of Protection -->
		<item id="36389" count="8" enchantLevel="0" /> <!-- Giant's Scroll: Enchant R-grade Armor -->
		<item id="19448" count="6" enchantLevel="0" /> <!-- Blessed Scroll: Enchant R-grade Armor -->
		<item id="17527" count="3" enchantLevel="0" /> <!-- Scroll: Enchant R-grade Armor -->
	</collection>
	<collection id="41" optionId="35839" category="2" completeCount="6"> <!-- Oriharukon Gloves -->
		<item id="17433" count="1" enchantLevel="12" /> <!-- Eternal Gauntlets - Heavy armor -->
		<item id="19701" count="1" enchantLevel="12" /> <!-- Blessed Eternal Gauntlets - Reinforced heavy armor -->
		<item id="17434" count="1" enchantLevel="12" /> <!-- Eternal Boots - Heavy armor -->
		<item id="19702" count="1" enchantLevel="12" /> <!-- Blessed Eternal Boots - Reinforced heavy armor -->
		<item id="17527" count="28" enchantLevel="0" /> <!-- Scroll: Enchant R-grade Armor -->
		<item id="47952" count="1700" enchantLevel="0" /> <!-- Crystal of Protection -->
		<item id="19440" count="1600" enchantLevel="0" /> <!-- R-grade Gemstone -->
		<item id="81728" count="116" enchantLevel="0" /> <!-- Armor Augmenting Stone -->
	</collection>
	<collection id="42" optionId="35840" category="2" completeCount="5"> <!-- Dragon Scale Gloves -->
		<item id="17439" count="1" enchantLevel="12" /> <!-- Eternal Leather Gloves - Light armor -->
		<item id="19915" count="1" enchantLevel="12" /> <!-- Blessed Eternal Leather Gloves - Reinforced light armor -->
		<item id="17440" count="1" enchantLevel="12" /> <!-- Eternal Leather Boots - Light armor -->
		<item id="19916" count="1" enchantLevel="12" /> <!-- Blessed Eternal Leather Boots - Reinforced light armor -->
		<item id="17527" count="28" enchantLevel="0" /> <!-- Scroll: Enchant R-grade Armor -->
		<item id="47952" count="800" enchantLevel="0" /> <!-- Crystal of Protection -->
		<item id="19440" count="800" enchantLevel="0" /> <!-- R-grade Gemstone -->
	</collection>
	<collection id="43" optionId="35841" category="2" completeCount="5"> <!-- Angel Feather Gloves -->
		<item id="17444" count="1" enchantLevel="12" /> <!-- Eternal Gloves - Robe -->
		<item id="19712" count="1" enchantLevel="12" /> <!-- Blessed Eternal Gloves - Reinforced robe -->
		<item id="17445" count="1" enchantLevel="12" /> <!-- Eternal Shoes - Robe -->
		<item id="19713" count="1" enchantLevel="12" /> <!-- Blessed Eternal Shoes - Reinforced robe -->
		<item id="17527" count="28" enchantLevel="0" /> <!-- Scroll: Enchant R-grade Armor -->
		<item id="47952" count="800" enchantLevel="0" /> <!-- Crystal of Protection -->
		<item id="19440" count="800" enchantLevel="0" /> <!-- R-grade Gemstone -->
	</collection>
	<collection id="44" optionId="35842" category="2" completeCount="5"> <!-- Eternal Armor -->
		<item id="17436" count="1" enchantLevel="7" /> <!-- Eternal Leather Helmet - Light armor -->
		<item id="19912" count="1" enchantLevel="7" /> <!-- Blessed Eternal Leather Helmet - Reinforced light armor -->
		<item id="17437" count="1" enchantLevel="7" /> <!-- Eternal Leather Armor - Light armor -->
		<item id="19913" count="1" enchantLevel="7" /> <!-- Blessed Eternal Leather Armor - Reinforced light armor -->
		<item id="17438" count="1" enchantLevel="7" /> <!-- Eternal Leather Leggings - Light armor -->
		<item id="19914" count="1" enchantLevel="7" /> <!-- Blessed Eternal Leather Leggings - Reinforced light armor -->
		<item id="17439" count="1" enchantLevel="7" /> <!-- Eternal Leather Gloves - Light armor -->
		<item id="19915" count="1" enchantLevel="7" /> <!-- Blessed Eternal Leather Gloves - Reinforced light armor -->
		<item id="17440" count="1" enchantLevel="7" /> <!-- Eternal Leather Boots - Light armor -->
		<item id="19916" count="1" enchantLevel="7" /> <!-- Blessed Eternal Leather Boots - Reinforced light armor -->
	</collection>
	<collection id="45" optionId="35843" category="2" completeCount="5"> <!-- Leviathan Armor -->
		<item id="80195" count="1" enchantLevel="5" /> <!-- Enhanced Leviathan Leather Helmet - Light armor -->
		<item id="80196" count="1" enchantLevel="5" /> <!-- Enhanced Leviathan Leather Armor - Light armor -->
		<item id="80197" count="1" enchantLevel="5" /> <!-- Enhanced Leviathan Leather Leggings - Light armor -->
		<item id="80198" count="1" enchantLevel="5" /> <!-- Enhanced Leviathan Leather Gloves - Light armor -->
		<item id="80199" count="1" enchantLevel="5" /> <!-- Enhanced Leviathan Leather Boots - Light armor -->
	</collection>
	<collection id="46" optionId="35844" category="3" completeCount="3"> <!-- Trinity -->
		<item id="81381" count="1" enchantLevel="1" /> <!-- Dragon's Necklace - Battle Lv. 3 -->
		<item id="81384" count="1" enchantLevel="1" /> <!-- Dragon's Earring - Guardian Lv. 3 -->
		<item id="81387" count="1" enchantLevel="1" /> <!-- Dragon's Ring - Potential Lv. 3 -->
	</collection>
	<collection id="47" optionId="35845" category="3" completeCount="3"> <!-- Archangel's Accessories -->
		<item id="48669" count="1" enchantLevel="8" /> <!-- Angel's Necklace -->
		<item id="81212" count="1" enchantLevel="8" /> <!-- Angel's Necklace -->
		<item id="48841" count="1" enchantLevel="8" /> <!-- Angel's Earring -->
		<item id="81213" count="1" enchantLevel="8" /> <!-- Angel's Earring -->
		<item id="81154" count="1" enchantLevel="8" /> <!-- Angel's Ring -->
		<item id="81214" count="1" enchantLevel="8" /> <!-- Angel's Ring -->
	</collection>
	<collection id="48" optionId="35846" category="3" completeCount="2"> <!-- Valakas' Legacy -->
		<item id="19464" count="1" enchantLevel="12" /> <!-- Blessed Valakas' Necklace -->
		<item id="47916" count="1" enchantLevel="0" /> <!-- Nevit's Cloak of Light Pack - 30-day -->
	</collection>
	<collection id="49" optionId="35847" category="3" completeCount="2"> <!-- Antharas' Legacy -->
		<item id="19463" count="1" enchantLevel="12" /> <!-- Blessed Antharas' Earring -->
		<item id="80134" count="1" enchantLevel="0" /> <!-- Enhanced Krishna Cutter -->
	</collection>
	<collection id="50" optionId="35848" category="3" completeCount="2"> <!-- Lindvior's Legacy -->
		<item id="36946" count="1" enchantLevel="12" /> <!-- Lindvior's Earring -->
		<item id="80142" count="1" enchantLevel="0" /> <!-- Enhanced Krishna Caster -->
	</collection>
	<collection id="51" optionId="35849" category="3" completeCount="2"> <!-- Archangel's Necklace -->
		<item id="81784" count="1" enchantLevel="6" /> <!-- Blessed Angel's Necklace -->
		<item id="81796" count="1" enchantLevel="6" /> <!-- Blessed Angel's Necklace -->
		<item id="47494" count="20" enchantLevel="0" /> <!-- Selenite -->
	</collection>
	<collection id="52" optionId="35850" category="3" completeCount="2"> <!-- Archangel's Earring -->
		<item id="81788" count="1" enchantLevel="6" /> <!-- Blessed Angel's Earring -->
		<item id="81800" count="1" enchantLevel="6" /> <!-- Blessed Angel's Earring -->
		<item id="47494" count="20" enchantLevel="0" /> <!-- Selenite -->
	</collection>
	<collection id="53" optionId="35851" category="3" completeCount="2"> <!-- Archangel's Ring -->
		<item id="81792" count="1" enchantLevel="6" /> <!-- Blessed Angel's Ring -->
		<item id="81804" count="1" enchantLevel="6" /> <!-- Blessed Angel's Ring -->
		<item id="47494" count="40" enchantLevel="0" /> <!-- Selenite -->
	</collection>
	<collection id="54" optionId="35852" category="3" completeCount="3"> <!-- Guardian Angel's Necklace -->
		<item id="48669" count="1" enchantLevel="4" /> <!-- Angel's Necklace -->
		<item id="81212" count="1" enchantLevel="4" /> <!-- Angel's Necklace -->
		<item id="48669" count="1" enchantLevel="6" /> <!-- Angel's Necklace -->
		<item id="81212" count="1" enchantLevel="6" /> <!-- Angel's Necklace -->
		<item id="48669" count="1" enchantLevel="8" /> <!-- Angel's Necklace -->
		<item id="81212" count="1" enchantLevel="8" /> <!-- Angel's Necklace -->
	</collection>
	<collection id="55" optionId="35853" category="3" completeCount="4"> <!-- Guardian Angel' Earring -->
		<item id="48841" count="1" enchantLevel="4" /> <!-- Angel's Earring -->
		<item id="81213" count="1" enchantLevel="4" /> <!-- Angel's Earring -->
		<item id="48841" count="1" enchantLevel="5" /> <!-- Angel's Earring -->
		<item id="81213" count="1" enchantLevel="5" /> <!-- Angel's Earring -->
		<item id="48841" count="1" enchantLevel="6" /> <!-- Angel's Earring -->
		<item id="81213" count="1" enchantLevel="6" /> <!-- Angel's Earring -->
		<item id="48841" count="1" enchantLevel="7" /> <!-- Angel's Earring -->
		<item id="81213" count="1" enchantLevel="7" /> <!-- Angel's Earring -->
	</collection>
	<collection id="56" optionId="35854" category="3" completeCount="3"> <!-- Guardian Angel's Ring -->
		<item id="81154" count="1" enchantLevel="4" /> <!-- Angel's Ring -->
		<item id="81214" count="1" enchantLevel="4" /> <!-- Angel's Ring -->
		<item id="81154" count="1" enchantLevel="5" /> <!-- Angel's Ring -->
		<item id="81214" count="1" enchantLevel="5" /> <!-- Angel's Ring -->
		<item id="81154" count="1" enchantLevel="7" /> <!-- Angel's Ring -->
		<item id="81214" count="1" enchantLevel="7" /> <!-- Angel's Ring -->
	</collection>
	<collection id="57" optionId="35855" category="3" completeCount="5"> <!-- Fallen Angel's Ring -->
		<item id="48864" count="1" enchantLevel="4" /> <!-- Fallen Angel's Ring -->
		<item id="48864" count="1" enchantLevel="5" /> <!-- Fallen Angel's Ring -->
		<item id="48864" count="1" enchantLevel="6" /> <!-- Fallen Angel's Ring -->
		<item id="48864" count="1" enchantLevel="7" /> <!-- Fallen Angel's Ring -->
		<item id="48864" count="1" enchantLevel="9" /> <!-- Fallen Angel's Ring -->
	</collection>
	<collection id="58" optionId="35856" category="3" completeCount="5"> <!-- Shining Accessories -->
		<item id="48669" count="1" enchantLevel="2" /> <!-- Angel's Necklace -->
		<item id="81212" count="1" enchantLevel="2" /> <!-- Angel's Necklace -->
		<item id="48841" count="1" enchantLevel="2" /> <!-- Angel's Earring -->
		<item id="81213" count="1" enchantLevel="2" /> <!-- Angel's Earring -->
		<item id="81154" count="1" enchantLevel="2" /> <!-- Angel's Ring -->
		<item id="81214" count="1" enchantLevel="2" /> <!-- Angel's Ring -->
		<item id="48668" count="70" enchantLevel="0" /> <!-- Scroll: Enchant Angel Accessory -->
		<item id="81729" count="30" enchantLevel="0" /> <!-- Accessory Augmenting Stone -->
	</collection>
	<collection id="59" optionId="35857" category="4" completeCount="2"> <!-- Agathion Unity -->
		<item id="48577" count="1" enchantLevel="0" /> <!-- Superior Seed Bracelet Lv. 4 -->
		<item id="47866" count="20" enchantLevel="0" /> <!-- Star Sign -->
	</collection>
	<collection id="60" optionId="35858" category="4" completeCount="4"> <!-- Heine Valuables -->
		<item id="48576" count="1" enchantLevel="0" /> <!-- Superior Seed Bracelet Lv. 3 -->
		<item id="47866" count="54" enchantLevel="0" /> <!-- Star Sign -->
		<item id="47552" count="1300" enchantLevel="0" /> <!-- Powerful Fish -->
		<item id="80839" count="54" enchantLevel="0" /> <!-- Crystal of Dawn -->
	</collection>
	<collection id="61" optionId="35859" category="4" completeCount="2"> <!-- Aiming at Victory -->
		<item id="35564" count="1" enchantLevel="0" /> <!-- Ruler's Authority - Lv. 1 -->
		<item id="48418" count="1" enchantLevel="0" /> <!-- Authority Ornament -->
	</collection>
	<collection id="62" optionId="35860" category="4" completeCount="3"> <!-- Pile of Gemstones -->
		<item id="29546" count="1" enchantLevel="0" /> <!-- Enhanced La Vie En Rose's Brooch -->
		<item id="81361" count="258" enchantLevel="0" /> <!-- Blessed Scroll: Enchant Brooch -->
		<item id="80839" count="50" enchantLevel="0" /> <!-- Crystal of Dawn -->
	</collection>
	<collection id="63" optionId="35861" category="4" completeCount="3"> <!-- Dragon's Power Shirt -->
		<item id="48493" count="1" enchantLevel="0" /> <!-- Dragon Rind Leather Shirt -->
		<item id="48498" count="484" enchantLevel="0" /> <!-- Blessed Scroll: Enchant Dragon Shirt -->
		<item id="80839" count="50" enchantLevel="0" /> <!-- Crystal of Dawn -->
	</collection>
	<collection id="64" optionId="35862" category="4" completeCount="3"> <!-- Hero's Shining Circlet -->
		<item id="48204" count="1" enchantLevel="4" /> <!-- Radiant Warrior's Circlet -->
		<item id="48207" count="1" enchantLevel="4" /> <!-- Radiant Wizard's Circlet -->
		<item id="48210" count="1" enchantLevel="3" /> <!-- Radiant Knight's Circlet -->
	</collection>
	<collection id="65" optionId="35863" category="4" completeCount="2"> <!-- Ertheia Blessing -->
		<item id="81153" count="1" enchantLevel="4" /> <!-- Navari's Mask -->
		<item id="48583" count="9" enchantLevel="0" /> <!-- Giant's Scroll: Enchant Mask -->
	</collection>
	<collection id="66" optionId="35864" category="4" completeCount="2"> <!-- Warehouse for Artifacts -->
		<item id="81695" count="1" enchantLevel="0" /> <!-- Improved Artifact Book - Lv. 3 -->
		<item id="81694" count="34" enchantLevel="0" /> <!-- Blessed Scroll: Enchant Artifact Book -->
	</collection>
	<collection id="67" optionId="35865" category="4" completeCount="6"> <!-- Warehouse for Shining Treasures -->
		<item id="48211" count="15" enchantLevel="0" /> <!-- Blessed Scroll: Enchant Circlet -->
		<item id="48498" count="4" enchantLevel="0" /> <!-- Blessed Scroll: Enchant Dragon Shirt -->
		<item id="81361" count="4" enchantLevel="0" /> <!-- Blessed Scroll: Enchant Brooch -->
		<item id="48841" count="1" enchantLevel="6" /> <!-- Angel's Earring -->
		<item id="81213" count="1" enchantLevel="6" /> <!-- Angel's Earring -->
		<item id="81706" count="4" enchantLevel="0" /> <!-- Scroll: Enchant Superior Seed Bracelet -->
		<item id="81694" count="4" enchantLevel="0" /> <!-- Blessed Scroll: Enchant Artifact Book -->
	</collection>
	<collection id="68" optionId="35866" category="4" completeCount="3"> <!-- Warehouse for Talismans -->
		<item id="80837" count="1" enchantLevel="5" /> <!-- Superior Kaliel's Bracelet -->
		<item id="80838" count="668" enchantLevel="0" /> <!-- Blessed Scroll: Enchant Kaliel's Bracelet -->
		<item id="80839" count="62" enchantLevel="0" /> <!-- Crystal of Dawn -->
	</collection>
	<collection id="69" optionId="35867" category="4" completeCount="4"> <!-- Prime Energy of Talisman -->
		<item id="80837" count="1" enchantLevel="2" /> <!-- Superior Kaliel's Bracelet -->
		<item id="36186" count="7" enchantLevel="0" /> <!-- Energy of Desire -->
		<item id="34989" count="1" enchantLevel="0" /> <!-- Talisman of Longing -->
		<item id="19440" count="800" enchantLevel="0" /> <!-- R-grade Gemstone -->
	</collection>
	<collection id="70" optionId="35868" category="4" completeCount="3"> <!-- Warehouse for Shining Treasures II -->
		<item id="48060" count="1" enchantLevel="0" /> <!-- Elementary Seed Bracelet -->
		<item id="48215" count="30" enchantLevel="0" /> <!-- Circlet Augmenting Stone -->
		<item id="28484" count="30" enchantLevel="0" /> <!-- Brooch Augmenting Stone -->
	</collection>
	<collection id="71" optionId="35869" category="4" completeCount="4"> <!-- Ready for Battle -->
		<item id="80835" count="1" enchantLevel="0" /> <!-- Kaliel's Bracelet -->
		<item id="48060" count="1" enchantLevel="0" /> <!-- Elementary Seed Bracelet -->
		<item id="38768" count="1" enchantLevel="0" /> <!-- La Vie En Rose's Brooch Lv. 1 -->
		<item id="48954" count="1" enchantLevel="0" /> <!-- Artifact Book - Lv. 1 -->
	</collection>
	<collection id="72" optionId="35870" category="4" completeCount="2"> <!-- Save Us -->
		<item id="48584" count="1" enchantLevel="5" /> <!-- Savior's Mask -->
		<item id="48582" count="10" enchantLevel="0" /> <!-- Scroll: Enchant Mask -->
	</collection>
	<collection id="73" optionId="35871" category="5" completeCount="2"> <!-- Superior Cat's Eye -->
		<item id="81628" count="1" enchantLevel="0" /> <!-- Superior Blue Cat's Eye Lv. 4 -->
		<item id="48831" count="100" enchantLevel="0" /> <!-- Jewel Energy -->
	</collection>
	<collection id="74" optionId="35872" category="5" completeCount="2"> <!-- The Hardest Jewel -->
		<item id="81565" count="1" enchantLevel="0" /> <!-- Superior Diamond Lv. 1 -->
		<item id="81577" count="1" enchantLevel="0" /> <!-- Superior Pearl Lv. 3 -->
	</collection>
	<collection id="75" optionId="35873" category="5" completeCount="3"> <!-- Shining Power -->
		<item id="39572" count="1" enchantLevel="0" /> <!-- Talisman of Insanity -->
		<item id="34989" count="1" enchantLevel="0" /> <!-- Talisman of Longing -->
		<item id="47420" count="7" enchantLevel="0" /> <!-- Energy of Longing -->
	</collection>
	<collection id="76" optionId="35874" category="5" completeCount="3"> <!-- Mammon's Creation -->
		<item id="48678" count="5" enchantLevel="0" /> <!-- High-grade Talisman of Attribute Attack Pack - Critical Damage for basic attacks -->
		<item id="48677" count="5" enchantLevel="0" /> <!-- High-grade Skill Power Talisman Pack - Skill Critical Damage -->
		<item id="48679" count="5" enchantLevel="0" /> <!-- High-grade Skill Cooldown Talisman Pack - P./M. Def. -->
	</collection>
	<collection id="77" optionId="35875" category="5" completeCount="2"> <!-- Constellation of Summer and Winter -->
		<item id="80942" count="1" enchantLevel="5" /> <!-- Greater Agathion Gemini Charm -->
		<item id="80946" count="1" enchantLevel="5" /> <!-- Greater Agathion Sagittarius Charm -->
	</collection>
	<collection id="78" optionId="35876" category="5" completeCount="3"> <!-- Good Teammate -->
		<item id="80936" count="1" enchantLevel="2" /> <!-- Greater Agathion Virgo Charm -->
		<item id="80937" count="1" enchantLevel="2" /> <!-- Greater Agathion Capricorn Charm -->
		<item id="80932" count="10" enchantLevel="0" /> <!-- Greater Zodiac Agathion's Book of Growth -->
	</collection>
	<collection id="79" optionId="35877" category="5" completeCount="3"> <!-- Advance on Rune Castle -->
		<item id="48957" count="1" enchantLevel="5" /> <!-- Artifact - P. Atk. - Attack -->
		<item id="80647" count="1" enchantLevel="5" /> <!-- Artifact - Critical Damage for Basic Attacks - Attack -->
		<item id="80636" count="158" enchantLevel="0" /> <!-- Artifact Crystal -->
	</collection>
	<collection id="80" optionId="35878" category="5" completeCount="3"> <!-- Advance on Giran Castle -->
		<item id="48957" count="1" enchantLevel="5" /> <!-- Artifact - P. Atk. - Attack -->
		<item id="80648" count="1" enchantLevel="5" /> <!-- Artifact - P. Skill Critical Damage - Attack -->
		<item id="80636" count="35" enchantLevel="0" /> <!-- Artifact Crystal -->
	</collection>
	<collection id="81" optionId="35879" category="5" completeCount="3"> <!-- Advance on Aden Castle -->
		<item id="81433" count="1" enchantLevel="5" /> <!-- Artifact - Attribute Resistance - Defense -->
		<item id="80652" count="1" enchantLevel="5" /> <!-- Artifact - Sword Resistance - Defense -->
		<item id="80636" count="158" enchantLevel="0" /> <!-- Artifact Crystal -->
	</collection>
	<collection id="82" optionId="35880" category="5" completeCount="3"> <!-- Rune Castle Guardian's Choice -->
		<item id="80650" count="1" enchantLevel="5" /> <!-- Artifact - Bow Resistance - Defense -->
		<item id="48963" count="1" enchantLevel="5" /> <!-- Artifact - Max HP - Defense -->
		<item id="80636" count="35" enchantLevel="0" /> <!-- Artifact Crystal -->
	</collection>
	<collection id="83" optionId="35881" category="5" completeCount="3"> <!-- Giran Castle Guardian's Choice -->
		<item id="48965" count="1" enchantLevel="5" /> <!-- Artifact - Acquired XP - Support -->
		<item id="80653" count="1" enchantLevel="5" /> <!-- Artifact - Vitality Bonus - Support -->
		<item id="80636" count="158" enchantLevel="0" /> <!-- Artifact Crystal -->
	</collection>
	<collection id="84" optionId="35882" category="5" completeCount="3"> <!-- Aden Castle Guardian's Choice -->
		<item id="80655" count="1" enchantLevel="5" /> <!-- Artifact - Skill MP Consumption - Support -->
		<item id="48967" count="1" enchantLevel="5" /> <!-- Artifact - Speed - Support -->
		<item id="80636" count="35" enchantLevel="0" /> <!-- Artifact Crystal -->
	</collection>
	<collection id="85" optionId="35883" category="5" completeCount="3"> <!-- Guardian's Gift -->
		<item id="48971" count="1" enchantLevel="5" /> <!-- Artifact - P. Accuracy - Balance -->
		<item id="48972" count="1" enchantLevel="5" /> <!-- Artifact - M. Accuracy - Balance -->
		<item id="80636" count="35" enchantLevel="0" /> <!-- Artifact Crystal -->
	</collection>
	<collection id="86" optionId="35884" category="5" completeCount="5"> <!-- Well Balanced Artifact -->
		<item id="80661" count="1" enchantLevel="7" /> <!-- Artifact - Atk. Spd. - Balance -->
		<item id="80662" count="1" enchantLevel="7" /> <!-- Artifact - Casting Spd. - Balance -->
		<item id="48977" count="1" enchantLevel="5" /> <!-- Artifact - Received Damage When Immobilized - Balance -->
		<item id="81431" count="1" enchantLevel="6" /> <!-- Artifact - P. Skill Power - Attack -->
		<item id="81432" count="1" enchantLevel="6" /> <!-- Artifact - M. Skill Power - Attack -->
	</collection>
	<collection id="87" optionId="35885" category="5" completeCount="3"> <!-- High-grade Skill Book -->
		<item id="80144" count="1" enchantLevel="3" /> <!-- Enhanced Krishna Dual Swords -->
		<item id="48878" count="1" enchantLevel="0" /> <!-- Forgotten Spellbook - Chapter 3 -->
		<item id="39738" count="10" enchantLevel="0" /> <!-- Rune Stone -->
	</collection>
	<collection id="88" optionId="35886" category="5" completeCount="3"> <!-- Mid-grade Skill Book -->
		<item id="80133" count="1" enchantLevel="3" /> <!-- Enhanced Krishna Shaper -->
		<item id="48877" count="5" enchantLevel="0" /> <!-- Forgotten Spellbook - Chapter 2 -->
		<item id="48876" count="5" enchantLevel="0" /> <!-- Forgotten Spellbook - Chapter 1 -->
	</collection>
	<collection id="89" optionId="35887" category="5" completeCount="3"> <!-- Low-grade Skill Book -->
		<item id="80141" count="1" enchantLevel="3" /> <!-- Enhanced Krishna Buster -->
		<item id="48876" count="12" enchantLevel="0" /> <!-- Forgotten Spellbook - Chapter 1 -->
		<item id="39738" count="30" enchantLevel="0" /> <!-- Rune Stone -->
	</collection>
	<collection id="90" optionId="35888" category="5" completeCount="1"> <!-- Kain's Power -->
		<item id="46449" count="1" enchantLevel="0" /> <!-- Kain's Soul Crystal Lv. 6 - Weapon -->
	</collection>
	<collection id="91" optionId="35889" category="5" completeCount="1"> <!-- Mermoden's Power -->
		<item id="46465" count="1" enchantLevel="0" /> <!-- Mermoden's Soul Crystal Lv. 7 - Weapon -->
	</collection>
	<collection id="92" optionId="35890" category="5" completeCount="4"> <!-- Shining Legendary Symbol -->
		<item id="81089" count="1" enchantLevel="0" /> <!-- Legendary Dye Lv. 5 (P. Skill Power) - STR +5, DEX +5, CHA +4 -->
		<item id="81119" count="1" enchantLevel="0" /> <!-- Legendary Dye Lv. 5 (M. Skill Power) - INT +5, WIT +5, CHA +4 -->
		<item id="81134" count="10" enchantLevel="0" /> <!-- Crystal of Dyes -->
		<item id="80762" count="610" enchantLevel="0" /> <!-- Dye Powder -->
	</collection>
	<collection id="93" optionId="35891" category="5" completeCount="3"> <!-- Weak Symbol -->
		<item id="81056" count="1" enchantLevel="0" /> <!-- Legendary Dye Lv. 2 (P. Atk.) - STR +3, DEX +3, CHA +1 -->
		<item id="81096" count="1" enchantLevel="0" /> <!-- Legendary Dye Lv. 2 (M. Atk.) - INT +3, WIT +3, CHA +1 -->
		<item id="80762" count="410" enchantLevel="0" /> <!-- Dye Powder -->
	</collection>
	<collection id="94" optionId="35892" category="7" completeCount="4"> <!-- Dark Armor Crystal -->
		<item id="48954" count="1" enchantLevel="0" /> <!-- Artifact Book - Lv. 1 -->
		<item id="35567" count="10" enchantLevel="0" /> <!-- Dark Armor Enhancement Stone -->
		<item id="35563" count="30" enchantLevel="0" /> <!-- Giant's Energy -->
		<item id="35562" count="30" enchantLevel="0" /> <!-- Destructive Energy -->
	</collection>
	<collection id="95" optionId="35893" category="7" completeCount="4"> <!-- Red Armor Crystal -->
		<item id="48491" count="1" enchantLevel="0" /> <!-- Dragon Skin Shirt -->
		<item id="35569" count="10" enchantLevel="0" /> <!-- Bloody Armor Enhancement Stone -->
		<item id="35563" count="30" enchantLevel="0" /> <!-- Giant's Energy -->
		<item id="35562" count="30" enchantLevel="0" /> <!-- Destructive Energy -->
	</collection>
	<collection id="96" optionId="35894" category="7" completeCount="6"> <!-- Fire, Water, Earth, Wind, Holiness and Darkness -->
		<item id="9558" count="3" enchantLevel="0" /> <!-- Fire Jewel -->
		<item id="9559" count="3" enchantLevel="0" /> <!-- Water Jewel -->
		<item id="9560" count="3" enchantLevel="0" /> <!-- Earth Jewel -->
		<item id="9561" count="3" enchantLevel="0" /> <!-- Wind Jewel -->
		<item id="9563" count="3" enchantLevel="0" /> <!-- Holy Jewel -->
		<item id="38768" count="1" enchantLevel="0" /> <!-- La Vie En Rose's Brooch Lv. 1 -->
	</collection>
	<collection id="97" optionId="35895" category="5" completeCount="2"> <!-- Embrace the Wind -->
		<item id="47810" count="1" enchantLevel="0" /> <!-- Sayha's Talisman Lv. 4 -->
		<item id="47817" count="45" enchantLevel="0" /> <!-- Sayha's Talisman Pack -->
	</collection>
	<collection id="98" optionId="35896" category="5" completeCount="1"> <!-- Riding the Wind -->
		<item id="39644" count="1" enchantLevel="0" /> <!-- Venir's Talisman Lv. 11 -->
	</collection>
	<collection id="99" optionId="35897" category="7" completeCount="2"> <!-- Aden Basic Knowledge -->
		<item id="81215" count="500" enchantLevel="0" /> <!-- Aether -->
		<item id="17371" count="200" enchantLevel="0" /> <!-- R-grade Crystal -->
	</collection>
	<collection id="100" optionId="35898" category="7" completeCount="4"> <!-- Purge -->
		<item id="81837" count="1" enchantLevel="0" /> <!-- Orb of Bloody Soul - Lv. 1 -->
		<item id="81840" count="1" enchantLevel="0" /> <!-- Orb of Bloody Soul - Lv. 4 -->
		<item id="81847" count="1" enchantLevel="0" /> <!-- Orb of Abyss -->
		<item id="81858" count="1" enchantLevel="0" /> <!-- Orb of Darkness -->
	</collection>
	<collection id="101" optionId="35899" category="6" completeCount="4"> <!-- Adventurer -->
		<item id="81839" count="1" enchantLevel="0" /> <!-- Orb of Bloody Soul - Lv. 3 -->
		<item id="81841" count="1" enchantLevel="0" /> <!-- Orb of Bloody Soul - Lv. 5 -->
		<item id="81844" count="1" enchantLevel="0" /> <!-- Orb of Bloody Soul - Lv. 8 -->
		<item id="81846" count="1" enchantLevel="0" /> <!-- Orb of Bloody Soul - Lv. 10 -->
	</collection>
	<collection id="102" optionId="35900" category="6" completeCount="2"> <!-- Empiric -->
		<item id="81844" count="1" enchantLevel="0" /> <!-- Orb of Bloody Soul - Lv. 8 -->
		<item id="81845" count="1" enchantLevel="0" /> <!-- Orb of Bloody Soul - Lv. 9 -->
	</collection>
	<collection id="103" optionId="35901" category="6" completeCount="3"> <!-- All as One -->
		<item id="81848" count="1" enchantLevel="0" /> <!-- Orb of Abyss - Lv. 1 -->
		<item id="81850" count="1" enchantLevel="0" /> <!-- Orb of Abyss - Lv. 3 -->
		<item id="81854" count="1" enchantLevel="0" /> <!-- Orb of Abyss - Lv. 7 -->
	</collection>
	<collection id="104" optionId="35902" category="6" completeCount="4"> <!-- Last Chance! -->
		<item id="81860" count="1" enchantLevel="0" /> <!-- Orb of Darkness - Lv. 2 -->
		<item id="81861" count="1" enchantLevel="0" /> <!-- Orb of Darkness - Lv. 3 -->
		<item id="81864" count="1" enchantLevel="0" /> <!-- Orb of Darkness - Lv. 6 -->
		<item id="81865" count="1" enchantLevel="0" /> <!-- Orb of Darkness - Lv. 7 -->
	</collection>
	<collection id="105" optionId="35903" category="6" completeCount="1"> <!-- Art of Patience -->
		<item id="81890" count="1" enchantLevel="0" /> <!-- Anniversary Badge of Lv. 120 -->
	</collection>
	<collection id="106" optionId="35904" category="6" completeCount="1"> <!-- Art of Tenacity -->
		<item id="81890" count="1" enchantLevel="0" /> <!-- Anniversary Badge of Lv. 120 -->
	</collection>
	<collection id="108" optionId="35907" category="7" completeCount="1"> <!-- PA Cheering Bonus -->
		<item id="81901" count="1" enchantLevel="0" /> <!-- PA Growing Guide -->
	</collection>
	<collection id="109" optionId="35908" category="3" completeCount="2"> <!-- Aden Ruler -->
		<item id="47216" count="1" enchantLevel="12" /> <!-- Ruler's Ring of Authority -->
		<item id="81729" count="30" enchantLevel="0" /> <!-- Accessory Augmenting Stone -->
	</collection>
	<collection id="110" optionId="35909" category="3" completeCount="2"> <!-- Aden Pilgrim -->
		<item id="47218" count="1" enchantLevel="12" /> <!-- Ring of Truth-seeker -->
		<item id="81729" count="30" enchantLevel="0" /> <!-- Accessory Augmenting Stone -->
	</collection>
	<collection id="111" optionId="35910" category="7" completeCount="1"> <!-- Dreamer of the Legend Title -->
		<item id="81905" count="2" enchantLevel="0" /> <!-- Legend's Mark - Event -->
	</collection>
	<collection id="112" optionId="36003" category="6" completeCount="4"> <!-- Conqueror of Tower of Insolence's Lower Floors -->
		<item id="82012" count="48" enchantLevel="0" /> <!-- Orb of Anger - 1st floor -->
		<item id="82013" count="24" enchantLevel="0" /> <!-- Orb of Anger - 2nd Floor -->
		<item id="82014" count="16" enchantLevel="0" /> <!-- Orb of Anger - 3rd Floor -->
		<item id="81835" count="500" enchantLevel="0" /> <!-- High Priest's Holy Water -->
	</collection>
	<collection id="113" optionId="36004" category="6" completeCount="4"> <!-- Conqueror of Tower of Insolence's Middle Floors -->
		<item id="82015" count="48" enchantLevel="0" /> <!-- Orb of Anger - 4th Floor -->
		<item id="82016" count="24" enchantLevel="0" /> <!-- Orb of Anger - 5th Floor -->
		<item id="82017" count="16" enchantLevel="0" /> <!-- Orb of Anger - 6th Floor -->
		<item id="81835" count="500" enchantLevel="0" /> <!-- High Priest's Holy Water -->
	</collection>
	<collection id="114" optionId="36005" category="7" completeCount="4"> <!-- Adventure in the Tower of Insolence's Lower Floor -->
		<item id="82012" count="8" enchantLevel="0" /> <!-- Orb of Anger - 1st floor -->
		<item id="82013" count="4" enchantLevel="0" /> <!-- Orb of Anger - 2nd Floor -->
		<item id="82014" count="1" enchantLevel="0" /> <!-- Orb of Anger - 3rd Floor -->
		<item id="81835" count="100" enchantLevel="0" /> <!-- High Priest's Holy Water -->
	</collection>
	<collection id="115" optionId="36006" category="7" completeCount="4"> <!-- Adventure in the Tower of Insolence's Middle Floor -->
		<item id="82015" count="8" enchantLevel="0" /> <!-- Orb of Anger - 4th Floor -->
		<item id="82016" count="4" enchantLevel="0" /> <!-- Orb of Anger - 5th Floor -->
		<item id="82017" count="1" enchantLevel="0" /> <!-- Orb of Anger - 6th Floor -->
		<item id="81835" count="100" enchantLevel="0" /> <!-- High Priest's Holy Water -->
	</collection>
	<collection id="116" optionId="36008" category="1" completeCount="2"> <!-- Sword Filled With Magic -->
		<item id="80141" count="1" enchantLevel="20" /> <!-- Enhanced Krishna Buster -->
		<item id="19440" count="195" enchantLevel="0" /> <!-- R-grade Gemstone -->
	</collection>
	<collection id="117" optionId="36009" category="1" completeCount="2"> <!-- Staff of Destruction -->
		<item id="80143" count="1" enchantLevel="14" /> <!-- Enhanced Krishna Retributer -->
		<item id="35562" count="500" enchantLevel="0" /> <!-- Destructive Energy -->
	</collection>
	<collection id="118" optionId="36010" category="1" completeCount="2"> <!-- Giants' Blade -->
		<item id="80134" count="1" enchantLevel="20" /> <!-- Enhanced Krishna Cutter -->
		<item id="35563" count="20" enchantLevel="0" /> <!-- Giant's Energy -->
	</collection>
	<collection id="119" optionId="36011" category="1" completeCount="2"> <!-- Knight's Spear -->
		<item id="80138" count="1" enchantLevel="14" /> <!-- Enhanced Krishna Stormer -->
		<item id="80130" count="105" enchantLevel="0" /> <!-- Superior Weapon Augmenting Stone -->
	</collection>
	<collection id="120" optionId="36012" category="1" completeCount="5"> <!-- By Fire and Sword -->
		<item id="47951" count="142" enchantLevel="0" /> <!-- Crystal of Determination -->
		<item id="19440" count="585" enchantLevel="0" /> <!-- R-grade Gemstone -->
		<item id="80130" count="54" enchantLevel="0" /> <!-- Superior Weapon Augmenting Stone -->
		<item id="35562" count="472" enchantLevel="0" /> <!-- Destructive Energy -->
		<item id="35563" count="472" enchantLevel="0" /> <!-- Giant's Energy -->
	</collection>
	<collection id="121" optionId="36013" category="1" completeCount="4"> <!-- Guard's Heat -->
		<item id="80140" count="1" enchantLevel="12" /> <!-- Enhanced Krishna Guardian -->
		<item id="17526" count="100" enchantLevel="0" /> <!-- Scroll: Enchant R-grade Weapon -->
		<item id="36386" count="20" enchantLevel="0" /> <!-- Giant's Scroll: Enchant R-grade Weapon -->
		<item id="19447" count="10" enchantLevel="0" /> <!-- Blessed Scroll: Enchant R-grade Weapon -->
	</collection>
	<collection id="122" optionId="36014" category="1" completeCount="4"> <!-- Dual Swords' Heat -->
		<item id="80144" count="1" enchantLevel="12" /> <!-- Enhanced Krishna Dual Swords -->
		<item id="19440" count="195" enchantLevel="0" /> <!-- R-grade Gemstone -->
		<item id="35562" count="20" enchantLevel="0" /> <!-- Destructive Energy -->
		<item id="35563" count="20" enchantLevel="0" /> <!-- Giant's Energy -->
	</collection>
	<collection id="123" optionId="36015" category="1" completeCount="4"> <!-- Avenger's Heat -->
		<item id="80136" count="1" enchantLevel="12" /> <!-- Enhanced Krishna Avenger -->
		<item id="47951" count="142" enchantLevel="0" /> <!-- Crystal of Determination -->
		<item id="35562" count="20" enchantLevel="0" /> <!-- Destructive Energy -->
		<item id="35563" count="20" enchantLevel="0" /> <!-- Giant's Energy -->
	</collection>
	<collection id="124" optionId="36016" category="1" completeCount="6"> <!-- Assassin -->
		<item id="80133" count="1" enchantLevel="8" /> <!-- Enhanced Krishna Shaper -->
		<item id="80134" count="1" enchantLevel="4" /> <!-- Enhanced Krishna Cutter -->
		<item id="17526" count="100" enchantLevel="0" /> <!-- Scroll: Enchant R-grade Weapon -->
		<item id="36386" count="20" enchantLevel="0" /> <!-- Giant's Scroll: Enchant R-grade Weapon -->
		<item id="19447" count="20" enchantLevel="0" /> <!-- Blessed Scroll: Enchant R-grade Weapon -->
		<item id="35563" count="12" enchantLevel="0" /> <!-- Giant's Energy -->
	</collection>
	<collection id="125" optionId="36017" category="1" completeCount="6"> <!-- Great Wizard -->
		<item id="80142" count="1" enchantLevel="8" /> <!-- Enhanced Krishna Caster -->
		<item id="80143" count="1" enchantLevel="4" /> <!-- Enhanced Krishna Retributer -->
		<item id="17526" count="100" enchantLevel="0" /> <!-- Scroll: Enchant R-grade Weapon -->
		<item id="36386" count="20" enchantLevel="0" /> <!-- Giant's Scroll: Enchant R-grade Weapon -->
		<item id="19447" count="20" enchantLevel="0" /> <!-- Blessed Scroll: Enchant R-grade Weapon -->
		<item id="35562" count="12" enchantLevel="0" /> <!-- Destructive Energy -->
	</collection>
	<collection id="126" optionId="36018" category="1" completeCount="4"> <!-- Master Marksman I -->
		<item id="80139" count="1" enchantLevel="8" /> <!-- Enhanced Krishna Thrower -->
		<item id="80140" count="1" enchantLevel="4" /> <!-- Enhanced Krishna Guardian -->
		<item id="81840" count="2" enchantLevel="0" /> <!-- Orb of Bloody Soul - Lv. 4 -->
		<item id="81835" count="742" enchantLevel="0" /> <!-- High Priest's Holy Water -->
	</collection>
	<collection id="127" optionId="36019" category="1" completeCount="4"> <!-- Great Warrior -->
		<item id="80137" count="1" enchantLevel="4" /> <!-- Enhanced Krishna Fighter -->
		<item id="80145" count="1" enchantLevel="4" /> <!-- Enhanced Krishna Dual Daggers -->
		<item id="81836" count="320" enchantLevel="0" /> <!-- Orb of Bloody Soul -->
		<item id="81835" count="200" enchantLevel="0" /> <!-- High Priest's Holy Water -->
	</collection>
	<collection id="128" optionId="36020" category="1" completeCount="4"> <!-- Dismantler's Heat -->
		<item id="80141" count="1" enchantLevel="4" /> <!-- Enhanced Krishna Buster -->
		<item id="81847" count="1" enchantLevel="0" /> <!-- Orb of Abyss -->
		<item id="81835" count="1262" enchantLevel="0" /> <!-- High Priest's Holy Water -->
		<item id="80130" count="78" enchantLevel="0" /> <!-- Superior Weapon Augmenting Stone -->
	</collection>
	<collection id="129" optionId="36021" category="1" completeCount="4"> <!-- Enchanter's Heat -->
		<item id="80142" count="1" enchantLevel="4" /> <!-- Enhanced Krishna Caster -->
		<item id="81858" count="1" enchantLevel="0" /> <!-- Orb of Darkness -->
		<item id="81835" count="862" enchantLevel="0" /> <!-- High Priest's Holy Water -->
		<item id="80130" count="32" enchantLevel="0" /> <!-- Superior Weapon Augmenting Stone -->
	</collection>
	<collection id="130" optionId="36022" category="1" completeCount="6"> <!-- Shining Shaper -->
		<item id="17416" count="1" enchantLevel="6" /> <!-- Helios Shaper -->
		<item id="18069" count="1" enchantLevel="6" /> <!-- Blessed Helios Shaper -->
		<item id="17526" count="81" enchantLevel="0" /> <!-- Scroll: Enchant R-grade Weapon -->
		<item id="36386" count="15" enchantLevel="0" /> <!-- Giant's Scroll: Enchant R-grade Weapon -->
		<item id="19447" count="10" enchantLevel="0" /> <!-- Blessed Scroll: Enchant R-grade Weapon -->
		<item id="35562" count="102" enchantLevel="0" /> <!-- Destructive Energy -->
		<item id="35563" count="102" enchantLevel="0" /> <!-- Giant's Energy -->
	</collection>
	<collection id="131" optionId="36023" category="1" completeCount="4"> <!-- Shining Cutter -->
		<item id="17417" count="1" enchantLevel="6" /> <!-- Helios Cutter -->
		<item id="18070" count="1" enchantLevel="6" /> <!-- Blessed Helios Cutter -->
		<item id="19440" count="1424" enchantLevel="0" /> <!-- R-grade Gemstone -->
		<item id="35562" count="142" enchantLevel="0" /> <!-- Destructive Energy -->
		<item id="35563" count="174" enchantLevel="0" /> <!-- Giant's Energy -->
	</collection>
	<collection id="132" optionId="36024" category="1" completeCount="4"> <!-- Shining Buster -->
		<item id="17424" count="1" enchantLevel="6" /> <!-- Helios Buster -->
		<item id="18077" count="1" enchantLevel="6" /> <!-- Blessed Helios Buster -->
		<item id="47951" count="48" enchantLevel="0" /> <!-- Crystal of Determination -->
		<item id="35562" count="178" enchantLevel="0" /> <!-- Destructive Energy -->
		<item id="35563" count="132" enchantLevel="0" /> <!-- Giant's Energy -->
	</collection>
	<collection id="133" optionId="36025" category="1" completeCount="6"> <!-- Elder Knight I -->
		<item id="17420" count="1" enchantLevel="4" /> <!-- Helios Fighter -->
		<item id="18073" count="1" enchantLevel="4" /> <!-- Blessed Helios Fighter -->
		<item id="17428" count="1" enchantLevel="4" /> <!-- Helios Dual Daggers -->
		<item id="18081" count="1" enchantLevel="4" /> <!-- Blessed Helios Dual Daggers -->
		<item id="17526" count="74" enchantLevel="0" /> <!-- Scroll: Enchant R-grade Weapon -->
		<item id="36386" count="10" enchantLevel="0" /> <!-- Giant's Scroll: Enchant R-grade Weapon -->
		<item id="19447" count="10" enchantLevel="0" /> <!-- Blessed Scroll: Enchant R-grade Weapon -->
		<item id="35563" count="212" enchantLevel="0" /> <!-- Giant's Energy -->
	</collection>
	<collection id="134" optionId="36026" category="1" completeCount="6"> <!-- Elder Knight II -->
		<item id="17427" count="1" enchantLevel="4" /> <!-- Helios Dual Swords -->
		<item id="18080" count="1" enchantLevel="4" /> <!-- Blessed Helios Dual Swords -->
		<item id="17428" count="1" enchantLevel="4" /> <!-- Helios Dual Daggers -->
		<item id="18081" count="1" enchantLevel="4" /> <!-- Blessed Helios Dual Daggers -->
		<item id="17526" count="74" enchantLevel="0" /> <!-- Scroll: Enchant R-grade Weapon -->
		<item id="36386" count="10" enchantLevel="0" /> <!-- Giant's Scroll: Enchant R-grade Weapon -->
		<item id="19447" count="10" enchantLevel="0" /> <!-- Blessed Scroll: Enchant R-grade Weapon -->
		<item id="35562" count="212" enchantLevel="0" /> <!-- Destructive Energy -->
	</collection>
	<collection id="135" optionId="36027" category="1" completeCount="4"> <!-- Master Marksman II -->
		<item id="17423" count="1" enchantLevel="4" /> <!-- Helios Guardian -->
		<item id="18076" count="1" enchantLevel="4" /> <!-- Blessed Helios Guardian -->
		<item id="17422" count="1" enchantLevel="4" /> <!-- Helios Thrower -->
		<item id="18075" count="1" enchantLevel="4" /> <!-- Blessed Helios Thrower -->
		<item id="81840" count="2" enchantLevel="0" /> <!-- Orb of Bloody Soul - Lv. 4 -->
		<item id="81835" count="871" enchantLevel="0" /> <!-- High Priest's Holy Water -->
	</collection>
	<collection id="136" optionId="36028" category="1" completeCount="3"> <!-- High Priest's Dagger -->
		<item id="17416" count="1" enchantLevel="0" /> <!-- Helios Shaper -->
		<item id="18069" count="1" enchantLevel="0" /> <!-- Blessed Helios Shaper -->
		<item id="81836" count="320" enchantLevel="0" /> <!-- Orb of Bloody Soul -->
		<item id="81835" count="1127" enchantLevel="0" /> <!-- High Priest's Holy Water -->
	</collection>
	<collection id="137" optionId="36029" category="1" completeCount="3"> <!-- High Priest's Fist Weapon -->
		<item id="17420" count="1" enchantLevel="0" /> <!-- Helios Fighter -->
		<item id="18073" count="1" enchantLevel="0" /> <!-- Blessed Helios Fighter -->
		<item id="81835" count="817" enchantLevel="0" /> <!-- High Priest's Holy Water -->
		<item id="80130" count="78" enchantLevel="0" /> <!-- Superior Weapon Augmenting Stone -->
	</collection>
	<collection id="138" optionId="36030" category="1" completeCount="3"> <!-- High Priest's Staff -->
		<item id="17426" count="1" enchantLevel="0" /> <!-- Helios Retributer -->
		<item id="18079" count="1" enchantLevel="0" /> <!-- Blessed Helios Retributer -->
		<item id="81835" count="817" enchantLevel="0" /> <!-- High Priest's Holy Water -->
		<item id="80130" count="78" enchantLevel="0" /> <!-- Superior Weapon Augmenting Stone -->
	</collection>
	<collection id="139" optionId="36031" category="2" completeCount="6"> <!-- Leviathan's Blessing -->
		<item id="80189" count="1" enchantLevel="10" /> <!-- Enhanced Leviathan Helmet - Heavy armor -->
		<item id="80190" count="1" enchantLevel="10" /> <!-- Enhanced Leviathan Breastplate - Heavy armor -->
		<item id="80191" count="1" enchantLevel="10" /> <!-- Enhanced Leviathan Gaiters - Heavy armor -->
		<item id="80192" count="1" enchantLevel="10" /> <!-- Enhanced Leviathan Gauntlets - Heavy armor -->
		<item id="80193" count="1" enchantLevel="10" /> <!-- Enhanced Leviathan Boots - Heavy armor -->
		<item id="80194" count="1" enchantLevel="10" /> <!-- Enhanced Leviathan Shield -->
	</collection>
	<collection id="140" optionId="36032" category="2" completeCount="5"> <!-- Leviathan's Protection -->
		<item id="80200" count="1" enchantLevel="10" /> <!-- Enhanced Leviathan Circlet - Robe -->
		<item id="80201" count="1" enchantLevel="10" /> <!-- Enhanced Leviathan Tunic - Robe -->
		<item id="80202" count="1" enchantLevel="10" /> <!-- Enhanced Leviathan Stockings - Robe -->
		<item id="80203" count="1" enchantLevel="10" /> <!-- Enhanced Leviathan Gloves - Robe -->
		<item id="80204" count="1" enchantLevel="10" /> <!-- Enhanced Leviathan Shoes - Robe -->
	</collection>
	<collection id="141" optionId="36033" category="2" completeCount="5"> <!-- Dazzling Defense Force -->
		<item id="47952" count="452" enchantLevel="0" /> <!-- Crystal of Protection -->
		<item id="19440" count="435" enchantLevel="0" /> <!-- R-grade Gemstone -->
		<item id="81728" count="54" enchantLevel="0" /> <!-- Armor Augmenting Stone -->
		<item id="35562" count="754" enchantLevel="0" /> <!-- Destructive Energy -->
		<item id="35563" count="688" enchantLevel="0" /> <!-- Giant's Energy -->
	</collection>
	<collection id="142" optionId="36034" category="2" completeCount="4"> <!-- Become Stronger I -->
		<item id="80196" count="1" enchantLevel="10" /> <!-- Enhanced Leviathan Leather Armor - Light armor -->
		<item id="17527" count="280" enchantLevel="0" /> <!-- Scroll: Enchant R-grade Armor -->
		<item id="36389" count="48" enchantLevel="0" /> <!-- Giant's Scroll: Enchant R-grade Armor -->
		<item id="19448" count="15" enchantLevel="0" /> <!-- Blessed Scroll: Enchant R-grade Armor -->
	</collection>
	<collection id="143" optionId="36035" category="2" completeCount="4"> <!-- Leather Leggins' Heat -->
		<item id="80197" count="1" enchantLevel="10" /> <!-- Enhanced Leviathan Leather Leggings - Light armor -->
		<item id="19440" count="23" enchantLevel="0" /> <!-- R-grade Gemstone -->
		<item id="35562" count="457" enchantLevel="0" /> <!-- Destructive Energy -->
		<item id="35563" count="216" enchantLevel="0" /> <!-- Giant's Energy -->
	</collection>
	<collection id="144" optionId="36036" category="2" completeCount="4"> <!-- Tunic's Heat -->
		<item id="80201" count="1" enchantLevel="10" /> <!-- Enhanced Leviathan Tunic - Robe -->
		<item id="47952" count="424" enchantLevel="0" /> <!-- Crystal of Protection -->
		<item id="35562" count="62" enchantLevel="0" /> <!-- Destructive Energy -->
		<item id="35563" count="80" enchantLevel="0" /> <!-- Giant's Energy -->
	</collection>
	<collection id="145" optionId="36037" category="2" completeCount="4"> <!-- Fortitude I -->
		<item id="80196" count="1" enchantLevel="8" /> <!-- Enhanced Leviathan Leather Armor - Light armor -->
		<item id="80201" count="1" enchantLevel="4" /> <!-- Enhanced Leviathan Tunic - Robe -->
		<item id="17527" count="117" enchantLevel="0" /> <!-- Scroll: Enchant R-grade Armor -->
		<item id="35563" count="128" enchantLevel="0" /> <!-- Giant's Energy -->
	</collection>
	<collection id="146" optionId="36038" category="2" completeCount="4"> <!-- Fortitude II -->
		<item id="80197" count="1" enchantLevel="8" /> <!-- Enhanced Leviathan Leather Leggings - Light armor -->
		<item id="80202" count="1" enchantLevel="4" /> <!-- Enhanced Leviathan Stockings - Robe -->
		<item id="17527" count="117" enchantLevel="0" /> <!-- Scroll: Enchant R-grade Armor -->
		<item id="35562" count="128" enchantLevel="0" /> <!-- Destructive Energy -->
	</collection>
	<collection id="147" optionId="36039" category="2" completeCount="5"> <!-- Gloves of Divine Blood I -->
		<item id="80198" count="1" enchantLevel="8" /> <!-- Enhanced Leviathan Leather Gloves - Light armor -->
		<item id="80203" count="1" enchantLevel="4" /> <!-- Enhanced Leviathan Gloves - Robe -->
		<item id="81836" count="41" enchantLevel="0" /> <!-- Orb of Bloody Soul -->
		<item id="81840" count="4" enchantLevel="0" /> <!-- Orb of Bloody Soul - Lv. 4 -->
		<item id="81835" count="1140" enchantLevel="0" /> <!-- High Priest's Holy Water -->
	</collection>
	<collection id="148" optionId="36040" category="2" completeCount="5"> <!-- Gloves of Divine Blood II -->
		<item id="80198" count="1" enchantLevel="8" /> <!-- Enhanced Leviathan Leather Gloves - Light armor -->
		<item id="80203" count="1" enchantLevel="4" /> <!-- Enhanced Leviathan Gloves - Robe -->
		<item id="81836" count="41" enchantLevel="0" /> <!-- Orb of Bloody Soul -->
		<item id="81840" count="4" enchantLevel="0" /> <!-- Orb of Bloody Soul - Lv. 4 -->
		<item id="81835" count="1140" enchantLevel="0" /> <!-- High Priest's Holy Water -->
	</collection>
	<collection id="149" optionId="36041" category="2" completeCount="4"> <!-- Helmet of Divine Blood -->
		<item id="80195" count="1" enchantLevel="4" /> <!-- Enhanced Leviathan Leather Helmet - Light armor -->
		<item id="80200" count="1" enchantLevel="4" /> <!-- Enhanced Leviathan Circlet - Robe -->
		<item id="81836" count="254" enchantLevel="0" /> <!-- Orb of Bloody Soul -->
		<item id="81835" count="1140" enchantLevel="0" /> <!-- High Priest's Holy Water -->
	</collection>
	<collection id="150" optionId="36042" category="2" completeCount="4"> <!-- Leather Armor of Abyss I -->
		<item id="80196" count="1" enchantLevel="4" /> <!-- Enhanced Leviathan Leather Armor - Light armor -->
		<item id="81848" count="1" enchantLevel="0" /> <!-- Orb of Abyss - Lv. 1 -->
		<item id="81835" count="1140" enchantLevel="0" /> <!-- High Priest's Holy Water -->
		<item id="81728" count="76" enchantLevel="0" /> <!-- Armor Augmenting Stone -->
	</collection>
	<collection id="151" optionId="36043" category="2" completeCount="4"> <!-- Leather Armor of Darkness -->
		<item id="80196" count="1" enchantLevel="4" /> <!-- Enhanced Leviathan Leather Armor - Light armor -->
		<item id="81859" count="1" enchantLevel="0" /> <!-- Orb of Darkness - Lv. 1 -->
		<item id="81835" count="1140" enchantLevel="0" /> <!-- High Priest's Holy Water -->
		<item id="81728" count="76" enchantLevel="0" /> <!-- Armor Augmenting Stone -->
	</collection>
	<collection id="152" optionId="36044" category="2" completeCount="4"> <!-- Become Stronger II -->
		<item id="17442" count="1" enchantLevel="6" /> <!-- Eternal Tunic - Robe -->
		<item id="19710" count="1" enchantLevel="6" /> <!-- Blessed Eternal Tunic - Reinforced robe -->
		<item id="17527" count="154" enchantLevel="0" /> <!-- Scroll: Enchant R-grade Armor -->
		<item id="36389" count="48" enchantLevel="0" /> <!-- Giant's Scroll: Enchant R-grade Armor -->
		<item id="19448" count="45" enchantLevel="0" /> <!-- Blessed Scroll: Enchant R-grade Armor -->
	</collection>
	<collection id="153" optionId="36045" category="2" completeCount="4"> <!-- Shining Leather Helmet -->
		<item id="17436" count="1" enchantLevel="6" /> <!-- Eternal Leather Helmet - Light armor -->
		<item id="19912" count="1" enchantLevel="6" /> <!-- Blessed Eternal Leather Helmet - Reinforced light armor -->
		<item id="19440" count="195" enchantLevel="0" /> <!-- R-grade Gemstone -->
		<item id="35562" count="175" enchantLevel="0" /> <!-- Destructive Energy -->
		<item id="35563" count="175" enchantLevel="0" /> <!-- Giant's Energy -->
	</collection>
	<collection id="154" optionId="36046" category="2" completeCount="4"> <!-- Shining Tunic -->
		<item id="17442" count="1" enchantLevel="6" /> <!-- Eternal Tunic - Robe -->
		<item id="19710" count="1" enchantLevel="6" /> <!-- Blessed Eternal Tunic - Reinforced robe -->
		<item id="47952" count="100" enchantLevel="0" /> <!-- Crystal of Protection -->
		<item id="35562" count="128" enchantLevel="0" /> <!-- Destructive Energy -->
		<item id="35563" count="128" enchantLevel="0" /> <!-- Giant's Energy -->
	</collection>
	<collection id="155" optionId="36047" category="2" completeCount="4"> <!-- Shining Breastplate -->
		<item id="17431" count="1" enchantLevel="6" /> <!-- Eternal Breastplate - Heavy armor -->
		<item id="19699" count="1" enchantLevel="6" /> <!-- Blessed Eternal Breastplate - Reinforced heavy armor -->
		<item id="47952" count="100" enchantLevel="0" /> <!-- Crystal of Protection -->
		<item id="35562" count="128" enchantLevel="0" /> <!-- Destructive Energy -->
		<item id="35563" count="128" enchantLevel="0" /> <!-- Giant's Energy -->
	</collection>
	<collection id="156" optionId="36048" category="2" completeCount="5"> <!-- Become Much Stronger I -->
		<item id="17441" count="1" enchantLevel="4" /> <!-- Eternal Circlet - Robe -->
		<item id="19709" count="1" enchantLevel="4" /> <!-- Blessed Eternal Circlet - Reinforced robe -->
		<item id="17444" count="1" enchantLevel="4" /> <!-- Eternal Gloves - Robe -->
		<item id="19712" count="1" enchantLevel="4" /> <!-- Blessed Eternal Gloves - Reinforced robe -->
		<item id="17527" count="24" enchantLevel="0" /> <!-- Scroll: Enchant R-grade Armor -->
		<item id="36389" count="12" enchantLevel="0" /> <!-- Giant's Scroll: Enchant R-grade Armor -->
		<item id="19448" count="12" enchantLevel="0" /> <!-- Blessed Scroll: Enchant R-grade Armor -->
	</collection>
	<collection id="157" optionId="36049" category="2" completeCount="5"> <!-- Become Much Stronger II -->
		<item id="17430" count="1" enchantLevel="4" /> <!-- Eternal Helmet - Heavy armor -->
		<item id="19698" count="1" enchantLevel="4" /> <!-- Blessed Eternal Helmet - Reinforced heavy armor -->
		<item id="17433" count="1" enchantLevel="4" /> <!-- Eternal Gauntlets - Heavy armor -->
		<item id="19701" count="1" enchantLevel="4" /> <!-- Blessed Eternal Gauntlets - Reinforced heavy armor -->
		<item id="17527" count="24" enchantLevel="0" /> <!-- Scroll: Enchant R-grade Armor -->
		<item id="36389" count="12" enchantLevel="0" /> <!-- Giant's Scroll: Enchant R-grade Armor -->
		<item id="19448" count="12" enchantLevel="0" /> <!-- Blessed Scroll: Enchant R-grade Armor -->
	</collection>
	<collection id="158" optionId="36050" category="2" completeCount="4"> <!-- Robe of Divine Blood -->
		<item id="17444" count="1" enchantLevel="4" /> <!-- Eternal Gloves - Robe -->
		<item id="19712" count="1" enchantLevel="4" /> <!-- Blessed Eternal Gloves - Reinforced robe -->
		<item id="17445" count="1" enchantLevel="4" /> <!-- Eternal Shoes - Robe -->
		<item id="19713" count="1" enchantLevel="4" /> <!-- Blessed Eternal Shoes - Reinforced robe -->
		<item id="81840" count="2" enchantLevel="0" /> <!-- Orb of Bloody Soul - Lv. 4 -->
		<item id="81835" count="588" enchantLevel="0" /> <!-- High Priest's Holy Water -->
	</collection>
	<collection id="159" optionId="36051" category="2" completeCount="4"> <!-- Light Armor of Divine Blood -->
		<item id="17439" count="1" enchantLevel="4" /> <!-- Eternal Leather Gloves - Light armor -->
		<item id="19915" count="1" enchantLevel="4" /> <!-- Blessed Eternal Leather Gloves - Reinforced light armor -->
		<item id="17440" count="1" enchantLevel="4" /> <!-- Eternal Leather Boots - Light armor -->
		<item id="19916" count="1" enchantLevel="4" /> <!-- Blessed Eternal Leather Boots - Reinforced light armor -->
		<item id="81840" count="2" enchantLevel="0" /> <!-- Orb of Bloody Soul - Lv. 4 -->
		<item id="81835" count="588" enchantLevel="0" /> <!-- High Priest's Holy Water -->
	</collection>
	<collection id="160" optionId="36052" category="2" completeCount="5"> <!-- Breastplate of Divine Blood -->
		<item id="17431" count="1" enchantLevel="0" /> <!-- Eternal Breastplate - Heavy armor -->
		<item id="19699" count="1" enchantLevel="0" /> <!-- Blessed Eternal Breastplate - Reinforced heavy armor -->
		<item id="81836" count="82" enchantLevel="0" /> <!-- Orb of Bloody Soul -->
		<item id="81836" count="144" enchantLevel="0" /> <!-- Orb of Bloody Soul -->
		<item id="81835" count="752" enchantLevel="0" /> <!-- High Priest's Holy Water -->
		<item id="81840" count="2" enchantLevel="0" /> <!-- Orb of Bloody Soul - Lv. 4 -->
	</collection>
	<collection id="161" optionId="36053" category="2" completeCount="4"> <!-- Leather Armor of Abyss II -->
		<item id="17437" count="1" enchantLevel="0" /> <!-- Eternal Leather Armor - Light armor -->
		<item id="19913" count="1" enchantLevel="0" /> <!-- Blessed Eternal Leather Armor - Reinforced light armor -->
		<item id="81847" count="1" enchantLevel="0" /> <!-- Orb of Abyss -->
		<item id="81835" count="752" enchantLevel="0" /> <!-- High Priest's Holy Water -->
		<item id="81728" count="42" enchantLevel="0" /> <!-- Armor Augmenting Stone -->
	</collection>
	<collection id="162" optionId="36054" category="2" completeCount="4"> <!-- Tunic of Darkness -->
		<item id="17442" count="1" enchantLevel="0" /> <!-- Eternal Tunic - Robe -->
		<item id="19710" count="1" enchantLevel="0" /> <!-- Blessed Eternal Tunic - Reinforced robe -->
		<item id="81858" count="1" enchantLevel="0" /> <!-- Orb of Darkness -->
		<item id="81835" count="687" enchantLevel="0" /> <!-- High Priest's Holy Water -->
		<item id="81728" count="42" enchantLevel="0" /> <!-- Armor Augmenting Stone -->
	</collection>
	<collection id="163" optionId="36057" category="6" completeCount="1"> <!-- Asa, Nox & Anima -->
		<item id="82081" count="40" enchantLevel="0" /> <!-- Memory Shard -->
	</collection>
	<collection id="164" optionId="36058" category="6" completeCount="1"> <!-- Too Many Souls -->
		<item id="82082" count="32" enchantLevel="0" /> <!-- Soul Potion -->
	</collection>
	<collection id="165" optionId="36059" category="6" completeCount="3"> <!-- All About the Conquest -->
		<item id="82081" count="20" enchantLevel="0" /> <!-- Memory Shard -->
		<item id="82082" count="8" enchantLevel="0" /> <!-- Soul Potion -->
		<item id="82083" count="1" enchantLevel="0" /> <!-- Eigis Armor Fragment -->
	</collection>
	<collection id="166" optionId="36060" category="7" completeCount="1"> <!-- Soul Enhancing I -->
		<item id="82081" count="2" enchantLevel="0" /> <!-- Memory Shard -->
	</collection>
	<collection id="167" optionId="36061" category="7" completeCount="2"> <!-- Soul Enhancing II -->
		<item id="82081" count="2" enchantLevel="0" /> <!-- Memory Shard -->
		<item id="82082" count="1" enchantLevel="0" /> <!-- Soul Potion -->
	</collection>
	<collection id="2001" optionId="35905" category="7" completeCount="1"> <!-- 17th Anniversary Congratulations -->
		<item id="81897" count="5" enchantLevel="0" /> <!-- 17th Anniversary Coin -->
	</collection>
	<collection id="2002" optionId="35912" category="7" completeCount="1"> <!-- Freya's Blessing -->
		<item id="81893" count="333" enchantLevel="0" /> <!-- Freya's Gift Box -->
	</collection>
	<collection id="2003" optionId="36007" category="7" completeCount="3"> <!-- Shadai's Blessing -->
		<item id="82033" count="270" enchantLevel="0" /> <!-- Shining Jewel Box -->
		<item id="48642" count="200" enchantLevel="0" /> <!-- Shining Nevit's Gold Hourglass -->
		<item id="37560" count="200" enchantLevel="0" /> <!-- Emperor's Vitality Tonic -->
	</collection>
	<collection id="2004" optionId="36055" category="7" completeCount="3"> <!-- Sayha's Blessing -->
		<item id="82060" count="270" enchantLevel="0" /> <!-- Sayha's Blessing Pack -->
		<item id="48642" count="200" enchantLevel="0" /> <!-- Shining Nevit's Gold Hourglass -->
		<item id="37560" count="200" enchantLevel="0" /> <!-- Emperor's Vitality Tonic -->
	</collection>
	<collection id="2005" optionId="36062" category="7" completeCount="2"> <!-- Aden of Fortune -->
		<item id="82147" count="270" enchantLevel="0" /> <!-- Grace' Fortune Box -->
		<item id="47428" count="1000" enchantLevel="0" /> <!-- Freya's Scroll of Storm -->
	</collection>
	<collection id="2006" optionId="36063" category="7" completeCount="2"> <!-- Skill Master -->
		<item id="82170" count="270" enchantLevel="0" /> <!-- Shining Spellbook Box -->
		<item id="37560" count="700" enchantLevel="0" /> <!-- Emperor's Vitality Tonic -->
	</collection>
	<collection id="2007" optionId="36130" category="7" completeCount="2"> <!-- Kaliel's Blessing -->
		<item id="82185" count="270" enchantLevel="0" /> <!-- Kaliel's Blessing Pack -->
		<item id="37560" count="700" enchantLevel="0" /> <!-- Emperor's Vitality Tonic -->
	</collection>
	<collection id="2008" optionId="36131" category="7" completeCount="2"> <!-- Support for Growth -->
		<item id="82197" count="600" enchantLevel="0" /> <!-- Aden Resistance Support Pack -->
		<item id="82171" count="600" enchantLevel="0" /> <!-- Swift Growth Cookie -->
	</collection>
	<collection id="2009" optionId="36216" category="7" completeCount="1"> <!-- Aden Festival -->
		<item id="82281" count="1" enchantLevel="0" /> <!-- Anniversary Coin -->
	</collection>
	<collection id="2010" optionId="36361" category="7" completeCount="2"> <!-- Comic Event Collection I -->
		<item id="82262" count="1" enchantLevel="0" /> <!-- Akira - Event -->
		<item id="82264" count="1" enchantLevel="0" /> <!-- Dark - Event -->
	</collection>
	<collection id="2011" optionId="36362" category="7" completeCount="1"> <!-- Comic Event Collection II -->
		<item id="82263" count="1" enchantLevel="0" /> <!-- Fortunes of Battle - Event -->
	</collection>
	<collection id="2012" optionId="36363" category="7" completeCount="1"> <!-- Anniversary Congratulations -->
		<item id="82289" count="5" enchantLevel="0" /> <!-- Tersi's Seal -->
	</collection>
	<collection id="20000" optionId="41362" category="7" completeCount="1"> <!-- Returning Hero's Pack -->
		<item id="60045" count="1" enchantLevel="0" /> <!-- Hero's Symbol - Not Available -->
	</collection>
	<collection id="20001" optionId="41363" category="7" completeCount="1"> <!-- Freya's Super Freezing Spell -->
		<item id="60074" count="5" enchantLevel="0" /> <!-- Freya's Mark - Event -->
	</collection>
	<collection id="20002" optionId="41364" category="7" completeCount="1"> <!-- Freya's Summer Cooling Spell -->
		<item id="60074" count="5" enchantLevel="0" /> <!-- Freya's Mark - Event -->
	</collection>
	<collection id="20003" optionId="41365" category="7" completeCount="1"> <!-- Freya's Cooling Spell -->
		<item id="60074" count="1" enchantLevel="0" /> <!-- Freya's Mark - Event -->
	</collection>
	<collection id="20004" optionId="41366" category="7" completeCount="1"> <!-- Warrior Figurine I -->
		<item id="81905" count="1" enchantLevel="0" /> <!-- Legend's Mark - Event -->
	</collection>
	<collection id="20005" optionId="41367" category="7" completeCount="1"> <!-- Warrior Figurine II -->
		<item id="81905" count="2" enchantLevel="0" /> <!-- Legend's Mark - Event -->
	</collection>
	<collection id="20006" optionId="41368" category="7" completeCount="1"> <!-- Dragon Berserker's Splendor -->
		<item id="29827" count="100" enchantLevel="0" /> <!-- Fragment of Nightmare - Event -->
	</collection>
	<collection id="20008" optionId="41369" category="7" completeCount="2"> <!-- Ice Power -->
		<item id="60265" count="25" enchantLevel="0" /> <!-- Scalding Cold Chest -->
		<item id="82172" count="50" enchantLevel="0" /> <!-- Swift Attack Cookie -->
	</collection>
	<collection id="20009" optionId="41370" category="7" completeCount="1"> <!-- Update Festivities -->
		<item id="60283" count="1" enchantLevel="0" /> <!-- Commemorable Update Coin -->
	</collection>
	<collection id="20010" optionId="41371" category="7" completeCount="2"> <!-- Archaeologist's Spirit -->
		<item id="60288" count="10" enchantLevel="0" /> <!-- Archaeologist's Box -->
		<item id="29204" count="2000" enchantLevel="0" /> <!-- Shiny Gold Bar -->
	</collection>
</list>
