<?xml version="1.0" encoding="UTF-8"?>
<list xmlns:xsi="http://www.w3.org/2001/XMLSchema-instance" xsi:noNamespaceSchemaLocation="xsd/DailyMission.xsd">
	<reward id="1101" name="Hunt Lv. 101+ monsters" requiredCompletion="800" isOneTime="false">
		<!-- Kill 800 monsters in any hunting zone. (A monster kill counts only when XP is gained from it.) -->
		<handler name="monster">
			<param name="minLevel">101</param>
			<param name="maxLevel">255</param>
		</handler>
		<items>
			<item id="-200" count="280" /> <!-- Clan Reputation -->
			<item id="-300" count="1500" /> <!-- Fame -->
			<item id="82305" count="1" /> <!-- Beora's Ancient Energy -->
		</items>
	</reward>
	<reward id="1103" name="Field Raid" requiredCompletion="6" isOneTime="false">
		<!-- Defeat any of the following field raid bosses 6 times: Avenger Alusion, Demonic Venom, Watcher Tristan, Berserker Zetahl, Ferocious Valac, Witch Moira, Akrikhin Charon -->
		<handler name="monster">
			<param name="ids">26431,26433,26435,26437,26439,26441,26443,26444</param>
			<param name="minLevel">99</param>
			<param name="maxLevel">255</param>
		</handler>
		<items>
			<item id="-200" count="280" /> <!-- Clan Reputation -->
			<item id="-300" count="1500" /> <!-- Fame -->
			<item id="82305" count="1" /> <!-- Beora's Ancient Energy -->
		</items>
	</reward>
	<reward id="1104" name="Fishing" requiredCompletion="100" isOneTime="false">
		<!-- Successfully catch any type of fish 100 times at the Fishing Dock. -->
		<handler name="fishing" />
		<items>
			<item id="-200" count="220" /> <!-- Clan Reputation -->
			<item id="-300" count="1000" /> <!-- Fame -->
			<item id="82305" count="1" /> <!-- Beora's Ancient Energy -->
		</items>
	</reward>
	<reward id="1105" name="Attempt Augmenting" requiredCompletion="5" isOneTime="false">
		<!-- Attempt Augmenting 5 times with any material and items of any grade. -->
		<handler name="augment" />
		<items>
			<item id="-200" count="220" /> <!-- Clan Reputation -->
			<item id="-300" count="1000" /> <!-- Fame -->
			<item id="82305" count="1" /> <!-- Beora's Ancient Energy -->
		</items>
	</reward>
	<reward id="1106" name="Attempt Compounding" requiredCompletion="5" isOneTime="false">
		<!-- Attempt Combining 5 times with any item. -->
		<handler name="compound" />
		<items>
			<item id="-200" count="220" /> <!-- Clan Reputation -->
			<item id="-300" count="1000" /> <!-- Fame -->
			<item id="82305" count="1" /> <!-- Beora's Ancient Energy -->
		</items>
	</reward>
	<reward id="1107" name="Olympiad Participation" requiredCompletion="5" isOneTime="false">
		<!-- Participate in the Olympiad 5 times. -->
		<handler name="olympiad" />
		<items>
			<item id="-200" count="250" /> <!-- Clan Reputation -->
			<item id="-300" count="1500" /> <!-- Fame -->
			<item id="82305" count="1" /> <!-- Beora's Ancient Energy -->
		</items>
	</reward>
	<reward id="1108" name="Ceremony of Chaos Participation" requiredCompletion="5" isOneTime="false">
		<!-- Participate in the Ceremony of Chaos 5 times. -->
		<handler name="ceremonyofchaos" />
		<items>
			<item id="-200" count="250" /> <!-- Clan Reputation -->
			<item id="-300" count="1500" /> <!-- Fame -->
			<item id="82305" count="1" /> <!-- Beora's Ancient Energy -->
		</items>
	</reward>
	<reward id="1109" name="Hunt on the Storm Isle" requiredCompletion="800" isOneTime="false">
		<!-- Defeat 800 monsters on the Storm Isle. -->
		<handler name="monster">
			<param name="ids">24427,24428,24429,24430,24431,24432</param>
			<param name="minLevel">100</param>
			<param name="maxLevel">255</param>
		</handler>
		<items>
			<item id="-200" count="280" /> <!-- Clan Reputation -->
			<item id="-300" count="1500" /> <!-- Fame -->
			<item id="82305" count="1" /> <!-- Beora's Ancient Energy -->
		</items>
	</reward>
	<reward id="1110" name="Hunt on the Primeval Isle" requiredCompletion="800" isOneTime="false">
		<!-- Defeat 800 monsters on the Primeval Isle. -->
		<handler name="monster">
			<param name="ids">24436,24437,24438,24439,24440,24441</param>
			<param name="minLevel">105</param>
			<param name="maxLevel">255</param>
		</handler>
		<items>
			<item id="-200" count="280" /> <!-- Clan Reputation -->
			<item id="-300" count="1500" /> <!-- Fame -->
			<item id="82305" count="1" /> <!-- Beora's Ancient Energy -->
		</items>
	</reward>
	<reward id="1111" name="Hunt on the Isle of Souls" requiredCompletion="800" isOneTime="false">
		<!-- Defeat 800 monsters on the Isle of Souls. -->
		<handler name="monster">
			<param name="ids">24470,24471,24472,24473,24474,24475</param>
			<param name="minLevel">107</param>
			<param name="maxLevel">255</param>
		</handler>
		<items>
			<item id="-200" count="280" /> <!-- Clan Reputation -->
			<item id="-300" count="1500" /> <!-- Fame -->
			<item id="82305" count="1" /> <!-- Beora's Ancient Energy -->
		</items>
	</reward>
	<reward id="1112" name="Hunting in the Abandoned Coal Mines" requiredCompletion="800" isOneTime="false">
		<!-- Kill 800 monsters in the Abandoned Coal Mines -->
		<handler name="monster">
			<param name="ids">24577,24578,24579</param>
			<param name="minLevel">99</param>
			<param name="maxLevel">105</param>
		</handler>
		<items>
			<item id="-200" count="280" /> <!-- Clan Reputation -->
			<item id="-300" count="1500" /> <!-- Fame -->
			<item id="82305" count="1" /> <!-- Beora's Ancient Energy -->
		</items>
	</reward>
	<reward id="1113" name="Hunting in a Group Instance Zone" requiredCompletion="3" isOneTime="false">
		<!-- Defeat any of the bosses in the following group instance zones of any difficulty level 3 times: Crystal Prison (Baylor), Nightmare Kamaloka, Ashen Shadow Camp, Krofin's Nest -->
		<handler name="monster">
			<param name="ids">29213,29380,26093,26094,26096,26099,26102,26461,26462,26463,26464,26465,23653,23654,23655,23656,23657,23658,23659,23660,23661,23662,23663,23664,24813,24814,24815,24816,24817,24818,24819,24820,24821,24822,24823,24824,26390,26467</param>
			<param name="minLevel">105</param>
			<param name="maxLevel">255</param>
		</handler>
		<items>
			<item id="-200" count="280" /> <!-- Clan Reputation -->
			<item id="-300" count="1500" /> <!-- Fame -->
			<item id="82305" count="1" /> <!-- Beora's Ancient Energy -->
		</items>
	</reward>
	<reward id="1114" name="Hunt in the Otherworldly Atelia Refinery" requiredCompletion="800" isOneTime="false">
		<!-- Defeat 800 monsters in the Otherworldly Atelia Refinery. -->
		<handler name="monster">
			<param name="ids">24849,24850,24851,24852,24853,24854,24855,24856,24857</param>
			<param name="minLevel">112</param>
			<param name="maxLevel">255</param>
		</handler>
		<items>
			<item id="-200" count="280" /> <!-- Clan Reputation -->
			<item id="-300" count="1500" /> <!-- Fame -->
			<item id="82305" count="1" /> <!-- Beora's Ancient Energy -->
		</items>
	</reward>
	<reward id="2101" name="Field Boss I" requiredCompletion="3" isOneTime="false">
		<!-- Defeat any of the field raid bosses 3 times: Baium Orfen Lilith Anakim Ishka -->
		<handler name="monster">
			<param name="ids">29020,29325,29336,29348,29379</param>
		</handler>
		<items>
			<item id="-200" count="100" /> <!-- Clan Reputation -->
			<item id="-300" count="1000" /> <!-- Fame -->
		</items>
	</reward>
	<reward id="2103" name="Castle Siege: Successful Attack" requiredCompletion="1" isOneTime="false">
		<!-- Join a castle siege and achieve 1 win as a sieger. -->
		<handler name="siege" />
		<items>
			<item id="-200" count="250" /> <!-- Clan Reputation -->
			<item id="-300" count="2500" /> <!-- Fame -->
		</items>
	</reward>
	<reward id="2104" name="Castle Siege: Successful Defense" requiredCompletion="1" isOneTime="false">
		<!-- Join a castle siege and achieve 1 win as a defender. -->
		<handler name="siege" />
		<items>
			<item id="-200" count="250" /> <!-- Clan Reputation -->
			<item id="-300" count="2500" /> <!-- Fame -->
		</items>
	</reward>
	<reward id="2107" name="Olympiad Winner" requiredCompletion="15" isOneTime="false">
		<!-- Achieve 15 wins in the Olympiad. -->
		<handler name="olympiad" />
		<items>
			<item id="-200" count="250" /> <!-- Clan Reputation -->
			<item id="-300" count="2500" /> <!-- Fame -->
		</items>
	</reward>
	<reward id="2108" name="Olympiad Hero" requiredCompletion="1" isOneTime="false">
		<!-- Become a Hero in one of the Olympiad competitions. -->
		<handler name="olympiad" />
		<items>
			<item id="-200" count="350" /> <!-- Clan Reputation -->
			<item id="-300" count="3500" /> <!-- Fame -->
		</items>
	</reward>
	<reward id="2109" name="Ceremony of Chaos Winner" requiredCompletion="12" isOneTime="false">
		<!-- Achieve 12 wins in the Ceremony of Chaos. -->
		<handler name="ceremonyofchaos" />
		<items>
			<item id="-200" count="250" /> <!-- Clan Reputation -->
			<item id="-300" count="2500" /> <!-- Fame -->
		</items>
	</reward>
	<reward id="2110" name="Ceremony of Chaos Champion" requiredCompletion="1" isOneTime="false">
		<!-- Become the final champion for a cycle of the Ceremony of Chaos. -->
		<handler name="ceremonyofchaos" />
		<items>
			<item id="-200" count="350" /> <!-- Clan Reputation -->
			<item id="-300" count="3500" /> <!-- Fame -->
		</items>
	</reward>
	<reward id="3025" name="Obtain Noblesse status" requiredCompletion="1">
		<!-- Obtain the Noblesse status while in a clan. -->
		<handler name="noblesse">
			<param name="minLevel">85</param>
			<param name="maxLevel">255</param>
		</handler>
		<items>
			<item id="-200" count="300" /> <!-- Clan Reputation -->
			<item id="-300" count="3000" /> <!-- Fame -->
		</items>
	</reward>
	<reward id="3026" name="Obtain Exalted Status" requiredCompletion="1">
		<!-- Obtain the Exalted status while in a clan. -->
		<handler name="exalted">
			<param name="minLevel">85</param>
			<param name="maxLevel">255</param>
		</handler>
		<items>
			<item id="-200" count="900" /> <!-- Clan Reputation -->
			<item id="-300" count="9000" /> <!-- Fame -->
		</items>
	</reward>
	<reward id="3027" name="Monster Hunting: First Steps" requiredCompletion="20000">
		<!-- Hunt 20,000 monsters in any hunting zone. (A monster kill counts only when XP is gained from it.) -->
		<handler name="monster">
			<param name="minLevel">85</param>
			<param name="maxLevel">255</param>
		</handler>
		<items>
			<item id="-200" count="300" /> <!-- Clan Reputation -->
			<item id="-300" count="3000" /> <!-- Fame -->
		</items>
	</reward>
	<reward id="3028" name="Monster Hunting: Seasoned" requiredMissionCompleteId="3027" requiredCompletion="60000">
		<!-- Hunt 60,000 monsters in any hunting zone. (A monster kill counts only when XP is gained from it.) -->
		<handler name="monster">
			<param name="minLevel">85</param>
			<param name="maxLevel">255</param>
		</handler>
		<items>
			<item id="-200" count="900" /> <!-- Clan Reputation -->
			<item id="-300" count="9000" /> <!-- Fame -->
		</items>
	</reward>
	<reward id="3029" name="Monster Hunting: Expert" requiredMissionCompleteId="3028" requiredCompletion="120000">
		<!-- Hunt 120,000 monsters in any hunting zone. (A monster kill counts only when XP is gained from it.) -->
		<handler name="monster">
			<param name="minLevel">85</param>
			<param name="maxLevel">255</param>
		</handler>
		<items>
			<item id="-200" count="1800" /> <!-- Clan Reputation -->
			<item id="-300" count="18000" /> <!-- Fame -->
		</items>
	</reward>
	<reward id="3030" name="Rare Tavern Monster Hunting" requiredCompletion="10">
		<!-- Defeat any of the following monsters that appear rarely in the Mystic Tavern 10 times. Mystic Tavern Tauti: Ifrit Mystic Tavern Freya: Ice Knight Mystic Tavern Kelbim: Domithan Mystic Tavern Kain: Eilhalder von Hellmann -->
		<handler name="monster">
			<param name="ids">23704,23703,23696,24068</param>
		</handler>
		<items>
			<item id="-200" count="300" /> <!-- Clan Reputation -->
			<item id="-300" count="3000" /> <!-- Fame -->
		</items>
	</reward>
	<reward id="3031" name="World Boss Raid: First Steps" requiredCompletion="1">
		<!-- Defeat 1 of the following once. Antharas Valakas Lindvior Fafurion Helios Etis van Etina -->
		<handler name="monster">
			<param name="ids">29068,29028,29240,29361,29362,29363,29364,29365,29366,29367,29305,29320</param>
		</handler>
		<items>
			<item id="-200" count="200" /> <!-- Clan Reputation -->
			<item id="-300" count="2000" /> <!-- Fame -->
		</items>
	</reward>
	<reward id="3032" name="World Boss Raid: Seasoned" requiredMissionCompleteId="3031" requiredCompletion="10">
		<!-- Defeat 1 of the following 10 times. Antharas Valakas Lindvior Fafurion Helios Etis van Etina -->
		<handler name="monster">
			<param name="ids">29068,29028,29240,29361,29362,29363,29364,29365,29366,29367,29305,29320</param>
		</handler>
		<items>
			<item id="-200" count="1000" /> <!-- Clan Reputation -->
			<item id="-300" count="10000" /> <!-- Fame -->
		</items>
	</reward>
	<reward id="3033" name="World Boss Raid: Expert" requiredMissionCompleteId="3032" requiredCompletion="30">
		<!-- Defeat 1 of the following 30 times. Antharas Valakas Lindvior Fafurion Helios Etis van Etina -->
		<handler name="monster">
			<param name="ids">29068,29028,29240,29361,29362,29363,29364,29365,29366,29367,29305,29320</param>
		</handler>
		<items>
			<item id="-200" count="2000" /> <!-- Clan Reputation -->
			<item id="-300" count="20000" /> <!-- Fame -->
		</items>
	</reward>
	<reward id="3034" name="Olympiad Beginner" requiredCompletion="60">
		<!-- Achieve 60 wins in the Olympiad. -->
		<handler name="olympiad" />
		<items>
			<item id="-200" count="200" /> <!-- Clan Reputation -->
			<item id="-300" count="2000" /> <!-- Fame -->
		</items>
	</reward>
	<reward id="3035" name="Olympiad Veteran" requiredMissionCompleteId="3034" requiredCompletion="180">
		<!-- Achieve 180 wins in the Olympiad. -->
		<handler name="olympiad" />
		<items>
			<item id="-200" count="600" /> <!-- Clan Reputation -->
			<item id="-300" count="6000" /> <!-- Fame -->
		</items>
	</reward>
	<reward id="3036" name="Olympiad Master" requiredMissionCompleteId="3035" requiredCompletion="360">
		<!-- Achieve 360 wins in the Olympiad. -->
		<handler name="olympiad" />
		<items>
			<item id="-200" count="1200" /> <!-- Clan Reputation -->
			<item id="-300" count="12000" /> <!-- Fame -->
		</items>
	</reward>
	<reward id="3037" name="Olympiad: Hero of Heroes" requiredCompletion="10">
		<!-- Become a Hero 10 times in the Olympiad. -->
		<handler name="olympiad" />
		<items>
			<item id="-200" count="3000" /> <!-- Clan Reputation -->
			<item id="-300" count="30000" /> <!-- Fame -->
		</items>
	</reward>
	<reward id="3038" name="Olympiad: From Defeat to Victory" requiredCompletion="100">
		<!-- Lose 100 times in the Olympiad to complete this achievement. -->
		<handler name="olympiad" />
		<items>
			<item id="-200" count="100" /> <!-- Clan Reputation -->
			<item id="-300" count="1000" /> <!-- Fame -->
		</items>
	</reward>
	<reward id="3039" name="Olympiad Participation Reward" requiredCompletion="200">
		<!-- Participate in the Olympiad 200 times. -->
		<handler name="olympiad" />
		<items>
			<item id="-200" count="200" /> <!-- Clan Reputation -->
			<item id="-300" count="2000" /> <!-- Fame -->
		</items>
	</reward>
	<reward id="3040" name="Ceremony of Chaos Beginner" requiredCompletion="50">
		<!-- Achieve 50 wins in the Ceremony of Chaos. -->
		<handler name="ceremonyofchaos" />
		<items>
			<item id="-200" count="400" /> <!-- Clan Reputation -->
			<item id="-300" count="4000" /> <!-- Fame -->
		</items>
	</reward>
	<reward id="3041" name="Ceremony of Chaos Veteran" requiredMissionCompleteId="3040" requiredCompletion="150">
		<!-- Achieve 150 wins in the Ceremony of Chaos. -->
		<handler name="ceremonyofchaos" />
		<items>
			<item id="-200" count="1200" /> <!-- Clan Reputation -->
			<item id="-300" count="12000" /> <!-- Fame -->
		</items>
	</reward>
	<reward id="3042" name="Ceremony of Chaos Master" requiredMissionCompleteId="3041" requiredCompletion="300">
		<!-- Achieve 300 wins in the Ceremony of Chaos. -->
		<handler name="ceremonyofchaos" />
		<items>
			<item id="-200" count="2400" /> <!-- Clan Reputation -->
			<item id="-300" count="24000" /> <!-- Fame -->
		</items>
	</reward>
	<reward id="3043" name="Ceremony of Chaos: Best of the Best" requiredCompletion="10">
		<!-- Become the best Champion 10 times in the Ceremony of Chaos. -->
		<handler name="ceremonyofchaos" />
		<items>
			<item id="-200" count="5000" /> <!-- Clan Reputation -->
			<item id="-300" count="50000" /> <!-- Fame -->
		</items>
	</reward>
	<reward id="3044" name="Ceremony of Chaos: Survival Expert" requiredCompletion="100">
		<!-- Become the last survivor 100 times in the Ceremony of Chaos. -->
		<handler name="ceremonyofchaos" />
		<items>
			<item id="-200" count="400" /> <!-- Clan Reputation -->
			<item id="-300" count="4000" /> <!-- Fame -->
		</items>
	</reward>
	<reward id="3045" name="Ceremony of Chaos Participation Reward" requiredCompletion="200">
		<!-- Participate in the Ceremony of Chaos 200 times. -->
		<handler name="ceremonyofchaos" />
		<items>
			<item id="-200" count="200" /> <!-- Clan Reputation -->
			<item id="-300" count="2000" /> <!-- Fame -->
		</items>
	</reward>
	<reward id="3046" name="Ceremony of Chaos Consolation Prize" requiredCompletion="100">
		<!-- Obtain Ruler's Consideration 100 times in the Ceremony of Chaos. -->
		<handler name="ceremonyofchaos" />
		<items>
			<item id="-200" count="1000" /> <!-- Clan Reputation -->
			<item id="-300" count="10000" /> <!-- Fame -->
		</items>
	</reward>
	<reward id="3047" name="Angler's Descendant" requiredCompletion="72000">
		<!-- Successfully catch any type of fish 72000 times at the Fishing Dock. -->
		<handler name="fishing" />
		<items>
			<item id="-200" count="300" /> <!-- Clan Reputation -->
			<item id="-300" count="3000" /> <!-- Fame -->
		</items>
	</reward>
	<reward id="3048" name="Big Player in the Auction House" requiredCompletion="10">
		<!-- Bid in the Rare Auction and win 10 times. -->
		<handler name="auction" />
		<items>
			<item id="-200" count="1000" /> <!-- Clan Reputation -->
			<item id="-300" count="10000" /> <!-- Fame -->
		</items>
	</reward>
	<reward id="3049" name="Novice Recycler" requiredCompletion="10">
		<!-- Perform Crystallization or Alchemy Combination 10 times. -->
		<handler name="combine" />
		<items>
			<item id="-200" count="100" /> <!-- Clan Reputation -->
			<item id="-300" count="1000" /> <!-- Fame -->
		</items>
	</reward>
	<reward id="3050" name="Professional Recycler" requiredMissionCompleteId="3049" requiredCompletion="50">
		<!-- Perform Crystallization or Alchemy Combination 50 times. -->
		<handler name="combine" />
		<items>
			<item id="-200" count="200" /> <!-- Clan Reputation -->
			<item id="-300" count="2000" /> <!-- Fame -->
		</items>
	</reward>
	<reward id="3051" name="Expert Recycler" requiredMissionCompleteId="3050" requiredCompletion="100">
		<!-- Perform Crystallization or Alchemy Combination 100 times. -->
		<handler name="combine" />
		<items>
			<item id="-200" count="300" /> <!-- Clan Reputation -->
			<item id="-300" count="3000" /> <!-- Fame -->
		</items>
	</reward>
	<reward id="3052" name="Talisman of Insanity" requiredCompletion="1">
		<!-- Successfully compound 1 Talisman of Insanity. -->
		<handler name="compound">
			<param name="minLevel">85</param>
			<param name="maxLevel">255</param>
			<param name="itemId">39572</param>
		</handler>
		<items>
			<item id="-200" count="500" /> <!-- Clan Reputation -->
			<item id="-300" count="5000" /> <!-- Fame -->
		</items>
	</reward>
	<reward id="3053" name="Achieve Venir's Talisman Lv. 15" requiredCompletion="1">
		<!-- Successfully combine Venir's Talisman Lv. 15 once. -->
		<handler name="compound">
			<param name="minLevel">85</param>
			<param name="maxLevel">255</param>
			<param name="itemId">39648</param>
		</handler>
		<items>
			<item id="-200" count="300" /> <!-- Clan Reputation -->
			<item id="-300" count="3000" /> <!-- Fame -->
		</items>
	</reward>
	<reward id="3054" name="Achieve Venir's Talisman Lv. 24" requiredMissionCompleteId="3053" requiredCompletion="1">
		<!-- Successfully combine Venir's Talisman Lv. 24 once. -->
		<handler name="compound">
			<param name="minLevel">85</param>
			<param name="maxLevel">255</param>
			<param name="itemId">39657</param>
		</handler>
		<items>
			<item id="-200" count="1000" /> <!-- Clan Reputation -->
			<item id="-300" count="10000" /> <!-- Fame -->
		</items>
	</reward>
	<reward id="3055" name="Augmenting Expert: Weapon" requiredCompletion="100">
		<!-- Use the following Spirit Stones to augment weapons 100 times: High-grade Spirit Stone Top-grade Spirit Stone Life Stone: Giant's Power -->
		<handler name="augment">
			<param name="minLevel">85</param>
			<param name="maxLevel">255</param>
			<param name="mineralIds">45931,45932,36731</param>
		</handler>
		<items>
			<item id="-200" count="1000" /> <!-- Clan Reputation -->
			<item id="-300" count="10000" /> <!-- Fame -->
		</items>
	</reward>
	<reward id="3056" name="Augmenting Expert: Accessory" requiredCompletion="100">
		<!-- Use the following items to augment accessories 100 times: Accessory Augmenting Stone Aria's Spirit Stone -->
		<handler name="augment">
			<param name="minLevel">85</param>
			<param name="maxLevel">255</param>
			<param name="mineralIds">81729,38571</param>
		</handler>
		<items>
			<item id="-200" count="1000" /> <!-- Clan Reputation -->
			<item id="-300" count="10000" /> <!-- Fame -->
		</items>
	</reward>
	<reward id="3057" name="Augmenting Expert: Hair Accessory" requiredCompletion="100">
		<!-- Use the following Spirit Stones to augment hair accessories 100 times. Spirit Stone: Head Accessory Spirit Stone: Circlet -->
		<handler name="augment">
			<param name="minLevel">85</param>
			<param name="maxLevel">255</param>
			<param name="mineralIds">45937,48215</param>
		</handler>
		<items>
			<item id="-200" count="1000" /> <!-- Clan Reputation -->
			<item id="-300" count="10000" /> <!-- Fame -->
		</items>
	</reward>
	<reward id="3058" name="All Wiped Out" requiredCompletion="3">
		<!-- Enhance your equipment 3 times with any of the following Soul Crystals. Kain's Soul Crystal Lv. 8 Mermoden's Soul Crystal Lv. 8 Leona's Soul Crystal Lv. 8 Pantheon's Soul Crystal Lv. 8 Lionel's Soul Crystal Lv. 8 -->
		<handler name="ensoul">
			<param name="minLevel">85</param>
			<param name="maxLevel">255</param>
			<param name="crystalIds">46451,46466,46481,46496,46511</param>
		</handler>
		<items>
			<item id="-200" count="1000" /> <!-- Clan Reputation -->
			<item id="-300" count="10000" /> <!-- Fame -->
		</items>
	</reward>
	<reward id="3060" name="Zodiac Agathions Researcher" requiredCompletion="1">
		<!-- Enchant 1 Zodiac agathion to +10. -->
		<handler name="enchant">
			<param name="minLevel">85</param>
			<param name="maxLevel">255</param>
			<param name="targetValue">10</param>
			<param name="itemIds">28769,28770,28771,28772,28773,28774,28775,28776,28777,28778,28779,28780,28781,28782,28783,28784,28785,28786,28787,28788,28789,28790,28791,28792,28793,28794,28795,28796,28797,28798,28799,28800,28801,28802,28803,28804,28805,28806,28807,28808,28809,28810,28811,28812,28813,28814,28815,28816,28817,18818,28819,28820,28821,28822,28823,28824,28825,28826,28827,28828,28829,28830,28831,28832,28833,28834,28835,28836,28837,28838,28839,28840,28841,28842,28843,28844,28845,28846,28847,28848,28849,28850,28851,28852,28853,28854,28855,28856,28857,28858,28859,28860,28861,28862,28863,28864,28865,28866,28867,28868,28869,28870,28871,28872,28873,28874,28875,28876,28877,28878,28879,28880,28881,28882,28883,28884,28885,28886,28887,28888,28889,28890,28891,28892,28893,28894,28895,28896,28897,28898,28899,28900,28901,28902,28903,28904,28905,28906,28907,28908,28909,28910,28911,28912,28913,28914,28915,28916,28927,28918,28919,28920,28921,28922,28923,28924,28925,28926,28927,28928,28929,28930,28931,28932,28933,28934,28935,28936,28937,28938,28939,28940,28941,28942,28943,28944,28945,28946,28947,28948,28949,28950,28951,28952,28953,28954,28955,28960,28961,28962,28963,28964,28965,28966,28967,28968,28969,28970,28971,28972,28973,28974,28975,28976,28977,28978,28979,28980,28981,28982,28983,28984,28985,28986,28987,28988,28989,28990,28991,28992,28993,28994,28995,28996,28997,28998,28999,29010,29011,29012,29013,29014,29015,29016,29017,29018,29019,29020,29021,29022,29023,29024,29025,29026,29027,29028,29029,29030,29031,29032,29033,29034,29035,29036,29037,29038,29039,29040,29041,29042,29043,29044,29045,29046,29047,29048,29049,29050,29051,29052,29053,29054,29055,29056,48048,48049,48050,48051,48052,48053,48054,48055,48056,48057,48058,48059,80936,80937,80938,80939,80940,80941,80942,80943,80944,80945,80946,80947</param>
		</handler>
		<items>
			<item id="-200" count="500" /> <!-- Clan Reputation -->
			<item id="-300" count="5000" /> <!-- Fame -->
		</items>
	</reward>
	<reward id="3061" name="Zodiac Agathions Collector" requiredMissionCompleteId="3060" requiredCompletion="5">
		<!-- Enchant 5 Zodiac agathions to +10. -->
		<handler name="enchant">
			<param name="minLevel">85</param>
			<param name="maxLevel">255</param>
			<param name="targetValue">10</param>
			<param name="itemIds">28769,28770,28771,28772,28773,28774,28775,28776,28777,28778,28779,28780,28781,28782,28783,28784,28785,28786,28787,28788,28789,28790,28791,28792,28793,28794,28795,28796,28797,28798,28799,28800,28801,28802,28803,28804,28805,28806,28807,28808,28809,28810,28811,28812,28813,28814,28815,28816,28817,18818,28819,28820,28821,28822,28823,28824,28825,28826,28827,28828,28829,28830,28831,28832,28833,28834,28835,28836,28837,28838,28839,28840,28841,28842,28843,28844,28845,28846,28847,28848,28849,28850,28851,28852,28853,28854,28855,28856,28857,28858,28859,28860,28861,28862,28863,28864,28865,28866,28867,28868,28869,28870,28871,28872,28873,28874,28875,28876,28877,28878,28879,28880,28881,28882,28883,28884,28885,28886,28887,28888,28889,28890,28891,28892,28893,28894,28895,28896,28897,28898,28899,28900,28901,28902,28903,28904,28905,28906,28907,28908,28909,28910,28911,28912,28913,28914,28915,28916,28927,28918,28919,28920,28921,28922,28923,28924,28925,28926,28927,28928,28929,28930,28931,28932,28933,28934,28935,28936,28937,28938,28939,28940,28941,28942,28943,28944,28945,28946,28947,28948,28949,28950,28951,28952,28953,28954,28955,28960,28961,28962,28963,28964,28965,28966,28967,28968,28969,28970,28971,28972,28973,28974,28975,28976,28977,28978,28979,28980,28981,28982,28983,28984,28985,28986,28987,28988,28989,28990,28991,28992,28993,28994,28995,28996,28997,28998,28999,29010,29011,29012,29013,29014,29015,29016,29017,29018,29019,29020,29021,29022,29023,29024,29025,29026,29027,29028,29029,29030,29031,29032,29033,29034,29035,29036,29037,29038,29039,29040,29041,29042,29043,29044,29045,29046,29047,29048,29049,29050,29051,29052,29053,29054,29055,29056,48048,48049,48050,48051,48052,48053,48054,48055,48056,48057,48058,48059,80936,80937,80938,80939,80940,80941,80942,80943,80944,80945,80946,80947</param>
		</handler>
		<items>
			<item id="-200" count="1500" /> <!-- Clan Reputation -->
			<item id="-300" count="15000" /> <!-- Fame -->
		</items>
	</reward>
	<reward id="3062" name="Zodiac Agathions Expert" requiredMissionCompleteId="3061" requiredCompletion="12">
		<!-- Enchant 12 Zodiac agathions to +10. -->
		<handler name="enchant">
			<param name="minLevel">85</param>
			<param name="maxLevel">255</param>
			<param name="targetValue">10</param>
			<param name="itemIds">28769,28770,28771,28772,28773,28774,28775,28776,28777,28778,28779,28780,28781,28782,28783,28784,28785,28786,28787,28788,28789,28790,28791,28792,28793,28794,28795,28796,28797,28798,28799,28800,28801,28802,28803,28804,28805,28806,28807,28808,28809,28810,28811,28812,28813,28814,28815,28816,28817,18818,28819,28820,28821,28822,28823,28824,28825,28826,28827,28828,28829,28830,28831,28832,28833,28834,28835,28836,28837,28838,28839,28840,28841,28842,28843,28844,28845,28846,28847,28848,28849,28850,28851,28852,28853,28854,28855,28856,28857,28858,28859,28860,28861,28862,28863,28864,28865,28866,28867,28868,28869,28870,28871,28872,28873,28874,28875,28876,28877,28878,28879,28880,28881,28882,28883,28884,28885,28886,28887,28888,28889,28890,28891,28892,28893,28894,28895,28896,28897,28898,28899,28900,28901,28902,28903,28904,28905,28906,28907,28908,28909,28910,28911,28912,28913,28914,28915,28916,28927,28918,28919,28920,28921,28922,28923,28924,28925,28926,28927,28928,28929,28930,28931,28932,28933,28934,28935,28936,28937,28938,28939,28940,28941,28942,28943,28944,28945,28946,28947,28948,28949,28950,28951,28952,28953,28954,28955,28960,28961,28962,28963,28964,28965,28966,28967,28968,28969,28970,28971,28972,28973,28974,28975,28976,28977,28978,28979,28980,28981,28982,28983,28984,28985,28986,28987,28988,28989,28990,28991,28992,28993,28994,28995,28996,28997,28998,28999,29010,29011,29012,29013,29014,29015,29016,29017,29018,29019,29020,29021,29022,29023,29024,29025,29026,29027,29028,29029,29030,29031,29032,29033,29034,29035,29036,29037,29038,29039,29040,29041,29042,29043,29044,29045,29046,29047,29048,29049,29050,29051,29052,29053,29054,29055,29056,48048,48049,48050,48051,48052,48053,48054,48055,48056,48057,48058,48059,80936,80937,80938,80939,80940,80941,80942,80943,80944,80945,80946,80947</param>
		</handler>
		<items>
			<item id="-200" count="2500" /> <!-- Clan Reputation -->
			<item id="-300" count="25000" /> <!-- Fame -->
		</items>
	</reward>
	<reward id="3063" name="+10 Apocalypse Weapon" requiredCompletion="1">
		<!-- Enchant 1 Apocalypse weapon to +10. -->
		<handler name="enchant">
			<param name="minLevel">85</param>
			<param name="maxLevel">255</param>
			<param name="targetValue">10</param>
			<param name="itemIds">17324,17325,17326,17327,17328,17329,17330,17331,17332,17333,17334,17335,17336,17337,17865,17866,17867,17868,17869,17870,17871,17872,17873,17874,17875,17876,17877,17878,18001,18002,18003,18004,18005,18006,18007,18008,18009,18010,18011,18012,18013,18014,18704,18705,18706,18707,18708,18709,18710,18711,18712,18713,18714,18715,18716,18717,18718,18719,18720,18721,18722,18723,18724,18725,18726,18727,18728,18729,18730,18731,18732,18733,18734,18734,18735,18736,18737,18738,18739,18740,18741,18742,18743,18744,18745,18746,18747,18748,18749,18750,18751,18752,18753,18754,18755,18756,18757,18758,18759,18760,18761,18762,18763,18764,18765,18766,18767,18768,18769,18770,18771,18772,18773,18774,18775,18776,18777,18778,18779,18780,18781,18782,18783,18784,18785,18786,18787,18788,18789,18790,18791,18792,18793,18794,18795,18796,18797,18798,18799,18800,18801,18802,18803,18804,18805,18806,18807,18808,18809,18810,18811,18812,18813,18814,18815,18816,18817,18818,18819,18820,18821,18822,18823,18824,18825,18826,18827,18828,18829,30022,30023,30024,30025,30026,30027,30028,30029,30030,30031,30032,30033,30034,30035,30036,30037,30038,30039,30040,30041,30042,30043,30044,30045,30046,30047,30048,30049,30050,30051,30052,30053,30054,30055,30056,30057,30058,30059,30060,30061,30062,30063,30064,30065,30066,30067,30068,30069,30070,30071,30072,30073,30074,30075,30076,30077,30078,30079,30080,30081,30082,30083,30084,30085,30086,30087,30088,30089,30090,30091,30092,30093,30094,30095,30096,30097,30098,30099,30100,30101,30102,30103,30104,30105,34509,34510,34511,34512,34513,34514,34515,34516,34516,34517,34518,34519,34520,34521,34522,34523,34524,34525,34526,34527,34528,34529,34530,34531,34532,34533,34534,34535,34536,34537,34538,34539,34540,34541,34542,34543,34544,34545,34546,34547,34548,34549,34550,34551,34552,34553,34554,34556,34557,34558,34559,34560,34561,34562,34563,34564,34565,34566,34567,34567,34568,34569,34570,34571,34572,34573,34574,34719,34720,34721,34722,34723,34724,34725,34726,34727,34728,34729,34730,45823,45824,45825,45826,45827,45828,45829,45830,45831,45832,45833,45834,45835,45836</param>
		</handler>
		<items>
			<item id="-200" count="100" /> <!-- Clan Reputation -->
			<item id="-300" count="1000" /> <!-- Fame -->
		</items>
	</reward>
	<reward id="3064" name="+15 Apocalypse Weapon" requiredMissionCompleteId="3063" requiredCompletion="1">
		<!-- Enchant 1 Apocalypse weapon to +15. -->
		<handler name="enchant">
			<param name="minLevel">85</param>
			<param name="maxLevel">255</param>
			<param name="targetValue">15</param>
			<param name="itemIds">17324,17325,17326,17327,17328,17329,17330,17331,17332,17333,17334,17335,17336,17337,17865,17866,17867,17868,17869,17870,17871,17872,17873,17874,17875,17876,17877,17878,18001,18002,18003,18004,18005,18006,18007,18008,18009,18010,18011,18012,18013,18014,18704,18705,18706,18707,18708,18709,18710,18711,18712,18713,18714,18715,18716,18717,18718,18719,18720,18721,18722,18723,18724,18725,18726,18727,18728,18729,18730,18731,18732,18733,18734,18734,18735,18736,18737,18738,18739,18740,18741,18742,18743,18744,18745,18746,18747,18748,18749,18750,18751,18752,18753,18754,18755,18756,18757,18758,18759,18760,18761,18762,18763,18764,18765,18766,18767,18768,18769,18770,18771,18772,18773,18774,18775,18776,18777,18778,18779,18780,18781,18782,18783,18784,18785,18786,18787,18788,18789,18790,18791,18792,18793,18794,18795,18796,18797,18798,18799,18800,18801,18802,18803,18804,18805,18806,18807,18808,18809,18810,18811,18812,18813,18814,18815,18816,18817,18818,18819,18820,18821,18822,18823,18824,18825,18826,18827,18828,18829,30022,30023,30024,30025,30026,30027,30028,30029,30030,30031,30032,30033,30034,30035,30036,30037,30038,30039,30040,30041,30042,30043,30044,30045,30046,30047,30048,30049,30050,30051,30052,30053,30054,30055,30056,30057,30058,30059,30060,30061,30062,30063,30064,30065,30066,30067,30068,30069,30070,30071,30072,30073,30074,30075,30076,30077,30078,30079,30080,30081,30082,30083,30084,30085,30086,30087,30088,30089,30090,30091,30092,30093,30094,30095,30096,30097,30098,30099,30100,30101,30102,30103,30104,30105,34509,34510,34511,34512,34513,34514,34515,34516,34516,34517,34518,34519,34520,34521,34522,34523,34524,34525,34526,34527,34528,34529,34530,34531,34532,34533,34534,34535,34536,34537,34538,34539,34540,34541,34542,34543,34544,34545,34546,34547,34548,34549,34550,34551,34552,34553,34554,34556,34557,34558,34559,34560,34561,34562,34563,34564,34565,34566,34567,34567,34568,34569,34570,34571,34572,34573,34574,34719,34720,34721,34722,34723,34724,34725,34726,34727,34728,34729,34730,45823,45824,45825,45826,45827,45828,45829,45830,45831,45832,45833,45834,45835,45836</param>
		</handler>
		<items>
			<item id="-200" count="300" /> <!-- Clan Reputation -->
			<item id="-300" count="3000" /> <!-- Fame -->
		</items>
	</reward>
	<reward id="3065" name="+20 Apocalypse Weapon" requiredMissionCompleteId="3064" requiredCompletion="1">
		<!-- Enchant 1 Apocalypse weapon to +20. -->
		<handler name="enchant">
			<param name="minLevel">85</param>
			<param name="maxLevel">255</param>
			<param name="targetValue">20</param>
			<param name="itemIds">17324,17325,17326,17327,17328,17329,17330,17331,17332,17333,17334,17335,17336,17337,17865,17866,17867,17868,17869,17870,17871,17872,17873,17874,17875,17876,17877,17878,18001,18002,18003,18004,18005,18006,18007,18008,18009,18010,18011,18012,18013,18014,18704,18705,18706,18707,18708,18709,18710,18711,18712,18713,18714,18715,18716,18717,18718,18719,18720,18721,18722,18723,18724,18725,18726,18727,18728,18729,18730,18731,18732,18733,18734,18734,18735,18736,18737,18738,18739,18740,18741,18742,18743,18744,18745,18746,18747,18748,18749,18750,18751,18752,18753,18754,18755,18756,18757,18758,18759,18760,18761,18762,18763,18764,18765,18766,18767,18768,18769,18770,18771,18772,18773,18774,18775,18776,18777,18778,18779,18780,18781,18782,18783,18784,18785,18786,18787,18788,18789,18790,18791,18792,18793,18794,18795,18796,18797,18798,18799,18800,18801,18802,18803,18804,18805,18806,18807,18808,18809,18810,18811,18812,18813,18814,18815,18816,18817,18818,18819,18820,18821,18822,18823,18824,18825,18826,18827,18828,18829,30022,30023,30024,30025,30026,30027,30028,30029,30030,30031,30032,30033,30034,30035,30036,30037,30038,30039,30040,30041,30042,30043,30044,30045,30046,30047,30048,30049,30050,30051,30052,30053,30054,30055,30056,30057,30058,30059,30060,30061,30062,30063,30064,30065,30066,30067,30068,30069,30070,30071,30072,30073,30074,30075,30076,30077,30078,30079,30080,30081,30082,30083,30084,30085,30086,30087,30088,30089,30090,30091,30092,30093,30094,30095,30096,30097,30098,30099,30100,30101,30102,30103,30104,30105,34509,34510,34511,34512,34513,34514,34515,34516,34516,34517,34518,34519,34520,34521,34522,34523,34524,34525,34526,34527,34528,34529,34530,34531,34532,34533,34534,34535,34536,34537,34538,34539,34540,34541,34542,34543,34544,34545,34546,34547,34548,34549,34550,34551,34552,34553,34554,34556,34557,34558,34559,34560,34561,34562,34563,34564,34565,34566,34567,34567,34568,34569,34570,34571,34572,34573,34574,34719,34720,34721,34722,34723,34724,34725,34726,34727,34728,34729,34730,45823,45824,45825,45826,45827,45828,45829,45830,45831,45832,45833,45834,45835,45836</param>
		</handler>
		<items>
			<item id="-200" count="500" /> <!-- Clan Reputation -->
			<item id="-300" count="5000" /> <!-- Fame -->
		</items>
	</reward>
	<reward id="3066" name="+10 Specter Weapon" requiredCompletion="1">
		<!-- Enchant 1 Specter weapon to +10. -->
		<handler name="enchant">
			<param name="minLevel">85</param>
			<param name="maxLevel">255</param>
			<param name="targetValue">10</param>
			<param name="itemIds">17382,17383,17384,17385,17386,17387,17388,17389,17390,17391,17392,17392,17393,17394,17395,17899,17900,17901,17902,17903,17904,17905,17906,17907,17908,17909,17910,17911,17912,18035,18036,18037,18038,18039,18040,18041,18042,18043,18044,18045,18046,18047,18048,18830,18831,18832,18833,18834,18835,18836,18837,18838,18839,18840,18841,18842,18843,18844,18845,18846,18847,18848,18849,18850,18851,18852,18853,18854,18855,18856,18857,18858,18859,18860,18861,18862,18863,18864,18865,18866,18867,18868,18869,18870,18871,18872,18873,18874,18875,18876,18877,18878,18879,18880,18881,18882,18883,18884,18885,18886,18887,18888,18889,18890,18891,18892,18893,18894,18895,18896,18897,18898,18899,18900,18901,18902,18903,18904,18905,18906,18907,18908,18909,18910,18911,18912,18913,18914,18915,18916,18917,18918,18919,18920,19821,18922,18923,18924,18925,18926,18927,18928,18929,18930,18931,18932,18933,18934,18935,18936,18937,18938,18939,18940,18941,18942,18943,18944,18945,18946,18947,18948,18949,18950,18951,18952,18953,18954,18955,30107,30108,30109,30110,30111,30112,30113,30114,30115,30116,30117,30118,30119,30120,30121,30122,30123,30124,30125,30126,30127,30128,30129,30130,30131,30132,30133,30134,30135,30136,30137,30138,30139,30140,30141,30142,30143,30144,30145,30146,30147,30148,30149,30150,30151,30152,30153,30154,30155,30156,30157,30158,30159,30160,30161,30162,30163,30164,30165,30166,30167,30168,30169,30170,30171,30172,30173,30174,30175,30176,30177,30178,30179,30180,30181,30182,30183,30184,30185,30186,30187,30188,30189,45851,45852,45853,45854,45855,45856,45857,45858,45859,45860,45861,45862,45863,45864</param>
		</handler>
		<items>
			<item id="-200" count="200" /> <!-- Clan Reputation -->
			<item id="-300" count="2000" /> <!-- Fame -->
		</items>
	</reward>
	<reward id="3067" name="+15 Specter Weapon" requiredMissionCompleteId="3066" requiredCompletion="1">
		<!-- Enchant 1 Specter weapon to +15. -->
		<handler name="enchant">
			<param name="minLevel">85</param>
			<param name="maxLevel">255</param>
			<param name="targetValue">15</param>
			<param name="itemIds">17382,17383,17384,17385,17386,17387,17388,17389,17390,17391,17392,17392,17393,17394,17395,17899,17900,17901,17902,17903,17904,17905,17906,17907,17908,17909,17910,17911,17912,18035,18036,18037,18038,18039,18040,18041,18042,18043,18044,18045,18046,18047,18048,18830,18831,18832,18833,18834,18835,18836,18837,18838,18839,18840,18841,18842,18843,18844,18845,18846,18847,18848,18849,18850,18851,18852,18853,18854,18855,18856,18857,18858,18859,18860,18861,18862,18863,18864,18865,18866,18867,18868,18869,18870,18871,18872,18873,18874,18875,18876,18877,18878,18879,18880,18881,18882,18883,18884,18885,18886,18887,18888,18889,18890,18891,18892,18893,18894,18895,18896,18897,18898,18899,18900,18901,18902,18903,18904,18905,18906,18907,18908,18909,18910,18911,18912,18913,18914,18915,18916,18917,18918,18919,18920,19821,18922,18923,18924,18925,18926,18927,18928,18929,18930,18931,18932,18933,18934,18935,18936,18937,18938,18939,18940,18941,18942,18943,18944,18945,18946,18947,18948,18949,18950,18951,18952,18953,18954,18955,30107,30108,30109,30110,30111,30112,30113,30114,30115,30116,30117,30118,30119,30120,30121,30122,30123,30124,30125,30126,30127,30128,30129,30130,30131,30132,30133,30134,30135,30136,30137,30138,30139,30140,30141,30142,30143,30144,30145,30146,30147,30148,30149,30150,30151,30152,30153,30154,30155,30156,30157,30158,30159,30160,30161,30162,30163,30164,30165,30166,30167,30168,30169,30170,30171,30172,30173,30174,30175,30176,30177,30178,30179,30180,30181,30182,30183,30184,30185,30186,30187,30188,30189,45851,45852,45853,45854,45855,45856,45857,45858,45859,45860,45861,45862,45863,45864</param>
		</handler>
		<items>
			<item id="-200" count="600" /> <!-- Clan Reputation -->
			<item id="-300" count="6000" /> <!-- Fame -->
		</items>
	</reward>
	<reward id="3068" name="+20 Specter Weapon" requiredMissionCompleteId="3067" requiredCompletion="1">
		<!-- Enchant 1 Specter weapon to +20. -->
		<handler name="enchant">
			<param name="minLevel">85</param>
			<param name="maxLevel">255</param>
			<param name="targetValue">20</param>
			<param name="itemIds">17382,17383,17384,17385,17386,17387,17388,17389,17390,17391,17392,17392,17393,17394,17395,17899,17900,17901,17902,17903,17904,17905,17906,17907,17908,17909,17910,17911,17912,18035,18036,18037,18038,18039,18040,18041,18042,18043,18044,18045,18046,18047,18048,18830,18831,18832,18833,18834,18835,18836,18837,18838,18839,18840,18841,18842,18843,18844,18845,18846,18847,18848,18849,18850,18851,18852,18853,18854,18855,18856,18857,18858,18859,18860,18861,18862,18863,18864,18865,18866,18867,18868,18869,18870,18871,18872,18873,18874,18875,18876,18877,18878,18879,18880,18881,18882,18883,18884,18885,18886,18887,18888,18889,18890,18891,18892,18893,18894,18895,18896,18897,18898,18899,18900,18901,18902,18903,18904,18905,18906,18907,18908,18909,18910,18911,18912,18913,18914,18915,18916,18917,18918,18919,18920,19821,18922,18923,18924,18925,18926,18927,18928,18929,18930,18931,18932,18933,18934,18935,18936,18937,18938,18939,18940,18941,18942,18943,18944,18945,18946,18947,18948,18949,18950,18951,18952,18953,18954,18955,30107,30108,30109,30110,30111,30112,30113,30114,30115,30116,30117,30118,30119,30120,30121,30122,30123,30124,30125,30126,30127,30128,30129,30130,30131,30132,30133,30134,30135,30136,30137,30138,30139,30140,30141,30142,30143,30144,30145,30146,30147,30148,30149,30150,30151,30152,30153,30154,30155,30156,30157,30158,30159,30160,30161,30162,30163,30164,30165,30166,30167,30168,30169,30170,30171,30172,30173,30174,30175,30176,30177,30178,30179,30180,30181,30182,30183,30184,30185,30186,30187,30188,30189,45851,45852,45853,45854,45855,45856,45857,45858,45859,45860,45861,45862,45863,45864</param>
		</handler>
		<items>
			<item id="-200" count="1000" /> <!-- Clan Reputation -->
			<item id="-300" count="10000" /> <!-- Fame -->
		</items>
	</reward>
	<reward id="3069" name="+10 Helios Weapon" requiredCompletion="1">
		<!-- Enchant 1 Helios weapon to +10. -->
		<handler name="enchant">
			<param name="minLevel">85</param>
			<param name="maxLevel">255</param>
			<param name="targetValue">10</param>
			<param name="itemIds">17416,17417,17418,17419,17420,17421,17422,17423,17424,17425,17426,17427,17428,17429,17933,17934,17935,17936,17937,17938,17939,17940,17941,17942,17943,17944,17945,17946,18069,18070,18071,18072,18073,18074,18075,18076,18077,18078,18079,18080,18081,18082,18956,18957,18958,18959,18960,18961,18962,18963,18964,18965,18966,18967,18968,18969,18970,18971,18972,18973,18974,18975,18976,18977,18978,18979,18980,18981,18982,18983,18984,18985,18986,18987,18988,18989,18990,18991,18992,18993,18994,18995,18996,18997,18998,18999,19000,19001,19002,19003,19004,19005,19006,19007,19008,19009,19010,19011,19012,19013,19014,19015,19016,19017,19018,19019,19020,19021,19022,19023,19024,19025,19026,19027,19028,19029,19030,19031,19032,19033,19034,19035,19036,19037,19038,19039,19040,19041,19042,19043,19044,19045,19046,19047,19048,19049,19050,19051,19052,19053,19054,19055,19056,19057,19058,19059,19060,19061,19062,19063,19064,19065,19066,19067,19068,19069,19070,19071,19072,19073,19074,19075,19076,19077,19078,19079,19080,19081,30190,30191,30192,30193,30194,30195,30196,30197,30198,30199,30200,30201,30202,30203,30204,30205,30206,30207,30208,30209,30210,30211,30212,30213,30214,30215,30216,30217,30218,30219,30220,30221,30222,30223,30224,30225,30226,30227,30228,30229,30230,30231,30232,30233,30234,30235,30236,30237,30238,30239,30240,30241,30242,30243,30244,30245,30246,30247,30248,30249,30250,30251,30252,30253,30254,30255,30256,30257,30258,30259,30260,30261,30262,30263,30264,30265,30266,30267,30268,30269,30270,30271,30272,30273,45879,45880,45881,45882,45883,45884,45885,45886,45887,45888,45889,45890,45891,45892</param>
		</handler>
		<items>
			<item id="-200" count="300" /> <!-- Clan Reputation -->
			<item id="-300" count="3000" /> <!-- Fame -->
		</items>
	</reward>
	<reward id="3070" name="+15 Helios Weapon" requiredMissionCompleteId="3069" requiredCompletion="1">
		<!-- Enchant 1 Helios weapon to +15. -->
		<handler name="enchant">
			<param name="minLevel">85</param>
			<param name="maxLevel">255</param>
			<param name="targetValue">15</param>
			<param name="itemIds">17416,17417,17418,17419,17420,17421,17422,17423,17424,17425,17426,17427,17428,17429,17933,17934,17935,17936,17937,17938,17939,17940,17941,17942,17943,17944,17945,17946,18069,18070,18071,18072,18073,18074,18075,18076,18077,18078,18079,18080,18081,18082,18956,18957,18958,18959,18960,18961,18962,18963,18964,18965,18966,18967,18968,18969,18970,18971,18972,18973,18974,18975,18976,18977,18978,18979,18980,18981,18982,18983,18984,18985,18986,18987,18988,18989,18990,18991,18992,18993,18994,18995,18996,18997,18998,18999,19000,19001,19002,19003,19004,19005,19006,19007,19008,19009,19010,19011,19012,19013,19014,19015,19016,19017,19018,19019,19020,19021,19022,19023,19024,19025,19026,19027,19028,19029,19030,19031,19032,19033,19034,19035,19036,19037,19038,19039,19040,19041,19042,19043,19044,19045,19046,19047,19048,19049,19050,19051,19052,19053,19054,19055,19056,19057,19058,19059,19060,19061,19062,19063,19064,19065,19066,19067,19068,19069,19070,19071,19072,19073,19074,19075,19076,19077,19078,19079,19080,19081,30190,30191,30192,30193,30194,30195,30196,30197,30198,30199,30200,30201,30202,30203,30204,30205,30206,30207,30208,30209,30210,30211,30212,30213,30214,30215,30216,30217,30218,30219,30220,30221,30222,30223,30224,30225,30226,30227,30228,30229,30230,30231,30232,30233,30234,30235,30236,30237,30238,30239,30240,30241,30242,30243,30244,30245,30246,30247,30248,30249,30250,30251,30252,30253,30254,30255,30256,30257,30258,30259,30260,30261,30262,30263,30264,30265,30266,30267,30268,30269,30270,30271,30272,30273,45879,45880,45881,45882,45883,45884,45885,45886,45887,45888,45889,45890,45891,45892</param>
		</handler>
		<items>
			<item id="-200" count="900" /> <!-- Clan Reputation -->
			<item id="-300" count="9000" /> <!-- Fame -->
		</items>
	</reward>
	<reward id="3071" name="+20 Helios Weapon" requiredMissionCompleteId="3070" requiredCompletion="1">
		<!-- Enchant 1 Helios weapon to +20. -->
		<handler name="enchant">
			<param name="minLevel">85</param>
			<param name="maxLevel">255</param>
			<param name="targetValue">20</param>
			<param name="itemIds">17416,17417,17418,17419,17420,17421,17422,17423,17424,17425,17426,17427,17428,17429,17933,17934,17935,17936,17937,17938,17939,17940,17941,17942,17943,17944,17945,17946,18069,18070,18071,18072,18073,18074,18075,18076,18077,18078,18079,18080,18081,18082,18956,18957,18958,18959,18960,18961,18962,18963,18964,18965,18966,18967,18968,18969,18970,18971,18972,18973,18974,18975,18976,18977,18978,18979,18980,18981,18982,18983,18984,18985,18986,18987,18988,18989,18990,18991,18992,18993,18994,18995,18996,18997,18998,18999,19000,19001,19002,19003,19004,19005,19006,19007,19008,19009,19010,19011,19012,19013,19014,19015,19016,19017,19018,19019,19020,19021,19022,19023,19024,19025,19026,19027,19028,19029,19030,19031,19032,19033,19034,19035,19036,19037,19038,19039,19040,19041,19042,19043,19044,19045,19046,19047,19048,19049,19050,19051,19052,19053,19054,19055,19056,19057,19058,19059,19060,19061,19062,19063,19064,19065,19066,19067,19068,19069,19070,19071,19072,19073,19074,19075,19076,19077,19078,19079,19080,19081,30190,30191,30192,30193,30194,30195,30196,30197,30198,30199,30200,30201,30202,30203,30204,30205,30206,30207,30208,30209,30210,30211,30212,30213,30214,30215,30216,30217,30218,30219,30220,30221,30222,30223,30224,30225,30226,30227,30228,30229,30230,30231,30232,30233,30234,30235,30236,30237,30238,30239,30240,30241,30242,30243,30244,30245,30246,30247,30248,30249,30250,30251,30252,30253,30254,30255,30256,30257,30258,30259,30260,30261,30262,30263,30264,30265,30266,30267,30268,30269,30270,30271,30272,30273,45879,45880,45881,45882,45883,45884,45885,45886,45887,45888,45889,45890,45891,45892</param>
		</handler>
		<items>
			<item id="-200" count="1500" /> <!-- Clan Reputation -->
			<item id="-300" count="15000" /> <!-- Fame -->
		</items>
	</reward>
	<reward id="3072" name="+10 Bloody Helios Weapon" requiredCompletion="1">
		<!-- Enchant 1 Bloody Helios weapon to +10. -->
		<handler name="enchant">
			<param name="minLevel">85</param>
			<param name="maxLevel">255</param>
			<param name="targetValue">10</param>
			<param name="itemIds">35193,35194,35195,35196,35197,35198,35199,35200,35201,35202,35203,35204,35205,35206,35207,35208,35209,35210,35211,35212,35213,35214,35215,35216,35217,35218,35219,35220,35221,35222,35223,35224,35225,35226,35227,35228,35229,35230,35231,35232,35233,35234,35235,35236,35237,35238,35239,35240,35241,35242,35243,35244,35245,35246,35247,35248,35249,35250,35251,35252,35253,35254,35255,35256,35257,35258,35259,35260,35261,35262,35263,35264,35265,35266,35267,35268,35269,35270,35271,35272,35273,35274,35275,35276,35277,35278,35279,35280,35281,35282,35283,35284,35285,35286,35287,35288,35289,35290,80337,80338,80339,80340,80341,80342,80343,80344,80345,80346,80347,80348,80349,80350</param>
		</handler>
		<items>
			<item id="-200" count="400" /> <!-- Clan Reputation -->
			<item id="-300" count="4000" /> <!-- Fame -->
		</items>
	</reward>
	<reward id="3073" name="+15 Bloody Helios Weapon" requiredMissionCompleteId="3072" requiredCompletion="1">
		<!-- Enchant 1 Bloody Helios weapon to +15. -->
		<handler name="enchant">
			<param name="minLevel">85</param>
			<param name="maxLevel">255</param>
			<param name="targetValue">15</param>
			<param name="itemIds">35193,35194,35195,35196,35197,35198,35199,35200,35201,35202,35203,35204,35205,35206,35207,35208,35209,35210,35211,35212,35213,35214,35215,35216,35217,35218,35219,35220,35221,35222,35223,35224,35225,35226,35227,35228,35229,35230,35231,35232,35233,35234,35235,35236,35237,35238,35239,35240,35241,35242,35243,35244,35245,35246,35247,35248,35249,35250,35251,35252,35253,35254,35255,35256,35257,35258,35259,35260,35261,35262,35263,35264,35265,35266,35267,35268,35269,35270,35271,35272,35273,35274,35275,35276,35277,35278,35279,35280,35281,35282,35283,35284,35285,35286,35287,35288,35289,35290,80337,80338,80339,80340,80341,80342,80343,80344,80345,80346,80347,80348,80349,80350</param>
		</handler>
		<items>
			<item id="-200" count="1200" /> <!-- Clan Reputation -->
			<item id="-300" count="12000" /> <!-- Fame -->
		</items>
	</reward>
	<reward id="3074" name="+20 Bloody Helios Weapon" requiredMissionCompleteId="3073" requiredCompletion="1">
		<!-- Enchant 1 Bloody Helios weapon to +20. -->
		<handler name="enchant">
			<param name="minLevel">85</param>
			<param name="maxLevel">255</param>
			<param name="targetValue">20</param>
			<param name="itemIds">35193,35194,35195,35196,35197,35198,35199,35200,35201,35202,35203,35204,35205,35206,35207,35208,35209,35210,35211,35212,35213,35214,35215,35216,35217,35218,35219,35220,35221,35222,35223,35224,35225,35226,35227,35228,35229,35230,35231,35232,35233,35234,35235,35236,35237,35238,35239,35240,35241,35242,35243,35244,35245,35246,35247,35248,35249,35250,35251,35252,35253,35254,35255,35256,35257,35258,35259,35260,35261,35262,35263,35264,35265,35266,35267,35268,35269,35270,35271,35272,35273,35274,35275,35276,35277,35278,35279,35280,35281,35282,35283,35284,35285,35286,35287,35288,35289,35290,80337,80338,80339,80340,80341,80342,80343,80344,80345,80346,80347,80348,80349,80350</param>
		</handler>
		<items>
			<item id="-200" count="2000" /> <!-- Clan Reputation -->
			<item id="-300" count="20000" /> <!-- Fame -->
		</items>
	</reward>
	<reward id="3075" name="+10 Dark Helios Weapon" requiredCompletion="1">
		<!-- Enchant 1 Dark Helios weapon to +10. -->
		<handler name="enchant">
			<param name="minLevel">85</param>
			<param name="maxLevel">255</param>
			<param name="targetValue">10</param>
			<param name="itemIds">35095,35096,35097,35098,35099,35100,35101,35102,35103,35104,35105,35106,35107,35108,35109,35110,35111,35112,35113,35114,35115,35116,35117,35118,35119,35120,35121,35122,35123,35124,35125,35126,35127,35128,35129,35130,35131,35132,35133,35134,35135,35136,35137,35138,35139,35140,35141,35142,35143,35144,35145,35146,35147,35148,35149,35150,35151,35152,35153,35154,35155,35156,35157,35158,35159,35160,35161,35162,35163,35164,35165,35166,35167,35168,35169,35170,35171,35172,35173,35174,35175,35176,35177,35178,35179,35180,35181,35182,35183,35184,35185,35186,35187,35188,35189,35190,35191,35192</param>
		</handler>
		<items>
			<item id="-200" count="400" /> <!-- Clan Reputation -->
			<item id="-300" count="4000" /> <!-- Fame -->
		</items>
	</reward>
	<reward id="3076" name="+15 Dark Helios Weapon" requiredMissionCompleteId="3075" requiredCompletion="1">
		<!-- Enchant 1 Dark Helios weapon to +15. -->
		<handler name="enchant">
			<param name="minLevel">85</param>
			<param name="maxLevel">255</param>
			<param name="targetValue">15</param>
			<param name="itemIds">35095,35096,35097,35098,35099,35100,35101,35102,35103,35104,35105,35106,35107,35108,35109,35110,35111,35112,35113,35114,35115,35116,35117,35118,35119,35120,35121,35122,35123,35124,35125,35126,35127,35128,35129,35130,35131,35132,35133,35134,35135,35136,35137,35138,35139,35140,35141,35142,35143,35144,35145,35146,35147,35148,35149,35150,35151,35152,35153,35154,35155,35156,35157,35158,35159,35160,35161,35162,35163,35164,35165,35166,35167,35168,35169,35170,35171,35172,35173,35174,35175,35176,35177,35178,35179,35180,35181,35182,35183,35184,35185,35186,35187,35188,35189,35190,35191,35192</param>
		</handler>
		<items>
			<item id="-200" count="1200" /> <!-- Clan Reputation -->
			<item id="-300" count="12000" /> <!-- Fame -->
		</items>
	</reward>
	<reward id="3077" name="+20 Dark Helios Weapon" requiredMissionCompleteId="3076" requiredCompletion="1">
		<!-- Enchant 1 Dark Helios weapon to +20. -->
		<handler name="enchant">
			<param name="minLevel">85</param>
			<param name="maxLevel">255</param>
			<param name="targetValue">20</param>
			<param name="itemIds">35095,35096,35097,35098,35099,35100,35101,35102,35103,35104,35105,35106,35107,35108,35109,35110,35111,35112,35113,35114,35115,35116,35117,35118,35119,35120,35121,35122,35123,35124,35125,35126,35127,35128,35129,35130,35131,35132,35133,35134,35135,35136,35137,35138,35139,35140,35141,35142,35143,35144,35145,35146,35147,35148,35149,35150,35151,35152,35153,35154,35155,35156,35157,35158,35159,35160,35161,35162,35163,35164,35165,35166,35167,35168,35169,35170,35171,35172,35173,35174,35175,35176,35177,35178,35179,35180,35181,35182,35183,35184,35185,35186,35187,35188,35189,35190,35191,35192</param>
		</handler>
		<items>
			<item id="-200" count="2000" /> <!-- Clan Reputation -->
			<item id="-300" count="20000" /> <!-- Fame -->
		</items>
	</reward>
	<reward id="3081" name="Savior's Path - Standing at the End" requiredCompletion="1">
		<!-- Complete the 'Savior's Path - Hall of Etina' quest. -->
		<handler name="quest">
			<param name="questId">10890</param>
		</handler>
		<items>
			<item id="-200" count="1000" /> <!-- Clan Reputation -->
			<item id="-300" count="10000" /> <!-- Fame -->
		</items>
	</reward>
	<reward id="3201" name="Main Class - Basic Enhancement 1" requiredCompletion="99" isMainClassOnly="true" isDualClassOnly="false" dailyReset="false">
		<!-- Reach Main Class Lv. 99. -->
		<handler name="level">
			<param name="level">99</param>
		</handler>
		<items>
			<item id="-200" count="300" /> <!-- Clan Reputation -->
			<item id="-300" count="3000" /> <!-- Fame -->
			<item id="81887" count="1" /> <!-- Rune Stone -->
		</items>
	</reward>
	<reward id="3202" name="Main Class - Basic Enhancement 2" requiredCompletion="100" isMainClassOnly="true" isDualClassOnly="false" dailyReset="false">
		<!-- Reach Main Class Lv. 100. -->
		<handler name="level">
			<param name="level">100</param>
		</handler>
		<items>
			<item id="-200" count="450" /> <!-- Clan Reputation -->
			<item id="-300" count="4500" /> <!-- Fame -->
			<item id="81887" count="1" /> <!-- Rune Stone -->
		</items>
	</reward>
	<reward id="3203" name="Main Class - Initial Growth 1" requiredCompletion="101" isMainClassOnly="true" isDualClassOnly="false" dailyReset="false">
		<!-- Reach Main Class Lv. 101. -->
		<handler name="level">
			<param name="level">101</param>
		</handler>
		<items>
			<item id="-200" count="600" /> <!-- Clan Reputation -->
			<item id="-300" count="6000" /> <!-- Fame -->
			<item id="81887" count="1" /> <!-- Rune Stone -->
		</items>
	</reward>
	<reward id="3204" name="Main Class - Initial Growth 2" requiredCompletion="102" isMainClassOnly="true" isDualClassOnly="false" dailyReset="false">
		<!-- Reach Main Class Lv. 102. -->
		<handler name="level">
			<param name="level">102</param>
		</handler>
		<items>
			<item id="-200" count="750" /> <!-- Clan Reputation -->
			<item id="-300" count="7500" /> <!-- Fame -->
			<item id="81887" count="1" /> <!-- Rune Stone -->
		</items>
	</reward>
	<reward id="3205" name="Main Class - Initial Growth 3" requiredCompletion="103" isMainClassOnly="true" isDualClassOnly="false" dailyReset="false">
		<!-- Reach Main Class Lv. 103. -->
		<handler name="level">
			<param name="level">103</param>
		</handler>
		<items>
			<item id="-200" count="900" /> <!-- Clan Reputation -->
			<item id="-300" count="9000" /> <!-- Fame -->
			<item id="81887" count="1" /> <!-- Rune Stone -->
		</items>
	</reward>
	<reward id="3206" name="Main Class - Initial Growth 4" requiredCompletion="104" isMainClassOnly="true" isDualClassOnly="false" dailyReset="false">
		<!-- Reach Main Class Lv. 104. -->
		<handler name="level">
			<param name="level">104</param>
		</handler>
		<items>
			<item id="-200" count="1050" /> <!-- Clan Reputation -->
			<item id="-300" count="10500" /> <!-- Fame -->
			<item id="81887" count="1" /> <!-- Rune Stone -->
		</items>
	</reward>
	<reward id="3207" name="Main Class - Initial Growth 5" requiredCompletion="105" isMainClassOnly="true" isDualClassOnly="false" dailyReset="false">
		<!-- Reach Main Class Lv. 105. -->
		<handler name="level">
			<param name="level">105</param>
		</handler>
		<items>
			<item id="-200" count="1200" /> <!-- Clan Reputation -->
			<item id="-300" count="12000" /> <!-- Fame -->
			<item id="81887" count="2" /> <!-- Rune Stone -->
		</items>
	</reward>
	<reward id="3208" name="Main Class - First Challenge 1" requiredCompletion="106" isMainClassOnly="true" isDualClassOnly="false" dailyReset="false">
		<!-- Reach Main Class Lv. 106. -->
		<handler name="level">
			<param name="level">106</param>
		</handler>
		<items>
			<item id="-200" count="1500" /> <!-- Clan Reputation -->
			<item id="-300" count="15000" /> <!-- Fame -->
			<item id="81815" count="5" /> <!-- Homunculus' Hourglass --> <!-- Homunculus' Hourglass -->
			<item id="81812" count="1" /> <!-- Homunculus Upgrade Points - 10 --> <!-- Homunculus Upgrade Points - 10 -->
		</items>
	</reward>
	<reward id="3209" name="Main Class - First Challenge 2" requiredCompletion="107" isMainClassOnly="true" isDualClassOnly="false" dailyReset="false">
		<!-- Reach Main Class Lv. 107. -->
		<handler name="level">
			<param name="level">107</param>
		</handler>
		<items>
			<item id="-200" count="1800" /> <!-- Clan Reputation -->
			<item id="-300" count="18000" /> <!-- Fame -->
			<item id="81815" count="5" /> <!-- Homunculus' Hourglass -->
			<item id="81812" count="1" /> <!-- Homunculus Upgrade Points - 10 -->
		</items>
	</reward>
	<reward id="3210" name="Main Class - First Challenge 3" requiredCompletion="108" isMainClassOnly="true" isDualClassOnly="false" dailyReset="false">
		<!-- Reach Main Class Lv. 108. -->
		<handler name="level">
			<param name="level">108</param>
		</handler>
		<items>
			<item id="-200" count="2100" /> <!-- Clan Reputation -->
			<item id="-300" count="21000" /> <!-- Fame -->
			<item id="81815" count="5" /> <!-- Homunculus' Hourglass -->
			<item id="81812" count="3" /> <!-- Homunculus Upgrade Points - 10 -->
		</items>
	</reward>
	<reward id="3211" name="Main Class - First Challenge 4" requiredCompletion="109" isMainClassOnly="true" isDualClassOnly="false" dailyReset="false">
		<!-- Reach Main Class Lv. 109. -->
		<handler name="level">
			<param name="level">109</param>
		</handler>
		<items>
			<item id="-200" count="2400" /> <!-- Clan Reputation -->
			<item id="-300" count="24000" /> <!-- Fame -->
			<item id="81815" count="5" /> <!-- Homunculus' Hourglass -->
			<item id="81812" count="5" /> <!-- Homunculus Upgrade Points - 10 -->
		</items>
	</reward>
	<reward id="3212" name="Main Class - Path of Ascetic 1" requiredCompletion="110" isMainClassOnly="true" isDualClassOnly="false" dailyReset="false">
		<!-- Reach Main Class Lv. 110. -->
		<handler name="level">
			<param name="level">110</param>
		</handler>
		<items>
			<item id="-200" count="2700" /> <!-- Clan Reputation -->
			<item id="-300" count="27000" /> <!-- Fame -->
			<item id="81888" count="1" /> <!-- Tales of Masia -->
		</items>
	</reward>
	<reward id="3213" name="Main Class - Path of Ascetic 2" requiredCompletion="111" isMainClassOnly="true" isDualClassOnly="false" dailyReset="false">
		<!-- Reach Main Class Lv. 111. -->
		<handler name="level">
			<param name="level">111</param>
		</handler>
		<items>
			<item id="-200" count="3000" /> <!-- Clan Reputation -->
			<item id="-300" count="30000" /> <!-- Fame -->
			<item id="81888" count="1" /> <!-- Tales of Masia --> <!-- Tales of Masia -->
		</items>
	</reward>
	<reward id="3214" name="Main Class - Path of Ascetic 3" requiredCompletion="112" isMainClassOnly="true" isDualClassOnly="false" dailyReset="false">
		<!-- Reach Main Class Lv. 112. -->
		<handler name="level">
			<param name="level">112</param>
		</handler>
		<items>
			<item id="-200" count="3300" /> <!-- Clan Reputation -->
			<item id="-300" count="33000" /> <!-- Fame -->
			<item id="81888" count="1" /> <!-- Tales of Masia -->
		</items>
	</reward>
	<reward id="3215" name="Main Class - Path of Ascetic 4" requiredCompletion="113" isMainClassOnly="true" isDualClassOnly="false" dailyReset="false">
		<!-- Reach Main Class Lv. 113. -->
		<handler name="level">
			<param name="level">113</param>
		</handler>
		<items>
			<item id="-200" count="3600" /> <!-- Clan Reputation -->
			<item id="-300" count="36000" /> <!-- Fame -->
			<item id="81888" count="1" /> <!-- Tales of Masia -->
		</items>
	</reward>
	<reward id="3216" name="Main Class - Path of Ascetic 5" requiredCompletion="114" isMainClassOnly="true" isDualClassOnly="false" dailyReset="false">
		<!-- Reach Main Class Lv. 114. -->
		<handler name="level">
			<param name="level">114</param>
		</handler>
		<items>
			<item id="-200" count="3900" /> <!-- Clan Reputation -->
			<item id="-300" count="39000" /> <!-- Fame -->
			<item id="81888" count="1" /> <!-- Tales of Masia -->
		</items>
	</reward>
	<reward id="3217" name="Path of Patience 1" requiredCompletion="115" isMainClassOnly="true" isDualClassOnly="false" dailyReset="false">
		<!-- Reach Main Class Lv. 115. -->
		<handler name="level">
			<param name="level">115</param>
		</handler>
		<items>
			<item id="-200" count="4200" /> <!-- Clan Reputation -->
			<item id="-300" count="42000" /> <!-- Fame -->
			<item id="81889" count="1" /> <!-- Tales of Eraton -->
		</items>
	</reward>
	<reward id="3218" name="Path of Patience 2" requiredCompletion="116" isMainClassOnly="true" isDualClassOnly="false" dailyReset="false">
		<!-- Reach Main Class Lv. 116. -->
		<handler name="level">
			<param name="level">116</param>
		</handler>
		<items>
			<item id="-200" count="4500" /> <!-- Clan Reputation -->
			<item id="-300" count="45000" /> <!-- Fame -->
			<item id="81889" count="1" /> <!-- Tales of Eraton -->
		</items>
	</reward>
	<reward id="3219" name="Path of Patience 3" requiredCompletion="117" isMainClassOnly="true" isDualClassOnly="false" dailyReset="false">
		<!-- Reach Main Class Lv. 117. -->
		<handler name="level">
			<param name="level">117</param>
		</handler>
		<items>
			<item id="-200" count="4800" /> <!-- Clan Reputation -->
			<item id="-300" count="48000" /> <!-- Fame -->
			<item id="81889" count="1" /> <!-- Tales of Eraton -->
		</items>
	</reward>
	<reward id="3220" name="Path of Patience 4" requiredCompletion="118" isMainClassOnly="true" isDualClassOnly="false" dailyReset="false">
		<!-- Reach Main Class Lv. 118. -->
		<handler name="level">
			<param name="level">118</param>
		</handler>
		<items>
			<item id="-200" count="5100" /> <!-- Clan Reputation -->
			<item id="-300" count="51000" /> <!-- Fame -->
			<item id="81889" count="1" /> <!-- Tales of Eraton -->
		</items>
	</reward>
	<reward id="3221" name="Path of Patience 5" requiredCompletion="119" isMainClassOnly="true" isDualClassOnly="false" dailyReset="false">
		<!-- Reach Main Class Lv. 119. -->
		<handler name="level">
			<param name="level">119</param>
		</handler>
		<items>
			<item id="-200" count="5400" /> <!-- Clan Reputation -->
			<item id="-300" count="54000" /> <!-- Fame -->
			<item id="81889" count="1" /> <!-- Tales of Eraton -->
		</items>
	</reward>
	<reward id="3222" name="Fruits of Patience" requiredCompletion="120" isMainClassOnly="true" isDualClassOnly="false" dailyReset="false">
		<!-- Reach Main Class Lv. 120. -->
		<handler name="level">
			<param name="level">120</param>
		</handler>
		<items>
			<item id="-200" count="5700" /> <!-- Clan Reputation -->
			<item id="-300" count="57000" /> <!-- Fame -->
			<item id="81890" count="1" /> <!-- Anniversary Badge of Lv. 120 -->
		</items>
	</reward>
	<reward id="3223" name="Dual Class - Basic Enhancement 1" requiredCompletion="99" isMainClassOnly="false" isDualClassOnly="true" dailyReset="false">
		<!-- Reach Dual Class Lv. 99. -->
		<handler name="level">
			<param name="level">99</param>
		</handler>
		<items>
			<item id="-200" count="300" /> <!-- Clan Reputation -->
			<item id="-300" count="3000" /> <!-- Fame -->
			<item id="81887" count="1" /> <!-- Rune Stone -->
		</items>
	</reward>
	<reward id="3224" name="Dual Class - Basic Enhancement 2" requiredCompletion="100" isMainClassOnly="false" isDualClassOnly="true" dailyReset="false">
		<!-- Reach Dual Class Lv. 100. -->
		<handler name="level">
			<param name="level">100</param>
		</handler>
		<items>
			<item id="-200" count="450" /> <!-- Clan Reputation -->
			<item id="-300" count="4500" /> <!-- Fame -->
			<item id="81887" count="1" /> <!-- Rune Stone -->
		</items>
	</reward>
	<reward id="3225" name="Dual Class - Initial Growth 1" requiredCompletion="101" isMainClassOnly="false" isDualClassOnly="true" dailyReset="false">
		<!-- Reach Dual Class Lv. 101. -->
		<handler name="level">
			<param name="level">101</param>
		</handler>
		<items>
			<item id="-200" count="600" /> <!-- Clan Reputation -->
			<item id="-300" count="6000" /> <!-- Fame -->
			<item id="81887" count="1" /> <!-- Rune Stone -->
		</items>
	</reward>
	<reward id="3226" name="Dual Class - Initial Growth 2" requiredCompletion="102" isMainClassOnly="false" isDualClassOnly="true" dailyReset="false">
		<!-- Reach Dual Class Lv. 102. -->
		<handler name="level">
			<param name="level">102</param>
		</handler>
		<items>
			<item id="-200" count="750" /> <!-- Clan Reputation -->
			<item id="-300" count="7500" /> <!-- Fame -->
			<item id="81887" count="1" /> <!-- Rune Stone -->
		</items>
	</reward>
	<reward id="3227" name="Dual Class - Initial Growth 3" requiredCompletion="103" isMainClassOnly="false" isDualClassOnly="true" dailyReset="false">
		<!-- Reach Dual Class Lv. 103. -->
		<handler name="level">
			<param name="level">103</param>
		</handler>
		<items>
			<item id="-200" count="900" /> <!-- Clan Reputation -->
			<item id="-300" count="9000" /> <!-- Fame -->
			<item id="81887" count="1" /> <!-- Rune Stone -->
		</items>
	</reward>
	<reward id="3228" name="Dual Class - Initial Growth 4" requiredCompletion="104" isMainClassOnly="false" isDualClassOnly="true" dailyReset="false">
		<!-- Reach Dual Class Lv. 104. -->
		<handler name="level">
			<param name="level">104</param>
		</handler>
		<items>
			<item id="-200" count="1050" /> <!-- Clan Reputation -->
			<item id="-300" count="10500" /> <!-- Fame -->
			<item id="81887" count="1" /> <!-- Rune Stone -->
		</items>
	</reward>
	<reward id="3229" name="Dual Class - Initial Growth 5" requiredCompletion="105" isMainClassOnly="false" isDualClassOnly="true" dailyReset="false">
		<!-- Reach Dual Class Lv. 105. -->
		<handler name="level">
			<param name="level">105</param>
		</handler>
		<items>
			<item id="-200" count="1200" /> <!-- Clan Reputation -->
			<item id="-300" count="12000" /> <!-- Fame -->
			<item id="81887" count="2" /> <!-- Rune Stone -->
		</items>
	</reward>
	<reward id="3230" name="Dual Class - First Challenge 1" requiredCompletion="106" isMainClassOnly="false" isDualClassOnly="true" dailyReset="false">
		<!-- Reach Dual Class Lv. 106. -->
		<handler name="level">
			<param name="level">106</param>
		</handler>
		<items>
			<item id="-200" count="1500" /> <!-- Clan Reputation -->
			<item id="-300" count="15000" /> <!-- Fame -->
			<item id="81815" count="5" /> <!-- Homunculus' Hourglass -->
			<item id="81812" count="1" /> <!-- Homunculus Upgrade Points - 10 -->
		</items>
	</reward>
	<reward id="3231" name="Dual Class - First Challenge 2" requiredCompletion="107" isMainClassOnly="false" isDualClassOnly="true" dailyReset="false">
		<!-- Reach Dual Class Lv. 107. -->
		<handler name="level">
			<param name="level">107</param>
		</handler>
		<items>
			<item id="-200" count="1800" /> <!-- Clan Reputation -->
			<item id="-300" count="18000" /> <!-- Fame -->
			<item id="81815" count="5" /> <!-- Homunculus' Hourglass -->
			<item id="81812" count="1" /> <!-- Homunculus Upgrade Points - 10 -->
		</items>
	</reward>
	<reward id="3232" name="Dual Class - First Challenge 3" requiredCompletion="108" isMainClassOnly="false" isDualClassOnly="true" dailyReset="false">
		<!-- Reach Dual Class Lv. 108. -->
		<handler name="level">
			<param name="level">108</param>
		</handler>
		<items>
			<item id="-200" count="2100" /> <!-- Clan Reputation -->
			<item id="-300" count="21000" /> <!-- Fame -->
			<item id="81815" count="5" /> <!-- Homunculus' Hourglass -->
			<item id="81812" count="3" /> <!-- Homunculus Upgrade Points - 10 -->
		</items>
	</reward>
	<reward id="3233" name="Dual Class - First Challenge 4" requiredCompletion="109" isMainClassOnly="false" isDualClassOnly="true" dailyReset="false">
		<!-- Reach Dual Class Lv. 109. -->
		<handler name="level">
			<param name="level">109</param>
		</handler>
		<items>
			<item id="-200" count="2400" /> <!-- Clan Reputation -->
			<item id="-300" count="24000" /> <!-- Fame -->
			<item id="81815" count="5" /> <!-- Homunculus' Hourglass -->
			<item id="81812" count="5" /> <!-- Homunculus Upgrade Points - 10 -->
		</items>
	</reward>
	<reward id="3234" name="Dual Class - Path of Ascetic 1" requiredCompletion="110" isMainClassOnly="false" isDualClassOnly="true" dailyReset="false">
		<!-- Reach Dual Class Lv. 110. -->
		<handler name="level">
			<param name="level">110</param>
		</handler>
		<items>
			<item id="-200" count="2700" /> <!-- Clan Reputation -->
			<item id="-300" count="27000" /> <!-- Fame -->
			<item id="81888" count="1" /> <!-- Tales of Masia -->
		</items>
	</reward>
	<reward id="3235" name="Dual Class - Path of Ascetic 2" requiredCompletion="111" isMainClassOnly="false" isDualClassOnly="true" dailyReset="false">
		<!-- Reach Dual Class Lv. 111. -->
		<handler name="level">
			<param name="level">111</param>
		</handler>
		<items>
			<item id="-200" count="3000" /> <!-- Clan Reputation -->
			<item id="-300" count="30000" /> <!-- Fame -->
			<item id="81888" count="1" /> <!-- Tales of Masia -->
		</items>
	</reward>
	<reward id="3236" name="Dual Class - Path of Ascetic 3" requiredCompletion="112" isMainClassOnly="false" isDualClassOnly="true" dailyReset="false">
		<!-- Reach Dual Class Lv. 112. -->
		<handler name="level">
			<param name="level">112</param>
		</handler>
		<items>
			<item id="-200" count="3300" /> <!-- Clan Reputation -->
			<item id="-300" count="33000" /> <!-- Fame -->
			<item id="81888" count="1" /> <!-- Tales of Masia -->
		</items>
	</reward>
	<reward id="3237" name="Dual Class - Path of Ascetic 4" requiredCompletion="113" isMainClassOnly="false" isDualClassOnly="true" dailyReset="false">
		<!-- Reach Dual Class Lv. 113. -->
		<handler name="level">
			<param name="level">113</param>
		</handler>
		<items>
			<item id="-200" count="3600" /> <!-- Clan Reputation -->
			<item id="-300" count="36000" /> <!-- Fame -->
			<item id="81888" count="1" /> <!-- Tales of Masia -->
		</items>
	</reward>
	<reward id="3238" name="Dual Class - Path of Ascetic 5" requiredCompletion="114" isMainClassOnly="false" isDualClassOnly="true" dailyReset="false">
		<!-- Reach Dual Class Lv. 114. -->
		<handler name="level">
			<param name="level">114</param>
		</handler>
		<items>
			<item id="-200" count="3900" /> <!-- Clan Reputation -->
			<item id="-300" count="39000" /> <!-- Fame -->
			<item id="81888" count="1" /> <!-- Tales of Masia -->
		</items>
	</reward>
	<reward id="3239" name="Dual Class - Path of Patience 1" requiredCompletion="115" isMainClassOnly="false" isDualClassOnly="true" dailyReset="false">
		<!-- Reach Dual Class Lv. 115. -->
		<handler name="level">
			<param name="level">115</param>
		</handler>
		<items>
			<item id="-200" count="4200" /> <!-- Clan Reputation -->
			<item id="-300" count="42000" /> <!-- Fame -->
			<item id="81889" count="1" /> <!-- Tales of Eraton --> <!-- Tales of Eraton -->
		</items>
	</reward>
	<reward id="3240" name="Dual Class - Path of Patience 2" requiredCompletion="116" isMainClassOnly="false" isDualClassOnly="true" dailyReset="false">
		<!-- Reach Dual Class Lv. 116. -->
		<handler name="level">
			<param name="level">116</param>
		</handler>
		<items>
			<item id="-200" count="4500" /> <!-- Clan Reputation -->
			<item id="-300" count="45000" /> <!-- Fame -->
			<item id="81889" count="1" /> <!-- Tales of Eraton -->
		</items>
	</reward>
	<reward id="3241" name="Dual Class - Path of Patience 3" requiredCompletion="117" isMainClassOnly="false" isDualClassOnly="true" dailyReset="false">
		<!-- Reach Dual Class Lv. 117. -->
		<handler name="level">
			<param name="level">117</param>
		</handler>
		<items>
			<item id="-200" count="4800" /> <!-- Clan Reputation -->
			<item id="-300" count="48000" /> <!-- Fame -->
			<item id="81889" count="1" /> <!-- Tales of Eraton -->
		</items>
	</reward>
	<reward id="3242" name="Dual Class - Path of Patience 4" requiredCompletion="118" isMainClassOnly="false" isDualClassOnly="true" dailyReset="false">
		<!-- Reach Dual Class Lv. 118. -->
		<handler name="level">
			<param name="level">118</param>
		</handler>
		<items>
			<item id="-200" count="5100" /> <!-- Clan Reputation -->
			<item id="-300" count="51000" /> <!-- Fame -->
			<item id="81889" count="1" /> <!-- Tales of Eraton -->
		</items>
	</reward>
	<reward id="3243" name="Dual Class - Path of Patience 5" requiredCompletion="119" isMainClassOnly="false" isDualClassOnly="true" dailyReset="false">
		<!-- Reach Dual Class Lv. 119. -->
		<handler name="level">
			<param name="level">119</param>
		</handler>
		<items>
			<item id="-200" count="5400" /> <!-- Clan Reputation -->
			<item id="-300" count="54000" /> <!-- Fame -->
			<item id="81889" count="1" /> <!-- Tales of Eraton -->
		</items>
	</reward>
	<reward id="3244" name="Dual Class - Fruits of Patience" requiredCompletion="120" isMainClassOnly="false" isDualClassOnly="true" dailyReset="false">
		<!-- Reach Dual Class Lv. 120. -->
		<handler name="level">
			<param name="level">120</param>
		</handler>
		<items>
			<item id="-200" count="5700" /> <!-- Clan Reputation -->
			<item id="-300" count="57000" /> <!-- Fame -->
			<item id="81890" count="1" /> <!-- Anniversary Badge of Lv. 120 -->
		</items>
	</reward>
	<reward id="4101" name="Power of Freya's Scroll" requiredCompletion="24" isOneTime="false">
		<!-- Use any of the following scrolls 24 times: Freya's Frozen Scroll Freya's Frozen Scroll (Event) Freya's Scroll of Storm Freya's Scroll of Storm (Event) PA Scroll of Storm -->
		<handler name="useitem">
			<param name="itemIds">40227,40231,47382,27673,47428,81054,81140</param>
			<param name="minLevel">85</param>
			<param name="maxLevel">255</param>
		</handler>
		<items>
			<item id="-200" count="25" /> <!-- Clan Reputation -->
			<item id="-300" count="250" /> <!-- Fame -->
		</items>
	</reward>
	<reward id="4103" name="Power of Freya's Ice Rose" requiredCompletion="8" isOneTime="false">
		<!-- Use any of the following items 8 times: Freya's Ice Rose Freya's Ice Rose (Event) PA Ice Rose -->
		<handler name="useitem">
			<param name="itemIds">48830,80441,80442,29789,48848,60000,80612</param>
			<param name="minLevel">85</param>
			<param name="maxLevel">255</param>
		</handler>
		<items>
			<item id="-200" count="25" /> <!-- Clan Reputation -->
			<item id="-300" count="250" /> <!-- Fame -->
		</items>
	</reward>
	<reward id="4104" name="Power of Glowing Dragon's Attribute Potion" requiredCompletion="8" isOneTime="false">
		<!-- Use any of the following items 8 times: Glowing Dragon's Attribute Potion (XP) Glowing Dragon's Attribute Potion (XP, Event) PA Glowing Dragon's Attribute Potion Glowing Royal Dragon's Attribute Potion (XP) -->
		<handler name="useitem">
			<param name="itemIds">29776,48497,48755,48857,60182,60186,80748,81759</param>
			<param name="minLevel">85</param>
			<param name="maxLevel">255</param>
		</handler>
		<items>
			<item id="-200" count="25" /> <!-- Clan Reputation -->
			<item id="-300" count="250" /> <!-- Fame -->
		</items>
	</reward>
	<reward id="4105" name="Power of Honey Dark Beer" requiredCompletion="8" isOneTime="false">
		<!-- Use any of the following items 8 times: Honey Dark Beer Honey Dark Beer - Event PA Honey Dark Beer Royal Honey Dark Beer -->
		<handler name="useitem">
			<param name="itemIds">60179,80747,80842,81011,81460,81747</param>
			<param name="minLevel">85</param>
			<param name="maxLevel">255</param>
		</handler>
		<items>
			<item id="-200" count="25" /> <!-- Clan Reputation -->
			<item id="-300" count="250" /> <!-- Fame -->
		</items>
	</reward>
	<reward id="4106" name="Power of Emperor's Special Cocktail" requiredCompletion="4" isOneTime="false">
		<!-- Use any of the following items 4 times: Emperor's Special Cocktail Emperor's Special Cocktail (Event) PA Emperor's Special Cocktail -->
		<handler name="useitem">
			<param name="itemIds">29791,80061,80062,80063,80435,80436,80437,80438,80439,80440,80753,80754,80755,80817,80818,80819,80820,80832,81012</param>
			<param name="minLevel">85</param>
			<param name="maxLevel">255</param>
		</handler>
		<items>
			<item id="-200" count="25" /> <!-- Clan Reputation -->
			<item id="-300" count="250" /> <!-- Fame -->
		</items>
	</reward>
	<reward id="4107" name="Shining Nevit's Gold Hourglass" requiredCompletion="8" isOneTime="false">
		<!-- Use any of the following items 8 times: Shining Nevit's Gold Hourglass Shining Nevit's Gold Hourglass - Event PA Shining Nevit's Gold Hourglass Shining Royal Nevit's Gold Hourglass -->
		<handler name="useitem">
			<param name="itemIds">48642,60183,60187,80797,80852,81013,81892</param>
			<param name="minLevel">85</param>
			<param name="maxLevel">255</param>
		</handler>
		<items>
			<item id="-200" count="25" /> <!-- Clan Reputation -->
			<item id="-300" count="250" /> <!-- Fame -->
		</items>
	</reward>
	<reward id="4108" name="Use a Time Stone in a Session Zone" requiredCompletion="8" isOneTime="false">
		<!-- Use any of the following items 3 times. Abandoned Coal Mines' Time Stone, Storm Isle's Time Stone, Primeval Isle's Time Stone, Golden Altar's Time Stone -->
		<handler name="useitem">
			<param name="itemIds">81358,82134,80996,80905,80997,80906,80998,80960</param>
			<param name="minLevel">100</param>
			<param name="maxLevel">255</param>
		</handler>
		<items>
			<item id="-200" count="25" /> <!-- Clan Reputation -->
			<item id="-300" count="250" /> <!-- Fame -->
		</items>
	</reward>
	<reward id="4110" name="Hunting at lunchtime" requiredCompletion="300" isOneTime="false"> <!-- TODO: start_date=191115	start_time=191211	end_date=700	end_time=500 -->
		<!-- Kill 300 monsters in any hunting zone. (A monster kill counts only when XP is gained from it.) Available daily from 11:30 a.m. till 2:30 p.m. The quest progress is saved. -->
		<handler name="monster">
			<param name="minLevel">101</param>
			<param name="maxLevel">255</param>
			<param name="startHour">11:30</param>
			<param name="endHour">14:30</param>
		</handler>
		<items>
			<item id="-200" count="30" /> <!-- Clan Reputation -->
			<item id="-300" count="300" /> <!-- Fame -->
			<item id="81455" count="2" /> <!-- Special Clan Reward Lv. 1 -->
		</items>
	</reward>
	<reward id="4111" name="Evening hunt!" requiredCompletion="300" isOneTime="false"> <!-- TODO: start_date=191115	start_time=191211	end_date=700	end_time=500 -->
		<!-- Kill 300 monsters in any hunting zone. (A monster kill counts only when XP is gained from it.) Available daily from 5:30 p.m. till 8:30 p.m. The quest progress is saved. -->
		<handler name="monster">
			<param name="minLevel">101</param>
			<param name="maxLevel">255</param>
			<param name="startHour">17:30</param>
			<param name="endHour">20:30</param>
		</handler>
		<items>
			<item id="-200" count="30" /> <!-- Clan Reputation -->
			<item id="-300" count="300" /> <!-- Fame -->
			<item id="81455" count="2" /> <!-- Special Clan Reward Lv. 1 -->
		</items>
	</reward>
	<reward id="4112" name="Hunting in the Corroded Fields" requiredCompletion="900" isOneTime="false">
		<!-- Kill 900 monsters in the Corroded Fields. -->
		<handler name="monster">
		<param name="ids">24598,24599,24600,24603,24604,24605</param>
			<param name="minLevel">100</param>
			<param name="maxLevel">255</param>
		</handler>
		<items>
			<item id="-200" count="35" /> <!-- Clan Reputation -->
			<item id="-300" count="35" /> <!-- Fame -->
			<item id="60077" count="1" /> <!-- Clan Rewards -->
			<item id="60078" count="1" /> <!-- Water Dragon's Scroll Bundle -->
		</items>
	</reward>
	<reward id="4113" name="Great Hunt" requiredCompletion="1800" isOneTime="false"> <!-- TODO: start_date=200729	start_time=200826	end_date=700	end_time=500 -->
		<!-- Fight fire with fire! Kill 1800 monsters in any hunting zone. (A monster kill counts only when XP is gained from it.) -->
		<handler name="monster">
			<param name="minLevel">105</param>
			<param name="maxLevel">255</param>
		</handler>
		<items>
			<item id="-200" count="35" /> <!-- Clan Reputation -->
			<item id="-300" count="250" /> <!-- Fame -->
			<item id="81782" count="1" /> <!-- Watermelon Seed -->
		</items>
	</reward>
	<reward id="4114" name="Great Hunt in Party Instance Zones" requiredCompletion="3" isOneTime="false"> <!-- TODO: start_date=200729	start_time=200826	end_date=700	end_time=500 -->
		<!-- Fight fire with fire! Defeat any of the bosses in the following group instance zones of any difficulty level 3 times: Crystal Prison (Baylor), Nightmare Kamaloka, Ashen Shadow Camp, Krofin's Nest -->
		<handler name="monster">
			<param name="ids">29213,29380,26093,26094,26096,26099,26102,26461,26462,26463,26464,26465,23653,23654,23655,23656,23657,23658,23659,23660,23661,23662,23663,23664,24813,24814,24815,24816,24817,24818,24819,24820,24821,24822,24823,24824,26390,26467</param>
			<param name="minLevel">105</param>
			<param name="maxLevel">255</param>
		</handler>
		<items>
			<item id="-200" count="35" /> <!-- Clan Reputation -->
			<item id="-300" count="250" /> <!-- Fame -->
			<item id="81782" count="1" /> <!-- Watermelon Seed -->
		</items>
	</reward>
	<reward id="4115" name="Mentee training" requiredCompletion="2" isOneTime="false"> <!-- TODO: start_date=201028	start_time=201125	end_date=700	end_time=500 -->
		<!-- Train 1 Mentee.(Mentorship lasts until the Mentee reaches Lv. 105.)  To add a Mentee open the Friend Manager window (Alt+Y) and open the Mentorship tab. -->
		<handler name="mentor">
			<param name="minLevel">85</param>
			<param name="maxLevel">255</param>
		</handler>
		<items>
			<item id="-200" count="170" /> <!-- Clan Reputation -->
			<item id="-300" count="1700" /> <!-- Fame -->
			<item id="81879" count="1" /> <!-- Homunculus' Shiny Hourglass Event -->
			<item id="81874" count="1" /> <!-- Heavenly Talisman Safe Pack Event -->
		</items>
	</reward>
</list>