<?xml version="1.0" encoding="UTF-8"?>
<!-- Values that can be set:
int classId, int hair, int hairColor, int face, int nameColor, int titleColor, int equipRHand, int equipLHand, int equipHead,
int equipGloves, int equipChest, int equipLegs, int equipFeet, int equipCloak, int equipHair, int equipHair2, int agathionId,
int weaponEnchantLevel, int armorEnchantLevel, boolean fishing, int baitLocationX, int baitLocationY, int baitLocationZ,
int recommends, int nobleLevel, boolean hero, int clanId, int pledgeStatus -->
<!--
################################################ Hero Weapons #################################################
 Bow(37874) Crossbow(37875) Dagger(37868) Dual Blunt Weapon(37881) Dual Dagger(37880) Dual Sword(37879)
 Fist(37872) OneHand Blunt(37871) OneHand Magic Blunt(37877) One Hand Magic Sword(37876) One Hand Sword(37869)
 Spear(37873) Two-handed Magic Blunt Weapon(37878) Two-handed Sword(37870) Shield(37870) Sigil(37223)
###############################################################################################################
 -->
<list xmlns:xsi="http://www.w3.org/2001/XMLSchema-instance" xsi:noNamespaceSchemaLocation="xsd/FakePlayerVisualData.xsd">
	<!-- Non-Combat -->
	<fakePlayer npcId="80000" classId="188" hair="1" hairColor="1" face="0" equipRHand="17294" equipHead="37215" equipGloves="37216" equipChest="37213" equipLegs="37214" equipFeet="37217" equipCloak="40200" />

	<!-- Combat -->
	<!-- Sigel Phoenix Knight -->
	<fakePlayer npcId="81001" classId="148" hair="0" hairColor="0" face="0" equipRHand="37869" equipLHand="37212" equipHead="37209" equipGloves="37210" equipChest="37207" equipLegs="37208" equipFeet="37211" equipCloak="30310" />
	<!-- Tyrr Titan -->
	<fakePlayer npcId="81002" classId="154" hair="0" hairColor="0" face="0" equipRHand="37870" equipHead="37215" equipGloves="37216" equipChest="37213" equipLegs="37214" equipFeet="37217" equipCloak="30311" />
	<!-- Othell Fortune Seeker -->
	<fakePlayer npcId="81003" classId="161" hair="0" hairColor="0" face="0" equipRHand="37880" equipHead="37215" equipGloves="37216" equipChest="37213" equipLegs="37214" equipFeet="37217" equipCloak="30312" />
	<!-- Yul Trickster -->
	<fakePlayer npcId="81004" classId="165" hair="0" hairColor="0" face="0" equipRHand="37875" equipHead="37215" equipGloves="37216" equipChest="37213" equipLegs="37214" equipFeet="37217" equipCloak="30313" />
	<!-- Feoh Archmage -->
	<fakePlayer npcId="81005" classId="166" hair="0" hairColor="0" face="0" equipRHand="37878" equipHead="37220" equipGloves="37221" equipChest="37218" equipLegs="37219" equipFeet="37222" equipCloak="30314" />
	<!-- Iss Spectral Dancer -->
	<fakePlayer npcId="81006" classId="173" hair="0" hairColor="0" face="0" equipRHand="37879" equipHead="37209" equipGloves="37210" equipChest="37207" equipLegs="37208" equipFeet="37211" equipCloak="30316" />
	<!-- Aeore Eva's Saint -->
	<fakePlayer npcId="81007" classId="180" hair="0" hairColor="0" face="0" equipRHand="37876" equipLHand="37223" equipHead="37220" equipGloves="37221" equipChest="37218" equipLegs="37219" equipFeet="37222" equipCloak="30317" />
	<!-- Eviscerator -->
	<fakePlayer npcId="81008" classId="188" hair="0" hairColor="0" face="0" equipRHand="37872" equipHead="37215" equipGloves="37216" equipChest="37213" equipLegs="37214" equipFeet="37217" equipCloak="40200" />
	<!-- Sayha's Seer -->
	<fakePlayer npcId="81009" classId="189" hair="0" hairColor="0" face="0" equipRHand="37878" equipHead="37220" equipGloves="37221" equipChest="37218" equipLegs="37219" equipFeet="37222" equipCloak="40201" />
</list>