<?xml version="1.0" encoding="UTF-8"?>
<list xmlns:xsi="http://www.w3.org/2001/XMLSchema-instance" xsi:noNamespaceSchemaLocation="xsd/HomunculusData.xsd">
	<homunculus id="1" type="0" basicSkillId="32999" basicSkillLevel="1" skillId1="33004" skillId2="33009" skillId3="33014" skillId4="33019" skillId5="33024" hpLevel1="816" atkLevel1="782" defLevel1="802" expToLevel2="35000" hpLevel2="979" atkLevel2="939" defLevel2="962" expToLevel3="87500" hpLevel3="1174" atkLevel3="1126" defLevel3="1154" expToLevel4="192500" hpLevel4="1410" atkLevel4="1351" defLevel4="1385" expToLevel5="350000" hpLevel5="1691" atkLevel5="1621" defLevel5="1662" expToLevel6="560000" critRate="30" /> <!-- Basic Juju -->
	<homunculus id="2" type="1" basicSkillId="32999" basicSkillLevel="2" skillId1="33029" skillId2="33034" skillId3="33039" skillId4="33044" skillId5="33049" hpLevel1="979" atkLevel1="938" defLevel1="962" expToLevel2="40000" hpLevel2="1175" atkLevel2="1126" defLevel2="1154" expToLevel3="100000" hpLevel3="1409" atkLevel3="1350" defLevel3="1385" expToLevel4="220000" hpLevel4="1691" atkLevel4="1621" defLevel4="1662" expToLevel5="400000" hpLevel5="2029" atkLevel5="1945" defLevel5="1994" expToLevel6="640000" critRate="30" /> <!-- Water Juju -->
	<homunculus id="3" type="2" basicSkillId="32999" basicSkillLevel="3" skillId1="33054" skillId2="33059" skillId3="33064" skillId4="33069" skillId5="33074" hpLevel1="1174" atkLevel1="1125" defLevel1="1154" expToLevel2="45000" hpLevel2="1410" atkLevel2="1351" defLevel2="1384" expToLevel3="112500" hpLevel3="1690" atkLevel3="1620" defLevel3="1662" expToLevel4="247500" hpLevel4="2029" atkLevel4="1945" defLevel4="1994" expToLevel5="450000" hpLevel5="2434" atkLevel5="2334" defLevel5="2392" expToLevel6="720000" critRate="30" /> <!-- Luminous Juju -->
	<homunculus id="4" type="0" basicSkillId="33000" basicSkillLevel="1" skillId1="33005" skillId2="33010" skillId3="33015" skillId4="33020" skillId5="33025" hpLevel1="816" atkLevel1="1188" defLevel1="990" expToLevel2="35000" hpLevel2="979" atkLevel2="1426" defLevel2="1188" expToLevel3="87500" hpLevel3="1174" atkLevel3="1710" defLevel3="1425" expToLevel4="192500" hpLevel4="1410" atkLevel4="2052" defLevel4="1710" expToLevel5="350000" hpLevel5="1691" atkLevel5="2462" defLevel5="2052" expToLevel6="560000" critRate="15" /> <!-- Basic Tana -->
	<homunculus id="5" type="1" basicSkillId="33000" basicSkillLevel="2" skillId1="33030" skillId2="33035" skillId3="33040" skillId4="33045" skillId5="33050" hpLevel1="979" atkLevel1="1425" defLevel1="1188" expToLevel2="40000" hpLevel2="1175" atkLevel2="1710" defLevel2="1425" expToLevel3="100000" hpLevel3="1409" atkLevel3="2052" defLevel3="1710" expToLevel4="220000" hpLevel4="1691" atkLevel4="2462" defLevel4="2052" expToLevel5="400000" hpLevel5="2029" atkLevel5="2954" defLevel5="2462" expToLevel6="640000" critRate="15" /> <!-- Water Tana -->
	<homunculus id="6" type="2" basicSkillId="33000" basicSkillLevel="3" skillId1="33055" skillId2="33060" skillId3="33065" skillId4="33070" skillId5="33075" hpLevel1="1174" atkLevel1="1710" defLevel1="1425" expToLevel2="45000" hpLevel2="1410" atkLevel2="2052" defLevel2="1710" expToLevel3="112500" hpLevel3="1690" atkLevel3="2462" defLevel3="2052" expToLevel4="247500" hpLevel4="2029" atkLevel4="2954" defLevel4="2462" expToLevel5="450000" hpLevel5="2434" atkLevel5="3544" defLevel5="2954" expToLevel6="720000" critRate="15" /> <!-- Luminous Tana -->
	<homunculus id="7" type="0" basicSkillId="33001" basicSkillLevel="1" skillId1="33006" skillId2="33011" skillId3="33016" skillId4="33021" skillId5="33026" hpLevel1="1020" atkLevel1="792" defLevel1="1188" expToLevel2="35000" hpLevel2="1224" atkLevel2="950" defLevel2="1426" expToLevel3="87500" hpLevel3="1468" atkLevel3="1140" defLevel3="1710" expToLevel4="192500" hpLevel4="1762" atkLevel4="1368" defLevel4="2052" expToLevel5="350000" hpLevel5="2114" atkLevel5="1642" defLevel5="2462" expToLevel6="560000" critRate="15" /> <!-- Basic Pallo -->
	<homunculus id="8" type="1" basicSkillId="33001" basicSkillLevel="2" skillId1="33031" skillId2="33036" skillId3="33041" skillId4="33046" skillId5="33051" hpLevel1="1224" atkLevel1="950" defLevel1="1425" expToLevel2="40000" hpLevel2="1468" atkLevel2="1140" defLevel2="1710" expToLevel3="100000" hpLevel3="1761" atkLevel3="1368" defLevel3="2052" expToLevel4="220000" hpLevel4="2114" atkLevel4="1641" defLevel4="2462" expToLevel5="400000" hpLevel5="2536" atkLevel5="1969" defLevel5="2954" expToLevel6="640000" critRate="15" /> <!-- Water Pallo -->
	<homunculus id="9" type="2" basicSkillId="33001" basicSkillLevel="3" skillId1="33056" skillId2="33061" skillId3="33066" skillId4="33071" skillId5="33076" hpLevel1="1468" atkLevel1="1140" defLevel1="1710" expToLevel2="45000" hpLevel2="1761" atkLevel2="1368" defLevel2="2052" expToLevel3="112500" hpLevel3="2113" atkLevel3="1641" defLevel3="2462" expToLevel4="247500" hpLevel4="2536" atkLevel4="1969" defLevel4="2954" expToLevel5="450000" hpLevel5="3043" atkLevel5="2362" defLevel5="3544" expToLevel6="720000" critRate="15" /> <!-- Luminous Pallo -->
	<homunculus id="10" type="0" basicSkillId="33002" basicSkillLevel="1" skillId1="33007" skillId2="33012" skillId3="33017" skillId4="33022" skillId5="33027" hpLevel1="1224" atkLevel1="990" defLevel1="792" expToLevel2="35000" hpLevel2="1469" atkLevel2="1188" defLevel2="950" expToLevel3="87500" hpLevel3="1762" atkLevel3="1425" defLevel3="1140" expToLevel4="192500" hpLevel4="2114" atkLevel4="1710" defLevel4="1368" expToLevel5="350000" hpLevel5="2537" atkLevel5="2052" defLevel5="1642" expToLevel6="560000" critRate="15" /> <!-- Basic Ayri -->
	<homunculus id="11" type="1" basicSkillId="33002" basicSkillLevel="2" skillId1="33032" skillId2="33037" skillId3="33042" skillId4="33047" skillId5="33052" hpLevel1="1468" atkLevel1="1188" defLevel1="950" expToLevel2="40000" hpLevel2="1762" atkLevel2="1425" defLevel2="1140" expToLevel3="100000" hpLevel3="2113" atkLevel3="1710" defLevel3="1368" expToLevel4="220000" hpLevel4="2537" atkLevel4="2052" defLevel4="1641" expToLevel5="400000" hpLevel5="3044" atkLevel5="2462" defLevel5="1969" expToLevel6="640000" critRate="15" /> <!-- Water Ayri -->
	<homunculus id="12" type="2" basicSkillId="33002" basicSkillLevel="3" skillId1="33057" skillId2="33062" skillId3="33067" skillId4="33072" skillId5="33077" hpLevel1="1761" atkLevel1="1425" defLevel1="1140" expToLevel2="45000" hpLevel2="2114" atkLevel2="1710" defLevel2="1368" expToLevel3="112500" hpLevel3="2535" atkLevel3="2052" defLevel3="1641" expToLevel4="247500" hpLevel4="3044" atkLevel4="2462" defLevel4="1969" expToLevel5="450000" hpLevel5="3652" atkLevel5="2954" defLevel5="2362" expToLevel6="720000" critRate="15" /> <!-- Luminous Ayri -->
	<homunculus id="13" type="0" basicSkillId="33003" basicSkillLevel="1" skillId1="33008" skillId2="33013" skillId3="33018" skillId4="33023" skillId5="33028" hpLevel1="816" atkLevel1="1188" defLevel1="990" expToLevel2="35000" hpLevel2="979" atkLevel2="1426" defLevel2="1188" expToLevel3="87500" hpLevel3="1174" atkLevel3="1710" defLevel3="1425" expToLevel4="192500" hpLevel4="1410" atkLevel4="2052" defLevel4="1710" expToLevel5="350000" hpLevel5="1691" atkLevel5="2462" defLevel5="2052" expToLevel6="560000" critRate="15" /> <!-- Basic Churing -->
	<homunculus id="14" type="1" basicSkillId="33003" basicSkillLevel="2" skillId1="33033" skillId2="33038" skillId3="33043" skillId4="33048" skillId5="33053" hpLevel1="979" atkLevel1="1425" defLevel1="1188" expToLevel2="40000" hpLevel2="1175" atkLevel2="1710" defLevel2="1425" expToLevel3="100000" hpLevel3="1409" atkLevel3="2052" defLevel3="1710" expToLevel4="220000" hpLevel4="1691" atkLevel4="2462" defLevel4="2052" expToLevel5="400000" hpLevel5="2029" atkLevel5="2954" defLevel5="2462" expToLevel6="640000" critRate="15" /> <!-- Water Churing -->
	<homunculus id="15" type="2" basicSkillId="33003" basicSkillLevel="3" skillId1="33058" skillId2="33063" skillId3="33068" skillId4="33073" skillId5="33078" hpLevel1="1174" atkLevel1="1710" defLevel1="1425" expToLevel2="45000" hpLevel2="1410" atkLevel2="2052" defLevel2="1710" expToLevel3="112500" hpLevel3="1690" atkLevel3="2462" defLevel3="2052" expToLevel4="247500" hpLevel4="2029" atkLevel4="2954" defLevel4="2462" expToLevel5="450000" hpLevel5="2434" atkLevel5="3544" defLevel5="2954" expToLevel6="720000" critRate="15" /> <!-- Luminous Churing -->
	<homunculus id="16" type="0" basicSkillId="33930" basicSkillLevel="1" skillId1="33935" skillId2="33940" skillId3="33945" skillId4="33950" skillId5="33955" hpLevel1="816" atkLevel1="1188" defLevel1="990" expToLevel2="35000" hpLevel2="979" atkLevel2="1426" defLevel2="1188" expToLevel3="87500" hpLevel3="1174" atkLevel3="1710" defLevel3="1425" expToLevel4="192500" hpLevel4="1410" atkLevel4="2052" defLevel4="1710" expToLevel5="350000" hpLevel5="1691" atkLevel5="2462" defLevel5="2052" expToLevel6="560000" critRate="30" /> <!-- Basic Cow -->
	<homunculus id="17" type="1" basicSkillId="33930" basicSkillLevel="2" skillId1="33960" skillId2="33965" skillId3="33970" skillId4="33975" skillId5="33980" hpLevel1="979" atkLevel1="1425" defLevel1="1188" expToLevel2="40000" hpLevel2="1175" atkLevel2="1710" defLevel2="1425" expToLevel3="100000" hpLevel3="1409" atkLevel3="2052" defLevel3="1710" expToLevel4="220000" hpLevel4="1691" atkLevel4="2462" defLevel4="2052" expToLevel5="400000" hpLevel5="2029" atkLevel5="2954" defLevel5="2462" expToLevel6="640000" critRate="30" /> <!-- Earth Cow -->
	<homunculus id="18" type="2" basicSkillId="33930" basicSkillLevel="3" skillId1="33985" skillId2="33990" skillId3="33995" skillId4="34000" skillId5="34005" hpLevel1="1174" atkLevel1="1710" defLevel1="1425" expToLevel2="45000" hpLevel2="1410" atkLevel2="2052" defLevel2="1710" expToLevel3="112500" hpLevel3="1690" atkLevel3="2462" defLevel3="2052" expToLevel4="247500" hpLevel4="2029" atkLevel4="2954" defLevel4="2462" expToLevel5="450000" hpLevel5="2434" atkLevel5="3544" defLevel5="2954" expToLevel6="720000" critRate="30" /> <!-- Luminous Cow -->
	<homunculus id="19" type="0" basicSkillId="33931" basicSkillLevel="1" skillId1="33936" skillId2="33941" skillId3="33946" skillId4="33951" skillId5="33956" hpLevel1="816" atkLevel1="1188" defLevel1="990" expToLevel2="35000" hpLevel2="979" atkLevel2="1426" defLevel2="1188" expToLevel3="87500" hpLevel3="1174" atkLevel3="1710" defLevel3="1425" expToLevel4="192500" hpLevel4="1410" atkLevel4="2052" defLevel4="1710" expToLevel5="350000" hpLevel5="1691" atkLevel5="2462" defLevel5="2052" expToLevel6="560000" critRate="15" /> <!-- Basic Chorong -->
	<homunculus id="20" type="1" basicSkillId="33931" basicSkillLevel="2" skillId1="33961" skillId2="33966" skillId3="33971" skillId4="33976" skillId5="33981" hpLevel1="979" atkLevel1="1425" defLevel1="1188" expToLevel2="40000" hpLevel2="1175" atkLevel2="1710" defLevel2="1425" expToLevel3="100000" hpLevel3="1409" atkLevel3="2052" defLevel3="1710" expToLevel4="220000" hpLevel4="1691" atkLevel4="2462" defLevel4="2052" expToLevel5="400000" hpLevel5="2029" atkLevel5="2954" defLevel5="2462" expToLevel6="640000" critRate="15" /> <!-- Earth Chorong -->
	<homunculus id="21" type="2" basicSkillId="33931" basicSkillLevel="3" skillId1="33986" skillId2="33991" skillId3="33996" skillId4="34001" skillId5="34006" hpLevel1="1174" atkLevel1="1710" defLevel1="1425" expToLevel2="45000" hpLevel2="1410" atkLevel2="2052" defLevel2="1710" expToLevel3="112500" hpLevel3="1690" atkLevel3="2462" defLevel3="2052" expToLevel4="247500" hpLevel4="2029" atkLevel4="2954" defLevel4="2462" expToLevel5="450000" hpLevel5="2434" atkLevel5="3544" defLevel5="2954" expToLevel6="720000" critRate="15" /> <!-- Luminous Chorong -->
	<homunculus id="22" type="0" basicSkillId="33932" basicSkillLevel="1" skillId1="33937" skillId2="33942" skillId3="33947" skillId4="33952" skillId5="33957" hpLevel1="816" atkLevel1="1188" defLevel1="990" expToLevel2="35000" hpLevel2="979" atkLevel2="1426" defLevel2="1188" expToLevel3="87500" hpLevel3="1174" atkLevel3="1710" defLevel3="1425" expToLevel4="192500" hpLevel4="1410" atkLevel4="2052" defLevel4="1710" expToLevel5="350000" hpLevel5="1691" atkLevel5="2462" defLevel5="2052" expToLevel6="560000" critRate="15" /> <!-- Basic Nymph -->
	<homunculus id="23" type="1" basicSkillId="33932" basicSkillLevel="2" skillId1="33962" skillId2="33967" skillId3="33972" skillId4="33977" skillId5="33982" hpLevel1="979" atkLevel1="1425" defLevel1="1188" expToLevel2="40000" hpLevel2="1175" atkLevel2="1710" defLevel2="1425" expToLevel3="100000" hpLevel3="1409" atkLevel3="2052" defLevel3="1710" expToLevel4="220000" hpLevel4="1691" atkLevel4="2462" defLevel4="2052" expToLevel5="400000" hpLevel5="2029" atkLevel5="2954" defLevel5="2462" expToLevel6="640000" critRate="15" /> <!-- Earth Nymph -->
	<homunculus id="24" type="2" basicSkillId="33932" basicSkillLevel="3" skillId1="33987" skillId2="33992" skillId3="33997" skillId4="34002" skillId5="34007" hpLevel1="1174" atkLevel1="1710" defLevel1="1425" expToLevel2="45000" hpLevel2="1410" atkLevel2="2052" defLevel2="1710" expToLevel3="112500" hpLevel3="1690" atkLevel3="2462" defLevel3="2052" expToLevel4="247500" hpLevel4="2029" atkLevel4="2954" defLevel4="2462" expToLevel5="450000" hpLevel5="2434" atkLevel5="3544" defLevel5="2954" expToLevel6="720000" critRate="15" /> <!-- Luminous Nymph -->
	<homunculus id="25" type="0" basicSkillId="33933" basicSkillLevel="1" skillId1="33938" skillId2="33943" skillId3="33948" skillId4="33953" skillId5="33958" hpLevel1="816" atkLevel1="1188" defLevel1="990" expToLevel2="35000" hpLevel2="979" atkLevel2="1426" defLevel2="1188" expToLevel3="87500" hpLevel3="1174" atkLevel3="1710" defLevel3="1425" expToLevel4="192500" hpLevel4="1410" atkLevel4="2052" defLevel4="1710" expToLevel5="350000" hpLevel5="1691" atkLevel5="2462" defLevel5="2052" expToLevel6="560000" critRate="15" /> <!-- Basic Oculus -->
	<homunculus id="26" type="1" basicSkillId="33933" basicSkillLevel="2" skillId1="33963" skillId2="33968" skillId3="33973" skillId4="33978" skillId5="33983" hpLevel1="979" atkLevel1="1425" defLevel1="1188" expToLevel2="40000" hpLevel2="1175" atkLevel2="1710" defLevel2="1425" expToLevel3="100000" hpLevel3="1409" atkLevel3="2052" defLevel3="1710" expToLevel4="220000" hpLevel4="1691" atkLevel4="2462" defLevel4="2052" expToLevel5="400000" hpLevel5="2029" atkLevel5="2954" defLevel5="2462" expToLevel6="640000" critRate="15" /> <!-- Earth Oculus -->
	<homunculus id="27" type="2" basicSkillId="33933" basicSkillLevel="3" skillId1="33988" skillId2="33993" skillId3="33998" skillId4="34003" skillId5="34008" hpLevel1="1174" atkLevel1="1710" defLevel1="1425" expToLevel2="45000" hpLevel2="1410" atkLevel2="2052" defLevel2="1710" expToLevel3="112500" hpLevel3="1690" atkLevel3="2462" defLevel3="2052" expToLevel4="247500" hpLevel4="2029" atkLevel4="2954" defLevel4="2462" expToLevel5="450000" hpLevel5="2434" atkLevel5="3544" defLevel5="2954" expToLevel6="720000" critRate="15" /> <!-- Luminous Oculus -->
	<homunculus id="28" type="0" basicSkillId="33934" basicSkillLevel="1" skillId1="33939" skillId2="33944" skillId3="33949" skillId4="33954" skillId5="33959" hpLevel1="816" atkLevel1="1188" defLevel1="990" expToLevel2="35000" hpLevel2="979" atkLevel2="1426" defLevel2="1188" expToLevel3="87500" hpLevel3="1174" atkLevel3="1710" defLevel3="1425" expToLevel4="192500" hpLevel4="1410" atkLevel4="2052" defLevel4="1710" expToLevel5="350000" hpLevel5="1691" atkLevel5="2462" defLevel5="2052" expToLevel6="560000" critRate="15" /> <!-- Basic Fofo -->
	<homunculus id="29" type="1" basicSkillId="33934" basicSkillLevel="2" skillId1="33964" skillId2="33969" skillId3="33974" skillId4="33979" skillId5="33984" hpLevel1="979" atkLevel1="1425" defLevel1="1188" expToLevel2="40000" hpLevel2="1175" atkLevel2="1710" defLevel2="1425" expToLevel3="100000" hpLevel3="1409" atkLevel3="2052" defLevel3="1710" expToLevel4="220000" hpLevel4="1691" atkLevel4="2462" defLevel4="2052" expToLevel5="400000" hpLevel5="2029" atkLevel5="2954" defLevel5="2462" expToLevel6="640000" critRate="15" /> <!-- Earth Fofo -->
	<homunculus id="30" type="2" basicSkillId="33934" basicSkillLevel="3" skillId1="33989" skillId2="33994" skillId3="33999" skillId4="34004" skillId5="34009" hpLevel1="1174" atkLevel1="1710" defLevel1="1425" expToLevel2="45000" hpLevel2="1410" atkLevel2="2052" defLevel2="1710" expToLevel3="112500" hpLevel3="1690" atkLevel3="2462" defLevel3="2052" expToLevel4="247500" hpLevel4="2029" atkLevel4="2954" defLevel4="2462" expToLevel5="450000" hpLevel5="2434" atkLevel5="3544" defLevel5="2954" expToLevel6="720000" critRate="15" /> <!-- Luminous Fofo -->
</list>