<?xml version="1.0" encoding="UTF-8"?>
<list xmlns:xsi="http://www.w3.org/2001/XMLSchema-instance" xsi:noNamespaceSchemaLocation="xsd/HuntPass.xsd">
	<!-- Page 1 -->
	<item id="60368" count="2" premiumId="60386" premiumCount="1"/> <!-- Season Pass Bonus / Hunter's Coin -->
	<item id="48848" count="5" premiumId="60368" premiumCount="10" /> <!-- Freya's Ice Rose / Season Pass Bonus -->
	<item id="60368" count="2" premiumId="80960" premiumCount="1" /> <!-- Season Pass Bonus / Pantheon's Museum's Time Stone -->
	<item id="60368" count="2" premiumId="60368" premiumCount="10" /> <!-- Season Pass Bonus / Season Pass Bonus -->
	<item id="60368" count="2" premiumId="60368" premiumCount="40" /> <!-- Season Pass Bonus / Freya's Ice Rose -->
	<item id="48857" count="5" premiumId="60368" premiumCount="20" /> <!-- Glowing Dragon's Attribute Potion (XP) / Season Pass Bonus -->
	<item id="60368" count="2" premiumId="60368" premiumCount="20" /> <!-- Season Pass Bonus / Shining Nevit's Gold Hourglass -->
	<item id="81815" count="1" premiumId="60368" premiumCount="10" /> <!-- Homunculus' Hourglass / Season Pass Bonus -->
	<item id="60368" count="2" premiumId="60368" premiumCount="20" /> <!-- Season Pass Bonus / Emperor's Special Cocktail Event -->
	<item id="60306" count="10" premiumId="60306" premiumCount="650" /> <!-- Vitality Sustention Points / Vitality Sustention Points -->
	<!-- Page 2 -->
	<item id="60368" count="2" premiumId="81815" premiumCount="4"/> <!-- Season Pass Bonus / Homunculus' Hourglass -->
	<item id="60368" count="2" premiumId="60368" premiumCount="10" /> <!-- Season Pass Bonus / Season Pass Bonus -->
	<item id="60368" count="2" premiumId="80906" premiumCount="1" /> <!-- Season Pass Bonus / Jamoa's Camp's Time Stone -->
	<item id="60368" count="2" premiumId="60368" premiumCount="20" /> <!-- Season Pass Bonus / Season Pass Bonus -->
	<item id="60368" count="2" premiumId="60368" premiumCount="40" /> <!-- Season Pass Bonus / Honey Dark Beer -->
	<item id="60368" count="2" premiumId="60368" premiumCount="10" /> <!-- Season Pass Bonus / Season Pass Bonus -->
	<item id="60368" count="2" premiumId="60368" premiumCount="40" /> <!-- Season Pass Bonus / Glowing Dragon's Attribute Potion (XP) -->
	<item id="60368" count="2" premiumId="60368" premiumCount="10" /> <!-- Season Pass Bonus / Season Pass Bonus -->
	<item id="60368" count="2" premiumId="60368" premiumCount="20" /> <!-- Season Pass Bonus / Freya's Scroll of Storm Event -->
	<item id="60306" count="10" premiumId="82394" premiumCount="5" /> <!-- Vitality Sustention Points / Augmenting Stone: Accesories -->
	<!-- Page 3 -->
	<item id="60368" count="2" premiumId="81815" premiumCount="2"/> <!-- Season Pass Bonus / Homunculus' Hourglass -->
	<item id="48848" count="5" premiumId="60368" premiumCount="10" /> <!-- Freya's Ice Rose / Season Pass Bonus -->
	<item id="60368" count="2" premiumId="80960" premiumCount="1" /> <!-- Season Pass Bonus / Pantheon's Museum's Time Stone -->
	<item id="60368" count="2" premiumId="60368" premiumCount="10" /> <!-- Season Pass Bonus / Season Pass Bonus -->
	<item id="60368" count="2" premiumId="60368" premiumCount="40" /> <!-- Season Pass Bonus / Freya's Ice Rose -->
	<item id="48857" count="5" premiumId="60368" premiumCount="20" /> <!-- Glowing Dragon's Attribute Potion (XP) / Season Pass Bonus -->
	<item id="60368" count="2" premiumId="60368" premiumCount="20" /> <!-- Season Pass Bonus / Shining Nevit's Gold Hourglass -->
	<item id="81815" count="1" premiumId="60368" premiumCount="10" /> <!-- Homunculus' Hourglass / Season Pass Bonus -->
	<item id="60368" count="2" premiumId="60368" premiumCount="20" /> <!-- Season Pass Bonus / Emperor's Special Cocktail Event -->
	<item id="60306" count="10" premiumId="60306" premiumCount="650" /> <!-- Vitality Sustention Points / Vitality Sustention Points -->
	<!-- Page 4 -->
	<item id="60368" count="2" premiumId="81815" premiumCount="4"/> <!-- Season Pass Bonus / Homunculus' Hourglass -->
	<item id="60368" count="2" premiumId="60368" premiumCount="10" /> <!-- Season Pass Bonus / Season Pass Bonus -->
	<item id="60368" count="2" premiumId="80906" premiumCount="1" /> <!-- Season Pass Bonus / Jamoa's Camp's Time Stone -->
	<item id="60368" count="2" premiumId="60368" premiumCount="20" /> <!-- Season Pass Bonus / Season Pass Bonus -->
	<item id="60368" count="2" premiumId="60368" premiumCount="40" /> <!-- Season Pass Bonus / Honey Dark Beer -->
	<item id="60368" count="2" premiumId="60368" premiumCount="10" /> <!-- Season Pass Bonus / Season Pass Bonus -->
	<item id="60368" count="2" premiumId="60368" premiumCount="40" /> <!-- Season Pass Bonus / Glowing Dragon's Attribute Potion (XP) -->
	<item id="60368" count="2" premiumId="60368" premiumCount="10" /> <!-- Season Pass Bonus / Season Pass Bonus -->
	<item id="60368" count="2" premiumId="60368" premiumCount="20" /> <!-- Season Pass Bonus / Freya's Scroll of Storm Event -->
	<item id="60306" count="40" premiumId="80393" premiumCount="5" /> <!-- Vitality Sustention Points / Augmenting Stone: Circlet -->
	<!-- Page 5 -->
	<item id="60368" count="2" premiumId="81815" premiumCount="2"/> <!-- Season Pass Bonus / Homunculus' Hourglass -->
	<item id="48848" count="5" premiumId="60368" premiumCount="10" /> <!-- Freya's Ice Rose / Season Pass Bonus -->
	<item id="60368" count="2" premiumId="80960" premiumCount="1" /> <!-- Season Pass Bonus / Pantheon's Museum's Time Stone -->
	<item id="60368" count="2" premiumId="60368" premiumCount="10" /> <!-- Season Pass Bonus / Season Pass Bonus -->
	<item id="60368" count="2" premiumId="60368" premiumCount="40" /> <!-- Season Pass Bonus / Freya's Ice Rose -->
	<item id="48857" count="5" premiumId="60368" premiumCount="20" /> <!-- Glowing Dragon's Attribute Potion (XP) / Season Pass Bonus -->
	<item id="60368" count="2" premiumId="60368" premiumCount="20" /> <!-- Season Pass Bonus / Shining Nevit's Gold Hourglass -->
	<item id="81815" count="1" premiumId="60368" premiumCount="10" /> <!-- Homunculus' Hourglass / Season Pass Bonus -->
	<item id="60368" count="2" premiumId="60368" premiumCount="20" /> <!-- Season Pass Bonus / Emperor's Special Cocktail Event -->
	<item id="60306" count="10" premiumId="60306" premiumCount="650" /> <!-- Vitality Sustention Points / Vitality Sustention Points -->
	<!-- Page 6 -->
	<item id="60368" count="2" premiumId="81815" premiumCount="4"/> <!-- Season Pass Bonus / Homunculus' Hourglass -->
	<item id="60368" count="2" premiumId="60368" premiumCount="10" /> <!-- Season Pass Bonus / Season Pass Bonus -->
	<item id="60368" count="2" premiumId="80906" premiumCount="1" /> <!-- Season Pass Bonus / Jamoa's Camp's Time Stone -->
	<item id="60368" count="2" premiumId="60368" premiumCount="20" /> <!-- Season Pass Bonus / Season Pass Bonus -->
	<item id="60368" count="2" premiumId="60368" premiumCount="40" /> <!-- Season Pass Bonus / Honey Dark Beer -->
	<item id="60368" count="2" premiumId="60368" premiumCount="10" /> <!-- Season Pass Bonus / Season Pass Bonus -->
	<item id="60368" count="2" premiumId="60368" premiumCount="40" /> <!-- Season Pass Bonus / Glowing Dragon's Attribute Potion (XP) -->
	<item id="60368" count="2" premiumId="60368" premiumCount="10" /> <!-- Season Pass Bonus / Season Pass Bonus -->
	<item id="60368" count="2" premiumId="60368" premiumCount="20" /> <!-- Season Pass Bonus / Freya's Scroll of Storm Event -->
	<item id="60306" count="40" premiumId="80396" premiumCount="5" /> <!-- Vitality Sustention Points / Augmenting Stone: Kaliel's Bracelet -->
	<!-- Page 7 -->
	<item id="60368" count="2" premiumId="81815" premiumCount="2"/> <!-- Season Pass Bonus / Homunculus' Hourglass -->
	<item id="48848" count="5" premiumId="60368" premiumCount="10" /> <!-- Freya's Ice Rose / Season Pass Bonus -->
	<item id="60368" count="2" premiumId="80960" premiumCount="1" /> <!-- Season Pass Bonus / Pantheon's Museum's Time Stone -->
	<item id="60368" count="2" premiumId="60368" premiumCount="10" /> <!-- Season Pass Bonus / Season Pass Bonus -->
	<item id="60368" count="2" premiumId="60368" premiumCount="40" /> <!-- Season Pass Bonus / Freya's Ice Rose -->
	<item id="48857" count="5" premiumId="60368" premiumCount="20" /> <!-- Glowing Dragon's Attribute Potion (XP) / Season Pass Bonus -->
	<item id="60368" count="2" premiumId="60368" premiumCount="20" /> <!-- Season Pass Bonus / Shining Nevit's Gold Hourglass -->
	<item id="81815" count="1" premiumId="60368" premiumCount="10" /> <!-- Homunculus' Hourglass / Season Pass Bonus -->
	<item id="60368" count="2" premiumId="60368" premiumCount="20" /> <!-- Season Pass Bonus / Emperor's Special Cocktail Event -->
	<item id="60306" count="10" premiumId="60306" premiumCount="650" /> <!-- Vitality Sustention Points / Vitality Sustention Points -->
	<!-- Page 8 -->
	<item id="60368" count="2" premiumId="81815" premiumCount="4"/> <!-- Season Pass Bonus / Homunculus' Hourglass -->
	<item id="60368" count="2" premiumId="60368" premiumCount="10" /> <!-- Season Pass Bonus / Season Pass Bonus -->
	<item id="60368" count="2" premiumId="80906" premiumCount="1" /> <!-- Season Pass Bonus / Jamoa's Camp's Time Stone -->
	<item id="60368" count="2" premiumId="60368" premiumCount="20" /> <!-- Season Pass Bonus / Season Pass Bonus -->
	<item id="60368" count="2" premiumId="60368" premiumCount="40" /> <!-- Season Pass Bonus / Honey Dark Beer -->
	<item id="60368" count="2" premiumId="60368" premiumCount="10" /> <!-- Season Pass Bonus / Season Pass Bonus -->
	<item id="60368" count="2" premiumId="60368" premiumCount="40" /> <!-- Season Pass Bonus / Glowing Dragon's Attribute Potion (XP) -->
	<item id="60368" count="2" premiumId="60368" premiumCount="10" /> <!-- Season Pass Bonus / Season Pass Bonus -->
	<item id="60368" count="2" premiumId="60368" premiumCount="20" /> <!-- Season Pass Bonus / Freya's Scroll of Storm Event -->
	<item id="60306" count="40" premiumId="80398" premiumCount="5" /> <!-- Vitality Sustention Points / Augmenting Stone: Artifact Book -->
	<!-- Page 9 -->
	<item id="60368" count="2" premiumId="81815" premiumCount="2"/> <!-- Season Pass Bonus / Homunculus' Hourglass -->
	<item id="48848" count="5" premiumId="60368" premiumCount="10" /> <!-- Freya's Ice Rose / Season Pass Bonus -->
	<item id="60368" count="2" premiumId="80960" premiumCount="1" /> <!-- Season Pass Bonus / Pantheon's Museum's Time Stone -->
	<item id="60368" count="2" premiumId="60368" premiumCount="10" /> <!-- Season Pass Bonus / Season Pass Bonus -->
	<item id="60368" count="2" premiumId="60368" premiumCount="40" /> <!-- Season Pass Bonus / Freya's Ice Rose -->
	<item id="48857" count="5" premiumId="60368" premiumCount="20" /> <!-- Glowing Dragon's Attribute Potion (XP) / Season Pass Bonus -->
	<item id="60368" count="2" premiumId="60368" premiumCount="20" /> <!-- Season Pass Bonus / Shining Nevit's Gold Hourglass -->
	<item id="81815" count="1" premiumId="60368" premiumCount="10" /> <!-- Homunculus' Hourglass / Season Pass Bonus -->
	<item id="60368" count="2" premiumId="60368" premiumCount="20" /> <!-- Season Pass Bonus / Emperor's Special Cocktail Event -->
	<item id="60306" count="10" premiumId="60306" premiumCount="650" /> <!-- Vitality Sustention Points / Vitality Sustention Points -->
	<!-- Page 10 -->
	<item id="60368" count="2" premiumId="81815" premiumCount="4"/> <!-- Season Pass Bonus / Homunculus' Hourglass -->
	<item id="60368" count="2" premiumId="60368" premiumCount="10" /> <!-- Season Pass Bonus / Season Pass Bonus -->
	<item id="60368" count="2" premiumId="80906" premiumCount="1" /> <!-- Season Pass Bonus / Jamoa's Camp's Time Stone -->
	<item id="60368" count="2" premiumId="60368" premiumCount="20" /> <!-- Season Pass Bonus / Season Pass Bonus -->
	<item id="60368" count="2" premiumId="60368" premiumCount="40" /> <!-- Season Pass Bonus / Honey Dark Beer -->
	<item id="60368" count="2" premiumId="60368" premiumCount="10" /> <!-- Season Pass Bonus / Season Pass Bonus -->
	<item id="60368" count="2" premiumId="60368" premiumCount="40" /> <!-- Season Pass Bonus / Glowing Dragon's Attribute Potion (XP) -->
	<item id="60368" count="2" premiumId="60368" premiumCount="10" /> <!-- Season Pass Bonus / Season Pass Bonus -->
	<item id="60368" count="2" premiumId="60368" premiumCount="20" /> <!-- Season Pass Bonus / Freya's Scroll of Storm Event -->
	<item id="82344" count="50" premiumId="60378" premiumCount="1" /> <!-- Tales of Dimensions / Final Reward Chest -->
</list>