<?xml version="1.0" encoding="UTF-8"?>
<list enabled="true" xmlns:xsi="http://www.w3.org/2001/XMLSchema-instance" xsi:noNamespaceSchemaLocation="xsd/LimitShop.xsd">
	<product id="1001" category="0">
		<ingredient id="81215" count="4526" /> <!-- Aether -->
		<ingredient id="81216" count="808" /> <!-- Black Mithril -->
		<ingredient id="19440" count="32" /> <!-- R-grade Gemstone -->
		<ingredient id="17371" count="1940" /> <!-- R-grade Crystal -->
		<production id="17416" chance="60" id2="81215" count2="452" chance2="40" /> <!-- Helios Shaper -->
	</product>
	<product id="1002" category="0">
		<ingredient id="81215" count="4526" /> <!-- Aether -->
		<ingredient id="81216" count="808" /> <!-- Black Mithril -->
		<ingredient id="19440" count="32" /> <!-- R-grade Gemstone -->
		<ingredient id="17371" count="1940" /> <!-- R-grade Crystal -->
		<production id="17417" chance="60" id2="81215" count2="452" chance2="40" /> <!-- Helios Cutter -->
	</product>
	<product id="1003" category="0">
		<ingredient id="81215" count="4526" /> <!-- Aether -->
		<ingredient id="81216" count="808" /> <!-- Black Mithril -->
		<ingredient id="19440" count="32" /> <!-- R-grade Gemstone -->
		<ingredient id="17371" count="1940" /> <!-- R-grade Crystal -->
		<production id="17418" chance="60" id2="81215" count2="452" chance2="40" /> <!-- Helios Slasher -->
	</product>
	<product id="1004" category="0">
		<ingredient id="81215" count="4526" /> <!-- Aether -->
		<ingredient id="81216" count="808" /> <!-- Black Mithril -->
		<ingredient id="19440" count="32" /> <!-- R-grade Gemstone -->
		<ingredient id="17371" count="1940" /> <!-- R-grade Crystal -->
		<production id="17419" chance="60" id2="81215" count2="452" chance2="40" /> <!-- Helios Avenger -->
	</product>
	<product id="1005" category="0">
		<ingredient id="81215" count="4526" /> <!-- Aether -->
		<ingredient id="81216" count="808" /> <!-- Black Mithril -->
		<ingredient id="19440" count="32" /> <!-- R-grade Gemstone -->
		<ingredient id="17371" count="1940" /> <!-- R-grade Crystal -->
		<production id="17420" chance="60" id2="81215" count2="452" chance2="40" /> <!-- Helios Fighter -->
	</product>
	<product id="1006" category="0">
		<ingredient id="81215" count="4526" /> <!-- Aether -->
		<ingredient id="81216" count="808" /> <!-- Black Mithril -->
		<ingredient id="19440" count="32" /> <!-- R-grade Gemstone -->
		<ingredient id="17371" count="1940" /> <!-- R-grade Crystal -->
		<production id="17421" chance="60" id2="81215" count2="452" chance2="40" /> <!-- Helios Stormer -->
	</product>
	<product id="1007" category="0">
		<ingredient id="81215" count="4526" /> <!-- Aether -->
		<ingredient id="81216" count="808" /> <!-- Black Mithril -->
		<ingredient id="19440" count="32" /> <!-- R-grade Gemstone -->
		<ingredient id="17371" count="1940" /> <!-- R-grade Crystal -->
		<production id="17422" chance="60" id2="81215" count2="452" chance2="40" /> <!-- Helios Thrower -->
	</product>
	<product id="1008" category="0">
		<ingredient id="81215" count="4526" /> <!-- Aether -->
		<ingredient id="81216" count="808" /> <!-- Black Mithril -->
		<ingredient id="19440" count="32" /> <!-- R-grade Gemstone -->
		<ingredient id="17371" count="1940" /> <!-- R-grade Crystal -->
		<production id="17423" chance="60" id2="81215" count2="452" chance2="40" /> <!-- Helios Guardian -->
	</product>
	<product id="1009" category="0">
		<ingredient id="81215" count="4526" /> <!-- Aether -->
		<ingredient id="81216" count="808" /> <!-- Black Mithril -->
		<ingredient id="19440" count="32" /> <!-- R-grade Gemstone -->
		<ingredient id="17371" count="1940" /> <!-- R-grade Crystal -->
		<production id="17424" chance="60" id2="81215" count2="452" chance2="40" /> <!-- Helios Buster -->
	</product>
	<product id="1010" category="0">
		<ingredient id="81215" count="4526" /> <!-- Aether -->
		<ingredient id="81216" count="808" /> <!-- Black Mithril -->
		<ingredient id="19440" count="32" /> <!-- R-grade Gemstone -->
		<ingredient id="17371" count="1940" /> <!-- R-grade Crystal -->
		<production id="17425" chance="60" id2="81215" count2="452" chance2="40" /> <!-- Helios Caster -->
	</product>
	<product id="1011" category="0">
		<ingredient id="81215" count="4526" /> <!-- Aether -->
		<ingredient id="81216" count="808" /> <!-- Black Mithril -->
		<ingredient id="19440" count="32" /> <!-- R-grade Gemstone -->
		<ingredient id="17371" count="1940" /> <!-- R-grade Crystal -->
		<production id="17426" chance="60" id2="81215" count2="452" chance2="40" /> <!-- Helios Retributer -->
	</product>
	<product id="1012" category="0">
		<ingredient id="81215" count="4526" /> <!-- Aether -->
		<ingredient id="81216" count="808" /> <!-- Black Mithril -->
		<ingredient id="19440" count="32" /> <!-- R-grade Gemstone -->
		<ingredient id="17371" count="1940" /> <!-- R-grade Crystal -->
		<production id="17427" chance="60" id2="81215" count2="452" chance2="40" /> <!-- Helios Dual Swords -->
	</product>
	<product id="1013" category="0">
		<ingredient id="81215" count="4526" /> <!-- Aether -->
		<ingredient id="81216" count="808" /> <!-- Black Mithril -->
		<ingredient id="19440" count="32" /> <!-- R-grade Gemstone -->
		<ingredient id="17371" count="1940" /> <!-- R-grade Crystal -->
		<production id="17428" chance="60" id2="81215" count2="452" chance2="40" /> <!-- Helios Dual Daggers -->
	</product>
	<product id="1014" category="0">
		<ingredient id="81215" count="4526" /> <!-- Aether -->
		<ingredient id="81216" count="808" /> <!-- Black Mithril -->
		<ingredient id="19440" count="32" /> <!-- R-grade Gemstone -->
		<ingredient id="17371" count="1940" /> <!-- R-grade Crystal -->
		<production id="17429" chance="60" id2="81215" count2="452" chance2="40" /> <!-- Helios Dual Blunt Weapons -->
	</product>
	<product id="1015" category="1">
		<ingredient id="81215" count="887" /> <!-- Aether -->
		<ingredient id="81217" count="158" /> <!-- Oriharukon Ore -->
		<ingredient id="19440" count="6" /> <!-- R-grade Gemstone -->
		<ingredient id="17371" count="380" /> <!-- R-grade Crystal -->
		<production id="17430" chance="60" id2="81215" count2="88" chance2="40" /> <!-- Eternal Helmet -->
	</product>
	<product id="1016" category="1">
		<ingredient id="81215" count="2365" /> <!-- Aether -->
		<ingredient id="81217" count="422" /> <!-- Oriharukon Ore -->
		<ingredient id="19440" count="17" /> <!-- R-grade Gemstone -->
		<ingredient id="17371" count="1014" /> <!-- R-grade Crystal -->
		<production id="17431" chance="60" id2="81215" count2="236" chance2="40" /> <!-- Eternal Breastplate -->
	</product>
	<product id="1017" category="1">
		<ingredient id="81215" count="1478" /> <!-- Aether -->
		<ingredient id="81217" count="264" /> <!-- Oriharukon Ore -->
		<ingredient id="19440" count="11" /> <!-- R-grade Gemstone -->
		<ingredient id="17371" count="633" /> <!-- R-grade Crystal -->
		<production id="17432" chance="60" id2="81215" count2="147" chance2="40" /> <!-- Eternal Gaiters -->
	</product>
	<product id="1018" category="1">
		<ingredient id="81215" count="591" /> <!-- Aether -->
		<ingredient id="81217" count="106" /> <!-- Oriharukon Ore -->
		<ingredient id="19440" count="4" /> <!-- R-grade Gemstone -->
		<ingredient id="17371" count="253" /> <!-- R-grade Crystal -->
		<production id="17433" chance="60" id2="81215" count2="59" chance2="40" /> <!-- Eternal Gauntlets -->
	</product>
	<product id="1019" category="1">
		<ingredient id="81215" count="591" /> <!-- Aether -->
		<ingredient id="81217" count="106" /> <!-- Oriharukon Ore -->
		<ingredient id="19440" count="4" /> <!-- R-grade Gemstone -->
		<ingredient id="17371" count="253" /> <!-- R-grade Crystal -->
		<production id="17434" chance="60" id2="81215" count2="59" chance2="40" /> <!-- Eternal Boots -->
	</product>
	<product id="1020" category="1">
		<ingredient id="81215" count="621" /> <!-- Aether -->
		<ingredient id="81217" count="111" /> <!-- Oriharukon Ore -->
		<ingredient id="19440" count="4" /> <!-- R-grade Gemstone -->
		<ingredient id="17371" count="266" /> <!-- R-grade Crystal -->
		<production id="17435" chance="60" id2="81215" count2="62" chance2="40" /> <!-- Eternal Shield -->
	</product>
	<product id="1021" category="1">
		<ingredient id="81215" count="887" /> <!-- Aether -->
		<ingredient id="81218" count="158" /> <!-- Dragon Scale -->
		<ingredient id="19440" count="6" /> <!-- R-grade Gemstone -->
		<ingredient id="17371" count="380" /> <!-- R-grade Crystal -->
		<production id="17436" chance="60" id2="81215" count2="88" chance2="40" /> <!-- Eternal Leather Helmet -->
	</product>
	<product id="1022" category="1">
		<ingredient id="81215" count="2365" /> <!-- Aether -->
		<ingredient id="81218" count="422" /> <!-- Dragon Scale -->
		<ingredient id="19440" count="17" /> <!-- R-grade Gemstone -->
		<ingredient id="17371" count="1014" /> <!-- R-grade Crystal -->
		<production id="17437" chance="60" id2="81215" count2="236" chance2="40" /> <!-- Eternal Leather Armor -->
	</product>
	<product id="1023" category="1">
		<ingredient id="81215" count="1478" /> <!-- Aether -->
		<ingredient id="81218" count="264" /> <!-- Dragon Scale -->
		<ingredient id="19440" count="11" /> <!-- R-grade Gemstone -->
		<ingredient id="17371" count="633" /> <!-- R-grade Crystal -->
		<production id="17438" chance="60" id2="81215" count2="147" chance2="40" /> <!-- Eternal Leather Leggings -->
	</product>
	<product id="1024" category="1">
		<ingredient id="81215" count="591" /> <!-- Aether -->
		<ingredient id="81218" count="106" /> <!-- Dragon Scale -->
		<ingredient id="19440" count="4" /> <!-- R-grade Gemstone -->
		<ingredient id="17371" count="253" /> <!-- R-grade Crystal -->
		<production id="17439" chance="60" id2="81215" count2="59" chance2="40" /> <!-- Eternal Leather Gloves -->
	</product>
	<product id="1025" category="1">
		<ingredient id="81215" count="591" /> <!-- Aether -->
		<ingredient id="81218" count="106" /> <!-- Dragon Scale -->
		<ingredient id="19440" count="4" /> <!-- R-grade Gemstone -->
		<ingredient id="17371" count="253" /> <!-- R-grade Crystal -->
		<production id="17440" chance="60" id2="81215" count2="59" chance2="40" /> <!-- Eternal Leather Boots -->
	</product>
	<product id="1026" category="1">
		<ingredient id="81215" count="887" /> <!-- Aether -->
		<ingredient id="81219" count="158" /> <!-- Angel's Feather -->
		<ingredient id="19440" count="6" /> <!-- R-grade Gemstone -->
		<ingredient id="17371" count="380" /> <!-- R-grade Crystal -->
		<production id="17441" chance="60" id2="81215" count2="88" chance2="40" /> <!-- Eternal Circlet -->
	</product>
	<product id="1027" category="1">
		<ingredient id="81215" count="2365" /> <!-- Aether -->
		<ingredient id="81219" count="422" /> <!-- Angel's Feather -->
		<ingredient id="19440" count="17" /> <!-- R-grade Gemstone -->
		<ingredient id="17371" count="1014" /> <!-- R-grade Crystal -->
		<production id="17442" chance="60" id2="81215" count2="236" chance2="40" /> <!-- Eternal Tunic -->
	</product>
	<product id="1028" category="1">
		<ingredient id="81215" count="1478" /> <!-- Aether -->
		<ingredient id="81219" count="264" /> <!-- Angel's Feather -->
		<ingredient id="19440" count="11" /> <!-- R-grade Gemstone -->
		<ingredient id="17371" count="633" /> <!-- R-grade Crystal -->
		<production id="17443" chance="60" id2="81215" count2="147" chance2="40" /> <!-- Eternal Stockings -->
	</product>
	<product id="1029" category="1">
		<ingredient id="81215" count="591" /> <!-- Aether -->
		<ingredient id="81219" count="106" /> <!-- Angel's Feather -->
		<ingredient id="19440" count="4" /> <!-- R-grade Gemstone -->
		<ingredient id="17371" count="253" /> <!-- R-grade Crystal -->
		<production id="17444" chance="60" id2="81215" count2="59" chance2="40" /> <!-- Eternal Gloves -->
	</product>
	<product id="1030" category="1">
		<ingredient id="81215" count="591" /> <!-- Aether -->
		<ingredient id="81219" count="106" /> <!-- Angel's Feather -->
		<ingredient id="19440" count="4" /> <!-- R-grade Gemstone -->
		<ingredient id="17371" count="253" /> <!-- R-grade Crystal -->
		<production id="17445" chance="60" id2="81215" count2="59" chance2="40" /> <!-- Eternal Shoes -->
	</product>
	<product id="1031" category="1">
		<ingredient id="81215" count="621" /> <!-- Aether -->
		<ingredient id="81219" count="111" /> <!-- Angel's Feather -->
		<ingredient id="19440" count="4" /> <!-- R-grade Gemstone -->
		<ingredient id="17371" count="266" /> <!-- R-grade Crystal -->
		<production id="17446" chance="60" id2="81215" count2="62" chance2="40" /> <!-- Eternal Sigil -->
	</product>
	<product id="1032" category="2">
		<ingredient id="81215" count="1050" /> <!-- Aether -->
		<ingredient id="81216" count="525" /> <!-- Black Mithril -->
		<ingredient id="81217" count="525" /> <!-- Oriharukon Ore -->
		<ingredient id="81218" count="525" /> <!-- Dragon Scale -->
		<ingredient id="81219" count="525" /> <!-- Angel's Feather -->
		<production id="81212" chance="60" id2="81215" count2="105" chance2="40" /> <!-- Angel's Necklace -->
	</product>
	<product id="1033" category="2">
		<ingredient id="81215" count="1050" /> <!-- Aether -->
		<ingredient id="81216" count="525" /> <!-- Black Mithril -->
		<ingredient id="81217" count="525" /> <!-- Oriharukon Ore -->
		<ingredient id="81218" count="525" /> <!-- Dragon Scale -->
		<ingredient id="81219" count="525" /> <!-- Angel's Feather -->
		<production id="81213" chance="60" id2="81215" count2="105" chance2="40" /> <!-- Angel's Earring -->
	</product>
	<product id="1034" category="2">
		<ingredient id="81215" count="1050" /> <!-- Aether -->
		<ingredient id="81216" count="525" /> <!-- Black Mithril -->
		<ingredient id="81217" count="525" /> <!-- Oriharukon Ore -->
		<ingredient id="81218" count="525" /> <!-- Dragon Scale -->
		<ingredient id="81219" count="525" /> <!-- Angel's Feather -->
		<production id="81214" chance="60" id2="81215" count2="105" chance2="40" /> <!-- Angel's Ring -->
	</product>
	<product id="1035" category="3">
		<ingredient id="81215" count="350" /> <!-- Aether -->
		<ingredient id="81216" count="175" /> <!-- Black Mithril -->
		<ingredient id="81217" count="175" /> <!-- Oriharukon Ore -->
		<ingredient id="81218" count="175" /> <!-- Dragon Scale -->
		<ingredient id="81219" count="175" /> <!-- Angel's Feather -->
		<production id="47807" chance="60" id2="81215" count2="35" chance2="40" /> <!-- Sayha's Talisman Lv. 1 -->
	</product>
	<product id="1036" category="3">
		<ingredient id="81215" count="210" /> <!-- Aether -->
		<ingredient id="81216" count="105" /> <!-- Black Mithril -->
		<ingredient id="81217" count="105" /> <!-- Oriharukon Ore -->
		<ingredient id="81218" count="105" /> <!-- Dragon Scale -->
		<ingredient id="81219" count="105" /> <!-- Angel's Feather -->
		<production id="38855" chance="60" id2="81215" count2="21" chance2="40" /> <!-- Ruby lv. 1 -->
	</product>
	<product id="1037" category="3">
		<ingredient id="81215" count="210" /> <!-- Aether -->
		<ingredient id="81216" count="105" /> <!-- Black Mithril -->
		<ingredient id="81217" count="105" /> <!-- Oriharukon Ore -->
		<ingredient id="81218" count="105" /> <!-- Dragon Scale -->
		<ingredient id="81219" count="105" /> <!-- Angel's Feather -->
		<production id="38927" chance="60" id2="81215" count2="21" chance2="40" /> <!-- Sapphire lv. 1 -->
	</product>
	<product id="1038" category="3">
		<ingredient id="81215" count="210" /> <!-- Aether -->
		<ingredient id="81216" count="105" /> <!-- Black Mithril -->
		<ingredient id="81217" count="105" /> <!-- Oriharukon Ore -->
		<ingredient id="81218" count="105" /> <!-- Dragon Scale -->
		<ingredient id="81219" count="105" /> <!-- Angel's Feather -->
		<production id="38850" chance="60" id2="81215" count2="21" chance2="40" /> <!-- Topaz lv. 1 -->
	</product>
	<product id="1039" category="3">
		<ingredient id="81215" count="210" /> <!-- Aether -->
		<ingredient id="81216" count="105" /> <!-- Black Mithril -->
		<ingredient id="81217" count="105" /> <!-- Oriharukon Ore -->
		<ingredient id="81218" count="105" /> <!-- Dragon Scale -->
		<ingredient id="81219" count="105" /> <!-- Angel's Feather -->
		<production id="38875" chance="60" id2="81215" count2="21" chance2="40" /> <!-- Opal lv. 1 -->
	</product>
	<product id="1040" category="3">
		<ingredient id="81215" count="210" /> <!-- Aether -->
		<ingredient id="81216" count="105" /> <!-- Black Mithril -->
		<ingredient id="81217" count="105" /> <!-- Oriharukon Ore -->
		<ingredient id="81218" count="105" /> <!-- Dragon Scale -->
		<ingredient id="81219" count="105" /> <!-- Angel's Feather -->
		<production id="38870" chance="60" id2="81215" count2="21" chance2="40" /> <!-- Obsidian lv. 1 -->
	</product>
	<product id="1041" category="3">
		<ingredient id="81215" count="210" /> <!-- Aether -->
		<ingredient id="81216" count="105" /> <!-- Black Mithril -->
		<ingredient id="81217" count="105" /> <!-- Oriharukon Ore -->
		<ingredient id="81218" count="105" /> <!-- Dragon Scale -->
		<ingredient id="81219" count="105" /> <!-- Angel's Feather -->
		<production id="38890" chance="60" id2="81215" count2="21" chance2="40" /> <!-- Diamond lv. 1 -->
	</product>
	<product id="1042" category="3">
		<ingredient id="81215" count="210" /> <!-- Aether -->
		<ingredient id="81216" count="105" /> <!-- Black Mithril -->
		<ingredient id="81217" count="105" /> <!-- Oriharukon Ore -->
		<ingredient id="81218" count="105" /> <!-- Dragon Scale -->
		<ingredient id="81219" count="105" /> <!-- Angel's Feather -->
		<production id="38880" chance="60" id2="81215" count2="21" chance2="40" /> <!-- Emerald lv. 1 -->
	</product>
	<product id="1043" category="3">
		<ingredient id="81215" count="210" /> <!-- Aether -->
		<ingredient id="81216" count="105" /> <!-- Black Mithril -->
		<ingredient id="81217" count="105" /> <!-- Oriharukon Ore -->
		<ingredient id="81218" count="105" /> <!-- Dragon Scale -->
		<ingredient id="81219" count="105" /> <!-- Angel's Feather -->
		<production id="38885" chance="60" id2="81215" count2="21" chance2="40" /> <!-- Aquamarine lv. 1 -->
	</product>
	<product id="1044" category="3">
		<ingredient id="81215" count="210" /> <!-- Aether -->
		<ingredient id="81216" count="105" /> <!-- Black Mithril -->
		<ingredient id="81217" count="105" /> <!-- Oriharukon Ore -->
		<ingredient id="81218" count="105" /> <!-- Dragon Scale -->
		<ingredient id="81219" count="105" /> <!-- Angel's Feather -->
		<production id="38895" chance="60" id2="81215" count2="21" chance2="40" /> <!-- Pearl lv. 1 -->
	</product>
	<product id="1045" category="3">
		<ingredient id="81215" count="210" /> <!-- Aether -->
		<ingredient id="81216" count="105" /> <!-- Black Mithril -->
		<ingredient id="81217" count="105" /> <!-- Oriharukon Ore -->
		<ingredient id="81218" count="105" /> <!-- Dragon Scale -->
		<ingredient id="81219" count="105" /> <!-- Angel's Feather -->
		<production id="46670" chance="60" id2="81215" count2="21" chance2="40" /> <!-- Vital Stone lv. 1 -->
	</product>
	<product id="1046" category="3">
		<ingredient id="81215" count="210" /> <!-- Aether -->
		<ingredient id="81216" count="105" /> <!-- Black Mithril -->
		<ingredient id="81217" count="105" /> <!-- Oriharukon Ore -->
		<ingredient id="81218" count="105" /> <!-- Dragon Scale -->
		<ingredient id="81219" count="105" /> <!-- Angel's Feather -->
		<production id="46675" chance="60" id2="81215" count2="21" chance2="40" /> <!-- Garnet lv. 1 -->
	</product>
	<product id="1047" category="3">
		<ingredient id="81215" count="210" /> <!-- Aether -->
		<ingredient id="81216" count="105" /> <!-- Black Mithril -->
		<ingredient id="81217" count="105" /> <!-- Oriharukon Ore -->
		<ingredient id="81218" count="105" /> <!-- Dragon Scale -->
		<ingredient id="81219" count="105" /> <!-- Angel's Feather -->
		<production id="46680" chance="60" id2="81215" count2="21" chance2="40" /> <!-- Tanzanite lv. 1 -->
	</product>
	<product id="1048" category="3">
		<ingredient id="81215" count="210" /> <!-- Aether -->
		<ingredient id="81216" count="105" /> <!-- Black Mithril -->
		<ingredient id="81217" count="105" /> <!-- Oriharukon Ore -->
		<ingredient id="81218" count="105" /> <!-- Dragon Scale -->
		<ingredient id="81219" count="105" /> <!-- Angel's Feather -->
		<production id="48202" chance="60" id2="81215" count2="21" chance2="40" /> <!-- Warrior's Circlet -->
	</product>
	<product id="1049" category="3">
		<ingredient id="81215" count="210" /> <!-- Aether -->
		<ingredient id="81216" count="105" /> <!-- Black Mithril -->
		<ingredient id="81217" count="105" /> <!-- Oriharukon Ore -->
		<ingredient id="81218" count="105" /> <!-- Dragon Scale -->
		<ingredient id="81219" count="105" /> <!-- Angel's Feather -->
		<production id="48205" chance="60" id2="81215" count2="21" chance2="40" /> <!-- Wizard's Circlet -->
	</product>
	<product id="1050" category="3">
		<ingredient id="81215" count="210" /> <!-- Aether -->
		<ingredient id="81216" count="105" /> <!-- Black Mithril -->
		<ingredient id="81217" count="105" /> <!-- Oriharukon Ore -->
		<ingredient id="81218" count="105" /> <!-- Dragon Scale -->
		<ingredient id="81219" count="105" /> <!-- Angel's Feather -->
		<production id="48208" chance="60" id2="81215" count2="21" chance2="40" /> <!-- Knight's Circlet -->
	</product>
	<product id="1051" category="4">
		<ingredient id="1785" count="80" /> <!-- Soulstone -->
		<ingredient id="17371" count="2" /> <!-- R-grade Crystal -->
		<production id="17754" count="500" chance="100" /> <!-- R-grade Soulshot -->
	</product>
	<product id="1052" category="4">
		<ingredient id="1785" count="160" /> <!-- Soulstone -->
		<ingredient id="17371" count="6" /> <!-- R-grade Crystal -->
		<production id="46082" count="500" chance="100" /> <!-- Mysterious R-grade Soulshot -->
	</product>
	<product id="1053" category="4">
		<ingredient id="3031" count="525" /> <!-- Spirit Ore -->
		<ingredient id="17371" count="2" /> <!-- R-grade Crystal -->
		<production id="19442" count="500" chance="100" /> <!-- Blessed R-grade Spiritshot -->
	</product>
	<product id="1054" category="4">
		<ingredient id="3031" count="640" /> <!-- Spirit Ore -->
		<ingredient id="17371" count="6" /> <!-- R-grade Crystal -->
		<production id="46083" count="500" chance="100" /> <!-- Mysterious Blessed R-grade Spiritshot -->
	</product>
	<product id="1055" category="4">
		<ingredient id="81215" count="553" /> <!-- Aether -->
		<ingredient id="81216" count="277" /> <!-- Black Mithril -->
		<ingredient id="81217" count="277" /> <!-- Oriharukon Ore -->
		<ingredient id="81218" count="277" /> <!-- Dragon Scale -->
		<ingredient id="81219" count="277" /> <!-- Angel's Feather -->
		<production id="37770" chance="60" id2="81215" count2="55" chance2="40" /> <!-- Scroll of Blessing: R-grade Weapon -->
	</product>
	<product id="1056" category="4">
		<ingredient id="81215" count="7417" /> <!-- Aether -->
		<ingredient id="81216" count="3708" /> <!-- Black Mithril -->
		<ingredient id="81217" count="3708" /> <!-- Oriharukon Ore -->
		<ingredient id="81218" count="3708" /> <!-- Dragon Scale -->
		<ingredient id="81219" count="3708" /> <!-- Angel's Feather -->
		<production id="37771" chance="60" id2="81215" count2="741" chance2="40" /> <!-- Scroll of Blessing: R95-grade Weapon -->
	</product>
	<product id="1057" category="4">
		<ingredient id="81215" count="10896" /> <!-- Aether -->
		<ingredient id="81216" count="5448" /> <!-- Black Mithril -->
		<ingredient id="81217" count="5448" /> <!-- Oriharukon Ore -->
		<ingredient id="81218" count="5448" /> <!-- Dragon Scale -->
		<ingredient id="81219" count="5448" /> <!-- Angel's Feather -->
		<production id="37772" chance="60" id2="81215" count2="1089" chance2="40" /> <!-- Scroll of Blessing: R99-grade Weapon -->
	</product>
	<product id="1058" category="4">
		<ingredient id="81215" count="144" /> <!-- Aether -->
		<ingredient id="81216" count="72" /> <!-- Black Mithril -->
		<ingredient id="81217" count="72" /> <!-- Oriharukon Ore -->
		<ingredient id="81218" count="72" /> <!-- Dragon Scale -->
		<ingredient id="81219" count="72" /> <!-- Angel's Feather -->
		<production id="37779" chance="60" id2="81215" count2="14" chance2="40" /> <!-- Scroll of Blessing: R-grade Armor -->
	</product>
	<product id="1059" category="4">
		<ingredient id="81215" count="2012" /> <!-- Aether -->
		<ingredient id="81216" count="1006" /> <!-- Black Mithril -->
		<ingredient id="81217" count="1006" /> <!-- Oriharukon Ore -->
		<ingredient id="81218" count="1006" /> <!-- Dragon Scale -->
		<ingredient id="81219" count="1006" /> <!-- Angel's Feather -->
		<production id="37780" chance="60" id2="81215" count2="201" chance2="40" /> <!-- Scroll of Blessing: R95-grade Armor -->
	</product>
	<product id="1060" category="4">
		<ingredient id="81215" count="2956" /> <!-- Aether -->
		<ingredient id="81216" count="1478" /> <!-- Black Mithril -->
		<ingredient id="81217" count="1478" /> <!-- Oriharukon Ore -->
		<ingredient id="81218" count="1478" /> <!-- Dragon Scale -->
		<ingredient id="81219" count="1478" /> <!-- Angel's Feather -->
		<production id="37781" chance="60" id2="81215" count2="295" chance2="40" /> <!-- Scroll of Blessing: R99-grade Armor -->
	</product>
	<product id="1061" category="0">
		<ingredient id="81215" count="11316" /> <!-- Aether -->
		<ingredient id="81216" count="2021" /> <!-- Black Mithril -->
		<ingredient id="19440" count="81" /> <!-- R-grade Gemstone -->
		<ingredient id="17371" count="4850" /> <!-- R-grade Crystal -->
		<production id="80090" chance="60" id2="81215" count2="1131" chance2="40" /> <!-- Krishna Shaper -->
	</product>
	<product id="1062" category="0">
		<ingredient id="81215" count="11316" /> <!-- Aether -->
		<ingredient id="81216" count="2021" /> <!-- Black Mithril -->
		<ingredient id="19440" count="81" /> <!-- R-grade Gemstone -->
		<ingredient id="17371" count="4850" /> <!-- R-grade Crystal -->
		<production id="80091" chance="60" id2="81215" count2="1131" chance2="40" /> <!-- Krishna Cutter -->
	</product>
	<product id="1063" category="0">
		<ingredient id="81215" count="11316" /> <!-- Aether -->
		<ingredient id="81216" count="2021" /> <!-- Black Mithril -->
		<ingredient id="19440" count="81" /> <!-- R-grade Gemstone -->
		<ingredient id="17371" count="4850" /> <!-- R-grade Crystal -->
		<production id="80092" chance="60" id2="81215" count2="1131" chance2="40" /> <!-- Krishna Slasher -->
	</product>
	<product id="1064" category="0">
		<ingredient id="81215" count="11316" /> <!-- Aether -->
		<ingredient id="81216" count="2021" /> <!-- Black Mithril -->
		<ingredient id="19440" count="81" /> <!-- R-grade Gemstone -->
		<ingredient id="17371" count="4850" /> <!-- R-grade Crystal -->
		<production id="80093" chance="60" id2="81215" count2="1131" chance2="40" /> <!-- Krishna Avenger -->
	</product>
	<product id="1065" category="0">
		<ingredient id="81215" count="11316" /> <!-- Aether -->
		<ingredient id="81216" count="2021" /> <!-- Black Mithril -->
		<ingredient id="19440" count="81" /> <!-- R-grade Gemstone -->
		<ingredient id="17371" count="4850" /> <!-- R-grade Crystal -->
		<production id="80094" chance="60" id2="81215" count2="1131" chance2="40" /> <!-- Krishna Fighter -->
	</product>
	<product id="1066" category="0">
		<ingredient id="81215" count="11316" /> <!-- Aether -->
		<ingredient id="81216" count="2021" /> <!-- Black Mithril -->
		<ingredient id="19440" count="81" /> <!-- R-grade Gemstone -->
		<ingredient id="17371" count="4850" /> <!-- R-grade Crystal -->
		<production id="80095" chance="60" id2="81215" count2="1131" chance2="40" /> <!-- Krishna Stormer -->
	</product>
	<product id="1067" category="0">
		<ingredient id="81215" count="11316" /> <!-- Aether -->
		<ingredient id="81216" count="2021" /> <!-- Black Mithril -->
		<ingredient id="19440" count="81" /> <!-- R-grade Gemstone -->
		<ingredient id="17371" count="4850" /> <!-- R-grade Crystal -->
		<production id="80096" chance="60" id2="81215" count2="1131" chance2="40" /> <!-- Krishna Thrower -->
	</product>
	<product id="1068" category="0">
		<ingredient id="81215" count="11316" /> <!-- Aether -->
		<ingredient id="81216" count="2021" /> <!-- Black Mithril -->
		<ingredient id="19440" count="81" /> <!-- R-grade Gemstone -->
		<ingredient id="17371" count="4850" /> <!-- R-grade Crystal -->
		<production id="80097" chance="60" id2="81215" count2="1131" chance2="40" /> <!-- Krishna Guardian -->
	</product>
	<product id="1069" category="0">
		<ingredient id="81215" count="11316" /> <!-- Aether -->
		<ingredient id="81216" count="2021" /> <!-- Black Mithril -->
		<ingredient id="19440" count="81" /> <!-- R-grade Gemstone -->
		<ingredient id="17371" count="4850" /> <!-- R-grade Crystal -->
		<production id="80098" chance="60" id2="81215" count2="1131" chance2="40" /> <!-- Krishna Buster -->
	</product>
	<product id="1070" category="0">
		<ingredient id="81215" count="11316" /> <!-- Aether -->
		<ingredient id="81216" count="2021" /> <!-- Black Mithril -->
		<ingredient id="19440" count="81" /> <!-- R-grade Gemstone -->
		<ingredient id="17371" count="4850" /> <!-- R-grade Crystal -->
		<production id="80099" chance="60" id2="81215" count2="1131" chance2="40" /> <!-- Krishna Caster -->
	</product>
	<product id="1071" category="0">
		<ingredient id="81215" count="11316" /> <!-- Aether -->
		<ingredient id="81216" count="2021" /> <!-- Black Mithril -->
		<ingredient id="19440" count="81" /> <!-- R-grade Gemstone -->
		<ingredient id="17371" count="4850" /> <!-- R-grade Crystal -->
		<production id="80100" chance="60" id2="81215" count2="1131" chance2="40" /> <!-- Krishna Retributer -->
	</product>
	<product id="1072" category="0">
		<ingredient id="81215" count="11316" /> <!-- Aether -->
		<ingredient id="81216" count="2021" /> <!-- Black Mithril -->
		<ingredient id="19440" count="81" /> <!-- R-grade Gemstone -->
		<ingredient id="17371" count="4850" /> <!-- R-grade Crystal -->
		<production id="80101" chance="60" id2="81215" count2="1131" chance2="40" /> <!-- Krishna Dual Swords -->
	</product>
	<product id="1073" category="0">
		<ingredient id="81215" count="11316" /> <!-- Aether -->
		<ingredient id="81216" count="2021" /> <!-- Black Mithril -->
		<ingredient id="19440" count="81" /> <!-- R-grade Gemstone -->
		<ingredient id="17371" count="4850" /> <!-- R-grade Crystal -->
		<production id="80102" chance="60" id2="81215" count2="1131" chance2="40" /> <!-- Krishna Dual Daggers -->
	</product>
	<product id="1074" category="0">
		<ingredient id="81215" count="11316" /> <!-- Aether -->
		<ingredient id="81216" count="2021" /> <!-- Black Mithril -->
		<ingredient id="19440" count="81" /> <!-- R-grade Gemstone -->
		<ingredient id="17371" count="4850" /> <!-- R-grade Crystal -->
		<production id="80103" chance="60" id2="81215" count2="1131" chance2="40" /> <!-- Krishna Dual Blunt Weapons -->
	</product>
	<product id="1075" category="1">
		<ingredient id="81215" count="2217" /> <!-- Aether -->
		<ingredient id="81217" count="396" /> <!-- Oriharukon Ore -->
		<ingredient id="19440" count="16" /> <!-- R-grade Gemstone -->
		<ingredient id="17371" count="950" /> <!-- R-grade Crystal -->
		<production id="80104" chance="60" id2="81215" count2="221" chance2="40" /> <!-- Leviathan Helmet -->
	</product>
	<product id="1076" category="1">
		<ingredient id="81215" count="5912" /> <!-- Aether -->
		<ingredient id="81217" count="1056" /> <!-- Oriharukon Ore -->
		<ingredient id="19440" count="42" /> <!-- R-grade Gemstone -->
		<ingredient id="17371" count="2534" /> <!-- R-grade Crystal -->
		<production id="80105" chance="60" id2="81215" count2="591" chance2="40" /> <!-- Leviathan Breastplate -->
	</product>
	<product id="1077" category="1">
		<ingredient id="81215" count="3695" /> <!-- Aether -->
		<ingredient id="81217" count="660" /> <!-- Oriharukon Ore -->
		<ingredient id="19440" count="26" /> <!-- R-grade Gemstone -->
		<ingredient id="17371" count="1584" /> <!-- R-grade Crystal -->
		<production id="80106" chance="60" id2="81215" count2="369" chance2="40" /> <!-- Leviathan Gaiters -->
	</product>
	<product id="1078" category="1">
		<ingredient id="81215" count="1478" /> <!-- Aether -->
		<ingredient id="81217" count="264" /> <!-- Oriharukon Ore -->
		<ingredient id="19440" count="11" /> <!-- R-grade Gemstone -->
		<ingredient id="17371" count="633" /> <!-- R-grade Crystal -->
		<production id="80107" chance="60" id2="81215" count2="147" chance2="40" /> <!-- Leviathan Gauntlets -->
	</product>
	<product id="1079" category="1">
		<ingredient id="81215" count="1478" /> <!-- Aether -->
		<ingredient id="81217" count="264" /> <!-- Oriharukon Ore -->
		<ingredient id="19440" count="11" /> <!-- R-grade Gemstone -->
		<ingredient id="17371" count="633" /> <!-- R-grade Crystal -->
		<production id="80108" chance="60" id2="81215" count2="147" chance2="40" /> <!-- Leviathan Boots -->
	</product>
	<product id="1080" category="1">
		<ingredient id="81215" count="1478" /> <!-- Aether -->
		<ingredient id="81217" count="264" /> <!-- Oriharukon Ore -->
		<ingredient id="19440" count="11" /> <!-- R-grade Gemstone -->
		<ingredient id="17371" count="633" /> <!-- R-grade Crystal -->
		<production id="80109" chance="60" id2="81215" count2="147" chance2="40" /> <!-- Leviathan Shield -->
	</product>
	<product id="1081" category="1">
		<ingredient id="81215" count="2217" /> <!-- Aether -->
		<ingredient id="81218" count="396" /> <!-- Dragon Scale -->
		<ingredient id="19440" count="16" /> <!-- R-grade Gemstone -->
		<ingredient id="17371" count="950" /> <!-- R-grade Crystal -->
		<production id="80110" chance="60" id2="81215" count2="221" chance2="40" /> <!-- Leviathan Leather Helmet -->
	</product>
	<product id="1082" category="1">
		<ingredient id="81215" count="5912" /> <!-- Aether -->
		<ingredient id="81218" count="1056" /> <!-- Dragon Scale -->
		<ingredient id="19440" count="42" /> <!-- R-grade Gemstone -->
		<ingredient id="17371" count="2534" /> <!-- R-grade Crystal -->
		<production id="80111" chance="60" id2="81215" count2="591" chance2="40" /> <!-- Leviathan Leather Armor -->
	</product>
	<product id="1083" category="1">
		<ingredient id="81215" count="3695" /> <!-- Aether -->
		<ingredient id="81218" count="660" /> <!-- Dragon Scale -->
		<ingredient id="19440" count="26" /> <!-- R-grade Gemstone -->
		<ingredient id="17371" count="1584" /> <!-- R-grade Crystal -->
		<production id="80112" chance="60" id2="81215" count2="369" chance2="40" /> <!-- Leviathan Leather Leggings -->
	</product>
	<product id="1084" category="1">
		<ingredient id="81215" count="1478" /> <!-- Aether -->
		<ingredient id="81218" count="264" /> <!-- Dragon Scale -->
		<ingredient id="19440" count="11" /> <!-- R-grade Gemstone -->
		<ingredient id="17371" count="633" /> <!-- R-grade Crystal -->
		<production id="80113" chance="60" id2="81215" count2="147" chance2="40" /> <!-- Leviathan Leather Gloves -->
	</product>
	<product id="1085" category="1">
		<ingredient id="81215" count="1478" /> <!-- Aether -->
		<ingredient id="81218" count="264" /> <!-- Dragon Scale -->
		<ingredient id="19440" count="11" /> <!-- R-grade Gemstone -->
		<ingredient id="17371" count="633" /> <!-- R-grade Crystal -->
		<production id="80114" chance="60" id2="81215" count2="147" chance2="40" /> <!-- Leviathan Leather Boots -->
	</product>
	<product id="1086" category="1">
		<ingredient id="81215" count="2217" /> <!-- Aether -->
		<ingredient id="81219" count="396" /> <!-- Angel's Feather -->
		<ingredient id="19440" count="16" /> <!-- R-grade Gemstone -->
		<ingredient id="17371" count="950" /> <!-- R-grade Crystal -->
		<production id="80115" chance="60" id2="81215" count2="221" chance2="40" /> <!-- Leviathan Circlet -->
	</product>
	<product id="1087" category="1">
		<ingredient id="81215" count="5912" /> <!-- Aether -->
		<ingredient id="81219" count="1056" /> <!-- Angel's Feather -->
		<ingredient id="19440" count="42" /> <!-- R-grade Gemstone -->
		<ingredient id="17371" count="2534" /> <!-- R-grade Crystal -->
		<production id="80116" chance="60" id2="81215" count2="591" chance2="40" /> <!-- Leviathan Tunic -->
	</product>
	<product id="1088" category="1">
		<ingredient id="81215" count="3695" /> <!-- Aether -->
		<ingredient id="81219" count="660" /> <!-- Angel's Feather -->
		<ingredient id="19440" count="26" /> <!-- R-grade Gemstone -->
		<ingredient id="17371" count="1584" /> <!-- R-grade Crystal -->
		<production id="80117" chance="60" id2="81215" count2="369" chance2="40" /> <!-- Leviathan Stockings -->
	</product>
	<product id="1089" category="1">
		<ingredient id="81215" count="1478" /> <!-- Aether -->
		<ingredient id="81219" count="264" /> <!-- Angel's Feather -->
		<ingredient id="19440" count="11" /> <!-- R-grade Gemstone -->
		<ingredient id="17371" count="633" /> <!-- R-grade Crystal -->
		<production id="80118" chance="60" id2="81215" count2="147" chance2="40" /> <!-- Leviathan Gloves -->
	</product>
	<product id="1090" category="1">
		<ingredient id="81215" count="1478" /> <!-- Aether -->
		<ingredient id="81219" count="264" /> <!-- Angel's Feather -->
		<ingredient id="19440" count="11" /> <!-- R-grade Gemstone -->
		<ingredient id="17371" count="633" /> <!-- R-grade Crystal -->
		<production id="80119" chance="60" id2="81215" count2="147" chance2="40" /> <!-- Leviathan Shoes -->
	</product>
	<product id="1091" category="1">
		<ingredient id="81215" count="1478" /> <!-- Aether -->
		<ingredient id="81219" count="264" /> <!-- Angel's Feather -->
		<ingredient id="19440" count="11" /> <!-- R-grade Gemstone -->
		<ingredient id="17371" count="633" /> <!-- R-grade Crystal -->
		<production id="80120" chance="60" id2="81215" count2="147" chance2="40" /> <!-- Leviathan Sigil -->
	</product>
	<product id="1092" category="4">
		<ingredient id="81217" count="16" /> <!-- Oriharukon Ore -->
		<ingredient id="81218" count="16" /> <!-- Dragon Scale -->
		<ingredient id="81219" count="16" /> <!-- Angel's Feather -->
		<ingredient id="35562" count="3" /> <!-- Destructive Energy -->
		<ingredient id="35563" count="3" /> <!-- Giant's Energy -->
		<production id="81728" chance="60" id2="81215" count2="1" chance2="40" /> <!-- Armor Augmenting Stone -->
	</product>
	<product id="1093" category="4">
		<ingredient id="81215" count="1000" /> <!-- Aether -->
		<ingredient id="81217" count="16" /> <!-- Oriharukon Ore -->
		<ingredient id="81218" count="16" /> <!-- Dragon Scale -->
		<ingredient id="81219" count="16" /> <!-- Angel's Feather -->
		<ingredient id="19440" count="166" /> <!-- R-grade Gemstone -->
		<production id="40064" chance="60" id2="81215" count2="100" chance2="40" /> <!-- Ancient Book: Divine Inspiration (Beginner) -->
	</product>
	<product id="1094" category="4">
		<ingredient id="81215" count="3000" /> <!-- Aether -->
		<ingredient id="81217" count="3360" /> <!-- Oriharukon Ore -->
		<ingredient id="81218" count="3360" /> <!-- Dragon Scale -->
		<ingredient id="81219" count="3360" /> <!-- Angel's Feather -->
		<ingredient id="19440" count="416" /> <!-- R-grade Gemstone -->
		<production id="40065" chance="60" id2="81215" count2="300" chance2="40" /> <!-- Ancient Book: Divine Inspiration (Intermediate) -->
	</product>
	<product id="1095" category="3">
		<ingredient id="48677" count="2" /> <!-- High-grade Skill Power Talisman Pack -->
		<ingredient id="48678" count="2" /> <!-- High-grade Talisman of Attribute Attack Pack -->
		<ingredient id="48679" count="2" /> <!-- High-grade Skill Cooldown Talisman Pack -->
		<ingredient id="19440" count="1000" /> <!-- R-grade Gemstone -->
		<production id="81822" chance="50" id2="81215" count2="300" chance2="50" /> <!-- Cara's Talisman Pack -->
	</product>
	<product id="1127" category="3">
		<ingredient id="80636" count="4" /> <!-- Artifact Crystal -->
		<ingredient id="57" count="1000000" /> <!-- Adena -->
		<production id="81745" chance="100" /> <!-- +1 Balance Artifact Pack (Event) -->
	</product>
	<product id="1128" category="3">
		<ingredient id="80636" count="13" /> <!-- Artifact Crystal -->
		<ingredient id="57" count="5000000" /> <!-- Adena -->
		<production id="81746" chance="100" /> <!-- +3 Balance Artifact Pack (Event) -->
	</product>
	<product id="1129" category="3">
		<ingredient id="80636" count="4" /> <!-- Artifact Crystal -->
		<ingredient id="57" count="1000000" /> <!-- Adena -->
		<production id="82158" chance="100" /> <!-- +1 Attack Artifact Pack (Event) -->
	</product>
	<product id="1130" category="3">
		<ingredient id="80636" count="13" /> <!-- Artifact Crystal -->
		<ingredient id="57" count="5000000" /> <!-- Adena -->
		<production id="82159" chance="100" /> <!-- +3 Attack Artifact Pack (Event) -->
	</product>
	<product id="1131" category="3">
		<ingredient id="80636" count="4" /> <!-- Artifact Crystal -->
		<ingredient id="57" count="1000000" /> <!-- Adena -->
		<production id="82160" chance="100" /> <!-- +1 Defense Artifact Pack (Event) -->
	</product>
	<product id="1132" category="3">
		<ingredient id="80636" count="13" /> <!-- Artifact Crystal -->
		<ingredient id="57" count="5000000" /> <!-- Adena -->
		<production id="82161" chance="100" /> <!-- +3 Defense Artifact Pack (Event) -->
	</product>
	<product id="1133" category="3">
		<ingredient id="80636" count="4" /> <!-- Artifact Crystal -->
		<ingredient id="57" count="1000000" /> <!-- Adena -->
		<production id="82162" chance="100" /> <!-- +1 Support Artifact Pack (Event) -->
	</product>
	<product id="1134" category="3">
		<ingredient id="80636" count="13" /> <!-- Artifact Crystal -->
		<ingredient id="57" count="5000000" /> <!-- Adena -->
		<production id="82163" chance="100" /> <!-- +3 Support Artifact Pack (Event) -->
	</product>
	<product id="1181" category="4">
		<ingredient id="48876" count="5" /> <!-- Forgotten Spellbook - Chapter 1 -->
		<ingredient id="57" count="1790000" /> <!-- Adena -->
		<production id="48877" chance="100" /> <!-- Forgotten Spellbook - Chapter 2 -->
	</product>
	<product id="1182" category="4">
		<ingredient id="48876" count="12" /> <!-- Forgotten Spellbook - Chapter 1 -->
		<ingredient id="57" count="1790000" /> <!-- Adena -->
		<production id="48878" chance="100" /> <!-- Forgotten Spellbook - Chapter 3 -->
	</product>
	<product id="1183" category="4">
		<ingredient id="48876" count="32" /> <!-- Forgotten Spellbook - Chapter 1 -->
		<ingredient id="57" count="114560000" /> <!-- Adena -->
		<production id="82169" chance="10" id2="48876" count2="3" chance2="90" /> <!-- Forgotten Spellbook - Finale -->
	</product>
	<product id="1184" category="3">
		<ingredient id="26418" count="1" /> <!-- Recipe: High-grade Talisman of Abundance Lv. 1 -->
		<ingredient id="60091" count="1" /> <!-- Abundance Mark -->
		<production id="26338" chance="25" id2="81215" count2="1" chance2="75" /> <!-- High-grade Talisman of Abundance Lv. 1 -->
	</product>
	<product id="1185" category="3">
		<ingredient id="26419" count="1" /> <!-- Recipe: High-grade Talisman of Abundance Lv. 2 -->
		<ingredient id="26338" count="1" /> <!-- High-grade Talisman of Abundance Lv. 1 -->
		<ingredient id="60091" count="1" /> <!-- Abundance Mark -->
		<production id="26339" chance="25" id2="81215" count2="1" chance2="75" /> <!-- High-grade Talisman of Abundance Lv. 2 -->
	</product>
	<product id="1186" category="3">
		<ingredient id="26419" count="1" /> <!-- Recipe: High-grade Talisman of Abundance Lv. 3 -->
		<ingredient id="26339" count="1" /> <!-- High-grade Talisman of Abundance Lv. 2 -->
		<ingredient id="60091" count="1" /> <!-- Abundance Mark -->
		<production id="26340" chance="25" id2="81215" count2="1" chance2="75" /> <!-- High-grade Talisman of Abundance Lv. 3 -->
	</product>
	<product id="1187" category="3">
		<ingredient id="26419" count="1" /> <!-- Recipe: High-grade Talisman of Abundance Lv. 4 -->
		<ingredient id="26340" count="1" /> <!-- High-grade Talisman of Abundance Lv. 3 -->
		<ingredient id="60091" count="1" /> <!-- Abundance Mark -->
		<production id="26341" chance="25" id2="81215" count2="1" chance2="75" /> <!-- High-grade Talisman of Abundance Lv. 4 -->
	</product>
	<product id="1188" category="3">
		<ingredient id="23837" count="1" /> <!-- Talisman - Hunter -->
		<ingredient id="23838" count="1" /> <!-- Talisman - Slaughterer -->
		<ingredient id="23839" count="1" /> <!-- Talisman - Conquerer -->
		<ingredient id="23840" count="1" /> <!-- Talisman - Outlaw -->
		<production id="60091" chance="100" /> <!-- Abundance Mark -->
	</product>
	<product id="1189" category="3">
		<ingredient id="57" count="500000000" /> <!-- Adena -->
		<production id="29750" chance="100" /> <!-- Heir's Radiance Lv. 1 - PvE -->
	</product>
	<product id="1190" category="3">
		<ingredient id="29750" count="1" /> <!-- Heir's Radiance Lv. 1 - PvE -->
		<ingredient id="29759" count="60" /> <!-- Heir's Radiance Shard -->
		<production id="29751" chance="30" id2="29750" count2="1" chance2="70" /> <!-- Heir's Radiance Lv. 2 - PvE -->
	</product>
	<product id="1191" category="3">
		<ingredient id="29751" count="1" /> <!-- Heir's Radiance Lv. 2 - PvE -->
		<ingredient id="29759" count="800" /> <!-- Heir's Radiance Shard -->
		<ingredient id="57" count="800000000" /> <!-- Adena -->
		<production id="29752" chance="30" id2="29751" count2="1" chance2="70" /> <!-- Heir's Radiance Lv. 3 - PvE -->
	</product>
	<product id="1192" category="3">
		<ingredient id="29752" count="1" /> <!-- Heir's Radiance Lv. 3 - PvE -->
		<ingredient id="29759" count="1600" /> <!-- Heir's Radiance Shard -->
		<ingredient id="57" count="800000000" /> <!-- Adena -->
		<production id="29753" chance="30" id2="29752" count2="1" chance2="70" /> <!-- Heir's Radiance Lv. 4- PvE -->
	</product>
	<product id="1193" category="3">
		<ingredient id="29753" count="1" /> <!-- Heir's Radiance Lv. 4 - PvE -->
		<ingredient id="29759" count="2400" /> <!-- Heir's Radiance Shard -->
		<ingredient id="57" count="1600000000" /> <!-- Adena -->
		<production id="29899" chance="30" id2="29753" count2="1" chance2="70" /> <!-- Heir's Radiance Lv. 5- PvE -->
	</product>
	<product id="1194" category="3">
		<ingredient id="29899" count="1" /> <!-- Heir's Radiance Lv. 5 - PvE -->
		<ingredient id="29759" count="2500" /> <!-- Heir's Radiance Shard -->
		<ingredient id="57" count="1600000000" /> <!-- Adena -->
		<production id="29900" chance="30" id2="29899" count2="1" chance2="70" /> <!-- Heir's Radiance Lv. 6- PvE -->
	</product>
	<product id="1195" category="3">
		<ingredient id="29900" count="1" /> <!-- Heir's Radiance Lv. 6 - PvE -->
		<ingredient id="29759" count="3150" /> <!-- Heir's Radiance Shard -->
		<ingredient id="57" count="2400000000" /> <!-- Adena -->
		<production id="29901" chance="30" id2="29900" count2="1" chance2="70" /> <!-- Heir's Radiance Lv. 7- PvE -->
	</product>
	<product id="1196" category="3">
		<ingredient id="57" count="500000000" /> <!-- Adena -->
		<production id="29754" chance="100" /> <!-- Heir's Radiance Lv. 1 - PvP -->
	</product>
	<product id="1197" category="3">
		<ingredient id="29754" count="1" /> <!-- Heir's Radiance Lv. 1 - PvP -->
		<ingredient id="29759" count="60" /> <!-- Heir's Radiance Shard -->
		<production id="29755" chance="30" id2="29754" count2="1" chance2="70" /> <!-- Heir's Radiance Lv. 2 - PvP -->
	</product>
	<product id="1198" category="3">
		<ingredient id="29755" count="1" /> <!-- Heir's Radiance Lv. 2 - PvP -->
		<ingredient id="29759" count="800" /> <!-- Heir's Radiance Shard -->
		<ingredient id="57" count="800000000" /> <!-- Adena -->
		<production id="29756" chance="30" id2="29755" count2="1" chance2="70" /> <!-- Heir's Radiance Lv. 3 - PvP -->
	</product>
	<product id="1199" category="3">
		<ingredient id="29756" count="1" /> <!-- Heir's Radiance Lv. 3 - PvP -->
		<ingredient id="29759" count="1600" /> <!-- Heir's Radiance Shard -->
		<ingredient id="57" count="800000000" /> <!-- Adena -->
		<production id="29757" chance="30" id2="29756" count2="1" chance2="70" /> <!-- Heir's Radiance Lv. 4- PvP -->
	</product>
	<product id="1200" category="3">
		<ingredient id="29757" count="1" /> <!-- Heir's Radiance Lv. 4 - PvP -->
		<ingredient id="29759" count="2400" /> <!-- Heir's Radiance Shard -->
		<ingredient id="57" count="1600000000" /> <!-- Adena -->
		<production id="29902" chance="30" id2="29757" count2="1" chance2="70" /> <!-- Heir's Radiance Lv. 5- PvP -->
	</product>
	<product id="1201" category="3">
		<ingredient id="29902" count="1" /> <!-- Heir's Radiance Lv. 5 - PvP -->
		<ingredient id="29759" count="2500" /> <!-- Heir's Radiance Shard -->
		<ingredient id="57" count="1600000000" /> <!-- Adena -->
		<production id="29903" chance="30" id2="29902" count2="1" chance2="70" /> <!-- Heir's Radiance Lv. 6- PvP -->
	</product>
	<product id="1202" category="3">
		<ingredient id="29903" count="1" /> <!-- Heir's Radiance Lv. 6 - PvP -->
		<ingredient id="29759" count="3150" /> <!-- Heir's Radiance Shard -->
		<ingredient id="57" count="2400000000" /> <!-- Adena -->
		<production id="29904" chance="30" id2="29903" count2="1" chance2="70" /> <!-- Heir's Radiance Lv. 7- PvP -->
	</product>
	<product id="1203" category="3">
		<ingredient id="29901" count="1" /> <!-- Heir's Radiance Lv. 7 - PvE -->
		<ingredient id="29759" count="4000" /> <!-- Heir's Radiance Shard -->
		<ingredient id="57" count="3200000000" /> <!-- Adena -->
		<production id="60096" chance="7" id2="29901" count2="1" chance2="93" /> <!-- Heir's Radiance Lv. 8 - PvP/ PvE -->
	</product>
	<product id="1204" category="3">
		<ingredient id="29904" count="1" /> <!-- Heir's Radiance Lv. 7 - PvP -->
		<ingredient id="29759" count="4000" /> <!-- Heir's Radiance Shard -->
		<ingredient id="57" count="3200000000" /> <!-- Adena -->
		<production id="60096" chance="7" id2="29904" count2="1" chance2="93" /> <!-- Heir's Radiance Lv. 8 - PvP/ PvE -->
	</product>
	<product id="1205" category="3">
		<ingredient id="60096" count="1" /> <!-- Heir's Radiance Lv. 8 - PvP -->
		<ingredient id="29759" count="6000" /> <!-- Heir's Radiance Shard -->
		<ingredient id="57" count="3600000000" /> <!-- Adena -->
		<production id="60097" chance="3" id2="60096" count2="1" chance2="97" /> <!-- Heir's Radiance Lv. 9 - PvP/ PvE -->
	</product>
	<product id="1206" category="3">
		<ingredient id="60097" count="1" /> <!-- Heir's Radiance Lv. 9 - PvP -->
		<ingredient id="29759" count="8000" /> <!-- Heir's Radiance Shard -->
		<ingredient id="57" count="4000000000" /> <!-- Adena -->
		<production id="60098" chance="2" id2="60097" count2="1" chance2="98" /> <!-- Heir's Radiance Lv. 10 - PvP/ PvE -->
	</product>
	<product id="1296" category="3">
		<ingredient id="82265" count="100" /> <!-- Tersi's Soul Crystal Lv. 1 Armor -->
		<ingredient id="57" count="1000000" /> <!-- Adena -->
		<production id="82270" chance="100" count="2" /> <!-- Tersi's Soul Crystal Lv. 6 -->
	</product>
	<product id="1297" category="4">
		<ingredient id="81835" count="6" /> <!-- High Priest's Holy Water -->
		<production id="82305" chance="100" count="2" accountDailyLimit="50" /> <!-- Beora's Ancient Energy -->
	</product>
	<product id="1341" category="4">
		<ingredient id="81217" count="264" /> <!-- Oriharukon Ore -->
		<ingredient id="81218" count="264" /> <!-- Dragon Scale -->
		<ingredient id="81219" count="264" /> <!-- Angel's Feather -->
		<ingredient id="81215" count="120" /> <!-- Destructive Energy -->
		<ingredient id="35563" count="264" /> <!-- Giant's Energy -->
		<production id="82344" chance="100" count="1" /> <!-- Tales of Dimensions -->
	</product>
</list>