<?xml version="1.0" encoding="UTF-8"?>
<list enabled="true" xmlns:xsi="http://www.w3.org/2001/XMLSchema-instance" xsi:noNamespaceSchemaLocation="xsd/LimitShop.xsd">
	<!-- Cat 0 Equipment -->
	<product id="173" category="0" maxLevel="999">
		<ingredient id="57" count="50000000" /> <!-- Adena -->
		<production id="48491" /> <!-- Dragon Skin Shirt -->
	</product>
	<product id="118" category="0" maxLevel="999">
		<ingredient id="48472" count="800" /> <!-- Einhasad's Golden Coin -->
		<production id="28585" /> <!-- Elmoreden Cloak -->
	</product>
	<product id="117" category="0" maxLevel="999">
		<ingredient id="48472" count="800" /> <!-- Einhasad's Golden Coin -->
		<production id="28586" /> <!-- Aden Cloak -->
	</product>
	<product id="116" category="0" maxLevel="999">
		<ingredient id="48472" count="800" /> <!-- Einhasad's Golden Coin -->
		<production id="28587" /> <!-- Elmore Cloak -->
	</product>
	<product id="115" category="0" maxLevel="999">
		<ingredient id="48472" count="800" /> <!-- Einhasad's Golden Coin -->
		<production id="28588" /> <!-- Ferios Cloak -->
	</product>
	<product id="4" category="0" maxLevel="999">
		<ingredient id="48472" count="180" /> <!-- Einhasad's Golden Coin -->
		<production id="80964" /> <!-- Energy of Protection -->
	</product>
	<product id="5" category="0" maxLevel="999">
		<ingredient id="48472" count="315" /> <!-- Einhasad's Golden Coin -->
		<production id="80636" /> <!-- Artifact Crystal -->
	</product>
	<product id="6" category="0" maxLevel="999">
		<ingredient id="48472" count="80" /> <!-- Einhasad's Golden Coin -->
		<production id="81134" /> <!-- Crystal of Dyes -->
	</product>
	<product id="7" category="0" maxLevel="999">
		<ingredient id="48472" count="110" /> <!-- Einhasad's Golden Coin -->
		<production id="47817" /> <!-- Sayha's Talisman Pack -->
	</product>
	<product id="24" category="0" maxLevel="999">
		<ingredient id="48472" count="30" /> <!-- Einhasad's Golden Coin -->
		<production id="28470" /> <!-- Ultimate Jewelry Box -->
	</product>
	<product id="141" category="0" minLevel="1" maxLevel="999">
		<ingredient id="-100" count="2160" /> <!-- PC Cafe Coint -->
		<production id="80749" /> <!-- PA Artifact - P. Atk. (Balance) -->
	</product>
	<product id="140" category="0" minLevel="1" maxLevel="999">
		<ingredient id="-100" count="2160" />  <!-- PC Cafe Coint -->
		<production id="80750" /> <!-- PA Artifact - M. Atk. (Balance) -->
	</product>
	<product id="139" category="0" minLevel="1" maxLevel="999">
		<ingredient id="-100" count="2160" /> <!-- PC Cafe Coint -->
		<production id="80751" /> <!-- PA Artifact - P. Def. (Balance) -->
	</product>
	<product id="138" category="0" minLevel="1" maxLevel="999">
		<ingredient id="-100" count="2160" />  <!-- PC Cafe Coint -->
		<production id="80752" /> <!-- PA Artifact - M. Def. (Balance) -->
	</product>
	
	<!-- Cat 1 Enhancement -->
	<product id="8" category="1" maxLevel="999">
		<ingredient id="48472" count="600" /> <!-- Einhasad's Golden Coin -->
		<production id="80839" /> <!-- Crystal of Dawn -->
	</product>
	<product id="9" category="1" maxLevel="999">
		<ingredient id="48472" count="8" /> <!-- Einhasad's Golden Coin -->
		<production id="47951" /> <!-- Crystal of Determination	-->
	</product>
	<product id="10" category="1" maxLevel="999">
		<ingredient id="48472" count="14" /> <!-- Einhasad's Golden Coin -->
		<production id="47952" /> <!-- Crystal of Protection -->
	</product>
	<product id="11" category="1" maxLevel="999">
		<ingredient id="48472" count="15" /> <!-- Einhasad's Golden Coin -->
		<production id="30297" /> <!-- Superior Giant's Codex -->
	</product>
	<product id="12" category="1" maxLevel="999">
		<ingredient id="48472" count="60" /> <!-- Einhasad's Golden Coin -->
		<production id="30298" /> <!-- Superior Giant's Codex - Mastery -->
	</product>
	<product id="13" category="1" maxLevel="999">
		<ingredient id="48472" count="200" /> <!-- Einhasad's Golden Coin -->
		<production id="46150" /> <!-- Superior Giant's Codex - Chapter 1 -->
	</product>
	<product id="14" category="1" maxLevel="999">
		<ingredient id="48472" count="430" /> <!-- Einhasad's Golden Coin -->
		<production id="46151" /> <!-- Superior Giant's Codex - Mastery Chapter 1 -->
	</product>
	<product id="15" category="1" maxLevel="999">
		<ingredient id="48472" count="215" /> <!-- Einhasad's Golden Coin -->
		<production id="48876" /> <!-- Forgotten Spellbook - Chapter 1 -->
	</product>

	<!-- Cat 2 Scrolls -->
	<product id="114" category="2" maxLevel="999">
		<ingredient id="48472" count="400" /> <!-- Einhasad's Golden Coin -->
		<production id="28593" accountDailyLimit="2" /> <!-- Scroll: Enchant Cloak -->
	</product>
	<product id="16" category="2" maxLevel="999">
		<ingredient id="48472" count="160" /> <!-- Einhasad's Golden Coin -->
		<production id="81898" /> <!-- Scroll: Enchant Blessed Exalted Armor -->
	</product>
	<product id="17" category="2" maxLevel="999">
		<ingredient id="48472" count="480" /> <!-- Einhasad's Golden Coin -->
		<production id="82074" /> <!-- Blessed Scroll: Enchant Exalted Weapon -->
	</product>

	<!-- Cat 3 Supplies -->
	<product id="113" category="3" maxLevel="999">
		<ingredient id="48472" count="200" /> <!-- Einhasad's Golden Coin -->
		<production id="81358" /> <!-- Abandoned Coal Mines' Time Stone	-->
	</product>
	<product id="112" category="3" maxLevel="999">
		<ingredient id="48472" count="200" /> <!-- Einhasad's Golden Coin -->
		<production id="80998" /> <!-- Pantheon's Museum's Time Stone -->
	</product>
	<product id="111" category="3" maxLevel="999">
		<ingredient id="48472" count="200" /> <!-- Einhasad's Golden Coin -->
		<production id="80996" /> <!-- Fioren's Crystal Prison's Time Stone -->
	</product>
	<product id="110" category="3" maxLevel="999">
		<ingredient id="48472" count="200" /> <!-- Einhasad's Golden Coin -->
		<production id="80997" /> <!-- Jamoa's Camp's Time Stone -->
	</product>
	<product id="22" category="3" maxLevel="999">
		<ingredient id="48472" count="425" /> <!-- Einhasad's Golden Coin -->
		<production id="82141" /> <!-- Emperor's Special Cocktail 5-unit Pack -->
	</product>
	<product id="23" category="3" maxLevel="999">
		<ingredient id="48472" count="40" /> <!-- Einhasad's Golden Coin -->
		<production id="82142" /> <!-- Honey Dark Beer 2-unit Pack -->
	</product>
	<product id="25" category="3" maxLevel="999">
		<ingredient id="48472" count="300" /> <!-- Einhasad's Golden Coin -->
		<production id="48642" /> <!-- Shining Nevit's Gold Hourglass -->
	</product>
	<product id="26" category="3" maxLevel="999">
		<ingredient id="48472" count="20" /> <!-- Einhasad's Golden Coin -->
		<production id="82143" /> <!-- Glowing Dragon's Attribute Potion (XP) 2-unit Pack -->
	</product>
	<product id="27" category="3" maxLevel="999">
		<ingredient id="48472" count="60" /> <!-- Einhasad's Golden Coin -->
		<production id="82144" /> <!-- Freya's Ice Rose 2-unit Pack	-->
	</product>
	<product id="28" category="3" maxLevel="999">
		<ingredient id="48472" count="80" /> <!-- Einhasad's Golden Coin -->
		<production id="10649" /> <!-- Feather of Blessing -->
	</product>
	<product id="29" category="3" maxLevel="999">
		<ingredient id="48472" count="40" /> <!-- Einhasad's Golden Coin -->
		<production id="13015" accountBuyLimit="6" /> <!-- My Teleport Book Lv. 1 -->
	</product>
	<product id="91" category="3" maxLevel="999">
		<ingredient id="48472" count="80" /> <!-- Einhasad's Golden Coin -->
		<production id="80999" accountBuyLimit="6" /> <!-- My Teleport Book Lv. 2 -->
	</product>
	<product id="31" category="3" maxLevel="999">
		<ingredient id="48472" count="10" /> <!-- Einhasad's Golden Coin -->
		<production id="13016" /> <!-- My Teleport Scroll -->
	</product>
	<product id="106" category="3" maxLevel="999">
		<ingredient id="48472" count="40" /> <!-- Einhasad's Golden Coin -->
		<production id="47428" /> <!-- Freya's Scroll of Storm -->
	</product>
	<product id="149" category="3" minLevel="1" maxLevel="999">
		<ingredient id="-100" count="1" /> <!-- PC Cafe Coint -->
		<production id="81053" accountDailyLimit="30" /> <!-- Vitality -->
	</product>
	<product id="148" category="3" minLevel="1" maxLevel="999">
		<ingredient id="-100" count="800" /> <!-- PC Cafe Coint -->
		<production id="80745" accountDailyLimit="18" /> <!-- PA Ice Rose -->
	</product>
	<product id="147" category="3" minLevel="1" maxLevel="999">
		<ingredient id="-100" count="650" /> <!-- PC Cafe Coint -->
		<production id="80746" accountDailyLimit="28" /> <!-- PA Scroll of Storm -->
	</product>
	<product id="146" category="3" minLevel="1" maxLevel="999">
		<ingredient id="-100" count="1200" /> <!-- PC Cafe Coint -->
		<production id="80852" accountDailyLimit="9" /> <!-- PA Shining Nevit's Gold Hourglass -->
	</product>
	<product id="145" category="3" minLevel="1" maxLevel="999">
		<ingredient id="-100" count="850" /> <!-- PC Cafe Coint -->
		<production id="80820" accountDailyLimit="9" /> <!-- PA Emperor's Special Cocktail -->
	</product>
	<product id="144" category="3" minLevel="1" maxLevel="999">
		<ingredient id="-100" count="400" /> <!-- PC Cafe Coint -->
		<production id="80748" accountDailyLimit="18" /> <!-- PA Glowing Dragon's Attribute Potion XP -->
	</product>
	<product id="143" category="3" minLevel="1" maxLevel="999">
		<ingredient id="-100" count="400" /> <!-- PC Cafe Coint -->
		<production id="80747" accountDailyLimit="18" /> <!-- PA Honey Dark Beer -->
	</product>
	<product id="142" category="3" minLevel="1" maxLevel="999">
		<ingredient id="-100" count="3000" /> <!-- PC Cafe Coint -->
		<production id="13300" accountDailyLimit="1" /> <!-- Feather of Blessing - Event -->
	</product>
	
	<!-- Cat 4 Others -->
	<product id="120" category="4" maxLevel="999">
		<ingredient id="48472" count="4000" /> <!-- Einhasad's Golden Coin -->
		<production id="60016" /> <!-- Spellbook: Create Mysterious Spiritshots -->
	</product>
	<product id="119" category="4" maxLevel="999">
		<ingredient id="48472" count="4000" /> <!-- Einhasad's Golden Coin -->
		<production id="60015" /> <!-- Spellbook: Create Mysterious Soulshots -->
	</product>
	<product id="33" category="4" maxLevel="999">
		<ingredient id="48472" count="150" /> <!-- Einhasad's Golden Coin -->
		<production id="81815" accountDailyLimit="3" /> <!-- Homunculus' Hourglass -->
	</product>
	<product id="34" category="4" maxLevel="999">
		<ingredient id="48472" count="8000" /> <!-- Einhasad's Golden Coin -->
		<production id="47916" /> <!-- Nevit's Cloak of Light Pack -->
	</product>
	<product id="35" category="4" maxLevel="999">
		<ingredient id="48472" count="4000" /> <!-- Einhasad's Golden Coin -->
		<production id="81979" /> <!-- Conquest Name Change Coupon -->
	</product>
	<product id="36" category="4" maxLevel="999">
		<ingredient id="48472" count="120" /> <!-- Einhasad's Golden Coin -->
		<production id="36308" /> <!-- Beauty Shop Ticket -->
	</product>
	
	<product id="137" category="4" minLevel="1" maxLevel="999">
		<ingredient id="-100" count="500" /> <!-- PC Cafe Coint -->
		<production id="48431" /> <!-- PA Talisman - STR/P. Atk. 4-hour -->
	</product>
	<product id="136" category="4" minLevel="1" maxLevel="999">
		<ingredient id="-100" count="500" /> <!-- PC Cafe Coint -->
		<production id="48432" /> <!-- PA Talisman - INT/M. Atk. 4-hour -->
	</product>
	<product id="135" category="4" minLevel="1" maxLevel="999">
		<ingredient id="-100" count="500" /> <!-- PC Cafe Coint -->
		<production id="48433" /> <!-- PA Talisman - DEX/Atk. Spd. 4-hour -->
	</product>
	<product id="134" category="4" minLevel="1" maxLevel="999">
		<ingredient id="-100" count="500" /> <!-- PC Cafe Coint -->
		<production id="48434" /> <!-- PA Talisman - WIT/Casting Spd. 4-hour -->
	</product>
	<product id="133" category="4" minLevel="1" maxLevel="999">
		<ingredient id="-100" count="500" /> <!-- PC Cafe Coint -->
		<production id="48435" /> <!-- PA Talisman - CON/HP 4-hour -->
	</product>
	<product id="132" category="4" minLevel="1" maxLevel="999">
		<ingredient id="-100" count="500" /> <!-- PC Cafe Coint -->
		<production id="48436" /> <!-- PA Talisman - MEN/MP 4-hour -->
	</product>
	<product id="131" category="4" minLevel="1" maxLevel="999">
		<ingredient id="-100" count="500" /> <!-- PC Cafe Coint -->
		<production id="48437" /> <!-- PA Talisman - Attribute Attack 4-hour -->
	</product>
	<product id="130" category="4" minLevel="1" maxLevel="999">
		<ingredient id="-100" count="500" /> <!-- PC Cafe Coint -->
		<production id="48438" /> <!-- PA Talisman - Attribute Resistance 4-hour -->
	</product>
	<product id="129" category="4" minLevel="1" maxLevel="999">
		<ingredient id="-100" count="30" /> <!-- PC Cafe Coint -->
		<production id="6406" /> <!-- Firecracker -->
	</product>
	<product id="128" category="4" minLevel="1" maxLevel="999">
		<ingredient id="-100" count="60" /> <!-- PC Cafe Coint -->
		<production id="6407" /> <!-- Large Firecracker -->
	</product>
	<product id="127" category="4" minLevel="1" maxLevel="999">
		<ingredient id="-100" count="1800" /> <!-- PC Cafe Coint -->
		<production id="81815" accountDailyLimit="1" /> <!-- Homunculus' Hourglass -->
	</product>
</list>