<?xml version="1.0" encoding="UTF-8"?>
<list enabled="true" xmlns:xsi="http://www.w3.org/2001/XMLSchema-instance" xsi:noNamespaceSchemaLocation="xsd/PrimeShop.xsd">
	<!-- cat = 1 - Exping, 2 - Supplies, 3 - Cosmetic, 4 - Specials, 5 - Other -->
	<!-- panelType = 0 - None, 1 - Event, 2 - Sale, 3 - New, 4 - Best -->
	<!-- recommended = 1 - Top, 2 - Left, 4 - Right -->
	<!-- paymentType = 0 - Euro, 1 - Adena, 2 - Hero Coin -->
	<!-- on EU 1 NC coin/Prime point shows as 0.01 euros -->
	<!-- startSale = unixTime -->
	<!-- endSale = unixTime -->
	<item id="1090989" cat="1" paymentType="0" price="150" panelType="3" recommended="0" startSale="315558000" endSale="2127452400" dayOfWeek="127" startHour="0" startMinute="0" stopHour="23" stopMinute="59" stock="-1" maxStock="-1" salePercent="0" minLevel="0" maxLevel="0" minBirthday="0" maxBirthday="0" accountDailyLimit="0" accountBuyLimit="0">
		<item itemId="37562" count="1" /> <!-- Emperor's Vitality Tonic (Large) -->
	</item>
	<item id="1090988" cat="1" paymentType="0" price="100" panelType="3" recommended="0" startSale="315558000" endSale="2127452400" dayOfWeek="127" startHour="0" startMinute="0" stopHour="23" stopMinute="59" stock="-1" maxStock="-1" salePercent="0" minLevel="0" maxLevel="0" minBirthday="0" maxBirthday="0" accountDailyLimit="0" accountBuyLimit="0">
		<item itemId="37561" count="1" /> <!-- Emperor's Vitality Tonic (Medium) -->
	</item>
	<item id="1090987" cat="1" paymentType="0" price="50" panelType="0" recommended="0" startSale="315558000" endSale="2127452400" dayOfWeek="127" startHour="0" startMinute="0" stopHour="23" stopMinute="59" stock="-1" maxStock="-1" salePercent="0" minLevel="0" maxLevel="0" minBirthday="0" maxBirthday="0" accountDailyLimit="0" accountBuyLimit="0">
		<item itemId="37560" count="1" /> <!-- Emperor's Vitality Tonic -->
	</item>
	<item id="1090990" cat="1" paymentType="0" price="45" panelType="0" recommended="0" startSale="315558000" endSale="2127452400" dayOfWeek="127" startHour="0" startMinute="0" stopHour="23" stopMinute="59" stock="-1" maxStock="-1" salePercent="0" minLevel="0" maxLevel="0" minBirthday="0" maxBirthday="0" accountDailyLimit="0" accountBuyLimit="0">
		<item itemId="23730" count="1" /> <!-- Erupting Vitality Conservation Potion -->
	</item>
	<item id="1090991" cat="1" paymentType="0" price="165" panelType="0" recommended="0" startSale="315558000" endSale="2127452400" dayOfWeek="127" startHour="0" startMinute="0" stopHour="23" stopMinute="59" stock="-1" maxStock="-1" salePercent="0" minLevel="0" maxLevel="0" minBirthday="0" maxBirthday="0" accountDailyLimit="0" accountBuyLimit="0">
		<item itemId="23728" count="1" /> <!-- Erupting Vitality XP Potion -->
	</item>
	<item id="1091005" cat="1" paymentType="0" price="45" panelType="0" recommended="0" startSale="315558000" endSale="2127452400" dayOfWeek="127" startHour="0" startMinute="0" stopHour="23" stopMinute="59" stock="-1" maxStock="-1" salePercent="0" minLevel="0" maxLevel="0" minBirthday="0" maxBirthday="0" accountDailyLimit="0" accountBuyLimit="0">
		<item itemId="23471" count="1" /> <!-- Fantasy Special Cookie -->
	</item>
	<item id="1090615" cat="1" paymentType="0" price="3950" panelType="3" recommended="4" startSale="315558000" endSale="2127452400" dayOfWeek="127" startHour="0" startMinute="0" stopHour="23" stopMinute="59" stock="-1" maxStock="-1" salePercent="0" minLevel="0" maxLevel="0" minBirthday="0" maxBirthday="0" accountDailyLimit="0" accountBuyLimit="0">
		<item itemId="23282" count="1" /> <!-- XP Rune III (Lv. 1-100+) 200% Pack (30-day) -->
		<item itemId="23812" count="1" /> <!-- High-grade Maphr's Rune 100% Pack -->
		<item itemId="28410" count="1" /> <!-- Eva's Rune Pack (30-day) -->
	</item>
	<item id="1090776" cat="1" paymentType="0" price="1350" panelType="4" recommended="4" startSale="315558000" endSale="2127452400" dayOfWeek="127" startHour="0" startMinute="0" stopHour="23" stopMinute="59" stock="-1" maxStock="-1" salePercent="0" minLevel="0" maxLevel="0" minBirthday="0" maxBirthday="0" accountDailyLimit="0" accountBuyLimit="0">
		<item itemId="23281" count="1" /> <!-- XP Rune III (Lv. 1-100+) 200% Pack (7-day) -->
		<item itemId="23760" count="1" /> <!-- High-grade Maphr's Rune 100% Pack -->
		<item itemId="28409" count="1" /> <!-- Eva's Rune Pack (7-day) -->
	</item>
	<item id="1091000" cat="1" paymentType="0" price="45" panelType="0" recommended="0" startSale="315558000" endSale="2127452400" dayOfWeek="127" startHour="0" startMinute="0" stopHour="23" stopMinute="59" stock="-1" maxStock="-1" salePercent="0" minLevel="0" maxLevel="0" minBirthday="0" maxBirthday="0" accountDailyLimit="0" accountBuyLimit="0">
		<item itemId="28405" count="1" /> <!-- Maphr's Rune 100% Pack (1-hr) -->
	</item>
	<item id="1091001" cat="1" paymentType="0" price="450" panelType="0" recommended="0" startSale="315558000" endSale="2127452400" dayOfWeek="127" startHour="0" startMinute="0" stopHour="23" stopMinute="59" stock="-1" maxStock="-1" salePercent="0" minLevel="0" maxLevel="0" minBirthday="0" maxBirthday="0" accountDailyLimit="0" accountBuyLimit="0">
		<item itemId="28406" count="1" /> <!-- Maphr's Rune 100% Pack (7-day) -->
	</item>
	<item id="1091002" cat="1" paymentType="0" price="150" panelType="4" recommended="2" startSale="315558000" endSale="2127452400" dayOfWeek="127" startHour="0" startMinute="0" stopHour="23" stopMinute="59" stock="-1" maxStock="-1" salePercent="0" minLevel="0" maxLevel="0" minBirthday="0" maxBirthday="0" accountDailyLimit="0" accountBuyLimit="0">
		<item itemId="29215" count="1" /> <!-- Starter Kit -->
	</item>
	<item id="1091003" cat="1" paymentType="0" price="300" panelType="4" recommended="2" startSale="315558000" endSale="2127452400" dayOfWeek="127" startHour="0" startMinute="0" stopHour="23" stopMinute="59" stock="-1" maxStock="-1" salePercent="0" minLevel="0" maxLevel="0" minBirthday="0" maxBirthday="0" accountDailyLimit="0" accountBuyLimit="0">
		<item itemId="29216" count="1" /> <!-- Starter Kit -->
	</item>
	<item id="1091004" cat="1" paymentType="0" price="750" panelType="4" recommended="2" startSale="315558000" endSale="2127452400" dayOfWeek="127" startHour="0" startMinute="0" stopHour="23" stopMinute="59" stock="-1" maxStock="-1" salePercent="0" minLevel="0" maxLevel="0" minBirthday="0" maxBirthday="0" accountDailyLimit="0" accountBuyLimit="0">
		<item itemId="29217" count="1" /> <!-- Starter Kit -->
	</item>
	<item id="1090992" cat="1" paymentType="0" price="45" panelType="0" recommended="0" startSale="315558000" endSale="2127452400" dayOfWeek="127" startHour="0" startMinute="0" stopHour="23" stopMinute="59" stock="-1" maxStock="-1" salePercent="0" minLevel="0" maxLevel="0" minBirthday="0" maxBirthday="0" accountDailyLimit="0" accountBuyLimit="0">
		<item itemId="22710" count="1" /> <!-- Vitality Suspending Potion -->
	</item>
	<item id="1090911" cat="1" paymentType="0" price="55" panelType="0" recommended="0" startSale="315558000" endSale="2127452400" dayOfWeek="127" startHour="0" startMinute="0" stopHour="23" stopMinute="59" stock="-1" maxStock="-1" salePercent="0" minLevel="0" maxLevel="0" minBirthday="0" maxBirthday="0" accountDailyLimit="0" accountBuyLimit="0">
		<item itemId="23332" count="1" /> <!-- XP Buff 50% (1-hour) -->
	</item>
	<item id="1090252" cat="1" paymentType="0" price="99" panelType="0" recommended="0" startSale="315558000" endSale="2127452400" dayOfWeek="127" startHour="0" startMinute="0" stopHour="23" stopMinute="59" stock="-1" maxStock="-1" salePercent="0" minLevel="0" maxLevel="0" minBirthday="0" maxBirthday="0" accountDailyLimit="0" accountBuyLimit="0">
		<item itemId="23333" count="1" /> <!-- XP Buff 50% (2-hour) -->
	</item>
	<item id="1091006" cat="1" paymentType="0" price="30" panelType="0" recommended="0" startSale="315558000" endSale="2127452400" dayOfWeek="127" startHour="0" startMinute="0" stopHour="23" stopMinute="59" stock="-1" maxStock="-1" salePercent="0" minLevel="0" maxLevel="0" minBirthday="0" maxBirthday="0" accountDailyLimit="0" accountBuyLimit="0">
		<item itemId="22981" count="1" /> <!-- XP Rune I (Lv. 1-85) 200% Pack (1-hour) -->
	</item>
	<item id="1090994" cat="1" paymentType="0" price="90" panelType="0" recommended="0" startSale="315558000" endSale="2127452400" dayOfWeek="127" startHour="0" startMinute="0" stopHour="23" stopMinute="59" stock="-1" maxStock="-1" salePercent="0" minLevel="0" maxLevel="0" minBirthday="0" maxBirthday="0" accountDailyLimit="0" accountBuyLimit="0">
		<item itemId="23946" count="1" /> <!-- XP Rune II (Lv. 1-95) 100% Pack (1-hour) -->
	</item>
	<item id="1090995" cat="1" paymentType="0" price="900" panelType="0" recommended="0" startSale="315558000" endSale="2127452400" dayOfWeek="127" startHour="0" startMinute="0" stopHour="23" stopMinute="59" stock="-1" maxStock="-1" salePercent="0" minLevel="0" maxLevel="0" minBirthday="0" maxBirthday="0" accountDailyLimit="0" accountBuyLimit="0">
		<item itemId="28411" count="1" /> <!-- XP Rune II Pack (7-day) -->
	</item>
	<item id="1090996" cat="1" paymentType="0" price="60" panelType="0" recommended="0" startSale="315558000" endSale="2127452400" dayOfWeek="127" startHour="0" startMinute="0" stopHour="23" stopMinute="59" stock="-1" maxStock="-1" salePercent="0" minLevel="0" maxLevel="0" minBirthday="0" maxBirthday="0" accountDailyLimit="0" accountBuyLimit="0">
		<item itemId="28401" count="1" /> <!-- XP Rune III 100% Pack (1-hr) -->
	</item>
	<item id="1090997" cat="1" paymentType="0" price="600" panelType="0" recommended="0" startSale="315558000" endSale="2127452400" dayOfWeek="127" startHour="0" startMinute="0" stopHour="23" stopMinute="59" stock="-1" maxStock="-1" salePercent="0" minLevel="0" maxLevel="0" minBirthday="0" maxBirthday="0" accountDailyLimit="0" accountBuyLimit="0">
		<item itemId="28402" count="1" /> <!-- XP Rune III 100% Pack (7-day) -->
	</item>
	<item id="1090639" cat="2" paymentType="0" price="9" panelType="0" recommended="0" startSale="315558000" endSale="2127452400" dayOfWeek="127" startHour="0" startMinute="0" stopHour="23" stopMinute="59" stock="-1" maxStock="-1" salePercent="0" minLevel="0" maxLevel="0" minBirthday="0" maxBirthday="0" accountDailyLimit="0" accountBuyLimit="0">
		<item itemId="22348" count="1" /> <!-- Adventurer's Song - Energy of Recovery -->
	</item>
	<item id="1091007" cat="2" paymentType="0" price="150" panelType="0" recommended="0" startSale="315558000" endSale="2127452400" dayOfWeek="127" startHour="0" startMinute="0" stopHour="23" stopMinute="59" stock="-1" maxStock="-1" salePercent="0" minLevel="0" maxLevel="0" minBirthday="0" maxBirthday="0" accountDailyLimit="0" accountBuyLimit="0">
		<item itemId="25790" count="1" /> <!-- Ancient Hero's Weapon Pack -->
	</item>
	<item id="1090159" cat="2" paymentType="0" price="7" panelType="0" recommended="0" startSale="315558000" endSale="2127452400" dayOfWeek="127" startHour="0" startMinute="0" stopHour="23" stopMinute="59" stock="-1" maxStock="-1" salePercent="0" minLevel="0" maxLevel="0" minBirthday="0" maxBirthday="0" accountDailyLimit="0" accountBuyLimit="0">
		<item itemId="20326" count="1" /> <!-- Beast Soulshot Pack -->
	</item>
	<item id="1090947" cat="2" paymentType="0" price="150" panelType="0" recommended="0" startSale="315558000" endSale="2127452400" dayOfWeek="127" startHour="0" startMinute="0" stopHour="23" stopMinute="59" stock="-1" maxStock="-1" salePercent="0" minLevel="0" maxLevel="0" minBirthday="0" maxBirthday="0" accountDailyLimit="0" accountBuyLimit="0">
		<item itemId="38758" count="1" /> <!-- Blessed High-grade Lucky Enchant Stone: Armor (R-grade) -->
	</item>
	<item id="1090946" cat="2" paymentType="0" price="150" panelType="0" recommended="0" startSale="315558000" endSale="2127452400" dayOfWeek="127" startHour="0" startMinute="0" stopHour="23" stopMinute="59" stock="-1" maxStock="-1" salePercent="0" minLevel="0" maxLevel="0" minBirthday="0" maxBirthday="0" accountDailyLimit="0" accountBuyLimit="0">
		<item itemId="38757" count="1" /> <!-- Blessed High-grade Lucky Enchant Stone: Weapon (R-grade) -->
	</item>
	<item id="1090945" cat="2" paymentType="0" price="110" panelType="0" recommended="0" startSale="315558000" endSale="2127452400" dayOfWeek="127" startHour="0" startMinute="0" stopHour="23" stopMinute="59" stock="-1" maxStock="-1" salePercent="0" minLevel="0" maxLevel="0" minBirthday="0" maxBirthday="0" accountDailyLimit="0" accountBuyLimit="0">
		<item itemId="37567" count="1" /> <!-- Blessed Lucky Enchant Stone: Armor (R-grade) -->
	</item>
	<item id="1090944" cat="2" paymentType="0" price="110" panelType="0" recommended="0" startSale="315558000" endSale="2127452400" dayOfWeek="127" startHour="0" startMinute="0" stopHour="23" stopMinute="59" stock="-1" maxStock="-1" salePercent="0" minLevel="0" maxLevel="0" minBirthday="0" maxBirthday="0" accountDailyLimit="0" accountBuyLimit="0">
		<item itemId="37566" count="1" /> <!-- Blessed Lucky Enchant Stone: Weapon (R-grade) -->
	</item>
	<item id="1090949" cat="2" paymentType="0" price="90" panelType="0" recommended="0" startSale="315558000" endSale="2127452400" dayOfWeek="127" startHour="0" startMinute="0" stopHour="23" stopMinute="59" stock="-1" maxStock="-1" salePercent="0" minLevel="0" maxLevel="0" minBirthday="0" maxBirthday="0" accountDailyLimit="0" accountBuyLimit="0">
		<item itemId="23782" count="1" /> <!-- Giant's Lucky Enchant Stone: Armor (R-grade) -->
	</item>
	<item id="1090948" cat="2" paymentType="0" price="90" panelType="0" recommended="0" startSale="315558000" endSale="2127452400" dayOfWeek="127" startHour="0" startMinute="0" stopHour="23" stopMinute="59" stock="-1" maxStock="-1" salePercent="0" minLevel="0" maxLevel="0" minBirthday="0" maxBirthday="0" accountDailyLimit="0" accountBuyLimit="0">
		<item itemId="23781" count="1" /> <!-- Giant's Lucky Enchant Stone: Weapon (R-grade) -->
	</item>
	<item id="1090943" cat="2" paymentType="0" price="30" panelType="0" recommended="0" startSale="315558000" endSale="2127452400" dayOfWeek="127" startHour="0" startMinute="0" stopHour="23" stopMinute="59" stock="-1" maxStock="-1" salePercent="0" minLevel="0" maxLevel="0" minBirthday="0" maxBirthday="0" accountDailyLimit="0" accountBuyLimit="0">
		<item itemId="23647" count="1" /> <!-- High-grade Lucky Enchant Stone: Armor (R-grade) -->
	</item>
	<item id="1090942" cat="2" paymentType="0" price="30" panelType="0" recommended="0" startSale="315558000" endSale="2127452400" dayOfWeek="127" startHour="0" startMinute="0" stopHour="23" stopMinute="59" stock="-1" maxStock="-1" salePercent="0" minLevel="0" maxLevel="0" minBirthday="0" maxBirthday="0" accountDailyLimit="0" accountBuyLimit="0">
		<item itemId="23646" count="1" /> <!-- High-grade Lucky Enchant Stone: Weapon (R-grade) -->
	</item>
	<item id="1090941" cat="2" paymentType="0" price="25" panelType="0" recommended="0" startSale="315558000" endSale="2127452400" dayOfWeek="127" startHour="0" startMinute="0" stopHour="23" stopMinute="59" stock="-1" maxStock="-1" salePercent="0" minLevel="0" maxLevel="0" minBirthday="0" maxBirthday="0" accountDailyLimit="0" accountBuyLimit="0">
		<item itemId="23348" count="1" /> <!-- Lucky Enchant Stone: Armor (R-grade) -->
	</item>
	<item id="1090940" cat="2" paymentType="0" price="25" panelType="0" recommended="0" startSale="315558000" endSale="2127452400" dayOfWeek="127" startHour="0" startMinute="0" stopHour="23" stopMinute="59" stock="-1" maxStock="-1" salePercent="0" minLevel="0" maxLevel="0" minBirthday="0" maxBirthday="0" accountDailyLimit="0" accountBuyLimit="0">
		<item itemId="23347" count="1" /> <!-- Lucky Enchant Stone: Weapon (R-grade) -->
	</item>
	<item id="1090767" cat="2" paymentType="0" price="10" panelType="0" recommended="0" startSale="315558000" endSale="2127452400" dayOfWeek="127" startHour="0" startMinute="0" stopHour="23" stopMinute="59" stock="-1" maxStock="-1" salePercent="0" minLevel="0" maxLevel="0" minBirthday="0" maxBirthday="0" accountDailyLimit="0" accountBuyLimit="0">
		<item itemId="21210" count="1" /> <!-- MP Recovery Potion -->
	</item>
	<item id="1090528" cat="2" paymentType="0" price="59" panelType="0" recommended="0" startSale="315558000" endSale="2127452400" dayOfWeek="127" startHour="0" startMinute="0" stopHour="23" stopMinute="59" stock="-1" maxStock="-1" salePercent="0" minLevel="0" maxLevel="0" minBirthday="0" maxBirthday="0" accountDailyLimit="0" accountBuyLimit="0">
		<item itemId="37626" count="1" /> <!-- Mysterious Blessed Spiritshot Pack (R-grade) -->
	</item>
	<item id="1090953" cat="2" paymentType="0" price="10" panelType="0" recommended="0" startSale="315558000" endSale="2127452400" dayOfWeek="127" startHour="0" startMinute="0" stopHour="23" stopMinute="59" stock="-1" maxStock="-1" salePercent="0" minLevel="0" maxLevel="0" minBirthday="0" maxBirthday="0" accountDailyLimit="0" accountBuyLimit="0">
		<item itemId="37659" count="1" /> <!-- Mysterious Healthy Juice (HP/ CP) -->
	</item>
	<item id="1090529" cat="2" paymentType="0" price="19" panelType="0" recommended="0" startSale="315558000" endSale="2127452400" dayOfWeek="127" startHour="0" startMinute="0" stopHour="23" stopMinute="59" stock="-1" maxStock="-1" salePercent="0" minLevel="0" maxLevel="0" minBirthday="0" maxBirthday="0" accountDailyLimit="0" accountBuyLimit="0">
		<item itemId="37627" count="1" /> <!-- Mysterious Soulshot Pack (R-grade) -->
	</item>
	<item id="1090635" cat="2" paymentType="0" price="29" panelType="0" recommended="0" startSale="315558000" endSale="2127452400" dayOfWeek="127" startHour="0" startMinute="0" stopHour="23" stopMinute="59" stock="-1" maxStock="-1" salePercent="0" minLevel="0" maxLevel="0" minBirthday="0" maxBirthday="0" accountDailyLimit="0" accountBuyLimit="0">
		<item itemId="35741" count="1" /> <!-- Scroll: PK (Low-grade) -->
	</item>
	<item id="1090636" cat="2" paymentType="0" price="249" panelType="0" recommended="0" startSale="315558000" endSale="2127452400" dayOfWeek="127" startHour="0" startMinute="0" stopHour="23" stopMinute="59" stock="-1" maxStock="-1" salePercent="0" minLevel="0" maxLevel="0" minBirthday="0" maxBirthday="0" accountDailyLimit="0" accountBuyLimit="0">
		<item itemId="35754" count="1" /> <!-- Scroll: PK (Top-grade) -->
	</item>
	<item id="1090633" cat="2" paymentType="0" price="29" panelType="0" recommended="0" startSale="315558000" endSale="2127452400" dayOfWeek="127" startHour="0" startMinute="0" stopHour="23" stopMinute="59" stock="-1" maxStock="-1" salePercent="0" minLevel="0" maxLevel="0" minBirthday="0" maxBirthday="0" accountDailyLimit="0" accountBuyLimit="0">
		<item itemId="35742" count="1" /> <!-- Scroll: Reputation (Low-grade) -->
	</item>
	<item id="1090634" cat="2" paymentType="0" price="469" panelType="0" recommended="0" startSale="315558000" endSale="2127452400" dayOfWeek="127" startHour="0" startMinute="0" stopHour="23" stopMinute="59" stock="-1" maxStock="-1" salePercent="0" minLevel="0" maxLevel="0" minBirthday="0" maxBirthday="0" accountDailyLimit="0" accountBuyLimit="0">
		<item itemId="35757" count="1" /> <!-- Scroll: Reputation (Top-grade) -->
	</item>
	<item id="1090846" cat="3" paymentType="0" price="450" panelType="0" recommended="0" startSale="315558000" endSale="2127452400" dayOfWeek="127" startHour="0" startMinute="0" stopHour="23" stopMinute="59" stock="-1" maxStock="-1" salePercent="0" minLevel="0" maxLevel="0" minBirthday="0" maxBirthday="0" accountDailyLimit="0" accountBuyLimit="0">
		<item itemId="23530" count="1" /> <!-- Automatic Appearance Stone: Emerald Weapon -->
	</item>
	<item id="1090563" cat="3" paymentType="0" price="450" panelType="0" recommended="0" startSale="315558000" endSale="2127452400" dayOfWeek="127" startHour="0" startMinute="0" stopHour="23" stopMinute="59" stock="-1" maxStock="-1" salePercent="0" minLevel="0" maxLevel="0" minBirthday="0" maxBirthday="0" accountDailyLimit="0" accountBuyLimit="0">
		<item itemId="23531" count="1" /> <!-- Automatic Appearance Stone: Japanese Weapon -->
	</item>
	<item id="1090335" cat="3" paymentType="0" price="45" panelType="0" recommended="0" startSale="315558000" endSale="2127452400" dayOfWeek="127" startHour="0" startMinute="0" stopHour="23" stopMinute="59" stock="-1" maxStock="-1" salePercent="0" minLevel="0" maxLevel="0" minBirthday="0" maxBirthday="0" accountDailyLimit="0" accountBuyLimit="0">
		<item itemId="36308" count="1" /> <!-- Royal Beauty Ticket -->
	</item>
	<item id="1090841" cat="3" paymentType="0" price="1350" panelType="0" recommended="0" startSale="315558000" endSale="2127452400" dayOfWeek="127" startHour="0" startMinute="0" stopHour="23" stopMinute="59" stock="-1" maxStock="-1" salePercent="0" minLevel="0" maxLevel="0" minBirthday="0" maxBirthday="0" accountDailyLimit="0" accountBuyLimit="0">
		<item itemId="47365" count="1" /> <!-- Blue Musketeer Appearance Stone -->
	</item>
	<item id="1090884" cat="3" paymentType="0" price="2500" panelType="0" recommended="0" startSale="315558000" endSale="2127452400" dayOfWeek="127" startHour="0" startMinute="0" stopHour="23" stopMinute="59" stock="-1" maxStock="-1" salePercent="0" minLevel="0" maxLevel="0" minBirthday="0" maxBirthday="0" accountDailyLimit="0" accountBuyLimit="0">
		<item itemId="23859" count="1" /> <!-- Change Clan Name -->
	</item>
	<item id="1090885" cat="3" paymentType="0" price="299" panelType="0" recommended="0" startSale="315558000" endSale="2127452400" dayOfWeek="127" startHour="0" startMinute="0" stopHour="23" stopMinute="59" stock="-1" maxStock="-1" salePercent="0" minLevel="0" maxLevel="0" minBirthday="0" maxBirthday="0" accountDailyLimit="0" accountBuyLimit="0">
		<item itemId="13021" count="1" /> <!-- Color Title -->
	</item>
	<item id="1090845" cat="3" paymentType="0" price="1350" panelType="0" recommended="0" startSale="315558000" endSale="2127452400" dayOfWeek="127" startHour="0" startMinute="0" stopHour="23" stopMinute="59" stock="-1" maxStock="-1" salePercent="0" minLevel="0" maxLevel="0" minBirthday="0" maxBirthday="0" accountDailyLimit="0" accountBuyLimit="0">
		<item itemId="47463" count="1" /> <!-- Cowboy-Purple Garment Appearance Stone -->
	</item>
	<item id="1090838" cat="3" paymentType="0" price="450" panelType="0" recommended="0" startSale="315558000" endSale="2127452400" dayOfWeek="127" startHour="0" startMinute="0" stopHour="23" stopMinute="59" stock="-1" maxStock="-1" salePercent="0" minLevel="0" maxLevel="0" minBirthday="0" maxBirthday="0" accountDailyLimit="0" accountBuyLimit="0">
		<item itemId="46270" count="1" /> <!-- Dark Knight Suit Appearance Stone -->
	</item>
	<item id="1090278" cat="3" paymentType="0" price="1" panelType="0" recommended="0" startSale="315558000" endSale="2127452400" dayOfWeek="127" startHour="0" startMinute="0" stopHour="23" stopMinute="59" stock="-1" maxStock="-1" salePercent="0" minLevel="0" maxLevel="0" minBirthday="0" maxBirthday="0" accountDailyLimit="0" accountBuyLimit="0">
		<item itemId="22700" count="1" /> <!-- Equipment Restoration Stone (R-grade) -->
	</item>
	<item id="1090883" cat="3" paymentType="0" price="750" panelType="0" recommended="0" startSale="315558000" endSale="2127452400" dayOfWeek="127" startHour="0" startMinute="0" stopHour="23" stopMinute="59" stock="-1" maxStock="-1" salePercent="0" minLevel="0" maxLevel="0" minBirthday="0" maxBirthday="0" accountDailyLimit="0" accountBuyLimit="0">
		<item itemId="23623" count="1" /> <!-- Gender Change Ticket -->
	</item>
	<item id="1090435" cat="3" paymentType="0" price="450" panelType="0" recommended="1" startSale="315558000" endSale="2127452400" dayOfWeek="127" startHour="0" startMinute="0" stopHour="23" stopMinute="59" stock="-1" maxStock="-1" salePercent="0" minLevel="0" maxLevel="0" minBirthday="0" maxBirthday="0" accountDailyLimit="0" accountBuyLimit="0">
		<item itemId="23497" count="1" /> <!-- Metal Suit Hair Accessory Appearance Stone -->
		<item itemId="23712" count="1" /> <!-- Metal Suit Top Appearance Stone -->
		<item itemId="23713" count="1" /> <!-- Metal Suit Pants Appearance Stone -->
		<item itemId="23714" count="1" /> <!-- Metal Suit Gloves Appearance Stone -->
		<item itemId="23715" count="1" /> <!-- Metal Suit Shoes Appearance Stone -->
	</item>
	<item id="1090567" cat="3" paymentType="0" price="450" panelType="0" recommended="1" startSale="315558000" endSale="2127452400" dayOfWeek="127" startHour="0" startMinute="0" stopHour="23" stopMinute="59" stock="-1" maxStock="-1" salePercent="0" minLevel="0" maxLevel="0" minBirthday="0" maxBirthday="0" accountDailyLimit="0" accountBuyLimit="0">
		<item itemId="23507" count="1" /> <!-- Military Hair Accessory Appearance Stone -->
		<item itemId="23720" count="1" /> <!-- Military Top Appearance Stone -->
		<item itemId="23721" count="1" /> <!-- Military Pants Appearance Stone -->
		<item itemId="23722" count="1" /> <!-- Military Gloves Appearance Stone -->
		<item itemId="23723" count="1" /> <!-- Military Shoes Appearance Stone -->
	</item>
	<item id="1090882" cat="3" paymentType="0" price="2500" panelType="0" recommended="0" startSale="315558000" endSale="2127452400" dayOfWeek="127" startHour="0" startMinute="0" stopHour="23" stopMinute="59" stock="-1" maxStock="-1" salePercent="0" minLevel="0" maxLevel="0" minBirthday="0" maxBirthday="0" accountDailyLimit="0" accountBuyLimit="0">
		<item itemId="23622" count="1" /> <!-- Name Change Ticket -->
	</item>
	<item id="1090565" cat="3" paymentType="0" price="450" panelType="0" recommended="1" startSale="315558000" endSale="2127452400" dayOfWeek="127" startHour="0" startMinute="0" stopHour="23" stopMinute="59" stock="-1" maxStock="-1" salePercent="0" minLevel="0" maxLevel="0" minBirthday="0" maxBirthday="0" accountDailyLimit="0" accountBuyLimit="0">
		<item itemId="23193" count="1" /> <!-- Ninja Hair Accessory Appearance Stone -->
		<item itemId="23696" count="1" /> <!-- Ninja Top Appearance Stone -->
		<item itemId="23697" count="1" /> <!-- Ninja Pants Appearance Stone -->
		<item itemId="23698" count="1" /> <!-- Ninja Gloves Appearance Stone -->
		<item itemId="23699" count="1" /> <!-- Ninja Shoes Appearance Stone -->
	</item>
	<item id="1090840" cat="3" paymentType="0" price="900" panelType="0" recommended="0" startSale="315558000" endSale="2127452400" dayOfWeek="127" startHour="0" startMinute="0" stopHour="23" stopMinute="59" stock="-1" maxStock="-1" salePercent="0" minLevel="0" maxLevel="0" minBirthday="0" maxBirthday="0" accountDailyLimit="0" accountBuyLimit="0">
		<item itemId="26357" count="1" /> <!-- Pirate Captain Appeareance Stone -->
	</item>
	<item id="1090786" cat="3" paymentType="0" price="450" panelType="0" recommended="0" startSale="315558000" endSale="2127452400" dayOfWeek="127" startHour="0" startMinute="0" stopHour="23" stopMinute="59" stock="-1" maxStock="-1" salePercent="0" minLevel="0" maxLevel="0" minBirthday="0" maxBirthday="0" accountDailyLimit="0" accountBuyLimit="0">
		<item itemId="26358" count="1" /> <!-- Pirate Crew Appeareance Stone -->
	</item>
	<item id="1090842" cat="3" paymentType="0" price="1350" panelType="0" recommended="0" startSale="315558000" endSale="2127452400" dayOfWeek="127" startHour="0" startMinute="0" stopHour="23" stopMinute="59" stock="-1" maxStock="-1" salePercent="0" minLevel="0" maxLevel="0" minBirthday="0" maxBirthday="0" accountDailyLimit="0" accountBuyLimit="0">
		<item itemId="47366" count="1" /> <!-- Red Musketeer Appearance Stone -->
	</item>
	<item id="1090843" cat="3" paymentType="0" price="1350" panelType="0" recommended="0" startSale="315558000" endSale="2127452400" dayOfWeek="127" startHour="0" startMinute="0" stopHour="23" stopMinute="59" stock="-1" maxStock="-1" salePercent="0" minLevel="0" maxLevel="0" minBirthday="0" maxBirthday="0" accountDailyLimit="0" accountBuyLimit="0">
		<item itemId="47363" count="1" /> <!-- Red Noblesse Appearance Stone -->
	</item>
	<item id="1090600" cat="3" paymentType="0" price="450" panelType="0" recommended="0" startSale="315558000" endSale="2127452400" dayOfWeek="127" startHour="0" startMinute="0" stopHour="23" stopMinute="59" stock="-1" maxStock="-1" salePercent="0" minLevel="0" maxLevel="0" minBirthday="0" maxBirthday="0" accountDailyLimit="0" accountBuyLimit="0">
		<item itemId="23878" count="1" /> <!-- Samurai Hair Accessory Appearance Stone -->
		<item itemId="23880" count="1" /> <!-- Samurai Outfit Appearance Stone -->
	</item>
	<item id="1090834" cat="3" paymentType="0" price="450" panelType="0" recommended="1" startSale="315558000" endSale="2127452400" dayOfWeek="127" startHour="0" startMinute="0" stopHour="23" stopMinute="59" stock="-1" maxStock="-1" salePercent="0" minLevel="0" maxLevel="0" minBirthday="0" maxBirthday="0" accountDailyLimit="0" accountBuyLimit="0">
		<item itemId="23198" count="1" /> <!-- Tribal Warrior Hair Accessory Appearance Stone -->
		<item itemId="23704" count="1" /> <!-- Tribal Warrior Top Appearance Stone -->
		<item itemId="23705" count="1" /> <!-- Tribal Warrior Pants Appearance Stone -->
		<item itemId="23706" count="1" /> <!-- Tribal Warrior Gloves Appearance Stone -->
		<item itemId="23707" count="1" /> <!-- Tribal Warrior Shoes Appearance Stone -->
	</item>
	<item id="1090837" cat="3" paymentType="0" price="450" panelType="0" recommended="1" startSale="315558000" endSale="2127452400" dayOfWeek="127" startHour="0" startMinute="0" stopHour="23" stopMinute="59" stock="-1" maxStock="-1" salePercent="0" minLevel="0" maxLevel="0" minBirthday="0" maxBirthday="0" accountDailyLimit="0" accountBuyLimit="0">
		<item itemId="23979" count="1" /> <!-- Vampire Top Appearance Stone -->
		<item itemId="23980" count="1" /> <!-- Vampire Pants Appearance Stone -->
		<item itemId="23981" count="1" /> <!-- Vampire Gloves Appearance Stone -->
		<item itemId="23982" count="1" /> <!-- Vampire Shoes Appearance Stone -->
		<item itemId="23983" count="1" /> <!-- Vampire Hair Accessory Appearance Stone -->
	</item>
	<item id="1090844" cat="3" paymentType="0" price="1350" panelType="0" recommended="0" startSale="315558000" endSale="2127452400" dayOfWeek="127" startHour="0" startMinute="0" stopHour="23" stopMinute="59" stock="-1" maxStock="-1" salePercent="0" minLevel="0" maxLevel="0" minBirthday="0" maxBirthday="0" accountDailyLimit="0" accountBuyLimit="0">
		<item itemId="47364" count="1" /> <!-- White Noblesse Appearance Stone -->
	</item>
	<item id="1090559" cat="4" paymentType="0" price="150" panelType="4" recommended="0" startSale="315558000" endSale="2127452400" dayOfWeek="127" startHour="0" startMinute="0" stopHour="23" stopMinute="59" stock="-1" maxStock="-1" salePercent="0" minLevel="0" maxLevel="0" minBirthday="0" maxBirthday="0" accountDailyLimit="0" accountBuyLimit="0">
		<item itemId="23847" count="1" /> <!-- Tarot Card Coupon -->
	</item>
	<item id="1091051" cat="5" paymentType="0" price="75" panelType="0" recommended="0" startSale="315558000" endSale="2127452400" dayOfWeek="127" startHour="0" startMinute="0" stopHour="23" stopMinute="59" stock="-1" maxStock="-1" salePercent="0" minLevel="0" maxLevel="0" minBirthday="0" maxBirthday="0" accountDailyLimit="0" accountBuyLimit="0">
		<item itemId="48498" count="1" /> <!-- Blessed Scroll: Enchant Dragon Shirt -->
	</item>
	<item id="1090587" cat="5" paymentType="0" price="19" panelType="0" recommended="0" startSale="315558000" endSale="2127452400" dayOfWeek="127" startHour="0" startMinute="0" stopHour="23" stopMinute="59" stock="-1" maxStock="-1" salePercent="0" minLevel="0" maxLevel="0" minBirthday="0" maxBirthday="0" accountDailyLimit="0" accountBuyLimit="0">
		<item itemId="25793" count="1" /> <!-- Blessed Scroll: Enchant Elemental Shirt -->
	</item>
	<item id="1090886" cat="5" paymentType="0" price="790" panelType="0" recommended="0" startSale="315558000" endSale="2127452400" dayOfWeek="127" startHour="0" startMinute="0" stopHour="23" stopMinute="59" stock="-1" maxStock="-1" salePercent="0" minLevel="0" maxLevel="0" minBirthday="0" maxBirthday="0" accountDailyLimit="0" accountBuyLimit="0">
		<item itemId="23814" count="1" /> <!-- Chaos Essence Pack -->
	</item>
	<item id="1090887" cat="5" paymentType="0" price="790" panelType="0" recommended="0" startSale="315558000" endSale="2127452400" dayOfWeek="127" startHour="0" startMinute="0" stopHour="23" stopMinute="59" stock="-1" maxStock="-1" salePercent="0" minLevel="0" maxLevel="0" minBirthday="0" maxBirthday="0" accountDailyLimit="0" accountBuyLimit="0">
		<item itemId="23815" count="1" /> <!-- Chaos Essence Pack (Dual Class) -->
	</item>
	<item id="1090537" cat="5" paymentType="0" price="29" panelType="0" recommended="0" startSale="315558000" endSale="2127452400" dayOfWeek="127" startHour="0" startMinute="0" stopHour="23" stopMinute="59" stock="-1" maxStock="-1" salePercent="0" minLevel="0" maxLevel="0" minBirthday="0" maxBirthday="0" accountDailyLimit="0" accountBuyLimit="0">
		<item itemId="36277" count="1" /> <!-- Entrance Pass: Baylor -->
	</item>
	<item id="1090367" cat="5" paymentType="0" price="29" panelType="0" recommended="0" startSale="315558000" endSale="2127452400" dayOfWeek="127" startHour="0" startMinute="0" stopHour="23" stopMinute="59" stock="-1" maxStock="-1" salePercent="0" minLevel="0" maxLevel="0" minBirthday="0" maxBirthday="0" accountDailyLimit="0" accountBuyLimit="0">
		<item itemId="23609" count="1" /> <!-- Entrance Pass: Kartia's Labyrinth Lv. 85 Party -->
	</item>
	<item id="1090364" cat="5" paymentType="0" price="15" panelType="0" recommended="0" startSale="315558000" endSale="2127452400" dayOfWeek="127" startHour="0" startMinute="0" stopHour="23" stopMinute="59" stock="-1" maxStock="-1" salePercent="0" minLevel="0" maxLevel="0" minBirthday="0" maxBirthday="0" accountDailyLimit="0" accountBuyLimit="0">
		<item itemId="23606" count="1" /> <!-- Entrance Pass: Kartia's Labyrinth Lv. 85 Solo -->
	</item>
	<item id="1090368" cat="5" paymentType="0" price="29" panelType="0" recommended="0" startSale="315558000" endSale="2127452400" dayOfWeek="127" startHour="0" startMinute="0" stopHour="23" stopMinute="59" stock="-1" maxStock="-1" salePercent="0" minLevel="0" maxLevel="0" minBirthday="0" maxBirthday="0" accountDailyLimit="0" accountBuyLimit="0">
		<item itemId="23610" count="1" /> <!-- Entrance Pass: Kartia's Labyrinth Lv. 90 Party -->
	</item>
	<item id="1090365" cat="5" paymentType="0" price="15" panelType="0" recommended="0" startSale="315558000" endSale="2127452400" dayOfWeek="127" startHour="0" startMinute="0" stopHour="23" stopMinute="59" stock="-1" maxStock="-1" salePercent="0" minLevel="0" maxLevel="0" minBirthday="0" maxBirthday="0" accountDailyLimit="0" accountBuyLimit="0">
		<item itemId="23607" count="1" /> <!-- Entrance Pass: Kartia's Labyrinth Lv. 90 Solo -->
	</item>
	<item id="1090369" cat="5" paymentType="0" price="29" panelType="0" recommended="0" startSale="315558000" endSale="2127452400" dayOfWeek="127" startHour="0" startMinute="0" stopHour="23" stopMinute="59" stock="-1" maxStock="-1" salePercent="0" minLevel="0" maxLevel="0" minBirthday="0" maxBirthday="0" accountDailyLimit="0" accountBuyLimit="0">
		<item itemId="23611" count="1" /> <!-- Entrance Pass: Kartia's Labyrinth Lv. 95 Party -->
	</item>
	<item id="1090366" cat="5" paymentType="0" price="15" panelType="0" recommended="0" startSale="315558000" endSale="2127452400" dayOfWeek="127" startHour="0" startMinute="0" stopHour="23" stopMinute="59" stock="-1" maxStock="-1" salePercent="0" minLevel="0" maxLevel="0" minBirthday="0" maxBirthday="0" accountDailyLimit="0" accountBuyLimit="0">
		<item itemId="23608" count="1" /> <!-- Entrance Pass: Kartia's Labyrinth Lv. 95 Solo -->
	</item>
	<item id="1090584" cat="5" paymentType="0" price="59" panelType="0" recommended="0" startSale="315558000" endSale="2127452400" dayOfWeek="127" startHour="0" startMinute="0" stopHour="23" stopMinute="59" stock="-1" maxStock="-1" salePercent="0" minLevel="0" maxLevel="0" minBirthday="0" maxBirthday="0" accountDailyLimit="0" accountBuyLimit="0">
		<item itemId="34625" count="1" /> <!-- Eva's Shirt -->
	</item>
	<item id="1091020" cat="5" paymentType="0" price="300" panelType="0" recommended="0" startSale="315558000" endSale="2127452400" dayOfWeek="127" startHour="0" startMinute="0" stopHour="23" stopMinute="59" stock="-1" maxStock="-1" salePercent="0" minLevel="0" maxLevel="0" minBirthday="0" maxBirthday="0" accountDailyLimit="0" accountBuyLimit="0">
		<item itemId="48208" count="1" /> <!-- Knight's Circlet -->
	</item>
	<item id="1090585" cat="5" paymentType="0" price="59" panelType="0" recommended="0" startSale="315558000" endSale="2127452400" dayOfWeek="127" startHour="0" startMinute="0" stopHour="23" stopMinute="59" stock="-1" maxStock="-1" salePercent="0" minLevel="0" maxLevel="0" minBirthday="0" maxBirthday="0" accountDailyLimit="0" accountBuyLimit="0">
		<item itemId="34626" count="1" /> <!-- Maphr's Shirt -->
	</item>
	<item id="1090582" cat="5" paymentType="0" price="59" panelType="0" recommended="0" startSale="315558000" endSale="2127452400" dayOfWeek="127" startHour="0" startMinute="0" stopHour="23" stopMinute="59" stock="-1" maxStock="-1" salePercent="0" minLevel="0" maxLevel="0" minBirthday="0" maxBirthday="0" accountDailyLimit="0" accountBuyLimit="0">
		<item itemId="34623" count="1" /> <!-- Pa'agrio's Shirt -->
	</item>
	<item id="1090514" cat="5" paymentType="1" price="900000000" panelType="0" recommended="0" startSale="315558000" endSale="2127452400" dayOfWeek="127" startHour="0" startMinute="0" stopHour="23" stopMinute="59" stock="-1" maxStock="-1" salePercent="0" minLevel="0" maxLevel="0" minBirthday="0" maxBirthday="0" accountDailyLimit="0" accountBuyLimit="0">
		<item itemId="21706" count="1" /> <!-- Power Shirt -->
	</item>
	<item id="1091017" cat="5" paymentType="0" price="150" panelType="0" recommended="0" startSale="315558000" endSale="2127452400" dayOfWeek="127" startHour="0" startMinute="0" stopHour="23" stopMinute="59" stock="-1" maxStock="-1" salePercent="0" minLevel="0" maxLevel="0" minBirthday="0" maxBirthday="0" accountDailyLimit="0" accountBuyLimit="0">
		<item itemId="48214" count="1" /> <!-- Reconstruction Society's Enchantment Pack -->
	</item>
	<item id="1090583" cat="5" paymentType="0" price="59" panelType="0" recommended="0" startSale="315558000" endSale="2127452400" dayOfWeek="127" startHour="0" startMinute="0" stopHour="23" stopMinute="59" stock="-1" maxStock="-1" salePercent="0" minLevel="0" maxLevel="0" minBirthday="0" maxBirthday="0" accountDailyLimit="0" accountBuyLimit="0">
		<item itemId="34624" count="1" /> <!-- Sayha's Shirt -->
	</item>
	<item id="1090586" cat="5" paymentType="0" price="5" panelType="0" recommended="0" startSale="315558000" endSale="2127452400" dayOfWeek="127" startHour="0" startMinute="0" stopHour="23" stopMinute="59" stock="-1" maxStock="-1" salePercent="0" minLevel="0" maxLevel="0" minBirthday="0" maxBirthday="0" accountDailyLimit="0" accountBuyLimit="0">
		<item itemId="25792" count="1" /> <!-- Scroll: Enchant Elemental Shirt -->
	</item>
	<item id="1090515" cat="5" paymentType="1" price="100000000" panelType="0" recommended="0" startSale="315558000" endSale="2127452400" dayOfWeek="127" startHour="0" startMinute="0" stopHour="23" stopMinute="59" stock="-1" maxStock="-1" salePercent="0" minLevel="0" maxLevel="0" minBirthday="0" maxBirthday="0" accountDailyLimit="0" accountBuyLimit="0">
		<item itemId="22904" count="1" /> <!-- Scroll: Enchant Power Shirt -->
	</item>
	<item id="1090263" cat="5" paymentType="0" price="69" panelType="0" recommended="0" startSale="315558000" endSale="2127452400" dayOfWeek="127" startHour="0" startMinute="0" stopHour="23" stopMinute="59" stock="-1" maxStock="-1" salePercent="0" minLevel="0" maxLevel="0" minBirthday="0" maxBirthday="0" accountDailyLimit="0" accountBuyLimit="0">
		<item itemId="22900" count="1" /> <!-- Expand Inventory Lv. 1 -->
	</item>
	<item id="1090264" cat="5" paymentType="0" price="69" panelType="0" recommended="0" startSale="315558000" endSale="2127452400" dayOfWeek="127" startHour="0" startMinute="0" stopHour="23" stopMinute="59" stock="-1" maxStock="-1" salePercent="0" minLevel="0" maxLevel="0" minBirthday="0" maxBirthday="0" accountDailyLimit="0" accountBuyLimit="0">
		<item itemId="22901" count="1" /> <!-- Expand Inventory Lv. 2 -->
	</item>
	<item id="1090265" cat="5" paymentType="0" price="69" panelType="0" recommended="0" startSale="315558000" endSale="2127452400" dayOfWeek="127" startHour="0" startMinute="0" stopHour="23" stopMinute="59" stock="-1" maxStock="-1" salePercent="0" minLevel="0" maxLevel="0" minBirthday="0" maxBirthday="0" accountDailyLimit="0" accountBuyLimit="0">
		<item itemId="22902" count="1" /> <!-- Spellbook: Expand Warehouse Lv. 1 -->
	</item>
	<item id="1090266" cat="5" paymentType="0" price="69" panelType="0" recommended="0" startSale="315558000" endSale="2127452400" dayOfWeek="127" startHour="0" startMinute="0" stopHour="23" stopMinute="59" stock="-1" maxStock="-1" salePercent="0" minLevel="0" maxLevel="0" minBirthday="0" maxBirthday="0" accountDailyLimit="0" accountBuyLimit="0">
		<item itemId="22903" count="1" /> <!-- Spellbook: Expand Warehouse Lv. 2 -->
	</item>
	<item id="1090522" cat="5" paymentType="0" price="59" panelType="0" recommended="0" startSale="315558000" endSale="2127452400" dayOfWeek="127" startHour="0" startMinute="0" stopHour="23" stopMinute="59" stock="-1" maxStock="-1" salePercent="0" minLevel="0" maxLevel="0" minBirthday="0" maxBirthday="0" accountDailyLimit="0" accountBuyLimit="0">
		<item itemId="14065" count="1" /> <!-- Superior Minion Coupon -->
	</item>
	<item id="1090874" cat="5" paymentType="0" price="300" panelType="0" recommended="4" startSale="315558000" endSale="2127452400" dayOfWeek="127" startHour="0" startMinute="0" stopHour="23" stopMinute="59" stock="-1" maxStock="-1" salePercent="0" minLevel="0" maxLevel="0" minBirthday="0" maxBirthday="0" accountDailyLimit="0" accountBuyLimit="0">
		<item itemId="28470" count="5" /> <!-- Ultimate Jewelry Box -->
	</item>
	<item id="1091018" cat="5" paymentType="0" price="300" panelType="0" recommended="0" startSale="315558000" endSale="2127452400" dayOfWeek="127" startHour="0" startMinute="0" stopHour="23" stopMinute="59" stock="-1" maxStock="-1" salePercent="0" minLevel="0" maxLevel="0" minBirthday="0" maxBirthday="0" accountDailyLimit="0" accountBuyLimit="0">
		<item itemId="48202" count="1" /> <!-- Warrior's Circlet -->
	</item>
	<item id="1091019" cat="5" paymentType="0" price="300" panelType="0" recommended="0" startSale="315558000" endSale="2127452400" dayOfWeek="127" startHour="0" startMinute="0" stopHour="23" stopMinute="59" stock="-1" maxStock="-1" salePercent="0" minLevel="0" maxLevel="0" minBirthday="0" maxBirthday="0" accountDailyLimit="0" accountBuyLimit="0">
		<item itemId="48205" count="1" /> <!-- Wizard's Circlet -->
	</item>
	<item id="1090956" cat="5" paymentType="0" price="90" panelType="0" recommended="0" startSale="315558000" endSale="2127452400" dayOfWeek="127" startHour="0" startMinute="0" stopHour="23" stopMinute="59" stock="-1" maxStock="-1" salePercent="0" minLevel="0" maxLevel="0" minBirthday="0" maxBirthday="0" accountDailyLimit="0" accountBuyLimit="0">
		<item itemId="23827" count="1" /> <!-- Mysterious Dark Elf Dye -->
	</item>
	<item id="1090958" cat="5" paymentType="0" price="90" panelType="0" recommended="0" startSale="315558000" endSale="2127452400" dayOfWeek="127" startHour="0" startMinute="0" stopHour="23" stopMinute="59" stock="-1" maxStock="-1" salePercent="0" minLevel="0" maxLevel="0" minBirthday="0" maxBirthday="0" accountDailyLimit="0" accountBuyLimit="0">
		<item itemId="23829" count="1" /> <!-- Mysterious Dwarf Dye -->
	</item>
	<item id="1090955" cat="5" paymentType="0" price="90" panelType="0" recommended="0" startSale="315558000" endSale="2127452400" dayOfWeek="127" startHour="0" startMinute="0" stopHour="23" stopMinute="59" stock="-1" maxStock="-1" salePercent="0" minLevel="0" maxLevel="0" minBirthday="0" maxBirthday="0" accountDailyLimit="0" accountBuyLimit="0">
		<item itemId="23826" count="1" /> <!-- Mysterious Elf Dye -->
	</item>
	<item id="1090954" cat="5" paymentType="0" price="90" panelType="0" recommended="0" startSale="315558000" endSale="2127452400" dayOfWeek="127" startHour="0" startMinute="0" stopHour="23" stopMinute="59" stock="-1" maxStock="-1" salePercent="0" minLevel="0" maxLevel="0" minBirthday="0" maxBirthday="0" accountDailyLimit="0" accountBuyLimit="0">
		<item itemId="23825" count="1" /> <!-- Mysterious Human Dye -->
	</item>
	<item id="1090959" cat="5" paymentType="0" price="90" panelType="0" recommended="0" startSale="315558000" endSale="2127452400" dayOfWeek="127" startHour="0" startMinute="0" stopHour="23" stopMinute="59" stock="-1" maxStock="-1" salePercent="0" minLevel="0" maxLevel="0" minBirthday="0" maxBirthday="0" accountDailyLimit="0" accountBuyLimit="0">
		<item itemId="23830" count="1" /> <!-- Mysterious Kamael Dye -->
	</item>
	<item id="1090957" cat="5" paymentType="0" price="90" panelType="0" recommended="0" startSale="315558000" endSale="2127452400" dayOfWeek="127" startHour="0" startMinute="0" stopHour="23" stopMinute="59" stock="-1" maxStock="-1" salePercent="0" minLevel="0" maxLevel="0" minBirthday="0" maxBirthday="0" accountDailyLimit="0" accountBuyLimit="0">
		<item itemId="23828" count="1" /> <!-- Mysterious Orc Dye -->
	</item>
</list>