<?xml version="1.0" encoding="UTF-8"?>
<list xmlns:xsi="http://www.w3.org/2001/XMLSchema-instance" xsi:noNamespaceSchemaLocation="xsd/SayuneData.xsd">
	<!-- Talking Island -> Ruins of Ye Sagira -->
	<map id="12">
		<loc id="0" x="-112860" y="256154" z="-1232" />
		<loc id="1" x="-113337" y="255468" z="-1064" />
		<loc id="2" x="-113486" y="254176" z="-1064" />
		<loc id="3" x="-114259" y="252583" z="-1536" />
		<loc id="4" x="-114192" y="249690" z="-1768" />
		<loc id="5" x="-114910" y="248363" z="-1896" />
		<loc id="6" x="-117316" y="246637" z="-2312" />
		<loc id="7" x="-116685" y="245179" z="-1944" />
		<loc id="8" x="-116402" y="243260" z="-1440" />
		<loc id="9" x="-116609" y="241530" z="-2568" />
		<loc id="10" x="-117165" y="239769" z="-2736" />
		<loc id="11" x="-116650" y="238339" z="-2472" />
		<loc id="12" x="-115737" y="236295" z="-3088" />
	</map>
	<!-- Magmeld -> Arms of Timinel/Deep inside Northen Fortress -->
	<map id="14">
		<selector id="0" x="205888" y="80560" z="1928">
			<!-- Down -->
			<choice id="-1" x="205564" y="80480" z="404" />
			<!-- Deep inside the Northern Forest -->
			<choice id="1" x="205324" y="77300" z="872">
				<loc id="2" x="203776" y="74224" z="832" />
				<loc id="3" x="205088" y="73600" z="1228" />
				<loc id="4" x="204828" y="71336" z="1312" />
				<loc id="-1" x="205536" y="71256" z="996" />
			</choice>
			<!-- Arms of Timiniel -->
			<choice id="5" x="207240" y="80900" z="608">
				<loc id="5" x="207240" y="80900" z="608" />
				<loc id="6" x="208432" y="80028" z="592" />
				<loc id="7" x="211104" y="80768" z="-112" />
				<loc id="8" x="212288" y="79124" z="496" />
				<loc id="9" x="213100" y="80004" z="1612" />
				<loc id="-1" x="213968" y="81232" z="816" />
			</choice>
		</selector>
	</map>
	<!-- Magmeld -> Arms of Timinel/Deep inside Southen forest -->
	<map id="15">
		<selector id="0" x="211952" y="82592" z="136">
			<!-- Down -->
			<choice id="-1" x="211952" y="82592" z="136" />
			<!-- Deep inside the Southern Forest -->
			<choice id="1" x="213604" y="81868" z="1836">
				<loc id="2" x="214112" y="85312" z="1440" />
				<loc id="3" x="214896" y="86480" z="1640" />
				<loc id="4" x="217584" y="87984" z="1332" />
				<loc id="5" x="219680" y="88000" z="1328" />
				<loc id="6" x="220976" y="88368" z="1088" />
				<loc id="7" x="222336" y="88288" z="1064" />
				<loc id="8" x="222448" y="88424" z="1584" />
				<loc id="-1" x="222064" y="88944" z="812" />
			</choice>
			<!-- Arms of Timiniel -->
			<choice id="9" x="213152" y="84496" z="980">
				<loc id="10" x="213604" y="81868" z="1836" />
				<loc id="-1" x="214032" y="81304" z="824" />
			</choice>
		</selector>
	</map>
	<!-- Arms of Timinel -> Magmeld 1 -->
	<map id="16">
		<loc id="1" x="211088" y="81056" z="112" />
		<loc id="2" x="209216" y="80240" z="-112" />
		<loc id="3" x="208512" y="79952" z="592" />
		<loc id="4" x="206336" y="80432" z="1604" />
		<loc id="-1" x="205264" y="80420" z="416" />
	</map>
	<!-- Arms of Timinel -> Magmeld 2 -->
	<map id="17">
		<loc id="1" x="213120" y="84432" z="944" />
		<loc id="2" x="212548" y="83588" z="544" />
		<loc id="3" x="211968" y="82880" z="960" />
		<loc id="-1" x="212096" y="82528" z="144" />
	</map>
	<!-- Garden of Genesis to East of the Garden/South of the Garden -->
	<map id="18">
		<selector id="0" x="207189" y="110330" z="-1147">
			<!-- Down -->
			<!-- East of the Garden -->
			<choice id="23" x="207786" y="109675" z="-1102">
				<loc id="1" x="208453" y="109434" z="-848" />
				<loc id="7" x="209457" y="108552" z="-1056" />
				<loc id="8" x="212654" y="108160" z="-1149" />
				<loc id="9" x="214113" y="108549" z="-1048" />
				<selector id="10" x="214113" y="108549" z="-1048">
					<!-- Fountain Garden -->
					<choice id="11" x="215489" y="107803" z="-1001">
						<loc id="11" x="217554" y="107266" z="-796" />
						<loc id="12" x="217768" y="107458" z="-1673" />
					</choice>
					<!-- Apherus Garden -->
					<choice id="13" x="214095" y="109218" z="-638">
						<loc id="13" x="213567" y="110362" z="-1055" />
						<loc id="14" x="214033" y="111348" z="-1253" />
						<selector id="15" x="214033" y="111348" z="-1253">
							<!-- Down -->
							<choice id="-1" x="214096" y="111164" z="-1679" />
							<!-- Apherus Garden -->
							<choice id="15" x="207786" y="109675" z="-1102">
								<loc id="15" x="216195" y="114178" z="-1162" />
								<loc id="16" x="217493" y="115253" z="-895" />
								<loc id="17" x="217662" y="115261" z="-1274" />
							</choice>
						</selector>
					</choice>
				</selector>
			</choice>
			<!-- South of the Garden -->
			<choice id="25" x="206864" y="111818" z="-1263">
				<loc id="25" x="206071" y="113246" z="-1128" />
				<loc id="2" x="205028" y="114828" z="-1292" />
				<selector id="3" x="205028" y="114828" z="-1292">
					<!-- Apherus Garden -->
					<choice id="4" x="206386" y="114871" z="-1242">
						<loc id="4" x="208298" y="115264" z="-1684" />
						<loc id="26" x="209494" y="115818" z="-1220" />
						<selector id="27" x="209494" y="115818" z="-1220">
							<!-- Down -->
							<choice id="-1" x="214096" y="111164" z="-1679" />
							<!-- Apherus Garden -->
							<choice id="19" x="210657" y="116738" z="-956">
								<loc id="19" x="211883" y="117085" z="-682" />
								<loc id="20" x="212718" y="117794" z="-1158" />
								<loc id="21" x="213693" y="119065" z="-897" />
								<loc id="22" x="213696" y="119227" z="-1274" />
							</choice>
						</selector>
					</choice>
					<!-- Angel Statue Garden -->
					<choice id="5" x="205124" y="116584" z="-1037">
						<loc id="5" x="205948" y="118978" z="-1224" />
						<loc id="6" x="205912" y="119379" z="-1673" />
					</choice>
				</selector>
			</choice>
		</selector>
	</map>
	<!-- Garden of Genesis -->
	<map id="19">
		<selector id="0" x="221411" y="119121" z="-2080">
			<!-- Apherus Garden -->
			<choice id="1" x="219722" y="119344" z="-1050">
				<loc id="2" x="215886" y="119357" z="-1060" />
				<loc id="3" x="213686" y="118012" z="-900" />
			</choice>
			<!-- Progress -->
			<choice id="4" x="219721" y="117432" z="-1191">
				<loc id="5" x="218586" y="116649" z="-909" />
				<selector id="6" x="218072" y="115261" z="-1341">
					<!-- Fountain Garden -->
					<choice id="7" x="218950" y="115019" z="-715">
						<loc id="8" x="219675" y="114155" z="-819" />
						<loc id="9" x="220943" y="113582" z="-1202" />
						<loc id="10" x="221489" y="111141" z="-1680" />
					</choice>
					<!-- Garden of Genesis Entrance -->
					<choice id="11" x="215865" y="114365" z="-342">
						<loc id="12" x="215148" y="113648" z="-490" />
						<loc id="13" x="214493" y="112627" z="-40" />
						<loc id="14" x="211524" y="111880" z="-1136" />
						<loc id="15" x="209650" y="112165" z="-1474" />
						<loc id="16" x="207541" y="112487" z="-1807" />
						<loc id="17" x="207548" y="112163" z="-2060" />
					</choice>
				</selector>
			</choice>
		</selector>
	</map>
	<!-- Ye Sigira -> Talking Island -->
	<map id="20">
		<loc id="1" x="-115382" y="228370" z="-2688" />
		<loc id="2" x="-115677" y="230311" z="-3592" />
		<loc id="3" x="-115470" y="232174" z="-3120" />
		<loc id="4" x="-115605" y="234757" z="-2824" />
		<loc id="5" x="-114147" y="236166" z="-2912" />
		<loc id="6" x="-112827" y="237548" z="-2776" />
		<loc id="7" x="-112374" y="237981" z="-2664" />
		<loc id="8" x="-111860" y="239665" z="-2920" />
		<loc id="9" x="-110831" y="241012" z="-2744" />
		<loc id="10" x="-110581" y="242703" z="-2408" />
		<loc id="11" x="-110901" y="243271" z="-2008" />
		<loc id="12" x="-110839" y="244080" z="-1560" />
		<loc id="13" x="-111069" y="245466" z="-1880" />
		<loc id="14" x="-111952" y="247788" z="-1984" />
		<loc id="15" x="-112756" y="249137" z="-1784" />
		<loc id="16" x="-113540" y="253377" z="-1208" />
		<loc id="17" x="-113501" y="254172" z="-1200" />
		<loc id="18" x="-113124" y="255947" z="-1136" />
		<loc id="-1" x="-113372" y="256444" z="-1504" />
	</map>
	<!-- Bloody swamp -> Swamp/Altar -->
	<map id="21">
		<selector id="0" x="-15778" y="30638" z="-3616">
			<!-- Down -->
			<choice id="-1" x="-15778" y="30638" z="-3616" />
			<!-- Swamp -->
			<choice id="1" x="-15076" y="32311" z="-3560">
				<loc id="2" x="-14569" y="33547" z="-3504" />
				<loc id="3" x="-13977" y="36452" z="-1251" />
				<loc id="4" x="-15379" y="38120" z="-3648" />
				<loc id="5" x="-14032" y="41275" z="-3704" />
				<loc id="6" x="-14602" y="43737" z="-3584" />
				<loc id="7" x="-14602" y="43737" z="-3584" />
			</choice>
			<!-- Altar -->
			<choice id="7" x="-14368" y="25609" z="-3592">
				<loc id="9" x="-15510" y="23868" z="-3712" />
				<loc id="10" x="-16195" y="22424" z="-3696" />
				<loc id="11" x="-13982" y="22124" z="-3616" />
				<loc id="12" x="-13982" y="22124" z="-3616" />
			</choice>
		</selector>
	</map>
	<map id="24">
		<!-- Top Floor of the Fortress -->
		<selector id="0" x="47045" y="154393" z="-1941">
			<!-- Down -->
			<choice id="-1" x="46891" y="154392" z="-1928" />
			<choice id="1" x="46455" y="156097" z="-864">
				<loc id="2" x="45213" y="157407" z="-864" />
				<loc id="3" x="44882" y="156814" z="-1048" />
				<loc id="31" x="44882" y="156814" z="-1048" />
			</choice>
		</selector>
	</map>
	<!-- Guillotine Fortress -->
	<map id="25">
		<loc id="0" x="45531" y="154481" z="-864" />
		<loc id="1" x="43293" y="153730" z="-1520" />
		<loc id="2" x="43679" y="152511" z="-1936" />
	</map>
	<!-- Guillotine Fortress -->
	<map id="26">
		<loc id="0" x="41350" y="142449" z="-2288" />
		<loc id="1" x="40307" y="139914" z="-1928" />
		<loc id="2" x="40816" y="138463" z="-1232" />
		<loc id="3" x="41264" y="139373" z="-1280" />
		<loc id="4" x="43048" y="138903" z="-1280" />
		<loc id="5" x="42845" y="139463" z="-1464" />
	</map>
	<!-- Dion -->
	<map id="27">
		<selector id="0" x="15755" y="143045" z="-2696">
			<choice id="-1" x="15755" y="143045" z="-2696" />
			<!-- Guillotine West Gate -->
			<choice id="1" x="16113" y="142617" z="-2336">
				<loc id="1" x="16113" y="142617" z="-2336" />
				<loc id="2" x="19629" y="143349" z="-2728" />
				<loc id="3" x="24557" y="142920" z="-2848" />
				<loc id="4" x="26465" y="143645" z="-2592" />
				<loc id="5" x="27431" y="144696" z="-2664" />
				<loc id="6" x="29360" y="146178" z="-2288" />
				<loc id="7" x="33206" y="144729" z="-3408" />
				<loc id="8" x="33206" y="144729" z="-3408" />
			</choice>
			<!-- Guillotine North Gate -->
			<choice id="9" x="19583" y="144840" z="-2672">
				<loc id="10" x="20292" y="143878" z="-2776" />
				<loc id="11" x="20877" y="144338" z="-2632" />
				<loc id="12" x="21374" y="143669" z="-2936" />
				<loc id="13" x="22302" y="139026" z="-3376" />
				<loc id="14" x="23489" y="136897" z="-3192" />
				<loc id="15" x="26637" y="137534" z="-3192" />
				<loc id="16" x="27631" y="134332" z="-2568" />
				<loc id="17" x="28642" y="133682" z="-2616" />
				<loc id="18" x="30860" y="134905" z="-3088" />
				<loc id="19" x="31406" y="133822" z="-3080" />
				<loc id="20" x="31546" y="133000" z="-3112" />
				<loc id="21" x="32056" y="133043" z="-2936" />
				<loc id="22" x="34572" y="132706" z="-2904" />
				<loc id="23" x="37324" y="131962" z="-2912" />
				<loc id="24" x="40739" y="129898" z="-2912" />
				<loc id="25" x="46737" y="132039" z="-3224" />
				<loc id="26" x="50467" y="133963" z="-1952" />
				<loc id="27" x="54118" y="135247" z="-1376" />
				<loc id="28" x="54477" y="138044" z="-2536" />
				<loc id="29" x="54477" y="138044" z="-2536" />
			</choice>
		</selector>
	</map>
	<!-- North of the Town of Aden -->
	<map id="28">
		<loc id="0" x="145855" y="20160" z="-1197" />
		<loc id="1" x="147434" y="23748" z="-568" />
		<selector id="2" x="147455" y="25104" z="-568">
			<!-- West of the Town of Aden -->
			<choice id="3" x="146063" y="27140" z="-1552">
				<loc id="4" x="143409" y="25560" z="-1392" />
				<loc id="5" x="140277" y="25564" z="-2240" />
				<loc id="6" x="140277" y="25564" z="-2240" />
			</choice>
			<!-- East of the Town of Aden -->
			<choice id="7" x="148859" y="27169" z="-1552">
				<loc id="8" x="151492" y="26898" z="-1248" />
				<loc id="9" x="152799" y="25529" z="-2144" />
				<loc id="10" x="152799" y="25529" z="-2144" />
			</choice>
		</selector>
	</map>
	<!-- East of the Town of Aden -->
	<map id="29">
		<loc id="0" x="151215" y="23809" z="-1256" />
		<selector id="1" x="149513" y="24697" z="-1320">
			<!-- West of the Town of Aden -->
			<choice id="2" x="147930" y="26384" z="-1288">
				<loc id="3" x="146986" y="26402" z="-1288" />
				<loc id="4" x="145708" y="25394" z="-1512" />
				<loc id="5" x="143266" y="25584" z="-1392" />
				<loc id="6" x="142081" y="24439" z="-2240" />
				<loc id="7" x="142081" y="24439" z="-2240" />
			</choice>
			<!-- North of the Town of Aden -->
			<choice id="8" x="148110" y="23755" z="-568">
				<loc id="9" x="148510" y="20262" z="-1200" />
				<loc id="10" x="149000" y="16754" z="-1528" />
				<loc id="11" x="149000" y="16754" z="-1528" />
			</choice>
		</selector>
	</map>
	<!-- West of the Town of Aden -->
	<map id="30">
		<loc id="0" x="143390" y="25209" z="-1512" />
		<selector id="1" x="146043" y="26667" z="-1552">
			<!-- East of the Town of Aden -->
			<choice id="2" x="148853" y="27622" z="-1088">
				<loc id="3" x="151261" y="26957" z="-1240" />
				<loc id="4" x="153312" y="24995" z="-2112" />
				<loc id="5" x="153312" y="24995" z="-2112" />
			</choice>
			<!-- North of the Town of Aden -->
			<choice id="6" x="146327" y="24394" z="-2008">
				<loc id="7" x="145825" y="22984" z="-1384" />
				<loc id="8" x="146174" y="20168" z="-1200" />
				<loc id="9" x="145943" y="16913" z="-1568" />
				<loc id="10" x="145943" y="16913" z="-1568" />
			</choice>
		</selector>
	</map>
	<map id="31">
		<loc id="0" x="27814" y="-49529" z="-1152" />
		<loc id="1" x="26936" y="-51106" z="-1080" />
		<loc id="2" x="23112" y="-50806" z="-1560" />
		<loc id="3" x="22582" y="-50670" z="-1256" />
		<selector id="4" x="22582" y="-50670" z="-1256">
			<!-- 1st Street of Rune Castle -->
			<choice id="5" x="21589" y="-50691" z="-912">
				<loc id="51" x="21929" y="-50451" z="-1296" />
			</choice>
			<!-- 2nd Street of Rune Castle -->
			<choice id="6" x="22555" y="-48888" z="-1142">
				<loc id="61" x="21900" y="-47875" z="-1296" />
			</choice>
		</selector>
	</map>
	<map id="32">
		<loc id="0" x="22562" y="-50147" z="-1256" />
		<loc id="1" x="22228" y="-50718" z="-904" />
		<loc id="2" x="24093" y="-49345" z="-1128" />
		<loc id="3" x="26957" y="-49328" z="-1112" />
		<selector id="4" x="26957" y="-49328" z="-1112">
			<!-- 1st Street of Rune Castle Outskirts -->
			<choice id="5" x="27314" y="-51562" z="-1352">
				<loc id="51" x="27314" y="-51562" z="-1352" />
			</choice>
			<!-- 2nd Street of Rune Castle Outskirts -->
			<choice id="6" x="28697" y="-48710" z="-1352">
				<loc id="61" x="28697" y="-48710" z="-1352" />
			</choice>
		</selector>
	</map>
	<map id="33">
		<loc id="0" x="39753" y="-52598" z="-800" />
		<loc id="1" x="37910" y="-52776" z="-976" />
		<loc id="2" x="35820" y="-51690" z="-1056" />
		<loc id="3" x="34411" y="-53193" z="-1208" />
		<loc id="4" x="33209" y="-50683" z="-392" />
		<loc id="5" x="31584" y="-50164" z="-608" />
		<selector id="6" x="31584" y="-50164" z="-608">
			<!-- 2nd Street of Rune Castle Outskirts -->
			<choice id="7" x="28992" y="-48644" z="-1336">
				<loc id="71" x="28992" y="-48644" z="-1336" />
			</choice>
			<!-- 1st Street of Rune Castle Outskirts -->
			<choice id="8" x="27762" y="-50166" z="-1304">
				<loc id="81" x="27762" y="-50166" z="-1304" />
			</choice>
		</selector>
	</map>
	<map id="34">
		<selector id="0" x="83963" y="147718" z="-3409">
			<!-- Down -->
			<choice id="-1" x="83951" y="147548" z="-3400" />
			<!-- Guillotine East Gate -->
			<choice id="1" x="81756" y="148447" z="-3136">
				<loc id="2" x="80668" y="148470" z="-2952" />
				<loc id="3" x="78580" y="148107" z="-2448" />
				<loc id="4" x="75786" y="150098" z="-2976" />
				<loc id="5" x="73158" y="151248" z="-2400" />
				<loc id="6" x="74529" y="154253" z="-2272" />
				<loc id="7" x="69588" y="153160" z="-2096" />
				<loc id="8" x="61029" y="156010" z="-1776" />
				<loc id="9" x="59874" y="154371" z="-2640" />
				<loc id="91" x="59874" y="154371" z="-2640" />
			</choice>
			<!-- Guillotine North Gate -->
			<choice id="10" x="82884" y="146666" z="-2936">
				<loc id="11" x="82054" y="145324" z="-2384" />
				<loc id="12" x="79742" y="145440" z="-2880" />
				<loc id="13" x="77639" y="143755" z="-3376" />
				<loc id="14" x="75335" y="142661" z="-3608" />
				<loc id="15" x="73213" y="141394" z="-3528" />
				<loc id="16" x="71292" y="141068" z="-3120" />
				<loc id="17" x="66851" y="138289" z="-2520" />
				<loc id="18" x="60557" y="131728" z="-1616" />
				<loc id="19" x="54395" y="137376" z="-2592" />
				<loc id="20" x="54395" y="137376" z="-2592" />
			</choice>
		</selector>
	</map>
	<map id="35">
		<selector id="0" x="49082" y="142607" z="-3662">
			<!-- Down -->
			<choice id="-1" x="48953" y="142850" z="-3680" />
			<choice id="1" x="48767" y="139432" z="-2048">
				<loc id="2" x="49425" y="140227" z="-2920" />
				<loc id="21" x="49425" y="140227" z="-2920" />
			</choice>
		</selector>
	</map>
	<map id="36">
		<selector id="0" x="50802" y="152846" z="-3552">
			<!-- Down -->
			<choice id="-1" x="50498" y="152819" z="-3568" />
			<choice id="1" x="51559" y="155203" z="-1840">
				<loc id="2" x="50051" y="155608" z="-2744" />
				<loc id="21" x="50051" y="155608" z="-2744" />
			</choice>
		</selector>
	</map>
	<!-- Central Checkpoint -->
	<map id="37">
		<loc id="0" x="-95038" y="52056" z="-2024" />
		<loc id="1" x="-75139" y="53139" z="-3294" />
		<loc id="2" x="-79083" y="53685" z="-2358" />
		<loc id="3" x="-80747" y="49481" z="-2224" />
		<loc id="4" x="-85144" y="51243" z="-1702" />
		<loc id="5" x="-89440" y="47840" z="-1232" />
		<loc id="6" x="-90958" y="45561" z="-2722" />
	</map>
	<map id="38">
		<selector id="0" x="-86059" y="37025" z="-2053">
			<!-- Down -->
			<choice id="-1" x="-86075" y="36737" z="-2053" />
			<!-- Isle of Souls Harbor -->
			<choice id="1" x="-84946" y="39482" z="-1353">
				<loc id="2" x="-82173" y="40927" z="-1917" />
				<loc id="3" x="-75310" y="43052" z="-1670" />
				<loc id="4" x="-73580" y="46015" z="-2677" />
				<loc id="5" x="-73919" y="47882" z="-2677" />
				<loc id="6" x="-74701" y="50543" z="-3285" />
				<loc id="7" x="-74332" y="51980" z="-2985" />
				<loc id="71" x="-74569" y="53397" z="-3680" />
			</choice>
			<!-- Mimir's Forest Center -->
			<choice id="8" x="-86588" y="36944" z="-1680">
				<loc id="9" x="-89148" y="38128" z="-1548" />
				<loc id="10" x="-91136" y="41824" z="-1280" />
				<loc id="11" x="-93088" y="41632" z="-1016" />
				<loc id="12" x="-99536" y="43328" z="-472" />
				<loc id="13" x="-102824" y="41832" z="-1232" />
				<loc id="14" x="-102468" y="41696" z="-2092" />
			</choice>
		</selector>
	</map>
	<!-- Stronghold II -> Soul Island Harbor -->
	<map id="39">
		<selector id="0" x="-95038" y="52056" z="-2024">
			<!-- Down -->
			<choice id="-1" x="-95273" y="52059" z="-2025" />
			<!-- Harbor to the Isle of Souls -->
			<choice id="1" x="-92585" y="52596" z="-1529">
				<loc id="2" x="-89465" y="51188" z="-2105" />
				<loc id="3" x="-85716" y="52123" z="-1496" />
				<loc id="4" x="-79081" y="53684" z="-2361" />
				<loc id="5" x="-75129" y="53060" z="-3289" />
				<loc id="51" x="-74720" y="53302" z="-3680" />
			</choice>
			<!-- Stronghold II Checkpoint -->
			<choice id="6" x="-96003" y="48814" z="-1024">
				<loc id="7" x="-99856" y="48672" z="-1344" />
				<loc id="8" x="-101760" y="50208" z="-1404" />
				<loc id="9" x="-105211" y="49148" z="-885" />
				<loc id="91" x="-105029" y="49575" z="-1792" />
			</choice>
		</selector>
	</map>
	<!-- Kamael Village -->
	<map id="40">
		<loc id="0" x="-92115" y="45043" z="-1449" />
		<loc id="1" x="-95692" y="46620" z="-1180" />
		<loc id="2" x="-100557" y="45170" z="-338" />
		<loc id="3" x="-102453" y="45504" z="108" />
		<loc id="4" x="-107755" y="46119" z="-480" />
		<loc id="5" x="-110482" y="48160" z="-87" />
		<loc id="6" x="-114240" y="51312" z="1616" />
		<loc id="7" x="-116400" y="48016" z="688" />
		<loc id="8" x="-116957" y="46724" z="363" />
	</map>
	<map id="41">
		<selector id="0" x="20708" y="-130552" z="-844">
			<!-- Down -->
			<choice id="-1" x="20384" y="-129596" z="-1720" />
			<!-- Rightward Outpost -->
			<choice id="1" x="22125" y="-135468" z="299">
				<loc id="2" x="21033" y="-138123" z="-80" />
				<loc id="3" x="21000" y="-141109" z="334" />
				<loc id="4" x="20211" y="-143912" z="458" />
				<loc id="5" x="17827" y="-145369" z="-601" />
			</choice>
			<!-- Leftward Outpost -->
			<choice id="6" x="15572" y="-133816" z="-1248">
				<loc id="7" x="13111" y="-134227" z="-345" />
				<loc id="8" x="11211" y="-135335" z="-279" />
				<loc id="9" x="8482" y="-137258" z="-712" />
				<loc id="10" x="7102" y="-139278" z="226" />
				<loc id="11" x="5878" y="-141731" z="-99" />
				<loc id="12" x="6268" y="-143087" z="-598" />
			</choice>
		</selector>
	</map>
	<map id="42">
		<selector id="0" x="15311" y="-120704" z="-178">
			<!-- Down -->
			<choice id="-1" x="15264" y="-120144" z="-1112" />
			<!-- Raider's Crossroads -->
			<choice id="1" x="17944" y="-121144" z="-36">
				<loc id="2" x="20096" y="-122968" z="-88" />
				<loc id="3" x="20736" y="-126328" z="-452" />
				<loc id="4" x="21964" y="-129124" z="-764" />
				<loc id="5" x="21138" y="-130316" z="-784" />
				<loc id="51" x="20384" y="-129596" z="-1720" />
			</choice>
			<!-- Land of Chaos -->
			<choice id="6" x="10161" y="-118838" z="-671">
				<loc id="7" x="6158" y="-117357" z="-767" />
				<loc id="8" x="1297" y="-119818" z="1674" />
				<loc id="9" x="-2333" y="-120098" z="-1781" />
				<loc id="10" x="-9817" y="-115840" z="-1704" />
				<loc id="11" x="-11212" y="-117121" z="-2049" />
				<loc id="12" x="-14434" y="-113000" z="-2780" />
				<loc id="13" x="-22979" y="-111601" z="-2500" />
				<loc id="14" x="-26288" y="-106295" z="-1713" />
				<loc id="15" x="-26818" y="-107737" z="-1968" />
			</choice>
		</selector>
	</map>
	<map id="43">
		<!-- Land of Chaos to Leftward Outpost/Rightward Outpost -->
		<selector id="0" x="-26686" y="-107680" z="-1976">
			<!-- Down -->
			<choice id="-1" x="-26818" y="-107737" z="-1968" />
			<!-- Leftward Outpost -->
			<choice id="1" x="-30099" y="-124846" z="-1184">
				<loc id="3" x="-18988" y="-116596" z="889" />
				<loc id="-1" x="-30932" y="-124751" z="-1882" />
			</choice>
			<!-- Rightward Outpost -->
			<choice id="2" x="-11223" y="-117210" z="2053">
				<loc id="3" x="-18988" y="-116596" z="889" />
				<loc id="-1" x="-11182" y="-117453" z="-3131" />
			</choice>
		</selector>
	</map>
	<map id="44">
		<selector id="0" x="-25343" y="254448" z="-2200">
			<!-- Down -->
			<choice id="-1" x="-25288" y="254548" z="-2200" />
			<!-- Beleth's Magic Circle / Desert Quarry -->
			<choice id="1" x="-25889" y="253399" z="-1664">
				<loc id="1" x="-24198" y="250635" z="-2888" />
				<loc id="2" x="-23957" y="248986" z="-2728" />
				<loc id="3" x="-22615" y="247526" z="-2456" />
				<loc id="4" x="-21101" y="246229" z="-1544" />
				<selector id="5" x="-22572" y="244798" z="-1984">
					<!-- Beleth's Magic Circle -->
					<choice id="6" x="-22572" y="244798" z="-1984">
						<loc id="7" x="-21624" y="242909" z="-3144" />
					</choice>
					<!-- Desert Quarry -->
					<choice id="8" x="-19367" y="245501" z="-728">
						<loc id="9" x="-16448" y="244901" z="224" />
						<loc id="10" x="-13784" y="245750" z="1944" />
						<loc id="11" x="-9962" y="244105" z="328" />
						<loc id="12" x="-8417" y="241208" z="-887" />
						<loc id="121" x="-9209" y="241301" z="-1968" />
					</choice>
				</selector>
			</choice>
			<!-- Phantasmal Ridge -->
			<choice id="13" x="-24676" y="256516" z="-1616">
				<loc id="14" x="-23472" y="255040" z="-2388" />
				<loc id="15" x="-19786" y="253847" z="-2824" />
				<loc id="16" x="-18344" y="254697" z="-2736" />
				<loc id="17" x="-16171" y="253571" z="-2928" />
				<loc id="18" x="-15214" y="252636" z="-3432" />
				<loc id="19" x="-15214" y="252636" z="-3432" />
			</choice>
		</selector>
	</map>
	<!-- Keucereus Alliance Base -->
	<map id="45">
		<loc id="0" x="-184988" y="242842" z="2331" />
		<loc id="1" x="-186018" y="243468" z="2657" />
		<loc id="2" x="-186470" y="243500" z="2618" />
	</map>
	<!-- Dimensional Wrap Stage 1 -> 2 -->
	<map id="46">
		<loc id="1" x="-209809" y="239024" z="1560" />
		<loc id="2" x="-210349" y="240190" z="1136" />
	</map>
	<!-- Dimensional Wrap Stage 2 -> 3 -->
	<map id="47">
		<loc id="1" x="-213737" y="238586" z="1596" />
		<loc id="2" x="-214526" y="238900" z="1584" />
	</map>
	<!-- Dimensional Wrap Stage 3 -> 4 -->
	<map id="48">
		<loc id="1" x="-218797" y="240326" z="2670" />
		<loc id="2" x="-218050" y="241346" z="2248" />
	</map>
	<!-- Dimensional Wrap Stage 4 -> 5 -->
	<map id="49">
		<loc id="1" x="-222958" y="241121" z="2386" />
		<loc id="2" x="-219093" y="243874" z="2728" />
	</map>
	<!-- Dimensional Wrap Stage 5 -> 6 -->
	<map id="50">
		<loc id="1" x="-219640" y="247868" z="3496" />
		<loc id="2" x="-219544" y="248776" z="3360" />
	</map>
	<!-- Dimensional Wrap Stage 6 -> 7 -->
	<map id="51">
		<loc id="1" x="-216513" y="251722" z="4527" />
		<loc id="2" x="-215980" y="250563" z="4104" />
	</map>
	<!-- Dimensional Wrap Stage 7 -> 8 -->
	<map id="52">
		<loc id="1" x="-212680" y="251576" z="4680" />
		<loc id="2" x="-211773" y="251821" z="4552" />
	</map>
	<!-- Dimensional Wrap Stage 8 -> 9 -->
	<map id="53">
		<loc id="1" x="-207533" y="250419" z="5639" />
		<loc id="2" x="-208286" y="249412" z="5216" />
	</map>
	<!-- Dimensional Wrap Stage 9 -> 10 -->
	<map id="54">
		<loc id="1" x="-204970" y="248587" z="6592" />
		<loc id="2" x="-206980" y="246782" z="5696" />
	</map>
	<!-- Dimensional Wrap Stage 10 -> 11 -->
	<map id="55">
		<loc id="1" x="-206220" y="242808" z="6656" />
		<loc id="2" x="-206756" y="242009" z="6584" />
	</map>
	<!-- Dimensional Wrap Stage 11 -> 12 -->
	<map id="56">
		<loc id="1" x="-209814" y="239040" z="7752" />
		<loc id="2" x="-210343" y="240201" z="7328" />
	</map>
	<!-- Dimensional Wrap Stage 12 -> 13 -->
	<map id="57">
		<loc id="1" x="-213566" y="238711" z="7848" />
		<loc id="2" x="-214510" y="238914" z="7776" />
	</map>
	<!-- Dimensional Wrap Stage 13 -> 14 -->
	<map id="58">
		<loc id="1" x="-218793" y="240333" z="8860" />
		<loc id="2" x="-218034" y="241333" z="8440" />
	</map>
	<!-- Dimensional Wrap Stage 14 -> 15 -->
	<map id="59">
		<loc id="1" x="-218699" y="242596" z="8859" />
		<loc id="2" x="-219093" y="243899" z="8912" />
	</map>
	<!-- Dimensional Wrap Stage 15 -> 16 -->
	<map id="60">
		<loc id="1" x="-220117" y="247939" z="9954" />
		<loc id="2" x="-219563" y="248742" z="9880" />
	</map>
	<!-- Dimensional Wrap Stage 16 -> 17 -->
	<map id="61">
		<loc id="1" x="-216516" y="251710" z="11052" />
		<loc id="2" x="-215980" y="250563" z="10624" />
	</map>
	<!-- Dimensional Wrap Stage 17 -> 18 -->
	<map id="62">
		<loc id="1" x="-212765" y="252033" z="11144" />
		<loc id="2" x="-211808" y="251842" z="11072" />
	</map>
	<!-- Dimensional Wrap Stage 18 -> 19 -->
	<map id="63">
		<loc id="1" x="-207530" y="250423" z="12159" />
		<loc id="2" x="-208304" y="249410" z="11736" />
	</map>
	<!-- Dimensional Wrap Stage 19 -> 20 -->
	<map id="64">
		<loc id="1" x="-207627" y="248155" z="12155" />
		<loc id="2" x="-206945" y="246788" z="12213" />
	</map>
	<!-- Dimensional Wrap Stage 21 -> 22 -->
	<map id="65">
		<loc id="1" x="-79225" y="-218779" z="5176" />
		<loc id="2" x="-79748" y="-217616" z="4760" />
	</map>
	<!-- Dimensional Wrap Stage 22 -> 23 -->
	<map id="66">
		<loc id="1" x="-82213" y="-219036" z="5280" />
		<loc id="2" x="-83169" y="-218823" z="5208" />
	</map>
	<!-- Dimensional Wrap Stage 23 -> 24 -->
	<map id="67">
		<loc id="1" x="-86907" y="-218255" z="6290" />
		<loc id="2" x="-86150" y="-217250" z="5872" />
	</map>
	<!-- Dimensional Wrap Stage 24 -> 25 -->
	<map id="68">
		<loc id="1" x="-86810" y="-215997" z="6296" />
		<loc id="2" x="-86570" y="-214902" z="6344" />
	</map>
	<!-- Dimensional Wrap Stage 25 -> 26 -->
	<map id="69">
		<loc id="1" x="-87748" y="-210937" z="7055" />
		<loc id="2" x="-87191" y="-210129" z="6984" />
	</map>
	<!-- Dimensional Wrap Stage 26 -> 27 -->
	<map id="70">
		<loc id="1" x="-84473" y="-207277" z="8145" />
		<loc id="2" x="-83950" y="-208428" z="7728" />
	</map>
	<!-- Dimensional Wrap Stage 27 -> 28 -->
	<map id="71">
		<loc id="1" x="-81572" y="-207061" z="8248" />
		<loc id="2" x="-80608" y="-207264" z="8176" />
	</map>
	<!-- Dimensional Wrap Stage 28 -> 29 -->
	<map id="72">
		<loc id="1" x="-76906" y="-208670" z="9255" />
		<loc id="2" x="-77674" y="-209675" z="8840" />
	</map>
	<!-- Dimensional Wrap Stage 29 -> 30 -->
	<map id="73">
		<loc id="1" x="-77002" y="-210933" z="9256" />
		<loc id="2" x="-77231" y="-212044" z="9312" />
	</map>
	<!-- Dimensional Wrap Stage 30 -> 31 -->
	<map id="74">
		<loc id="1" x="-76000" y="-215820" z="10280" />
		<loc id="2" x="-76542" y="-216618" z="10200" />
	</map>
	<!-- Dimensional Wrap Stage 31 -> 32 -->
	<map id="75">
		<loc id="1" x="-79225" y="-218778" z="11366" />
		<loc id="2" x="-79754" y="-217624" z="10952" />
	</map>
	<!-- Dimensional Wrap Stage 32 -> 33 -->
	<map id="76">
		<loc id="1" x="-82216" y="-219042" z="11468" />
		<loc id="2" x="-83160" y="-218833" z="11392" />
	</map>
	<!-- Dimensional Wrap Stage 33 -> 34 -->
	<map id="77">
		<loc id="1" x="-86920" y="-218259" z="12474" />
		<loc id="2" x="-86158" y="-217262" z="12058" />
	</map>
	<!-- Dimensional Wrap Stage 34 -> 35 -->
	<map id="78">
		<loc id="1" x="-86692" y="-216159" z="12480" />
		<loc id="2" x="-86572" y="-214918" z="12536" />
	</map>
	<!-- Ecnahnted Valley to East/West Enchanted Valley Side -->
	<map id="79">
		<selector id="0" x="113562" y="46888" z="-4640">
			<!-- Down -->
			<choice id="-1" x="113462" y="46688" z="-4640" />
			<!-- Western Enchanted Valley -->
			<choice id="2" x="111830" y="45893" z="-2984">
				<loc id="3" x="111441" y="45541" z="-3114" />
			</choice>
			<!-- Eastern Enchanted Valley -->
			<choice id="4" x="115268" y="45368" z="-2908">
				<loc id="5" x="115143" y="44419" z="-3425" />
			</choice>
		</selector>
	</map>
	<!-- Atelia Fortress -> Blackbird Campsite -->
	<map id="80">
		<loc id="1" x="-36281" y="38926" z="-1688" />
		<loc id="2" x="-36580" y="41409" z="-1544" />
		<loc id="3" x="-36580" y="44510" z="-1472" />
		<loc id="4" x="-36490" y="50615" z="-1640" />
		<loc id="5" x="-37214" y="53171" z="-1632" />
		<loc id="6" x="-40772" y="58278" z="-1976" />
		<loc id="7" x="-43043" y="62339" z="-2936" />
		<loc id="8" x="-48074" y="66769" z="-3240" />
		<loc id="9" x="-48221" y="69489" z="-3080" />
	</map>
	<!-- Garden of Spirits -> Blackbird Campsite -->
	<map id="81">
		<loc id="1" x="-62157" y="81672" z="-2720" />
		<loc id="2" x="-59333" y="79093" z="-3416" />
		<loc id="3" x="-55950" y="78595" z="-3088" />
		<loc id="4" x="-51959" y="75811" z="-2944" />
		<loc id="5" x="-49004" y="74529" z="-2872" />
		<loc id="6" x="-48221" y="69489" z="-3080" />
	</map>
	<map id="82">
		<loc id="0" x="80955" y="154011" z="1286" />
		<selector id="1" x="80955" y="154011" z="1286">
			<!-- Superion Starboard -->
			<choice id="2" x="81829" y="153667" z="1160">
				<loc id="3" x="82702" y="154180" z="458" />
			</choice>
			<!-- Superion Port -->
			<choice id="4" x="80962" y="154958" z="1160">
				<loc id="5" x="81728" y="155557" z="458" />
			</choice>
		</selector>
	</map>
	<map id="83">
		<loc id="1" x="81829" y="153667" z="1160" />
		<loc id="2" x="80955" y="154011" z="1286" />
		<loc id="3" x="81270" y="153352" z="1286" />
		<loc id="4" x="80872" y="153230" z="2312" />
		<loc id="5" x="80751" y="153065" z="2240" />
	</map>
	<map id="84">
		<loc id="1" x="80962" y="154958" z="1160" />
		<loc id="2" x="80955" y="154011" z="1286" />
		<loc id="3" x="80872" y="153230" z="2312" />
		<loc id="4" x="80751" y="153065" z="2240" />
	</map>
	<!-- Superion -> Helios -->
	<map id="85">
		<loc id="1" x="83472" y="153612" z="2059" />
		<loc id="2" x="82743" y="157672" z="2532" />
		<loc id="3" x="88319" y="154802" z="3964" />
		<loc id="4" x="86793" y="160770" z="4693" />
		<loc id="5" x="89510" y="159725" z="3542" />
	</map>
</list>