<?xml version="1.0" encoding="UTF-8"?>
<list xmlns:xsi="http://www.w3.org/2001/XMLSchema-instance" xsi:noNamespaceSchemaLocation="xsd/SymbolSealData.xsd">
	<class id="148"> <!-- Sigel Phoenix Knight -->
		<symbol id="1" skillId="35410" />
		<symbol id="2" skillId="35446" />
		<symbol id="3" skillId="35482" />
	</class>
	<class id="149"> <!-- Sigel Hell Knight -->
		<symbol id="1" skillId="35411" />
		<symbol id="2" skillId="35447" />
		<symbol id="3" skillId="35483" />
	</class>
	<class id="150"> <!-- Sigel Eva's Templar -->
		<symbol id="1" skillId="35419" />
		<symbol id="2" skillId="35455" />
		<symbol id="3" skillId="35491" />
	</class>
	<class id="151"> <!-- Sigel Shillien Templar -->
		<symbol id="1" skillId="35426" />
		<symbol id="2" skillId="35462" />
		<symbol id="3" skillId="35498" />
	</class>
	<class id="152"> <!-- Tyrr Duelist -->
		<symbol id="1" skillId="35408" />
		<symbol id="2" skillId="35444" />
		<symbol id="3" skillId="35480" />
	</class>
	<class id="153"> <!-- Tyrr Dreadnought -->
		<symbol id="1" skillId="35409" />
		<symbol id="2" skillId="35445" />
		<symbol id="3" skillId="35481" />
	</class>
	<class id="154"> <!-- Tyrr Titan -->
		<symbol id="1" skillId="35433" />
		<symbol id="2" skillId="35469" />
		<symbol id="3" skillId="35505" />
	</class>
	<class id="155"> <!-- Tyrr Grand Khavatari -->
		<symbol id="1" skillId="35434" />
		<symbol id="2" skillId="35470" />
		<symbol id="3" skillId="35506" />
	</class>
	<class id="156"> <!-- Tyrr Maestro -->
		<symbol id="1" skillId="35438" />
		<symbol id="2" skillId="35474" />
		<symbol id="3" skillId="35510" />
	</class>
	<class id="157"> <!-- Tyrr Doombringer -->
		<symbol id="1" skillId="35439" />
		<symbol id="2" skillId="35475" />
		<symbol id="3" skillId="35511" />
	</class>
	<class id="158"> <!-- Othell Adventurer -->
		<symbol id="1" skillId="35412" />
		<symbol id="2" skillId="35448" />
		<symbol id="3" skillId="35484" />
	</class>
	<class id="159"> <!-- Othell Wind Rider -->
		<symbol id="1" skillId="35413" />
		<symbol id="2" skillId="35449" />
		<symbol id="3" skillId="35493" />
	</class>
	<class id="160"> <!-- Othell Ghost Hunter -->
		<symbol id="1" skillId="35421" />
		<symbol id="2" skillId="35457" />
		<symbol id="3" skillId="35500" />
	</class>
	<class id="161"> <!-- Othell Fortune Seeker -->
		<symbol id="1" skillId="35422" />
		<symbol id="2" skillId="35458" />
		<symbol id="3" skillId="35509" />
	</class>
	<class id="162"> <!-- Yul Sagittarius -->
		<symbol id="1" skillId="35428" />
		<symbol id="2" skillId="35464" />
		<symbol id="3" skillId="35485" />
	</class>
	<class id="163"> <!-- Yul Moonlight Sentinel -->
		<symbol id="1" skillId="35429" />
		<symbol id="2" skillId="35465" />
		<symbol id="3" skillId="35494" />
	</class>
	<class id="164"> <!-- Yul Ghost Sentinel -->
		<symbol id="1" skillId="35437" />
		<symbol id="2" skillId="35473" />
		<symbol id="3" skillId="35501" />
	</class>
	<class id="165"> <!-- Yul Trickster -->
		<symbol id="1" skillId="35441" />
		<symbol id="2" skillId="35477" />
		<symbol id="3" skillId="35513" />
	</class>
	<class id="166"> <!-- Feoh Archmage -->
		<symbol id="1" skillId="35414" />
		<symbol id="2" skillId="35450" />
		<symbol id="3" skillId="35486" />
	</class>
	<class id="167"> <!-- Feoh Soultaker -->
		<symbol id="1" skillId="35415" />
		<symbol id="2" skillId="35451" />
		<symbol id="3" skillId="35487" />
	</class>
	<class id="168"> <!-- Feoh Mystic Muse -->
		<symbol id="1" skillId="35423" />
		<symbol id="2" skillId="35452" />
		<symbol id="3" skillId="35495" />
	</class>
	<class id="169"> <!-- Feoh Storm Screamer -->
		<symbol id="1" skillId="35430" />
		<symbol id="2" skillId="35459" />
		<symbol id="3" skillId="35502" />
	</class>
	<class id="170"> <!-- Feoh Soulhound -->
		<symbol id="1" skillId="35440" />
		<symbol id="2" skillId="35460" />
		<symbol id="3" skillId="35512" />
	</class>
	<class id="171"> <!-- Iss Hierophant -->
		<symbol id="1" skillId="35416" />
		<symbol id="2" skillId="35454" />
		<symbol id="3" skillId="35490" />
	</class>
	<class id="172"> <!-- Iss Sword Muse -->
		<symbol id="1" skillId="35418" />
		<symbol id="2" skillId="35456" />
		<symbol id="3" skillId="35492" />
	</class>
	<class id="173"> <!-- Iss Spectral Dancer -->
		<symbol id="1" skillId="35420" />
		<symbol id="2" skillId="35463" />
		<symbol id="3" skillId="35499" />
	</class>
	<class id="174"> <!-- Iss Dominator -->
		<symbol id="1" skillId="35424" />
		<symbol id="2" skillId="35471" />
		<symbol id="3" skillId="35507" />
	</class>
	<class id="175"> <!-- Iss Doomcryer -->
		<symbol id="1" skillId="35427" />
		<symbol id="2" skillId="35472" />
		<symbol id="3" skillId="35508" />
	</class>
	<class id="176"> <!-- Wynn Arcana Lord -->
		<symbol id="1" skillId="35431" />
		<symbol id="2" skillId="35466" />
		<symbol id="3" skillId="35488" />
	</class>
	<class id="177"> <!-- Wynn Elemental Master -->
		<symbol id="1" skillId="35435" />
		<symbol id="2" skillId="35467" />
		<symbol id="3" skillId="35496" />
	</class>
	<class id="178"> <!-- Wynn Spectral Master -->
		<symbol id="1" skillId="35436" />
		<symbol id="2" skillId="35476" />
		<symbol id="3" skillId="35503" />
	</class>
	<class id="179"> <!-- Aeore Cardinal -->
		<symbol id="1" skillId="35417" />
		<symbol id="2" skillId="35453" />
		<symbol id="3" skillId="35489" />
	</class>
	<class id="180"> <!-- Aeore Eva's Saint -->
		<symbol id="1" skillId="35425" />
		<symbol id="2" skillId="35461" />
		<symbol id="3" skillId="35497" />
	</class>
	<class id="181"> <!-- Aeore Shillien Saint -->
		<symbol id="1" skillId="35432" />
		<symbol id="2" skillId="35468" />
		<symbol id="3" skillId="35504" />
	</class>
	<class id="188"> <!-- Eviscerator -->
		<symbol id="1" skillId="35442" />
		<symbol id="2" skillId="35478" />
		<symbol id="3" skillId="35514" />
	</class>
	<class id="189"> <!-- Sayha's Seer -->
		<symbol id="1" skillId="35443" />
		<symbol id="2" skillId="35479" />
		<symbol id="3" skillId="35515" />
	</class>
	<class id="216"> <!-- Sigel Death Knight -->
		<symbol id="1" skillId="35411" />
		<symbol id="2" skillId="35447" />
		<symbol id="3" skillId="35483" />
	</class>
</list>