<?xml version="1.0" encoding="UTF-8"?>
<list enabled="true" xmlns:xsi="http://www.w3.org/2001/XMLSchema-instance" xsi:noNamespaceSchemaLocation="xsd/TimedHuntingZoneData.xsd">
	<zone id="20" name="Tower of Insolence">
		<enterLocation>-82014,16247,-15416</enterLocation>
		<exitLocation>147459,27019,-2207</exitLocation>
		<initialTime>36000</initialTime> <!-- 10 hours -->
		<resetDelay>864000</resetDelay> <!-- 10 days -->
		<maxAddedTime>54000</maxAddedTime> <!-- 15 hours -->
		<remainRefillTime>18000</remainRefillTime> <!-- 300 mins -->
		<refillTimeMax>3600</refillTimeMax>
		<entryFee>1500000</entryFee>
		<minLevel>110</minLevel>
		<maxLevel>999</maxLevel>
		<instanceId>1020</instanceId>
		<soloInstance>false</soloInstance>
		<weekly>true</weekly>
		<useWorldPrefix>true</useWorldPrefix>
	</zone>
	<zone id="15" name="Otherworldly Atelia Refinery">
		<enterLocation>-49020,15369,-8808</enterLocation>
		<exitLocation>82795,53888,-1488</exitLocation>
		<initialTime>36000</initialTime> <!-- 10 hour -->
		<resetDelay>864000</resetDelay> <!-- 10 days -->
		<maxAddedTime>43200</maxAddedTime> <!-- 12 hours -->
		<remainRefillTime>0</remainRefillTime>
		<refillTimeMax>3600</refillTimeMax>
		<entryFee>1500000</entryFee>
		<minLevel>112</minLevel>
		<maxLevel>999</maxLevel>
		<soloInstance>false</soloInstance>
		<noPvpZone>true</noPvpZone>
		<weekly>true</weekly>
	</zone>
	<zone id="1" name="Fioren's Crystal Prison">
		<enterLocation>-12275,-20623,-8808</enterLocation>
		<exitLocation>110975,220094,-3664</exitLocation>
		<initialTime>3600</initialTime> <!-- 1 hour -->
		<resetDelay>864000</resetDelay> <!-- 10 days -->
		<maxAddedTime>21600</maxAddedTime> <!-- 6 hours -->
		<remainRefillTime>7200</remainRefillTime>
		<refillTimeMax>3600</refillTimeMax>
		<entryFee>300000</entryFee>
		<minLevel>105</minLevel>
		<maxLevel>999</maxLevel>
		<soloInstance>false</soloInstance>
		<noPvpZone>true</noPvpZone>
	</zone>
	<zone id="6" name="Jamoa's Camp">
		<enterLocation>-13551,-12693,-7232</enterLocation>
		<exitLocation>43792,-48928,-792</exitLocation>
		<initialTime>3600</initialTime> <!-- 1 hour -->
		<resetDelay>864000</resetDelay> <!-- 10 days -->
		<maxAddedTime>21600</maxAddedTime> <!-- 6 hours -->
		<remainRefillTime>7200</remainRefillTime>
		<refillTimeMax>3600</refillTimeMax>
		<entryFee>300000</entryFee>
		<minLevel>105</minLevel>
		<maxLevel>999</maxLevel>
		<soloInstance>false</soloInstance>
		<noPvpZone>true</noPvpZone>
	</zone>
	<zone id="7" name="Pantheon's Museum">
		<enterLocation>-20755,-12091,-7360</enterLocation>
		<exitLocation>148353,28032,-2264</exitLocation>
		<initialTime>3600</initialTime> <!-- 1 hour -->
		<resetDelay>864000</resetDelay> <!-- 10 days -->
		<maxAddedTime>21600</maxAddedTime> <!-- 6 hours -->
		<remainRefillTime>7200</remainRefillTime>
		<refillTimeMax>3600</refillTimeMax>
		<entryFee>300000</entryFee>
		<minLevel>105</minLevel>
		<maxLevel>999</maxLevel>
		<soloInstance>false</soloInstance>
		<noPvpZone>true</noPvpZone>
	</zone>
	<zone id="11" name="Abandoned Coal Mines">
		<enterLocation>139405,-169389,-1600</enterLocation>
		<exitLocation>146561,28042,-2264</exitLocation>
		<initialTime>3600</initialTime> <!-- 1 hour -->
		<resetDelay>864000</resetDelay> <!-- 10 days -->
		<maxAddedTime>21600</maxAddedTime> <!-- 6 hours -->
		<remainRefillTime>18000</remainRefillTime>
		<refillTimeMax>3600</refillTimeMax>
		<entryFee>300000</entryFee>
		<minLevel>99</minLevel>
		<maxLevel>999</maxLevel>
		<soloInstance>false</soloInstance>
		<noPvpZone>true</noPvpZone>
	</zone>
	<zone id="12" name="Imperial Tomb">
		<enterLocation>181406,-78395,-2728</enterLocation>
		<exitLocation>147714,-55409,-2728</exitLocation>
		<initialTime>3600</initialTime> <!-- 1 hour -->
		<resetDelay>864000</resetDelay> <!-- 10 days -->
		<maxAddedTime>21600</maxAddedTime> <!-- 6 hours -->
		<remainRefillTime>0</remainRefillTime>
		<refillTimeMax>3600</refillTimeMax>
		<entryFee>300000</entryFee>
		<minLevel>105</minLevel>
		<maxLevel>999</maxLevel>
		<soloInstance>false</soloInstance>
		<noPvpZone>false</noPvpZone>
	</zone>
	<zone id="13" name="Devasted Innadril">
		<enterLocation>194284,176597,-1888</enterLocation>
		<exitLocation>110975,220094,-3664</exitLocation>
		<initialTime>3600</initialTime> <!-- 1 hour -->
		<resetDelay>864000</resetDelay> <!-- 10 days -->
		<maxAddedTime>21600</maxAddedTime> <!-- 6 hours -->
		<remainRefillTime>18000</remainRefillTime>
		<refillTimeMax>3600</refillTimeMax>
		<entryFee>10000000</entryFee>
		<minLevel>105</minLevel>
		<maxLevel>999</maxLevel>
		<soloInstance>false</soloInstance>
		<noPvpZone>false</noPvpZone>
		<zonePremiumUserOnly>true</zonePremiumUserOnly>
	</zone>
</list>