<?xml version="1.0" encoding="UTF-8"?>
<list xmlns:xsi="http://www.w3.org/2001/XMLSchema-instance" xsi:noNamespaceSchemaLocation="xsd/AgathionData.xsd">
	<!-- Agathion Aries - 60-day -->
	<agathion id="90894" enchant="0" mainSkill="51030,1;51031,1;51032,1;51033,1" />
	<!-- Agathion Aries -->
	<agathion id="90895" enchant="0" mainSkill="51030,1;51031,1;51032,1;51033,1" />
	<!-- Agathion Joy -->
	<agathion id="90896" enchant="0" mainSkill="51030,1;51031,1;51032,1;51033,1;51034,1" />
	<!-- Agathion Joy - 7-day -->
	<agathion id="90897" enchant="0" mainSkill="51030,1;51031,1;51032,1;51033,1;51034,1" />
	<!-- Agathion Pisces - 15-day -->
	<agathion id="90902" enchant="0" mainSkill="51030,1;51031,1;51032,1;51033,1" />
	<!-- Agathion Cancer - 15-day -->
	<agathion id="90903" enchant="0" mainSkill="51030,1;51031,1;51032,1;51033,1" />
	<!-- Agathion Rudolph - 2 hours -->
	<agathion id="90909" enchant="0" mainSkill="51035,1;51037,1" subSkill="51036,1" />
	<!-- Agathion - Sin Eater -->
	<agathion id="91004" enchant="0" mainSkill="51068,1" />
	<!-- Agathion - Virgo -->
	<agathion id="48048" enchant="0" subSkill="54004,1" />
	<agathion id="48048" enchant="1" subSkill="54004,2" />
	<agathion id="48048" enchant="2" subSkill="54004,3" />
	<agathion id="48048" enchant="3" subSkill="54004,4" />
	<agathion id="48048" enchant="4" subSkill="54004,5" />
	<agathion id="48048" enchant="5" subSkill="54004,6" />
	<agathion id="48048" enchant="6" subSkill="54004,7" />
	<agathion id="48048" enchant="7" subSkill="54004,8" />
	<agathion id="48048" enchant="8" subSkill="54004,9" />
	<agathion id="48048" enchant="9" subSkill="54004,10" />
	<agathion id="48048" enchant="10" subSkill="54004,11" />
	<!-- Agathion - Capricorn -->
	<agathion id="48049" enchant="0" subSkill="54006,1" />
	<agathion id="48049" enchant="1" subSkill="54006,2" />
	<agathion id="48049" enchant="2" subSkill="54006,3" />
	<agathion id="48049" enchant="3" subSkill="54006,4" />
	<agathion id="48049" enchant="4" subSkill="54006,5" />
	<agathion id="48049" enchant="5" subSkill="54006,6" />
	<agathion id="48049" enchant="6" subSkill="54006,7" />
	<agathion id="48049" enchant="7" subSkill="54006,8" />
	<agathion id="48049" enchant="8" subSkill="54006,9" />
	<agathion id="48049" enchant="9" subSkill="54006,10" />
	<agathion id="48049" enchant="10" subSkill="54006,11" />
	<!-- Agathion - Libra -->
	<agathion id="48050" enchant="0" subSkill="54007,1" />
	<agathion id="48050" enchant="1" subSkill="54007,2" />
	<agathion id="48050" enchant="2" subSkill="54007,3" />
	<agathion id="48050" enchant="3" subSkill="54007,4" />
	<agathion id="48050" enchant="4" subSkill="54007,5" />
	<agathion id="48050" enchant="5" subSkill="54007,6" />
	<agathion id="48050" enchant="6" subSkill="54007,7" />
	<agathion id="48050" enchant="7" subSkill="54007,8" />
	<agathion id="48050" enchant="8" subSkill="54007,9" />
	<agathion id="48050" enchant="9" subSkill="54007,10" />
	<agathion id="48050" enchant="10" subSkill="54007,11" />
	<!-- Agathion - Taurus -->
	<agathion id="48052" enchant="0" subSkill="54000,1" />
	<agathion id="48052" enchant="1" subSkill="54000,2" />
	<agathion id="48052" enchant="2" subSkill="54000,3" />
	<agathion id="48052" enchant="3" subSkill="54000,4" />
	<agathion id="48052" enchant="4" subSkill="54000,5" />
	<agathion id="48052" enchant="5" subSkill="54000,6" />
	<agathion id="48052" enchant="6" subSkill="54000,7" />
	<agathion id="48052" enchant="7" subSkill="54000,8" />
	<agathion id="48052" enchant="8" subSkill="54000,9" />
	<agathion id="48052" enchant="9" subSkill="54000,10" />
	<agathion id="48052" enchant="10" subSkill="54000,11" />
	<!-- Agathion - Leo -->
	<agathion id="48053" enchant="0" subSkill="54001,1" />
	<agathion id="48053" enchant="1" subSkill="54001,2" />
	<agathion id="48053" enchant="2" subSkill="54001,3" />
	<agathion id="48053" enchant="3" subSkill="54001,4" />
	<agathion id="48053" enchant="4" subSkill="54001,5" />
	<agathion id="48053" enchant="5" subSkill="54001,6" />
	<agathion id="48053" enchant="6" subSkill="54001,7" />
	<agathion id="48053" enchant="7" subSkill="54001,8" />
	<agathion id="48053" enchant="8" subSkill="54001,9" />
	<agathion id="48053" enchant="9" subSkill="54001,10" />
	<agathion id="48053" enchant="10" subSkill="54001,11" />
	<!-- Agathion - Gemini -->
	<agathion id="48054" enchant="0" subSkill="54008,1" />
	<agathion id="48054" enchant="1" subSkill="54008,2" />
	<agathion id="48054" enchant="2" subSkill="54008,3" />
	<agathion id="48054" enchant="3" subSkill="54008,4" />
	<agathion id="48054" enchant="4" subSkill="54008,5" />
	<agathion id="48054" enchant="5" subSkill="54008,6" />
	<agathion id="48054" enchant="6" subSkill="54008,7" />
	<agathion id="48054" enchant="7" subSkill="54008,8" />
	<agathion id="48054" enchant="8" subSkill="54008,9" />
	<agathion id="48054" enchant="9" subSkill="54008,10" />
	<agathion id="48054" enchant="10" subSkill="54008,11" />
	<!-- Agathion - Scorpio -->
	<agathion id="48055" enchant="0" subSkill="54002,1" />
	<agathion id="48055" enchant="1" subSkill="54002,2" />
	<agathion id="48055" enchant="2" subSkill="54002,3" />
	<agathion id="48055" enchant="3" subSkill="54002,4" />
	<agathion id="48055" enchant="4" subSkill="54002,5" />
	<agathion id="48055" enchant="5" subSkill="54002,6" />
	<agathion id="48055" enchant="6" subSkill="54002,7" />
	<agathion id="48055" enchant="7" subSkill="54002,8" />
	<agathion id="48055" enchant="8" subSkill="54002,9" />
	<agathion id="48055" enchant="9" subSkill="54002,10" />
	<agathion id="48055" enchant="10" subSkill="54002,11" />
	<!-- Agathion - Aquarius -->
	<agathion id="48056" enchant="0" subSkill="54005,1" />
	<agathion id="48056" enchant="1" subSkill="54005,2" />
	<agathion id="48056" enchant="2" subSkill="54005,3" />
	<agathion id="48056" enchant="3" subSkill="54005,4" />
	<agathion id="48056" enchant="4" subSkill="54005,5" />
	<agathion id="48056" enchant="5" subSkill="54005,6" />
	<agathion id="48056" enchant="6" subSkill="54005,7" />
	<agathion id="48056" enchant="7" subSkill="54005,8" />
	<agathion id="48056" enchant="8" subSkill="54005,9" />
	<agathion id="48056" enchant="9" subSkill="54005,10" />
	<agathion id="48056" enchant="10" subSkill="54005,11" />
	<!-- Agathion - Sagittarius -->
	<agathion id="48058" enchant="0" subSkill="54003,1" />
	<agathion id="48058" enchant="1" subSkill="54003,2" />
	<agathion id="48058" enchant="2" subSkill="54003,3" />
	<agathion id="48058" enchant="3" subSkill="54003,4" />
	<agathion id="48058" enchant="4" subSkill="54003,5" />
	<agathion id="48058" enchant="5" subSkill="54003,6" />
	<agathion id="48058" enchant="6" subSkill="54003,7" />
	<agathion id="48058" enchant="7" subSkill="54003,8" />
	<agathion id="48058" enchant="8" subSkill="54003,9" />
	<agathion id="48058" enchant="9" subSkill="54003,10" />
	<agathion id="48058" enchant="10" subSkill="54003,11" />
	<!-- Agathion - Love (Event) - 7-day -->
	<agathion id="70933" enchant="0" mainSkill="5763,1" />
	<!-- Agathion: Nevit's Herald Kanna -->
	<agathion id="70934" enchant="0" mainSkill="6917,1" />
	<!-- Agathion: Uthanka -->
	<agathion id="70935" enchant="0" mainSkill="23087,1" />
	<!-- Agathion: Singer & Dancer -->
	<agathion id="70960" enchant="0" mainSkill="23234,1" />
	<!-- Agathion: Singer & Dancer - 7-day -->
	<agathion id="70961" enchant="0" mainSkill="23234,1;55270,1;55271,1;55272,1" />
	<!-- Agathion: Singer & Dancer - 30-day -->
	<agathion id="70962" enchant="0" mainSkill="23234,1;55270,1;55271,1;55272,1" />
	<!-- Agathion: Singer & Dancer - 90-day -->
	<agathion id="70963" enchant="0" mainSkill="23234,1;55270,1;55271,1;55272,1" />
	<!-- Agathion: Griffin - 30-day -->
	<agathion id="70964" enchant="0" mainSkill="55060,1" />
	<!-- Agathion: Cheerleader Mae - 30-day -->
	<agathion id="70965" enchant="0" mainSkill="55404,1;55405,1" />
	<!-- Agathion: One-eyed Bat Drove -->
	<agathion id="70966" enchant="0" mainSkill="55440,1" />
	<!-- Agathion: Zaken's Spirit Swords -->
	<agathion id="70967" enchant="0" mainSkill="55441,1" />
	<!-- Agathion: Pegasus -->
	<agathion id="70968" enchant="0" mainSkill="55442,1" />
	<!-- Agathion: Guangong -->
	<agathion id="70969" enchant="0" mainSkill="55443,1" />
	<!-- Agathion: God of Fortune -->
	<agathion id="70970" enchant="0" mainSkill="55444,1" />
	<!-- Agathion: Phoenix -->
	<agathion id="70971" enchant="0" mainSkill="55445,1" />
	<!-- Agathion: Saerom -->
	<agathion id="70972" enchant="0" mainSkill="55446,1" />
	<!-- Agathion: Gwanseum Nyang -->
	<agathion id="70973" enchant="0" mainSkill="55447,1" />
	<!-- Agathion: Blue Opera -->
	<agathion id="70974" enchant="0" mainSkill="55448,1" />
	<!-- Agathion: Red Opera -->
	<agathion id="70975" enchant="0" mainSkill="55449,1" />
	<!-- Agathion: Miss Chipao -->
	<agathion id="70976" enchant="0" mainSkill="55450,1" />
	<!-- Agathion: Flower Fairy Spirit -->
	<agathion id="70977" enchant="0" mainSkill="55451,1" />
	<!-- Agathion: Iken -->
	<agathion id="70978" enchant="0" mainSkill="55452,1" />
	<!-- Agathion: Lanya -->
	<agathion id="70979" enchant="0" mainSkill="55453,1" />
	<!-- Agathion: Gnosian -->
	<agathion id="70980" enchant="0" mainSkill="55454,1" />
	<!-- Agathion: Cheerleader Orodriel -->
	<agathion id="70981" enchant="0" mainSkill="55455,1" />
	<!-- Agathion: Lakinos -->
	<agathion id="70982" enchant="0" mainSkill="55456,1" />
	<!-- Agathion: Mortia -->
	<agathion id="70983" enchant="0" mainSkill="55457,1" />
	<!-- Agathion: Heintz -->
	<agathion id="70984" enchant="0" mainSkill="55458,1" />
	<!-- Agathion: Meruril -->
	<agathion id="70985" enchant="0" mainSkill="55459,1" />
	<!-- Agathion: Taman Zu Rapatui -->
	<agathion id="70986" enchant="0" mainSkill="55460,1" />
	<!-- Agathion: Kaurin -->
	<agathion id="70987" enchant="0" mainSkill="55461,1" />
	<!-- Agathion: Ahertbein -->
	<agathion id="70988" enchant="0" mainSkill="55462,1" />
	<!-- Agathion: Naonin -->
	<agathion id="70989" enchant="0" mainSkill="55463,1" />
	<!-- Agathion: Minion Eye - 7-day -->
	<agathion id="70991" enchant="0" mainSkill="55552,1;55553,1" />
	<!-- Agathion: Minion Eye - 30-day -->
	<agathion id="70992" enchant="0" mainSkill="55552,1;55553,1" />
	<!-- Agathion: Matryoshka - 7-day -->
	<agathion id="70994" enchant="0" mainSkill="55554,1;55555,1;55548,1;55549,1;55550,1;55551,1" />
	<!-- Agathion: Matryoshka - 30-day -->
	<agathion id="70995" enchant="0" mainSkill="55554,1;55555,1;55548,1;55549,1;55550,1;55551,1" />
	<!-- Agathion: Babayaga - 7-day -->
	<agathion id="70997" enchant="0" mainSkill="55557,1;55558,1;55548,1;55549,1;55550,1;55551,1" />
	<!-- Agathion: Babayaga - 30-day -->
	<agathion id="70998" enchant="0" mainSkill="55557,1;55558,1;55548,1;55549,1;55550,1;55551,1" />
	<!-- Agathion - Bugbear -->
	<agathion id="71121" enchant="0" mainSkill="55995,1" />
	<!-- Agathion - Dryad -->
	<agathion id="71122" enchant="0" mainSkill="55995,1" />
	<!-- Agathion - Griffin -->
	<agathion id="71123" enchant="0" mainSkill="55995,1" />
	<!-- Mermaid Agathion -->
	<agathion id="71133" enchant="0" mainSkill="56010,1" subSkill="56009,1" />
	<agathion id="71133" enchant="1" mainSkill="56010,1" subSkill="56009,2" />
	<agathion id="71133" enchant="2" mainSkill="56010,1" subSkill="56009,3" />
	<agathion id="71133" enchant="3" mainSkill="56010,1" subSkill="56009,4" />
	<agathion id="71133" enchant="4" mainSkill="56010,2" subSkill="56009,5" />
	<agathion id="71133" enchant="5" mainSkill="56010,2" subSkill="56009,6" />
	<agathion id="71133" enchant="6" mainSkill="56010,2" subSkill="56009,7" />
	<agathion id="71133" enchant="7" mainSkill="56010,3" subSkill="56009,8" />
	<agathion id="71133" enchant="8" mainSkill="56010,3" subSkill="56009,9" />
	<agathion id="71133" enchant="9" mainSkill="56010,3" subSkill="56009,10" />
	<agathion id="71133" enchant="10" mainSkill="56010,4" subSkill="56009,11" />
</list>
