<?xml version="1.0" encoding="UTF-8"?>
<list xmlns:xsi="http://www.w3.org/2001/XMLSchema-instance" xsi:noNamespaceSchemaLocation="xsd/enchantSkillGroups.xsd">
	<!-- 2nd Class Buffs Debuffs Toogle and Summons -->
	<group id="1">
		<enchant level="1" adena="74250" exp="0" sp="575980" chance76="82" chance77="92" chance78="97" chance79="97" chance80="97" chance81="97" chance82="97" chance83="97" chance84="97" chance85="97" />
		<enchant level="2" adena="74250" exp="0" sp="575980" chance76="80" chance77="90" chance78="95" chance79="95" chance80="95" chance81="95" chance82="95" chance83="95" chance84="95" chance85="95" />
		<enchant level="3" adena="74250" exp="0" sp="575980" chance76="78" chance77="88" chance78="93" chance79="93" chance80="93" chance81="93" chance82="93" chance83="93" chance84="93" chance85="93" />
		<enchant level="4" adena="112050" exp="0" sp="604535" chance76="52" chance77="76" chance78="86" chance79="91" chance80="91" chance81="91" chance82="91" chance83="91" chance84="91" chance85="91" />
		<enchant level="5" adena="112050" exp="0" sp="604535" chance76="50" chance77="74" chance78="84" chance79="89" chance80="89" chance81="89" chance82="89" chance83="89" chance84="89" chance85="89" />
		<enchant level="6" adena="112050" exp="0" sp="604535" chance76="48" chance77="72" chance78="82" chance79="87" chance80="87" chance81="87" chance82="87" chance83="87" chance84="87" chance85="87" />
		<enchant level="7" adena="150300" exp="0" sp="634020" chance76="36" chance77="46" chance78="70" chance79="80" chance80="85" chance81="85" chance82="85" chance83="85" chance84="85" chance85="85" />
		<enchant level="8" adena="150300" exp="0" sp="634020" chance76="34" chance77="44" chance78="68" chance79="78" chance80="83" chance81="83" chance82="83" chance83="83" chance84="83" chance85="83" />
		<enchant level="9" adena="150300" exp="0" sp="634020" chance76="32" chance77="42" chance78="66" chance79="76" chance80="81" chance81="81" chance82="81" chance83="81" chance84="81" chance85="81" />
		<enchant level="10" adena="189000" exp="0" sp="680020" chance76="20" chance77="30" chance78="40" chance79="64" chance80="74" chance81="79" chance82="79" chance83="79" chance84="79" chance85="79" />
		<enchant level="11" adena="189000" exp="0" sp="680020" chance76="18" chance77="28" chance78="38" chance79="62" chance80="72" chance81="77" chance82="77" chance83="77" chance84="77" chance85="77" />
		<enchant level="12" adena="189000" exp="0" sp="680020" chance76="16" chance77="26" chance78="36" chance79="60" chance80="70" chance81="75" chance82="75" chance83="75" chance84="75" chance85="75" />
		<enchant level="13" adena="228150" exp="0" sp="711890" chance76="4" chance77="14" chance78="24" chance79="34" chance80="58" chance81="68" chance82="73" chance83="73" chance84="73" chance85="73" />
		<enchant level="14" adena="228150" exp="0" sp="711890" chance76="2" chance77="12" chance78="22" chance79="32" chance80="56" chance81="66" chance82="71" chance83="71" chance84="71" chance85="71" />
		<enchant level="15" adena="228150" exp="0" sp="711890" chance76="1" chance77="10" chance78="20" chance79="30" chance80="54" chance81="64" chance82="69" chance83="69" chance84="69" chance85="69" />
		<enchant level="16" adena="267750" exp="0" sp="761540" chance76="1" chance77="1" chance78="8" chance79="18" chance80="28" chance81="52" chance82="62" chance83="67" chance84="67" chance85="67" />
		<enchant level="17" adena="267750" exp="0" sp="761540" chance76="1" chance77="1" chance78="6" chance79="16" chance80="26" chance81="50" chance82="60" chance83="65" chance84="65" chance85="65" />
		<enchant level="18" adena="267750" exp="0" sp="761540" chance76="1" chance77="1" chance78="4" chance79="14" chance80="24" chance81="48" chance82="58" chance83="63" chance84="63" chance85="63" />
		<enchant level="19" adena="307800" exp="0" sp="795890" chance76="1" chance77="1" chance78="1" chance79="2" chance80="12" chance81="22" chance82="46" chance83="56" chance84="61" chance85="61" />
		<enchant level="20" adena="307800" exp="0" sp="795890" chance76="1" chance77="1" chance78="1" chance79="1" chance80="10" chance81="20" chance82="44" chance83="54" chance84="59" chance85="59" />
		<enchant level="21" adena="307800" exp="0" sp="795890" chance76="1" chance77="1" chance78="1" chance79="1" chance80="8" chance81="18" chance82="42" chance83="52" chance84="57" chance85="57" />
		<enchant level="22" adena="348300" exp="0" sp="849330" chance76="1" chance77="1" chance78="1" chance79="1" chance80="1" chance81="6" chance82="16" chance83="40" chance84="50" chance85="55" />
		<enchant level="23" adena="348300" exp="0" sp="849330" chance76="1" chance77="1" chance78="1" chance79="1" chance80="1" chance81="4" chance82="14" chance83="38" chance84="48" chance85="53" />
		<enchant level="24" adena="348300" exp="0" sp="849330" chance76="1" chance77="1" chance78="1" chance79="1" chance80="1" chance81="2" chance82="12" chance83="36" chance84="46" chance85="46" />
		<enchant level="25" adena="389250" exp="0" sp="886255" chance76="1" chance77="1" chance78="1" chance79="1" chance80="1" chance81="1" chance82="1" chance83="10" chance84="34" chance85="44" />
		<enchant level="26" adena="389250" exp="0" sp="886255" chance76="1" chance77="1" chance78="1" chance79="1" chance80="1" chance81="1" chance82="1" chance83="8" chance84="32" chance85="42" />
		<enchant level="27" adena="389250" exp="0" sp="886255" chance76="1" chance77="1" chance78="1" chance79="1" chance80="1" chance81="1" chance82="1" chance83="6" chance84="30" chance85="40" />
		<enchant level="28" adena="430650" exp="0" sp="943620" chance76="1" chance77="1" chance78="1" chance79="1" chance80="1" chance81="1" chance82="1" chance83="1" chance84="4" chance85="28" />
		<enchant level="29" adena="430650" exp="0" sp="943620" chance76="1" chance77="1" chance78="1" chance79="1" chance80="1" chance81="1" chance82="1" chance83="1" chance84="2" chance85="26" />
		<enchant level="30" adena="430650" exp="0" sp="943620" chance76="1" chance77="1" chance78="1" chance79="1" chance80="1" chance81="1" chance82="1" chance83="1" chance84="1" chance85="24" />
	</group>
	<!-- 2nd Class Cubic and Attack Type Skills -->
	<group id="2">
		<enchant level="1" adena="133650" exp="0" sp="1036764" chance76="82" chance77="92" chance78="97" chance79="97" chance80="97" chance81="97" chance82="97" chance83="97" chance84="97" chance85="97" />
		<enchant level="2" adena="133650" exp="0" sp="1036764" chance76="80" chance77="90" chance78="95" chance79="95" chance80="95" chance81="95" chance82="95" chance83="95" chance84="95" chance85="95" />
		<enchant level="3" adena="133650" exp="0" sp="1036764" chance76="78" chance77="88" chance78="93" chance79="93" chance80="93" chance81="93" chance82="93" chance83="93" chance84="93" chance85="93" />
		<enchant level="4" adena="201690" exp="0" sp="1088163" chance76="52" chance77="76" chance78="86" chance79="91" chance80="91" chance81="91" chance82="91" chance83="91" chance84="91" chance85="91" />
		<enchant level="5" adena="201690" exp="0" sp="1088163" chance76="50" chance77="74" chance78="84" chance79="89" chance80="89" chance81="89" chance82="89" chance83="89" chance84="89" chance85="89" />
		<enchant level="6" adena="201690" exp="0" sp="1088163" chance76="48" chance77="72" chance78="82" chance79="87" chance80="87" chance81="87" chance82="87" chance83="87" chance84="87" chance85="87" />
		<enchant level="7" adena="270540" exp="0" sp="1141236" chance76="36" chance77="46" chance78="70" chance79="80" chance80="85" chance81="85" chance82="85" chance83="85" chance84="85" chance85="85" />
		<enchant level="8" adena="270540" exp="0" sp="1141236" chance76="34" chance77="44" chance78="68" chance79="78" chance80="83" chance81="83" chance82="83" chance83="83" chance84="83" chance85="83" />
		<enchant level="9" adena="270540" exp="0" sp="1141236" chance76="32" chance77="42" chance78="66" chance79="76" chance80="81" chance81="81" chance82="81" chance83="81" chance84="81" chance85="81" />
		<enchant level="10" adena="340200" exp="0" sp="1224036" chance76="20" chance77="30" chance78="40" chance79="64" chance80="74" chance81="79" chance82="79" chance83="79" chance84="79" chance85="79" />
		<enchant level="11" adena="340200" exp="0" sp="1224036" chance76="18" chance77="28" chance78="38" chance79="62" chance80="72" chance81="77" chance82="77" chance83="77" chance84="77" chance85="77" />
		<enchant level="12" adena="340200" exp="0" sp="1224036" chance76="16" chance77="26" chance78="36" chance79="60" chance80="70" chance81="75" chance82="75" chance83="75" chance84="75" chance85="75" />
		<enchant level="13" adena="410670" exp="0" sp="1281402" chance76="4" chance77="14" chance78="24" chance79="34" chance80="58" chance81="68" chance82="73" chance83="73" chance84="73" chance85="73" />
		<enchant level="14" adena="410670" exp="0" sp="1281402" chance76="2" chance77="12" chance78="22" chance79="32" chance80="56" chance81="66" chance82="71" chance83="71" chance84="71" chance85="71" />
		<enchant level="15" adena="410670" exp="0" sp="1281402" chance76="1" chance77="10" chance78="20" chance79="30" chance80="54" chance81="64" chance82="69" chance83="69" chance84="69" chance85="69" />
		<enchant level="16" adena="481950" exp="0" sp="1370772" chance76="1" chance77="1" chance78="8" chance79="18" chance80="28" chance81="52" chance82="62" chance83="67" chance84="67" chance85="67" />
		<enchant level="17" adena="481950" exp="0" sp="1370772" chance76="1" chance77="1" chance78="6" chance79="16" chance80="26" chance81="50" chance82="60" chance83="65" chance84="65" chance85="65" />
		<enchant level="18" adena="481950" exp="0" sp="1370772" chance76="1" chance77="1" chance78="4" chance79="14" chance80="24" chance81="48" chance82="58" chance83="63" chance84="63" chance85="63" />
		<enchant level="19" adena="554040" exp="0" sp="1432602" chance76="1" chance77="1" chance78="1" chance79="2" chance80="12" chance81="22" chance82="46" chance83="56" chance84="61" chance85="61" />
		<enchant level="20" adena="554040" exp="0" sp="1432602" chance76="1" chance77="1" chance78="1" chance79="1" chance80="10" chance81="20" chance82="44" chance83="54" chance84="59" chance85="59" />
		<enchant level="21" adena="554040" exp="0" sp="1432602" chance76="1" chance77="1" chance78="1" chance79="1" chance80="8" chance81="18" chance82="42" chance83="52" chance84="57" chance85="57" />
		<enchant level="22" adena="626940" exp="0" sp="1528794" chance76="1" chance77="1" chance78="1" chance79="1" chance80="1" chance81="6" chance82="16" chance83="40" chance84="50" chance85="55" />
		<enchant level="23" adena="626940" exp="0" sp="1528794" chance76="1" chance77="1" chance78="1" chance79="1" chance80="1" chance81="4" chance82="14" chance83="38" chance84="48" chance85="53" />
		<enchant level="24" adena="626940" exp="0" sp="1528794" chance76="1" chance77="1" chance78="1" chance79="1" chance80="1" chance81="2" chance82="12" chance83="36" chance84="46" chance85="46" />
		<enchant level="25" adena="700650" exp="0" sp="1595259" chance76="1" chance77="1" chance78="1" chance79="1" chance80="1" chance81="1" chance82="1" chance83="10" chance84="34" chance85="44" />
		<enchant level="26" adena="700650" exp="0" sp="1595259" chance76="1" chance77="1" chance78="1" chance79="1" chance80="1" chance81="1" chance82="1" chance83="8" chance84="32" chance85="42" />
		<enchant level="27" adena="700650" exp="0" sp="1595259" chance76="1" chance77="1" chance78="1" chance79="1" chance80="1" chance81="1" chance82="1" chance83="6" chance84="30" chance85="40" />
		<enchant level="28" adena="775170" exp="0" sp="1698516" chance76="1" chance77="1" chance78="1" chance79="1" chance80="1" chance81="1" chance82="1" chance83="1" chance84="4" chance85="28" />
		<enchant level="29" adena="775170" exp="0" sp="1698516" chance76="1" chance77="1" chance78="1" chance79="1" chance80="1" chance81="1" chance82="1" chance83="1" chance84="2" chance85="26" />
		<enchant level="30" adena="775170" exp="0" sp="1698516" chance76="1" chance77="1" chance78="1" chance79="1" chance80="1" chance81="1" chance82="1" chance83="1" chance84="1" chance85="24" />
	</group>
	<!-- 3rd Class Buffs, Debuffs, Toggles -->
	<group id="5">
		<enchant level="1" adena="481950" exp="0" sp="1370772" chance76="18" chance77="28" chance78="38" chance79="48" chance80="58" chance81="82" chance82="92" chance83="97" chance84="97" chance85="97" />
		<enchant level="2" adena="481950" exp="0" sp="1370772" chance76="16" chance77="26" chance78="36" chance79="46" chance80="56" chance81="80" chance82="90" chance83="95" chance84="95" chance85="95" />
		<enchant level="3" adena="481950" exp="0" sp="1370772" chance76="14" chance77="24" chance78="34" chance79="44" chance80="54" chance81="78" chance82="88" chance83="93" chance84="93" chance85="93" />
		<enchant level="4" adena="554040" exp="0" sp="1432602" chance76="2" chance77="12" chance78="22" chance79="32" chance80="42" chance81="52" chance82="76" chance83="86" chance84="91" chance85="91" />
		<enchant level="5" adena="554040" exp="0" sp="1432602" chance76="1" chance77="10" chance78="20" chance79="30" chance80="40" chance81="50" chance82="74" chance83="84" chance84="89" chance85="89" />
		<enchant level="6" adena="554040" exp="0" sp="1432602" chance76="1" chance77="8" chance78="18" chance79="28" chance80="38" chance81="48" chance82="72" chance83="82" chance84="87" chance85="87" />
		<enchant level="7" adena="626940" exp="0" sp="1528794" chance76="1" chance77="1" chance78="6" chance79="16" chance80="26" chance81="36" chance82="46" chance83="70" chance84="80" chance85="85" />
		<enchant level="8" adena="626940" exp="0" sp="1528794" chance76="1" chance77="1" chance78="4" chance79="14" chance80="24" chance81="34" chance82="44" chance83="68" chance84="78" chance85="83" />
		<enchant level="9" adena="626940" exp="0" sp="1528794" chance76="1" chance77="1" chance78="2" chance79="12" chance80="22" chance81="32" chance82="42" chance83="66" chance84="76" chance85="81" />
		<enchant level="10" adena="700650" exp="0" sp="1595259" chance76="1" chance77="1" chance78="1" chance79="1" chance80="10" chance81="20" chance82="30" chance83="40" chance84="64" chance85="74" />
		<enchant level="11" adena="700650" exp="0" sp="1595259" chance76="1" chance77="1" chance78="1" chance79="1" chance80="8" chance81="18" chance82="28" chance83="38" chance84="62" chance85="72" />
		<enchant level="12" adena="700650" exp="0" sp="1595259" chance76="1" chance77="1" chance78="1" chance79="1" chance80="6" chance81="16" chance82="26" chance83="36" chance84="60" chance85="70" />
		<enchant level="13" adena="775170" exp="0" sp="1698516" chance76="1" chance77="1" chance78="1" chance79="1" chance80="1" chance81="4" chance82="14" chance83="24" chance84="34" chance85="58" />
		<enchant level="14" adena="775170" exp="0" sp="1698516" chance76="1" chance77="1" chance78="1" chance79="1" chance80="1" chance81="2" chance82="12" chance83="22" chance84="32" chance85="56" />
		<enchant level="15" adena="775170" exp="0" sp="1698516" chance76="1" chance77="1" chance78="1" chance79="1" chance80="1" chance81="1" chance82="10" chance83="20" chance84="30" chance85="54" />
	</group>
	<!-- 3rd Class Attack Type skills -->
	<group id="6">
		<enchant level="1" adena="481950" exp="0" sp="1370772" chance76="18" chance77="28" chance78="38" chance79="48" chance80="58" chance81="82" chance82="92" chance83="97" chance84="97" chance85="97" />
		<enchant level="2" adena="481950" exp="0" sp="1370772" chance76="16" chance77="26" chance78="36" chance79="46" chance80="56" chance81="80" chance82="90" chance83="95" chance84="95" chance85="95" />
		<enchant level="3" adena="481950" exp="0" sp="1370772" chance76="14" chance77="24" chance78="34" chance79="44" chance80="54" chance81="78" chance82="88" chance83="93" chance84="93" chance85="93" />
		<enchant level="4" adena="554040" exp="0" sp="1432602" chance76="2" chance77="12" chance78="22" chance79="32" chance80="42" chance81="52" chance82="76" chance83="86" chance84="91" chance85="91" />
		<enchant level="5" adena="554040" exp="0" sp="1432602" chance76="1" chance77="10" chance78="20" chance79="30" chance80="40" chance81="50" chance82="74" chance83="84" chance84="89" chance85="89" />
		<enchant level="6" adena="554040" exp="0" sp="1432602" chance76="1" chance77="8" chance78="18" chance79="28" chance80="38" chance81="48" chance82="72" chance83="82" chance84="87" chance85="87" />
		<enchant level="7" adena="626940" exp="0" sp="1528794" chance76="1" chance77="1" chance78="6" chance79="16" chance80="26" chance81="36" chance82="46" chance83="70" chance84="80" chance85="85" />
		<enchant level="8" adena="626940" exp="0" sp="1528794" chance76="1" chance77="1" chance78="4" chance79="14" chance80="24" chance81="34" chance82="44" chance83="68" chance84="78" chance85="83" />
		<enchant level="9" adena="626940" exp="0" sp="1528794" chance76="1" chance77="1" chance78="2" chance79="12" chance80="22" chance81="32" chance82="42" chance83="66" chance84="76" chance85="81" />
		<enchant level="10" adena="700650" exp="0" sp="1595259" chance76="1" chance77="1" chance78="1" chance79="1" chance80="10" chance81="20" chance82="30" chance83="40" chance84="64" chance85="74" />
		<enchant level="11" adena="700650" exp="0" sp="1595259" chance76="1" chance77="1" chance78="1" chance79="1" chance80="8" chance81="18" chance82="28" chance83="38" chance84="62" chance85="72" />
		<enchant level="12" adena="700650" exp="0" sp="1595259" chance76="1" chance77="1" chance78="1" chance79="1" chance80="6" chance81="16" chance82="26" chance83="36" chance84="60" chance85="70" />
		<enchant level="13" adena="775170" exp="0" sp="1698516" chance76="1" chance77="1" chance78="1" chance79="1" chance80="1" chance81="4" chance82="14" chance83="24" chance84="34" chance85="58" />
		<enchant level="14" adena="775170" exp="0" sp="1698516" chance76="1" chance77="1" chance78="1" chance79="1" chance80="1" chance81="2" chance82="12" chance83="22" chance84="32" chance85="56" />
		<enchant level="15" adena="775170" exp="0" sp="1698516" chance76="1" chance77="1" chance78="1" chance79="1" chance80="1" chance81="1" chance82="10" chance83="20" chance84="30" chance85="54" />
	</group>
</list>