<?xml version="1.0" encoding="UTF-8"?>
<list xmlns:xsi="http://www.w3.org/2001/XMLSchema-instance" xsi:noNamespaceSchemaLocation="xsd/ItemAuctions.xsd">
	<!-- Documentation: -->
	<!-- <instance id="NPC ID of the auctioneer" day_of_week="1 - Monday, 7 - Sunday" hour_of_day="0-23" minute_of_hour="0-59"> -->
	<!-- <item auctionItemId="1" itemId="9901" itemCount="1" auctionInitBid="100000000" auctionLength="300 (in minutes)"> -->
	<!-- <extra enchant_level="15" augmentation_id="you can take it from item_attributes table" augmentation_skill_id="3241" augmentation_skill_lvl="10" /> -->
	<!-- </item> -->
	<!-- </instance> -->
	<!-- instead of day_of_week you can use interval between auction in days -->
	<!-- <instance id="NPC ID of the auctioneer" interval="1" hour_of_day="0-23" minute_of_hour="0-59"> -->
	<!-- <item auctionItemId="1" itemId="10485" itemCount="1" auctionInitBid="100000000" auctionLength="300" /> -->
	<!-- </instance> -->
	<instance id="32320" day_of_week="5" hour_of_day="17">
		<!-- Improved Weapons (No-Grade) +15 -->
		<!-- Improved Falchion -->
		<item auctionItemId="1" itemId="9901" itemCount="1" auctionInitBid="100000000" auctionLength="300" />
		<!-- Improved Great Spear -->
		<item auctionItemId="2" itemId="9902" itemCount="1" auctionInitBid="100000000" auctionLength="300" />
		<!-- Improved Iron Hammer -->
		<item auctionItemId="3" itemId="9903" itemCount="1" auctionInitBid="100000000" auctionLength="300" />
		<!-- Improved Sword Breaker -->
		<item auctionItemId="4" itemId="9904" itemCount="1" auctionInitBid="100000000" auctionLength="300" />
		<!-- Improved Viper Fang -->
		<item auctionItemId="5" itemId="9905" itemCount="1" auctionInitBid="100000000" auctionLength="300" />
		<!-- Improved Composite Bow -->
		<item auctionItemId="6" itemId="9906" itemCount="1" auctionInitBid="100000000" auctionLength="300" />
		<!-- Improved Flanged Mace -->
		<item auctionItemId="7" itemId="9907" itemCount="1" auctionInitBid="100000000" auctionLength="300" />
		<!-- Improved Mage Staff -->
		<item auctionItemId="8" itemId="9908" itemCount="1" auctionInitBid="100000000" auctionLength="300" />
		<!-- Life Stones -->
		<!-- Top-Grade Life Stone - Level 80 -->
		<item auctionItemId="9" itemId="9576" itemCount="1" auctionInitBid="100000000" auctionLength="300" />
		<!-- Top-Grade Life Stone - Level 82 -->
		<item auctionItemId="10" itemId="10486" itemCount="1" auctionInitBid="100000000" auctionLength="300" />
		<!-- Red Soul Crystal - Stage 15 -->
		<item auctionItemId="11" itemId="10480" itemCount="1" auctionInitBid="100000000" auctionLength="300" />
		<!-- Green Soul Crystal - Stage 15 -->
		<item auctionItemId="12" itemId="10482" itemCount="1" auctionInitBid="100000000" auctionLength="300" />
		<!-- Blue Soul Crystal - Stage 15 -->
		<item auctionItemId="13" itemId="10481" itemCount="1" auctionInitBid="100000000" auctionLength="300" />
		<!-- Red Soul Crystal - Stage 16 -->
		<item auctionItemId="14" itemId="13071" itemCount="1" auctionInitBid="100000000" auctionLength="300" />
		<!-- Green Soul Crystal - Stage 16 -->
		<item auctionItemId="15" itemId="13073" itemCount="1" auctionInitBid="100000000" auctionLength="300" />
		<!-- Blue Soul Crystal - Stage 16 -->
		<item auctionItemId="16" itemId="13072" itemCount="1" auctionInitBid="100000000" auctionLength="300" />
		<!-- High-Grade Life Stone - Level 80 -->
		<item auctionItemId="17" itemId="9575" itemCount="1" auctionInitBid="100000000" auctionLength="300" />
		<!-- High-Grade Life Stone - Level 82 -->
		<item auctionItemId="18" itemId="10485" itemCount="1" auctionInitBid="100000000" auctionLength="300" />
		<!-- Forgotten Scrolls -->
		<!-- Forgotten Scroll - Protection of Rune -->
		<item auctionItemId="19" itemId="10549" itemCount="1" auctionInitBid="100000000" auctionLength="300" />
		<!-- Forgotten Scroll - Protection of Elemental -->
		<item auctionItemId="20" itemId="10550" itemCount="1" auctionInitBid="100000000" auctionLength="300" />
		<!-- Forgotten Scroll - Protection of Alignment -->
		<item auctionItemId="21" itemId="10551" itemCount="1" auctionInitBid="100000000" auctionLength="300" />
		<!-- Forgotten Scroll - Fighter's Will -->
		<item auctionItemId="22" itemId="10552" itemCount="1" auctionInitBid="100000000" auctionLength="300" />
		<!-- Forgotten Scroll - Archer's Will -->
		<item auctionItemId="23" itemId="10553" itemCount="1" auctionInitBid="100000000" auctionLength="300" />
		<!-- Forgotten Scroll - Magician's Will -->
		<item auctionItemId="24" itemId="14219" itemCount="1" auctionInitBid="100000000" auctionLength="300" />
		<!-- Hair Accessories -->
		<!-- Refined Chick Hat -->
		<item auctionItemId="25" itemId="13497" itemCount="1" auctionInitBid="100000000" auctionLength="300" />
		<!-- Refined Wizard Hat -->
		<item auctionItemId="26" itemId="13498" itemCount="1" auctionInitBid="100000000" auctionLength="300" />
		<!-- Refined Black Feather Mask -->
		<item auctionItemId="27" itemId="13500" itemCount="1" auctionInitBid="100000000" auctionLength="300" />
		<!-- Refined Romantic Chapeau -->
		<item auctionItemId="28" itemId="13501" itemCount="1" auctionInitBid="100000000" auctionLength="300" />
		<!-- Refined Carnival Circlet -->
		<item auctionItemId="29" itemId="13493" itemCount="1" auctionInitBid="100000000" auctionLength="300" />
		<!-- Refined Jester Hat -->
		<item auctionItemId="30" itemId="13499" itemCount="1" auctionInitBid="100000000" auctionLength="300" />
		<!-- High Grade S84 Weapons -->
		<!-- Periel Sword -->
		<item auctionItemId="31" itemId="15558" itemCount="1" auctionInitBid="100000000" auctionLength="300" />
		<!-- Skull Edge -->
		<item auctionItemId="32" itemId="15559" itemCount="1" auctionInitBid="100000000" auctionLength="300" />
		<!-- Vigwik Axe -->
		<item auctionItemId="33" itemId="15560" itemCount="1" auctionInitBid="100000000" auctionLength="300" />
		<!-- Devilish Maul -->
		<item auctionItemId="34" itemId="15561" itemCount="1" auctionInitBid="100000000" auctionLength="300" />
		<!-- Feather Eye Blade -->
		<item auctionItemId="35" itemId="15562" itemCount="1" auctionInitBid="100000000" auctionLength="300" />
		<!-- Octo Claw -->
		<item auctionItemId="36" itemId="15563" itemCount="1" auctionInitBid="100000000" auctionLength="300" />
		<!-- Doubletop Spear -->
		<item auctionItemId="37" itemId="15564" itemCount="1" auctionInitBid="100000000" auctionLength="300" />
		<!-- Rising Star -->
		<item auctionItemId="38" itemId="15565" itemCount="1" auctionInitBid="100000000" auctionLength="300" />
		<!-- Black Visage -->
		<item auctionItemId="39" itemId="15566" itemCount="1" auctionInitBid="100000000" auctionLength="300" />
		<!-- Veniplant Sword -->
		<item auctionItemId="40" itemId="15567" itemCount="1" auctionInitBid="100000000" auctionLength="300" />
		<!-- Skull Carnium Bow -->
		<item auctionItemId="41" itemId="15568" itemCount="1" auctionInitBid="100000000" auctionLength="300" />
		<!-- Gemtail Rapier -->
		<item auctionItemId="42" itemId="15569" itemCount="1" auctionInitBid="100000000" auctionLength="300" />
		<!-- Finale Blade -->
		<item auctionItemId="43" itemId="15570" itemCount="1" auctionInitBid="100000000" auctionLength="300" />
		<!-- Dominion Crossbow -->
		<item auctionItemId="44" itemId="15571" itemCount="1" auctionInitBid="100000000" auctionLength="300" />
		<!-- Skull Edge Dual Daggers -->
		<item auctionItemId="45" itemId="16152" itemCount="1" auctionInitBid="100000000" auctionLength="300" />
		<!-- Periel Dual Sword -->
		<item auctionItemId="46" itemId="16154" itemCount="1" auctionInitBid="100000000" auctionLength="300" />
		<!-- Top Grade S84 Weapons -->
		<!-- Eternal Core Sword -->
		<item auctionItemId="47" itemId="15544" itemCount="1" auctionInitBid="100000000" auctionLength="300" />
		<!-- Mamba Edge -->
		<item auctionItemId="48" itemId="15545" itemCount="1" auctionInitBid="100000000" auctionLength="300" />
		<!-- Eversor Mace -->
		<item auctionItemId="49" itemId="15546" itemCount="1" auctionInitBid="100000000" auctionLength="300" />
		<!-- Contristo Hammer -->
		<item auctionItemId="50" itemId="15547" itemCount="1" auctionInitBid="100000000" auctionLength="300" />
		<!-- Lava Saw -->
		<item auctionItemId="51" itemId="15548" itemCount="1" auctionInitBid="100000000" auctionLength="300" />
		<!-- Jade Claw -->
		<item auctionItemId="52" itemId="15549" itemCount="1" auctionInitBid="100000000" auctionLength="300" />
		<!-- Demitelum -->
		<item auctionItemId="53" itemId="15550" itemCount="1" auctionInitBid="100000000" auctionLength="300" />
		<!-- Sacredium -->
		<item auctionItemId="54" itemId="15551" itemCount="1" auctionInitBid="100000000" auctionLength="300" />
		<!-- Cyclic Cane -->
		<item auctionItemId="55" itemId="15552" itemCount="1" auctionInitBid="100000000" auctionLength="300" />
		<!-- Archangel Sword -->
		<item auctionItemId="56" itemId="15553" itemCount="1" auctionInitBid="100000000" auctionLength="300" />
		<!-- Recurve Thorne Bow -->
		<item auctionItemId="57" itemId="15554" itemCount="1" auctionInitBid="100000000" auctionLength="300" />
		<!-- Heavenstare Rapier -->
		<item auctionItemId="58" itemId="15555" itemCount="1" auctionInitBid="100000000" auctionLength="300" />
		<!-- Pyseal Blade -->
		<item auctionItemId="59" itemId="15556" itemCount="1" auctionInitBid="100000000" auctionLength="300" />
		<!-- Thorne Crossbow -->
		<item auctionItemId="60" itemId="15557" itemCount="1" auctionInitBid="100000000" auctionLength="300" />
		<!-- Mamba Edge Dual Daggers -->
		<item auctionItemId="61" itemId="16156" itemCount="1" auctionInitBid="100000000" auctionLength="300" />
		<!-- Eternal Core Dual Sword -->
		<item auctionItemId="62" itemId="16158" itemCount="1" auctionInitBid="100000000" auctionLength="300" />
		<!-- Elegia Armors -->
		<!-- Elegia Helmet -->
		<item auctionItemId="63" itemId="15572" itemCount="1" auctionInitBid="100000000" auctionLength="300" />
		<!-- Elegia Leather Helmet -->
		<item auctionItemId="64" itemId="15573" itemCount="1" auctionInitBid="100000000" auctionLength="300" />
		<!-- Elegia Circlet -->
		<item auctionItemId="65" itemId="15574" itemCount="1" auctionInitBid="100000000" auctionLength="300" />
		<!-- Elegia Breastplate -->
		<item auctionItemId="66" itemId="15575" itemCount="1" auctionInitBid="100000000" auctionLength="300" />
		<!-- Elegia Leather Breastplate -->
		<item auctionItemId="67" itemId="15576" itemCount="1" auctionInitBid="100000000" auctionLength="300" />
		<!-- Elegia Tunic -->
		<item auctionItemId="68" itemId="15577" itemCount="1" auctionInitBid="100000000" auctionLength="300" />
		<!-- Elegia Gaiter -->
		<item auctionItemId="69" itemId="15578" itemCount="1" auctionInitBid="100000000" auctionLength="300" />
		<!-- Elegia Leather Legging -->
		<item auctionItemId="70" itemId="15579" itemCount="1" auctionInitBid="100000000" auctionLength="300" />
		<!-- Elegia Stockings -->
		<item auctionItemId="71" itemId="15580" itemCount="1" auctionInitBid="100000000" auctionLength="300" />
		<!-- Elegia Gauntlet -->
		<item auctionItemId="72" itemId="15581" itemCount="1" auctionInitBid="100000000" auctionLength="300" />
		<!-- Elegia Leather Gloves -->
		<item auctionItemId="73" itemId="15582" itemCount="1" auctionInitBid="100000000" auctionLength="300" />
		<!-- Elegia Gloves -->
		<item auctionItemId="74" itemId="15583" itemCount="1" auctionInitBid="100000000" auctionLength="300" />
		<!-- Elegia Boots -->
		<item auctionItemId="75" itemId="15584" itemCount="1" auctionInitBid="100000000" auctionLength="300" />
		<!-- Elegia Leather Boots -->
		<item auctionItemId="76" itemId="15585" itemCount="1" auctionInitBid="100000000" auctionLength="300" />
		<!-- Elegia Shoes -->
		<item auctionItemId="77" itemId="15586" itemCount="1" auctionInitBid="100000000" auctionLength="300" />
		<!-- Elegia Shield -->
		<item auctionItemId="78" itemId="15587" itemCount="1" auctionInitBid="100000000" auctionLength="300" />
		<!-- Elegia Sigil -->
		<item auctionItemId="79" itemId="15588" itemCount="1" auctionInitBid="100000000" auctionLength="300" />
		<!-- Enchaced Epic Jewelery -->
		<!-- Greater Queen Ant's Ring -->
		<item auctionItemId="80" itemId="22174" itemCount="1" auctionInitBid="100000000" auctionLength="300" />
		<!-- Greater Zaken's Earring of Immortality -->
		<item auctionItemId="81" itemId="22175" itemCount="1" auctionInitBid="100000000" auctionLength="300" />
		<!-- Greater Baium's Ring -->
		<item auctionItemId="82" itemId="22173" itemCount="1" auctionInitBid="100000000" auctionLength="300" />
	</instance>
	<instance id="32321" day_of_week="1" hour_of_day="17">
		<!-- Improved Weapons (No-Grade) +15 -->
		<!-- Improved Falchion -->
		<item auctionItemId="1" itemId="9901" itemCount="1" auctionInitBid="100000000" auctionLength="300" />
		<!-- Improved Great Spear -->
		<item auctionItemId="2" itemId="9902" itemCount="1" auctionInitBid="100000000" auctionLength="300" />
		<!-- Improved Iron Hammer -->
		<item auctionItemId="3" itemId="9903" itemCount="1" auctionInitBid="100000000" auctionLength="300" />
		<!-- Improved Sword Breaker -->
		<item auctionItemId="4" itemId="9904" itemCount="1" auctionInitBid="100000000" auctionLength="300" />
		<!-- Improved Viper Fang -->
		<item auctionItemId="5" itemId="9905" itemCount="1" auctionInitBid="100000000" auctionLength="300" />
		<!-- Improved Composite Bow -->
		<item auctionItemId="6" itemId="9906" itemCount="1" auctionInitBid="100000000" auctionLength="300" />
		<!-- Improved Flanged Mace -->
		<item auctionItemId="7" itemId="9907" itemCount="1" auctionInitBid="100000000" auctionLength="300" />
		<!-- Improved Mage Staff -->
		<item auctionItemId="8" itemId="9908" itemCount="1" auctionInitBid="100000000" auctionLength="300" />
		<!-- Life Stones -->
		<!-- Top-Grade Life Stone - Level 80 -->
		<item auctionItemId="9" itemId="9576" itemCount="1" auctionInitBid="100000000" auctionLength="300" />
		<!-- Top-Grade Life Stone - Level 82 -->
		<item auctionItemId="10" itemId="10486" itemCount="1" auctionInitBid="100000000" auctionLength="300" />
		<!-- Red Soul Crystal - Stage 15 -->
		<item auctionItemId="11" itemId="10480" itemCount="1" auctionInitBid="100000000" auctionLength="300" />
		<!-- Green Soul Crystal - Stage 15 -->
		<item auctionItemId="12" itemId="10482" itemCount="1" auctionInitBid="100000000" auctionLength="300" />
		<!-- Blue Soul Crystal - Stage 15 -->
		<item auctionItemId="13" itemId="10481" itemCount="1" auctionInitBid="100000000" auctionLength="300" />
		<!-- Red Soul Crystal - Stage 16 -->
		<item auctionItemId="14" itemId="13071" itemCount="1" auctionInitBid="100000000" auctionLength="300" />
		<!-- Green Soul Crystal - Stage 16 -->
		<item auctionItemId="15" itemId="13073" itemCount="1" auctionInitBid="100000000" auctionLength="300" />
		<!-- Blue Soul Crystal - Stage 16 -->
		<item auctionItemId="16" itemId="13072" itemCount="1" auctionInitBid="100000000" auctionLength="300" />
		<!-- High-Grade Life Stone - Level 80 -->
		<item auctionItemId="17" itemId="9575" itemCount="1" auctionInitBid="100000000" auctionLength="300" />
		<!-- High-Grade Life Stone - Level 82 -->
		<item auctionItemId="18" itemId="10485" itemCount="1" auctionInitBid="100000000" auctionLength="300" />
		<!-- Forgotten Scrolls -->
		<!-- Forgotten Scroll - Protection of Rune -->
		<item auctionItemId="19" itemId="10549" itemCount="1" auctionInitBid="100000000" auctionLength="300" />
		<!-- Forgotten Scroll - Protection of Elemental -->
		<item auctionItemId="20" itemId="10550" itemCount="1" auctionInitBid="100000000" auctionLength="300" />
		<!-- Forgotten Scroll - Protection of Alignment -->
		<item auctionItemId="21" itemId="10551" itemCount="1" auctionInitBid="100000000" auctionLength="300" />
		<!-- Forgotten Scroll - Fighter's Will -->
		<item auctionItemId="22" itemId="10552" itemCount="1" auctionInitBid="100000000" auctionLength="300" />
		<!-- Forgotten Scroll - Archer's Will -->
		<item auctionItemId="23" itemId="10553" itemCount="1" auctionInitBid="100000000" auctionLength="300" />
		<!-- Forgotten Scroll - Magician's Will -->
		<item auctionItemId="24" itemId="14219" itemCount="1" auctionInitBid="100000000" auctionLength="300" />
		<!-- Hair Accessories -->
		<!-- Refined Chick Hat -->
		<item auctionItemId="25" itemId="13497" itemCount="1" auctionInitBid="100000000" auctionLength="300" />
		<!-- Refined Wizard Hat -->
		<item auctionItemId="26" itemId="13498" itemCount="1" auctionInitBid="100000000" auctionLength="300" />
		<!-- Refined Black Feather Mask -->
		<item auctionItemId="27" itemId="13500" itemCount="1" auctionInitBid="100000000" auctionLength="300" />
		<!-- Refined Romantic Chapeau -->
		<item auctionItemId="28" itemId="13501" itemCount="1" auctionInitBid="100000000" auctionLength="300" />
		<!-- Refined Carnival Circlet -->
		<item auctionItemId="29" itemId="13493" itemCount="1" auctionInitBid="100000000" auctionLength="300" />
		<!-- Refined Jester Hat -->
		<item auctionItemId="30" itemId="13499" itemCount="1" auctionInitBid="100000000" auctionLength="300" />
		<!-- High Grade S84 Weapons -->
		<!-- Periel Sword -->
		<item auctionItemId="31" itemId="15558" itemCount="1" auctionInitBid="100000000" auctionLength="300" />
		<!-- Skull Edge -->
		<item auctionItemId="32" itemId="15559" itemCount="1" auctionInitBid="100000000" auctionLength="300" />
		<!-- Vigwik Axe -->
		<item auctionItemId="33" itemId="15560" itemCount="1" auctionInitBid="100000000" auctionLength="300" />
		<!-- Devilish Maul -->
		<item auctionItemId="34" itemId="15561" itemCount="1" auctionInitBid="100000000" auctionLength="300" />
		<!-- Feather Eye Blade -->
		<item auctionItemId="35" itemId="15562" itemCount="1" auctionInitBid="100000000" auctionLength="300" />
		<!-- Octo Claw -->
		<item auctionItemId="36" itemId="15563" itemCount="1" auctionInitBid="100000000" auctionLength="300" />
		<!-- Doubletop Spear -->
		<item auctionItemId="37" itemId="15564" itemCount="1" auctionInitBid="100000000" auctionLength="300" />
		<!-- Rising Star -->
		<item auctionItemId="38" itemId="15565" itemCount="1" auctionInitBid="100000000" auctionLength="300" />
		<!-- Black Visage -->
		<item auctionItemId="39" itemId="15566" itemCount="1" auctionInitBid="100000000" auctionLength="300" />
		<!-- Veniplant Sword -->
		<item auctionItemId="40" itemId="15567" itemCount="1" auctionInitBid="100000000" auctionLength="300" />
		<!-- Skull Carnium Bow -->
		<item auctionItemId="41" itemId="15568" itemCount="1" auctionInitBid="100000000" auctionLength="300" />
		<!-- Gemtail Rapier -->
		<item auctionItemId="42" itemId="15569" itemCount="1" auctionInitBid="100000000" auctionLength="300" />
		<!-- Finale Blade -->
		<item auctionItemId="43" itemId="15570" itemCount="1" auctionInitBid="100000000" auctionLength="300" />
		<!-- Dominion Crossbow -->
		<item auctionItemId="44" itemId="15571" itemCount="1" auctionInitBid="100000000" auctionLength="300" />
		<!-- Skull Edge Dual Daggers -->
		<item auctionItemId="45" itemId="16152" itemCount="1" auctionInitBid="100000000" auctionLength="300" />
		<!-- Periel Dual Sword -->
		<item auctionItemId="46" itemId="16154" itemCount="1" auctionInitBid="100000000" auctionLength="300" />
		<!-- Top Grade S84 Weapons -->
		<!-- Eternal Core Sword -->
		<item auctionItemId="47" itemId="15544" itemCount="1" auctionInitBid="100000000" auctionLength="300" />
		<!-- Mamba Edge -->
		<item auctionItemId="48" itemId="15545" itemCount="1" auctionInitBid="100000000" auctionLength="300" />
		<!-- Eversor Mace -->
		<item auctionItemId="49" itemId="15546" itemCount="1" auctionInitBid="100000000" auctionLength="300" />
		<!-- Contristo Hammer -->
		<item auctionItemId="50" itemId="15547" itemCount="1" auctionInitBid="100000000" auctionLength="300" />
		<!-- Lava Saw -->
		<item auctionItemId="51" itemId="15548" itemCount="1" auctionInitBid="100000000" auctionLength="300" />
		<!-- Jade Claw -->
		<item auctionItemId="52" itemId="15549" itemCount="1" auctionInitBid="100000000" auctionLength="300" />
		<!-- Demitelum -->
		<item auctionItemId="53" itemId="15550" itemCount="1" auctionInitBid="100000000" auctionLength="300" />
		<!-- Sacredium -->
		<item auctionItemId="54" itemId="15551" itemCount="1" auctionInitBid="100000000" auctionLength="300" />
		<!-- Cyclic Cane -->
		<item auctionItemId="55" itemId="15552" itemCount="1" auctionInitBid="100000000" auctionLength="300" />
		<!-- Archangel Sword -->
		<item auctionItemId="56" itemId="15553" itemCount="1" auctionInitBid="100000000" auctionLength="300" />
		<!-- Recurve Thorne Bow -->
		<item auctionItemId="57" itemId="15554" itemCount="1" auctionInitBid="100000000" auctionLength="300" />
		<!-- Heavenstare Rapier -->
		<item auctionItemId="58" itemId="15555" itemCount="1" auctionInitBid="100000000" auctionLength="300" />
		<!-- Pyseal Blade -->
		<item auctionItemId="59" itemId="15556" itemCount="1" auctionInitBid="100000000" auctionLength="300" />
		<!-- Thorne Crossbow -->
		<item auctionItemId="60" itemId="15557" itemCount="1" auctionInitBid="100000000" auctionLength="300" />
		<!-- Mamba Edge Dual Daggers -->
		<item auctionItemId="61" itemId="16156" itemCount="1" auctionInitBid="100000000" auctionLength="300" />
		<!-- Eternal Core Dual Sword -->
		<item auctionItemId="62" itemId="16158" itemCount="1" auctionInitBid="100000000" auctionLength="300" />
		<!-- Elegia Armors -->
		<!-- Elegia Helmet -->
		<item auctionItemId="63" itemId="15572" itemCount="1" auctionInitBid="100000000" auctionLength="300" />
		<!-- Elegia Leather Helmet -->
		<item auctionItemId="64" itemId="15573" itemCount="1" auctionInitBid="100000000" auctionLength="300" />
		<!-- Elegia Circlet -->
		<item auctionItemId="65" itemId="15574" itemCount="1" auctionInitBid="100000000" auctionLength="300" />
		<!-- Elegia Breastplate -->
		<item auctionItemId="66" itemId="15575" itemCount="1" auctionInitBid="100000000" auctionLength="300" />
		<!-- Elegia Leather Breastplate -->
		<item auctionItemId="67" itemId="15576" itemCount="1" auctionInitBid="100000000" auctionLength="300" />
		<!-- Elegia Tunic -->
		<item auctionItemId="68" itemId="15577" itemCount="1" auctionInitBid="100000000" auctionLength="300" />
		<!-- Elegia Gaiter -->
		<item auctionItemId="69" itemId="15578" itemCount="1" auctionInitBid="100000000" auctionLength="300" />
		<!-- Elegia Leather Legging -->
		<item auctionItemId="70" itemId="15579" itemCount="1" auctionInitBid="100000000" auctionLength="300" />
		<!-- Elegia Stockings -->
		<item auctionItemId="71" itemId="15580" itemCount="1" auctionInitBid="100000000" auctionLength="300" />
		<!-- Elegia Gauntlet -->
		<item auctionItemId="72" itemId="15581" itemCount="1" auctionInitBid="100000000" auctionLength="300" />
		<!-- Elegia Leather Gloves -->
		<item auctionItemId="73" itemId="15582" itemCount="1" auctionInitBid="100000000" auctionLength="300" />
		<!-- Elegia Gloves -->
		<item auctionItemId="74" itemId="15583" itemCount="1" auctionInitBid="100000000" auctionLength="300" />
		<!-- Elegia Boots -->
		<item auctionItemId="75" itemId="15584" itemCount="1" auctionInitBid="100000000" auctionLength="300" />
		<!-- Elegia Leather Boots -->
		<item auctionItemId="76" itemId="15585" itemCount="1" auctionInitBid="100000000" auctionLength="300" />
		<!-- Elegia Shoes -->
		<item auctionItemId="77" itemId="15586" itemCount="1" auctionInitBid="100000000" auctionLength="300" />
		<!-- Elegia Shield -->
		<item auctionItemId="78" itemId="15587" itemCount="1" auctionInitBid="100000000" auctionLength="300" />
		<!-- Elegia Sigil -->
		<item auctionItemId="79" itemId="15588" itemCount="1" auctionInitBid="100000000" auctionLength="300" />
		<!-- Enchaced Epic Jewelery -->
		<!-- Greater Queen Ant's Ring -->
		<item auctionItemId="80" itemId="22174" itemCount="1" auctionInitBid="100000000" auctionLength="300" />
		<!-- Greater Zaken's Earring of Immortality -->
		<item auctionItemId="81" itemId="22175" itemCount="1" auctionInitBid="100000000" auctionLength="300" />
		<!-- Greater Baium's Ring -->
		<item auctionItemId="82" itemId="22173" itemCount="1" auctionInitBid="100000000" auctionLength="300" />
	</instance>
	<instance id="32322" day_of_week="3" hour_of_day="17">
		<!-- Improved Weapons (No-Grade) +15 -->
		<!-- Improved Falchion -->
		<item auctionItemId="1" itemId="9901" itemCount="1" auctionInitBid="100000000" auctionLength="300" />
		<!-- Improved Great Spear -->
		<item auctionItemId="2" itemId="9902" itemCount="1" auctionInitBid="100000000" auctionLength="300" />
		<!-- Improved Iron Hammer -->
		<item auctionItemId="3" itemId="9903" itemCount="1" auctionInitBid="100000000" auctionLength="300" />
		<!-- Improved Sword Breaker -->
		<item auctionItemId="4" itemId="9904" itemCount="1" auctionInitBid="100000000" auctionLength="300" />
		<!-- Improved Viper Fang -->
		<item auctionItemId="5" itemId="9905" itemCount="1" auctionInitBid="100000000" auctionLength="300" />
		<!-- Improved Composite Bow -->
		<item auctionItemId="6" itemId="9906" itemCount="1" auctionInitBid="100000000" auctionLength="300" />
		<!-- Improved Flanged Mace -->
		<item auctionItemId="7" itemId="9907" itemCount="1" auctionInitBid="100000000" auctionLength="300" />
		<!-- Improved Mage Staff -->
		<item auctionItemId="8" itemId="9908" itemCount="1" auctionInitBid="100000000" auctionLength="300" />
		<!-- Life Stones -->
		<!-- Top-Grade Life Stone - Level 80 -->
		<item auctionItemId="9" itemId="9576" itemCount="1" auctionInitBid="100000000" auctionLength="300" />
		<!-- Top-Grade Life Stone - Level 82 -->
		<item auctionItemId="10" itemId="10486" itemCount="1" auctionInitBid="100000000" auctionLength="300" />
		<!-- Red Soul Crystal - Stage 15 -->
		<item auctionItemId="11" itemId="10480" itemCount="1" auctionInitBid="100000000" auctionLength="300" />
		<!-- Green Soul Crystal - Stage 15 -->
		<item auctionItemId="12" itemId="10482" itemCount="1" auctionInitBid="100000000" auctionLength="300" />
		<!-- Blue Soul Crystal - Stage 15 -->
		<item auctionItemId="13" itemId="10481" itemCount="1" auctionInitBid="100000000" auctionLength="300" />
		<!-- Red Soul Crystal - Stage 16 -->
		<item auctionItemId="14" itemId="13071" itemCount="1" auctionInitBid="100000000" auctionLength="300" />
		<!-- Green Soul Crystal - Stage 16 -->
		<item auctionItemId="15" itemId="13073" itemCount="1" auctionInitBid="100000000" auctionLength="300" />
		<!-- Blue Soul Crystal - Stage 16 -->
		<item auctionItemId="16" itemId="13072" itemCount="1" auctionInitBid="100000000" auctionLength="300" />
		<!-- High-Grade Life Stone - Level 80 -->
		<item auctionItemId="17" itemId="9575" itemCount="1" auctionInitBid="100000000" auctionLength="300" />
		<!-- High-Grade Life Stone - Level 82 -->
		<item auctionItemId="18" itemId="10485" itemCount="1" auctionInitBid="100000000" auctionLength="300" />
		<!-- Forgotten Scrolls -->
		<!-- Forgotten Scroll - Protection of Rune -->
		<item auctionItemId="19" itemId="10549" itemCount="1" auctionInitBid="100000000" auctionLength="300" />
		<!-- Forgotten Scroll - Protection of Elemental -->
		<item auctionItemId="20" itemId="10550" itemCount="1" auctionInitBid="100000000" auctionLength="300" />
		<!-- Forgotten Scroll - Protection of Alignment -->
		<item auctionItemId="21" itemId="10551" itemCount="1" auctionInitBid="100000000" auctionLength="300" />
		<!-- Forgotten Scroll - Fighter's Will -->
		<item auctionItemId="22" itemId="10552" itemCount="1" auctionInitBid="100000000" auctionLength="300" />
		<!-- Forgotten Scroll - Archer's Will -->
		<item auctionItemId="23" itemId="10553" itemCount="1" auctionInitBid="100000000" auctionLength="300" />
		<!-- Forgotten Scroll - Magician's Will -->
		<item auctionItemId="24" itemId="14219" itemCount="1" auctionInitBid="100000000" auctionLength="300" />
		<!-- Hair Accessories -->
		<!-- Refined Chick Hat -->
		<item auctionItemId="25" itemId="13497" itemCount="1" auctionInitBid="100000000" auctionLength="300" />
		<!-- Refined Wizard Hat -->
		<item auctionItemId="26" itemId="13498" itemCount="1" auctionInitBid="100000000" auctionLength="300" />
		<!-- Refined Black Feather Mask -->
		<item auctionItemId="27" itemId="13500" itemCount="1" auctionInitBid="100000000" auctionLength="300" />
		<!-- Refined Romantic Chapeau -->
		<item auctionItemId="28" itemId="13501" itemCount="1" auctionInitBid="100000000" auctionLength="300" />
		<!-- Refined Carnival Circlet -->
		<item auctionItemId="29" itemId="13493" itemCount="1" auctionInitBid="100000000" auctionLength="300" />
		<!-- Refined Jester Hat -->
		<item auctionItemId="30" itemId="13499" itemCount="1" auctionInitBid="100000000" auctionLength="300" />
		<!-- High Grade S84 Weapons -->
		<!-- Periel Sword -->
		<item auctionItemId="31" itemId="15558" itemCount="1" auctionInitBid="100000000" auctionLength="300" />
		<!-- Skull Edge -->
		<item auctionItemId="32" itemId="15559" itemCount="1" auctionInitBid="100000000" auctionLength="300" />
		<!-- Vigwik Axe -->
		<item auctionItemId="33" itemId="15560" itemCount="1" auctionInitBid="100000000" auctionLength="300" />
		<!-- Devilish Maul -->
		<item auctionItemId="34" itemId="15561" itemCount="1" auctionInitBid="100000000" auctionLength="300" />
		<!-- Feather Eye Blade -->
		<item auctionItemId="35" itemId="15562" itemCount="1" auctionInitBid="100000000" auctionLength="300" />
		<!-- Octo Claw -->
		<item auctionItemId="36" itemId="15563" itemCount="1" auctionInitBid="100000000" auctionLength="300" />
		<!-- Doubletop Spear -->
		<item auctionItemId="37" itemId="15564" itemCount="1" auctionInitBid="100000000" auctionLength="300" />
		<!-- Rising Star -->
		<item auctionItemId="38" itemId="15565" itemCount="1" auctionInitBid="100000000" auctionLength="300" />
		<!-- Black Visage -->
		<item auctionItemId="39" itemId="15566" itemCount="1" auctionInitBid="100000000" auctionLength="300" />
		<!-- Veniplant Sword -->
		<item auctionItemId="40" itemId="15567" itemCount="1" auctionInitBid="100000000" auctionLength="300" />
		<!-- Skull Carnium Bow -->
		<item auctionItemId="41" itemId="15568" itemCount="1" auctionInitBid="100000000" auctionLength="300" />
		<!-- Gemtail Rapier -->
		<item auctionItemId="42" itemId="15569" itemCount="1" auctionInitBid="100000000" auctionLength="300" />
		<!-- Finale Blade -->
		<item auctionItemId="43" itemId="15570" itemCount="1" auctionInitBid="100000000" auctionLength="300" />
		<!-- Dominion Crossbow -->
		<item auctionItemId="44" itemId="15571" itemCount="1" auctionInitBid="100000000" auctionLength="300" />
		<!-- Skull Edge Dual Daggers -->
		<item auctionItemId="45" itemId="16152" itemCount="1" auctionInitBid="100000000" auctionLength="300" />
		<!-- Periel Dual Sword -->
		<item auctionItemId="46" itemId="16154" itemCount="1" auctionInitBid="100000000" auctionLength="300" />
		<!-- Top Grade S84 Weapons -->
		<!-- Eternal Core Sword -->
		<item auctionItemId="47" itemId="15544" itemCount="1" auctionInitBid="100000000" auctionLength="300" />
		<!-- Mamba Edge -->
		<item auctionItemId="48" itemId="15545" itemCount="1" auctionInitBid="100000000" auctionLength="300" />
		<!-- Eversor Mace -->
		<item auctionItemId="49" itemId="15546" itemCount="1" auctionInitBid="100000000" auctionLength="300" />
		<!-- Contristo Hammer -->
		<item auctionItemId="50" itemId="15547" itemCount="1" auctionInitBid="100000000" auctionLength="300" />
		<!-- Lava Saw -->
		<item auctionItemId="51" itemId="15548" itemCount="1" auctionInitBid="100000000" auctionLength="300" />
		<!-- Jade Claw -->
		<item auctionItemId="52" itemId="15549" itemCount="1" auctionInitBid="100000000" auctionLength="300" />
		<!-- Demitelum -->
		<item auctionItemId="53" itemId="15550" itemCount="1" auctionInitBid="100000000" auctionLength="300" />
		<!-- Sacredium -->
		<item auctionItemId="54" itemId="15551" itemCount="1" auctionInitBid="100000000" auctionLength="300" />
		<!-- Cyclic Cane -->
		<item auctionItemId="55" itemId="15552" itemCount="1" auctionInitBid="100000000" auctionLength="300" />
		<!-- Archangel Sword -->
		<item auctionItemId="56" itemId="15553" itemCount="1" auctionInitBid="100000000" auctionLength="300" />
		<!-- Recurve Thorne Bow -->
		<item auctionItemId="57" itemId="15554" itemCount="1" auctionInitBid="100000000" auctionLength="300" />
		<!-- Heavenstare Rapier -->
		<item auctionItemId="58" itemId="15555" itemCount="1" auctionInitBid="100000000" auctionLength="300" />
		<!-- Pyseal Blade -->
		<item auctionItemId="59" itemId="15556" itemCount="1" auctionInitBid="100000000" auctionLength="300" />
		<!-- Thorne Crossbow -->
		<item auctionItemId="60" itemId="15557" itemCount="1" auctionInitBid="100000000" auctionLength="300" />
		<!-- Mamba Edge Dual Daggers -->
		<item auctionItemId="61" itemId="16156" itemCount="1" auctionInitBid="100000000" auctionLength="300" />
		<!-- Eternal Core Dual Sword -->
		<item auctionItemId="62" itemId="16158" itemCount="1" auctionInitBid="100000000" auctionLength="300" />
		<!-- Elegia Armors -->
		<!-- Elegia Helmet -->
		<item auctionItemId="63" itemId="15572" itemCount="1" auctionInitBid="100000000" auctionLength="300" />
		<!-- Elegia Leather Helmet -->
		<item auctionItemId="64" itemId="15573" itemCount="1" auctionInitBid="100000000" auctionLength="300" />
		<!-- Elegia Circlet -->
		<item auctionItemId="65" itemId="15574" itemCount="1" auctionInitBid="100000000" auctionLength="300" />
		<!-- Elegia Breastplate -->
		<item auctionItemId="66" itemId="15575" itemCount="1" auctionInitBid="100000000" auctionLength="300" />
		<!-- Elegia Leather Breastplate -->
		<item auctionItemId="67" itemId="15576" itemCount="1" auctionInitBid="100000000" auctionLength="300" />
		<!-- Elegia Tunic -->
		<item auctionItemId="68" itemId="15577" itemCount="1" auctionInitBid="100000000" auctionLength="300" />
		<!-- Elegia Gaiter -->
		<item auctionItemId="69" itemId="15578" itemCount="1" auctionInitBid="100000000" auctionLength="300" />
		<!-- Elegia Leather Legging -->
		<item auctionItemId="70" itemId="15579" itemCount="1" auctionInitBid="100000000" auctionLength="300" />
		<!-- Elegia Stockings -->
		<item auctionItemId="71" itemId="15580" itemCount="1" auctionInitBid="100000000" auctionLength="300" />
		<!-- Elegia Gauntlet -->
		<item auctionItemId="72" itemId="15581" itemCount="1" auctionInitBid="100000000" auctionLength="300" />
		<!-- Elegia Leather Gloves -->
		<item auctionItemId="73" itemId="15582" itemCount="1" auctionInitBid="100000000" auctionLength="300" />
		<!-- Elegia Gloves -->
		<item auctionItemId="74" itemId="15583" itemCount="1" auctionInitBid="100000000" auctionLength="300" />
		<!-- Elegia Boots -->
		<item auctionItemId="75" itemId="15584" itemCount="1" auctionInitBid="100000000" auctionLength="300" />
		<!-- Elegia Leather Boots -->
		<item auctionItemId="76" itemId="15585" itemCount="1" auctionInitBid="100000000" auctionLength="300" />
		<!-- Elegia Shoes -->
		<item auctionItemId="77" itemId="15586" itemCount="1" auctionInitBid="100000000" auctionLength="300" />
		<!-- Elegia Shield -->
		<item auctionItemId="78" itemId="15587" itemCount="1" auctionInitBid="100000000" auctionLength="300" />
		<!-- Elegia Sigil -->
		<item auctionItemId="79" itemId="15588" itemCount="1" auctionInitBid="100000000" auctionLength="300" />
		<!-- Enchaced Epic Jewelery -->
		<!-- Greater Queen Ant's Ring -->
		<item auctionItemId="80" itemId="22174" itemCount="1" auctionInitBid="100000000" auctionLength="300" />
		<!-- Greater Zaken's Earring of Immortality -->
		<item auctionItemId="81" itemId="22175" itemCount="1" auctionInitBid="100000000" auctionLength="300" />
		<!-- Greater Baium's Ring -->
		<item auctionItemId="82" itemId="22173" itemCount="1" auctionInitBid="100000000" auctionLength="300" />
	</instance>
</list>