<?xml version="1.0" encoding="UTF-8"?>
<list xmlns:xsi="http://www.w3.org/2001/XMLSchema-instance" xsi:noNamespaceSchemaLocation="xsd/enchantItemOptions.xsd">
	<item id="15383"> <!-- Weaver's Multi-colored Clothes - 7-day limited period -->
		<options level="0" option1="24949" />
		<options level="1" option1="24805" />
		<options level="2" option1="24806" />
		<options level="3" option1="24807" />
		<options level="4" option1="24808" option2="24855" option3="24902" />
		<options level="5" option1="24809" option2="24856" option3="24903" />
		<options level="6" option1="24810" option2="24857" option3="24904" />
		<options level="7" option1="24811" option2="24858" option3="24905" />
		<options level="8" option1="24812" option2="24859" option3="24906" />
		<options level="9" option1="24813" option2="24860" option3="24907" />
		<options level="10" option1="24814" option2="24861" option3="24908" />
		<options level="11" option1="24815" option2="24862" option3="24909" />
		<options level="12" option1="24816" option2="24863" option3="24910" />
		<options level="13" option1="24817" option2="24864" option3="24911" />
		<options level="14" option1="24818" option2="24865" option3="24912" />
		<options level="15" option1="24819" option2="24866" option3="24913" />
		<options level="16" option1="24820" option2="24867" option3="24914" />
		<options level="17" option1="24821" option2="24868" option3="24915" />
		<options level="18" option1="24822" option2="24869" option3="24916" />
		<options level="19" option1="24823" option2="24870" option3="24917" />
		<options level="20" option1="24824" option2="24871" option3="24918" />
		<options level="21" option1="24825" option2="24872" option3="24919" />
		<options level="22" option1="24826" option2="24873" option3="24920" />
		<options level="23" option1="24827" option2="24874" option3="24921" />
		<options level="24" option1="24828" option2="24875" option3="24922" />
		<options level="25" option1="24829" option2="24876" option3="24923" />
		<options level="26" option1="24830" option2="24877" option3="24924" />
		<options level="27" option1="24831" option2="24878" option3="24925" />
		<options level="28" option1="24832" option2="24879" option3="24926" />
		<options level="29" option1="24833" option2="24880" option3="24927" />
		<options level="30" option1="24834" option2="24881" option3="24928" />
		<options level="31" option1="24835" option2="24882" option3="24929" />
		<options level="32" option1="24836" option2="24883" option3="24930" />
		<options level="33" option1="24837" option2="24884" option3="24931" />
		<options level="34" option1="24838" option2="24885" option3="24932" />
		<options level="35" option1="24839" option2="24886" option3="24933" />
		<options level="36" option1="24840" option2="24887" option3="24934" />
		<options level="37" option1="24841" option2="24888" option3="24935" />
		<options level="38" option1="24842" option2="24889" option3="24936" />
		<options level="39" option1="24843" option2="24890" option3="24937" />
		<options level="40" option1="24844" option2="24891" option3="24938" />
		<options level="41" option1="24845" option2="24892" option3="24939" />
		<options level="42" option1="24846" option2="24893" option3="24940" />
		<options level="43" option1="24847" option2="24894" option3="24941" />
		<options level="44" option1="24848" option2="24895" option3="24942" />
		<options level="45" option1="24849" option2="24896" option3="24943" />
		<options level="46" option1="24850" option2="24897" option3="24944" />
		<options level="47" option1="24851" option2="24898" option3="24945" />
		<options level="48" option1="24852" option2="24899" option3="24946" />
		<options level="49" option1="24853" option2="24900" option3="24947" />
		<options level="50" option1="24854" option2="24901" option3="24948" />
	</item>
	<item id="15384"> <!-- Weaver's Multi-colored Clothes - 30-day limited period -->
		<options level="0" option1="24949" />
		<options level="1" option1="24805" />
		<options level="2" option1="24806" />
		<options level="3" option1="24807" />
		<options level="4" option1="24808" option2="24855" option3="24902" />
		<options level="5" option1="24809" option2="24856" option3="24903" />
		<options level="6" option1="24810" option2="24857" option3="24904" />
		<options level="7" option1="24811" option2="24858" option3="24905" />
		<options level="8" option1="24812" option2="24859" option3="24906" />
		<options level="9" option1="24813" option2="24860" option3="24907" />
		<options level="10" option1="24814" option2="24861" option3="24908" />
		<options level="11" option1="24815" option2="24862" option3="24909" />
		<options level="12" option1="24816" option2="24863" option3="24910" />
		<options level="13" option1="24817" option2="24864" option3="24911" />
		<options level="14" option1="24818" option2="24865" option3="24912" />
		<options level="15" option1="24819" option2="24866" option3="24913" />
		<options level="16" option1="24820" option2="24867" option3="24914" />
		<options level="17" option1="24821" option2="24868" option3="24915" />
		<options level="18" option1="24822" option2="24869" option3="24916" />
		<options level="19" option1="24823" option2="24870" option3="24917" />
		<options level="20" option1="24824" option2="24871" option3="24918" />
		<options level="21" option1="24825" option2="24872" option3="24919" />
		<options level="22" option1="24826" option2="24873" option3="24920" />
		<options level="23" option1="24827" option2="24874" option3="24921" />
		<options level="24" option1="24828" option2="24875" option3="24922" />
		<options level="25" option1="24829" option2="24876" option3="24923" />
		<options level="26" option1="24830" option2="24877" option3="24924" />
		<options level="27" option1="24831" option2="24878" option3="24925" />
		<options level="28" option1="24832" option2="24879" option3="24926" />
		<options level="29" option1="24833" option2="24880" option3="24927" />
		<options level="30" option1="24834" option2="24881" option3="24928" />
		<options level="31" option1="24835" option2="24882" option3="24929" />
		<options level="32" option1="24836" option2="24883" option3="24930" />
		<options level="33" option1="24837" option2="24884" option3="24931" />
		<options level="34" option1="24838" option2="24885" option3="24932" />
		<options level="35" option1="24839" option2="24886" option3="24933" />
		<options level="36" option1="24840" option2="24887" option3="24934" />
		<options level="37" option1="24841" option2="24888" option3="24935" />
		<options level="38" option1="24842" option2="24889" option3="24936" />
		<options level="39" option1="24843" option2="24890" option3="24937" />
		<options level="40" option1="24844" option2="24891" option3="24938" />
		<options level="41" option1="24845" option2="24892" option3="24939" />
		<options level="42" option1="24846" option2="24893" option3="24940" />
		<options level="43" option1="24847" option2="24894" option3="24941" />
		<options level="44" option1="24848" option2="24895" option3="24942" />
		<options level="45" option1="24849" option2="24896" option3="24943" />
		<options level="46" option1="24850" option2="24897" option3="24944" />
		<options level="47" option1="24851" option2="24898" option3="24945" />
		<options level="48" option1="24852" option2="24899" option3="24946" />
		<options level="49" option1="24853" option2="24900" option3="24947" />
		<options level="50" option1="24854" option2="24901" option3="24948" />
	</item>
	<item id="15385"> <!-- Weaver's Multi-colored Clothes - 60-day limited period -->
		<options level="0" option1="24949" />
		<options level="1" option1="24805" />
		<options level="2" option1="24806" />
		<options level="3" option1="24807" />
		<options level="4" option1="24808" option2="24855" option3="24902" />
		<options level="5" option1="24809" option2="24856" option3="24903" />
		<options level="6" option1="24810" option2="24857" option3="24904" />
		<options level="7" option1="24811" option2="24858" option3="24905" />
		<options level="8" option1="24812" option2="24859" option3="24906" />
		<options level="9" option1="24813" option2="24860" option3="24907" />
		<options level="10" option1="24814" option2="24861" option3="24908" />
		<options level="11" option1="24815" option2="24862" option3="24909" />
		<options level="12" option1="24816" option2="24863" option3="24910" />
		<options level="13" option1="24817" option2="24864" option3="24911" />
		<options level="14" option1="24818" option2="24865" option3="24912" />
		<options level="15" option1="24819" option2="24866" option3="24913" />
		<options level="16" option1="24820" option2="24867" option3="24914" />
		<options level="17" option1="24821" option2="24868" option3="24915" />
		<options level="18" option1="24822" option2="24869" option3="24916" />
		<options level="19" option1="24823" option2="24870" option3="24917" />
		<options level="20" option1="24824" option2="24871" option3="24918" />
		<options level="21" option1="24825" option2="24872" option3="24919" />
		<options level="22" option1="24826" option2="24873" option3="24920" />
		<options level="23" option1="24827" option2="24874" option3="24921" />
		<options level="24" option1="24828" option2="24875" option3="24922" />
		<options level="25" option1="24829" option2="24876" option3="24923" />
		<options level="26" option1="24830" option2="24877" option3="24924" />
		<options level="27" option1="24831" option2="24878" option3="24925" />
		<options level="28" option1="24832" option2="24879" option3="24926" />
		<options level="29" option1="24833" option2="24880" option3="24927" />
		<options level="30" option1="24834" option2="24881" option3="24928" />
		<options level="31" option1="24835" option2="24882" option3="24929" />
		<options level="32" option1="24836" option2="24883" option3="24930" />
		<options level="33" option1="24837" option2="24884" option3="24931" />
		<options level="34" option1="24838" option2="24885" option3="24932" />
		<options level="35" option1="24839" option2="24886" option3="24933" />
		<options level="36" option1="24840" option2="24887" option3="24934" />
		<options level="37" option1="24841" option2="24888" option3="24935" />
		<options level="38" option1="24842" option2="24889" option3="24936" />
		<options level="39" option1="24843" option2="24890" option3="24937" />
		<options level="40" option1="24844" option2="24891" option3="24938" />
		<options level="41" option1="24845" option2="24892" option3="24939" />
		<options level="42" option1="24846" option2="24893" option3="24940" />
		<options level="43" option1="24847" option2="24894" option3="24941" />
		<options level="44" option1="24848" option2="24895" option3="24942" />
		<options level="45" option1="24849" option2="24896" option3="24943" />
		<options level="46" option1="24850" option2="24897" option3="24944" />
		<options level="47" option1="24851" option2="24898" option3="24945" />
		<options level="48" option1="24852" option2="24899" option3="24946" />
		<options level="49" option1="24853" option2="24900" option3="24947" />
		<options level="50" option1="24854" option2="24901" option3="24948" />
	</item>
	<item id="15386"> <!-- Weaver's Multi-colored Clothes - 90-day limited period -->
		<options level="0" option1="24949" />
		<options level="1" option1="24805" />
		<options level="2" option1="24806" />
		<options level="3" option1="24807" />
		<options level="4" option1="24808" option2="24855" option3="24902" />
		<options level="5" option1="24809" option2="24856" option3="24903" />
		<options level="6" option1="24810" option2="24857" option3="24904" />
		<options level="7" option1="24811" option2="24858" option3="24905" />
		<options level="8" option1="24812" option2="24859" option3="24906" />
		<options level="9" option1="24813" option2="24860" option3="24907" />
		<options level="10" option1="24814" option2="24861" option3="24908" />
		<options level="11" option1="24815" option2="24862" option3="24909" />
		<options level="12" option1="24816" option2="24863" option3="24910" />
		<options level="13" option1="24817" option2="24864" option3="24911" />
		<options level="14" option1="24818" option2="24865" option3="24912" />
		<options level="15" option1="24819" option2="24866" option3="24913" />
		<options level="16" option1="24820" option2="24867" option3="24914" />
		<options level="17" option1="24821" option2="24868" option3="24915" />
		<options level="18" option1="24822" option2="24869" option3="24916" />
		<options level="19" option1="24823" option2="24870" option3="24917" />
		<options level="20" option1="24824" option2="24871" option3="24918" />
		<options level="21" option1="24825" option2="24872" option3="24919" />
		<options level="22" option1="24826" option2="24873" option3="24920" />
		<options level="23" option1="24827" option2="24874" option3="24921" />
		<options level="24" option1="24828" option2="24875" option3="24922" />
		<options level="25" option1="24829" option2="24876" option3="24923" />
		<options level="26" option1="24830" option2="24877" option3="24924" />
		<options level="27" option1="24831" option2="24878" option3="24925" />
		<options level="28" option1="24832" option2="24879" option3="24926" />
		<options level="29" option1="24833" option2="24880" option3="24927" />
		<options level="30" option1="24834" option2="24881" option3="24928" />
		<options level="31" option1="24835" option2="24882" option3="24929" />
		<options level="32" option1="24836" option2="24883" option3="24930" />
		<options level="33" option1="24837" option2="24884" option3="24931" />
		<options level="34" option1="24838" option2="24885" option3="24932" />
		<options level="35" option1="24839" option2="24886" option3="24933" />
		<options level="36" option1="24840" option2="24887" option3="24934" />
		<options level="37" option1="24841" option2="24888" option3="24935" />
		<options level="38" option1="24842" option2="24889" option3="24936" />
		<options level="39" option1="24843" option2="24890" option3="24937" />
		<options level="40" option1="24844" option2="24891" option3="24938" />
		<options level="41" option1="24845" option2="24892" option3="24939" />
		<options level="42" option1="24846" option2="24893" option3="24940" />
		<options level="43" option1="24847" option2="24894" option3="24941" />
		<options level="44" option1="24848" option2="24895" option3="24942" />
		<options level="45" option1="24849" option2="24896" option3="24943" />
		<options level="46" option1="24850" option2="24897" option3="24944" />
		<options level="47" option1="24851" option2="24898" option3="24945" />
		<options level="48" option1="24852" option2="24899" option3="24946" />
		<options level="49" option1="24853" option2="24900" option3="24947" />
		<options level="50" option1="24854" option2="24901" option3="24948" />
	</item>
	<item id="15387"> <!-- Weaver's Multi-colored Clothes - Permanent Use -->
		<options level="0" option1="24949" />
		<options level="1" option1="24805" />
		<options level="2" option1="24806" />
		<options level="3" option1="24807" />
		<options level="4" option1="24808" option2="24855" option3="24902" />
		<options level="5" option1="24809" option2="24856" option3="24903" />
		<options level="6" option1="24810" option2="24857" option3="24904" />
		<options level="7" option1="24811" option2="24858" option3="24905" />
		<options level="8" option1="24812" option2="24859" option3="24906" />
		<options level="9" option1="24813" option2="24860" option3="24907" />
		<options level="10" option1="24814" option2="24861" option3="24908" />
		<options level="11" option1="24815" option2="24862" option3="24909" />
		<options level="12" option1="24816" option2="24863" option3="24910" />
		<options level="13" option1="24817" option2="24864" option3="24911" />
		<options level="14" option1="24818" option2="24865" option3="24912" />
		<options level="15" option1="24819" option2="24866" option3="24913" />
		<options level="16" option1="24820" option2="24867" option3="24914" />
		<options level="17" option1="24821" option2="24868" option3="24915" />
		<options level="18" option1="24822" option2="24869" option3="24916" />
		<options level="19" option1="24823" option2="24870" option3="24917" />
		<options level="20" option1="24824" option2="24871" option3="24918" />
		<options level="21" option1="24825" option2="24872" option3="24919" />
		<options level="22" option1="24826" option2="24873" option3="24920" />
		<options level="23" option1="24827" option2="24874" option3="24921" />
		<options level="24" option1="24828" option2="24875" option3="24922" />
		<options level="25" option1="24829" option2="24876" option3="24923" />
		<options level="26" option1="24830" option2="24877" option3="24924" />
		<options level="27" option1="24831" option2="24878" option3="24925" />
		<options level="28" option1="24832" option2="24879" option3="24926" />
		<options level="29" option1="24833" option2="24880" option3="24927" />
		<options level="30" option1="24834" option2="24881" option3="24928" />
		<options level="31" option1="24835" option2="24882" option3="24929" />
		<options level="32" option1="24836" option2="24883" option3="24930" />
		<options level="33" option1="24837" option2="24884" option3="24931" />
		<options level="34" option1="24838" option2="24885" option3="24932" />
		<options level="35" option1="24839" option2="24886" option3="24933" />
		<options level="36" option1="24840" option2="24887" option3="24934" />
		<options level="37" option1="24841" option2="24888" option3="24935" />
		<options level="38" option1="24842" option2="24889" option3="24936" />
		<options level="39" option1="24843" option2="24890" option3="24937" />
		<options level="40" option1="24844" option2="24891" option3="24938" />
		<options level="41" option1="24845" option2="24892" option3="24939" />
		<options level="42" option1="24846" option2="24893" option3="24940" />
		<options level="43" option1="24847" option2="24894" option3="24941" />
		<options level="44" option1="24848" option2="24895" option3="24942" />
		<options level="45" option1="24849" option2="24896" option3="24943" />
		<options level="46" option1="24850" option2="24897" option3="24944" />
		<options level="47" option1="24851" option2="24898" option3="24945" />
		<options level="48" option1="24852" option2="24899" option3="24946" />
		<options level="49" option1="24853" option2="24900" option3="24947" />
		<options level="50" option1="24854" option2="24901" option3="24948" />
	</item>
	<item id="15388"> <!-- Weaver's Multi-colored Clothes (Event) - 7-day limited period -->
		<options level="0" option1="24949" />
		<options level="1" option1="24805" />
		<options level="2" option1="24806" />
		<options level="3" option1="24807" />
		<options level="4" option1="24808" option2="24855" option3="24902" />
		<options level="5" option1="24809" option2="24856" option3="24903" />
		<options level="6" option1="24810" option2="24857" option3="24904" />
		<options level="7" option1="24811" option2="24858" option3="24905" />
		<options level="8" option1="24812" option2="24859" option3="24906" />
		<options level="9" option1="24813" option2="24860" option3="24907" />
		<options level="10" option1="24814" option2="24861" option3="24908" />
		<options level="11" option1="24815" option2="24862" option3="24909" />
		<options level="12" option1="24816" option2="24863" option3="24910" />
		<options level="13" option1="24817" option2="24864" option3="24911" />
		<options level="14" option1="24818" option2="24865" option3="24912" />
		<options level="15" option1="24819" option2="24866" option3="24913" />
		<options level="16" option1="24820" option2="24867" option3="24914" />
		<options level="17" option1="24821" option2="24868" option3="24915" />
		<options level="18" option1="24822" option2="24869" option3="24916" />
		<options level="19" option1="24823" option2="24870" option3="24917" />
		<options level="20" option1="24824" option2="24871" option3="24918" />
		<options level="21" option1="24825" option2="24872" option3="24919" />
		<options level="22" option1="24826" option2="24873" option3="24920" />
		<options level="23" option1="24827" option2="24874" option3="24921" />
		<options level="24" option1="24828" option2="24875" option3="24922" />
		<options level="25" option1="24829" option2="24876" option3="24923" />
		<options level="26" option1="24830" option2="24877" option3="24924" />
		<options level="27" option1="24831" option2="24878" option3="24925" />
		<options level="28" option1="24832" option2="24879" option3="24926" />
		<options level="29" option1="24833" option2="24880" option3="24927" />
		<options level="30" option1="24834" option2="24881" option3="24928" />
		<options level="31" option1="24835" option2="24882" option3="24929" />
		<options level="32" option1="24836" option2="24883" option3="24930" />
		<options level="33" option1="24837" option2="24884" option3="24931" />
		<options level="34" option1="24838" option2="24885" option3="24932" />
		<options level="35" option1="24839" option2="24886" option3="24933" />
		<options level="36" option1="24840" option2="24887" option3="24934" />
		<options level="37" option1="24841" option2="24888" option3="24935" />
		<options level="38" option1="24842" option2="24889" option3="24936" />
		<options level="39" option1="24843" option2="24890" option3="24937" />
		<options level="40" option1="24844" option2="24891" option3="24938" />
		<options level="41" option1="24845" option2="24892" option3="24939" />
		<options level="42" option1="24846" option2="24893" option3="24940" />
		<options level="43" option1="24847" option2="24894" option3="24941" />
		<options level="44" option1="24848" option2="24895" option3="24942" />
		<options level="45" option1="24849" option2="24896" option3="24943" />
		<options level="46" option1="24850" option2="24897" option3="24944" />
		<options level="47" option1="24851" option2="24898" option3="24945" />
		<options level="48" option1="24852" option2="24899" option3="24946" />
		<options level="49" option1="24853" option2="24900" option3="24947" />
		<options level="50" option1="24854" option2="24901" option3="24948" />
	</item>
	<item id="15389"> <!-- Weaver's Multi-colored Clothes (Event) - 30-day limited period -->
		<options level="0" option1="24949" />
		<options level="1" option1="24805" />
		<options level="2" option1="24806" />
		<options level="3" option1="24807" />
		<options level="4" option1="24808" option2="24855" option3="24902" />
		<options level="5" option1="24809" option2="24856" option3="24903" />
		<options level="6" option1="24810" option2="24857" option3="24904" />
		<options level="7" option1="24811" option2="24858" option3="24905" />
		<options level="8" option1="24812" option2="24859" option3="24906" />
		<options level="9" option1="24813" option2="24860" option3="24907" />
		<options level="10" option1="24814" option2="24861" option3="24908" />
		<options level="11" option1="24815" option2="24862" option3="24909" />
		<options level="12" option1="24816" option2="24863" option3="24910" />
		<options level="13" option1="24817" option2="24864" option3="24911" />
		<options level="14" option1="24818" option2="24865" option3="24912" />
		<options level="15" option1="24819" option2="24866" option3="24913" />
		<options level="16" option1="24820" option2="24867" option3="24914" />
		<options level="17" option1="24821" option2="24868" option3="24915" />
		<options level="18" option1="24822" option2="24869" option3="24916" />
		<options level="19" option1="24823" option2="24870" option3="24917" />
		<options level="20" option1="24824" option2="24871" option3="24918" />
		<options level="21" option1="24825" option2="24872" option3="24919" />
		<options level="22" option1="24826" option2="24873" option3="24920" />
		<options level="23" option1="24827" option2="24874" option3="24921" />
		<options level="24" option1="24828" option2="24875" option3="24922" />
		<options level="25" option1="24829" option2="24876" option3="24923" />
		<options level="26" option1="24830" option2="24877" option3="24924" />
		<options level="27" option1="24831" option2="24878" option3="24925" />
		<options level="28" option1="24832" option2="24879" option3="24926" />
		<options level="29" option1="24833" option2="24880" option3="24927" />
		<options level="30" option1="24834" option2="24881" option3="24928" />
		<options level="31" option1="24835" option2="24882" option3="24929" />
		<options level="32" option1="24836" option2="24883" option3="24930" />
		<options level="33" option1="24837" option2="24884" option3="24931" />
		<options level="34" option1="24838" option2="24885" option3="24932" />
		<options level="35" option1="24839" option2="24886" option3="24933" />
		<options level="36" option1="24840" option2="24887" option3="24934" />
		<options level="37" option1="24841" option2="24888" option3="24935" />
		<options level="38" option1="24842" option2="24889" option3="24936" />
		<options level="39" option1="24843" option2="24890" option3="24937" />
		<options level="40" option1="24844" option2="24891" option3="24938" />
		<options level="41" option1="24845" option2="24892" option3="24939" />
		<options level="42" option1="24846" option2="24893" option3="24940" />
		<options level="43" option1="24847" option2="24894" option3="24941" />
		<options level="44" option1="24848" option2="24895" option3="24942" />
		<options level="45" option1="24849" option2="24896" option3="24943" />
		<options level="46" option1="24850" option2="24897" option3="24944" />
		<options level="47" option1="24851" option2="24898" option3="24945" />
		<options level="48" option1="24852" option2="24899" option3="24946" />
		<options level="49" option1="24853" option2="24900" option3="24947" />
		<options level="50" option1="24854" option2="24901" option3="24948" />
	</item>
	<item id="15390"> <!-- Weaver's Multi-colored Clothes (Event) - 60-day limited period -->
		<options level="0" option1="24949" />
		<options level="1" option1="24805" />
		<options level="2" option1="24806" />
		<options level="3" option1="24807" />
		<options level="4" option1="24808" option2="24855" option3="24902" />
		<options level="5" option1="24809" option2="24856" option3="24903" />
		<options level="6" option1="24810" option2="24857" option3="24904" />
		<options level="7" option1="24811" option2="24858" option3="24905" />
		<options level="8" option1="24812" option2="24859" option3="24906" />
		<options level="9" option1="24813" option2="24860" option3="24907" />
		<options level="10" option1="24814" option2="24861" option3="24908" />
		<options level="11" option1="24815" option2="24862" option3="24909" />
		<options level="12" option1="24816" option2="24863" option3="24910" />
		<options level="13" option1="24817" option2="24864" option3="24911" />
		<options level="14" option1="24818" option2="24865" option3="24912" />
		<options level="15" option1="24819" option2="24866" option3="24913" />
		<options level="16" option1="24820" option2="24867" option3="24914" />
		<options level="17" option1="24821" option2="24868" option3="24915" />
		<options level="18" option1="24822" option2="24869" option3="24916" />
		<options level="19" option1="24823" option2="24870" option3="24917" />
		<options level="20" option1="24824" option2="24871" option3="24918" />
		<options level="21" option1="24825" option2="24872" option3="24919" />
		<options level="22" option1="24826" option2="24873" option3="24920" />
		<options level="23" option1="24827" option2="24874" option3="24921" />
		<options level="24" option1="24828" option2="24875" option3="24922" />
		<options level="25" option1="24829" option2="24876" option3="24923" />
		<options level="26" option1="24830" option2="24877" option3="24924" />
		<options level="27" option1="24831" option2="24878" option3="24925" />
		<options level="28" option1="24832" option2="24879" option3="24926" />
		<options level="29" option1="24833" option2="24880" option3="24927" />
		<options level="30" option1="24834" option2="24881" option3="24928" />
		<options level="31" option1="24835" option2="24882" option3="24929" />
		<options level="32" option1="24836" option2="24883" option3="24930" />
		<options level="33" option1="24837" option2="24884" option3="24931" />
		<options level="34" option1="24838" option2="24885" option3="24932" />
		<options level="35" option1="24839" option2="24886" option3="24933" />
		<options level="36" option1="24840" option2="24887" option3="24934" />
		<options level="37" option1="24841" option2="24888" option3="24935" />
		<options level="38" option1="24842" option2="24889" option3="24936" />
		<options level="39" option1="24843" option2="24890" option3="24937" />
		<options level="40" option1="24844" option2="24891" option3="24938" />
		<options level="41" option1="24845" option2="24892" option3="24939" />
		<options level="42" option1="24846" option2="24893" option3="24940" />
		<options level="43" option1="24847" option2="24894" option3="24941" />
		<options level="44" option1="24848" option2="24895" option3="24942" />
		<options level="45" option1="24849" option2="24896" option3="24943" />
		<options level="46" option1="24850" option2="24897" option3="24944" />
		<options level="47" option1="24851" option2="24898" option3="24945" />
		<options level="48" option1="24852" option2="24899" option3="24946" />
		<options level="49" option1="24853" option2="24900" option3="24947" />
		<options level="50" option1="24854" option2="24901" option3="24948" />
	</item>
	<item id="15391"> <!-- Weaver's Multi-colored Clothes (Event) - 90-day limited period -->
		<options level="0" option1="24949" />
		<options level="1" option1="24805" />
		<options level="2" option1="24806" />
		<options level="3" option1="24807" />
		<options level="4" option1="24808" option2="24855" option3="24902" />
		<options level="5" option1="24809" option2="24856" option3="24903" />
		<options level="6" option1="24810" option2="24857" option3="24904" />
		<options level="7" option1="24811" option2="24858" option3="24905" />
		<options level="8" option1="24812" option2="24859" option3="24906" />
		<options level="9" option1="24813" option2="24860" option3="24907" />
		<options level="10" option1="24814" option2="24861" option3="24908" />
		<options level="11" option1="24815" option2="24862" option3="24909" />
		<options level="12" option1="24816" option2="24863" option3="24910" />
		<options level="13" option1="24817" option2="24864" option3="24911" />
		<options level="14" option1="24818" option2="24865" option3="24912" />
		<options level="15" option1="24819" option2="24866" option3="24913" />
		<options level="16" option1="24820" option2="24867" option3="24914" />
		<options level="17" option1="24821" option2="24868" option3="24915" />
		<options level="18" option1="24822" option2="24869" option3="24916" />
		<options level="19" option1="24823" option2="24870" option3="24917" />
		<options level="20" option1="24824" option2="24871" option3="24918" />
		<options level="21" option1="24825" option2="24872" option3="24919" />
		<options level="22" option1="24826" option2="24873" option3="24920" />
		<options level="23" option1="24827" option2="24874" option3="24921" />
		<options level="24" option1="24828" option2="24875" option3="24922" />
		<options level="25" option1="24829" option2="24876" option3="24923" />
		<options level="26" option1="24830" option2="24877" option3="24924" />
		<options level="27" option1="24831" option2="24878" option3="24925" />
		<options level="28" option1="24832" option2="24879" option3="24926" />
		<options level="29" option1="24833" option2="24880" option3="24927" />
		<options level="30" option1="24834" option2="24881" option3="24928" />
		<options level="31" option1="24835" option2="24882" option3="24929" />
		<options level="32" option1="24836" option2="24883" option3="24930" />
		<options level="33" option1="24837" option2="24884" option3="24931" />
		<options level="34" option1="24838" option2="24885" option3="24932" />
		<options level="35" option1="24839" option2="24886" option3="24933" />
		<options level="36" option1="24840" option2="24887" option3="24934" />
		<options level="37" option1="24841" option2="24888" option3="24935" />
		<options level="38" option1="24842" option2="24889" option3="24936" />
		<options level="39" option1="24843" option2="24890" option3="24937" />
		<options level="40" option1="24844" option2="24891" option3="24938" />
		<options level="41" option1="24845" option2="24892" option3="24939" />
		<options level="42" option1="24846" option2="24893" option3="24940" />
		<options level="43" option1="24847" option2="24894" option3="24941" />
		<options level="44" option1="24848" option2="24895" option3="24942" />
		<options level="45" option1="24849" option2="24896" option3="24943" />
		<options level="46" option1="24850" option2="24897" option3="24944" />
		<options level="47" option1="24851" option2="24898" option3="24945" />
		<options level="48" option1="24852" option2="24899" option3="24946" />
		<options level="49" option1="24853" option2="24900" option3="24947" />
		<options level="50" option1="24854" option2="24901" option3="24948" />
	</item>
	<item id="15392"> <!-- Weaver's Multi-colored Clothes (Event) - Permanent Use -->
		<options level="0" option1="24949" />
		<options level="1" option1="24805" />
		<options level="2" option1="24806" />
		<options level="3" option1="24807" />
		<options level="4" option1="24808" option2="24855" option3="24902" />
		<options level="5" option1="24809" option2="24856" option3="24903" />
		<options level="6" option1="24810" option2="24857" option3="24904" />
		<options level="7" option1="24811" option2="24858" option3="24905" />
		<options level="8" option1="24812" option2="24859" option3="24906" />
		<options level="9" option1="24813" option2="24860" option3="24907" />
		<options level="10" option1="24814" option2="24861" option3="24908" />
		<options level="11" option1="24815" option2="24862" option3="24909" />
		<options level="12" option1="24816" option2="24863" option3="24910" />
		<options level="13" option1="24817" option2="24864" option3="24911" />
		<options level="14" option1="24818" option2="24865" option3="24912" />
		<options level="15" option1="24819" option2="24866" option3="24913" />
		<options level="16" option1="24820" option2="24867" option3="24914" />
		<options level="17" option1="24821" option2="24868" option3="24915" />
		<options level="18" option1="24822" option2="24869" option3="24916" />
		<options level="19" option1="24823" option2="24870" option3="24917" />
		<options level="20" option1="24824" option2="24871" option3="24918" />
		<options level="21" option1="24825" option2="24872" option3="24919" />
		<options level="22" option1="24826" option2="24873" option3="24920" />
		<options level="23" option1="24827" option2="24874" option3="24921" />
		<options level="24" option1="24828" option2="24875" option3="24922" />
		<options level="25" option1="24829" option2="24876" option3="24923" />
		<options level="26" option1="24830" option2="24877" option3="24924" />
		<options level="27" option1="24831" option2="24878" option3="24925" />
		<options level="28" option1="24832" option2="24879" option3="24926" />
		<options level="29" option1="24833" option2="24880" option3="24927" />
		<options level="30" option1="24834" option2="24881" option3="24928" />
		<options level="31" option1="24835" option2="24882" option3="24929" />
		<options level="32" option1="24836" option2="24883" option3="24930" />
		<options level="33" option1="24837" option2="24884" option3="24931" />
		<options level="34" option1="24838" option2="24885" option3="24932" />
		<options level="35" option1="24839" option2="24886" option3="24933" />
		<options level="36" option1="24840" option2="24887" option3="24934" />
		<options level="37" option1="24841" option2="24888" option3="24935" />
		<options level="38" option1="24842" option2="24889" option3="24936" />
		<options level="39" option1="24843" option2="24890" option3="24937" />
		<options level="40" option1="24844" option2="24891" option3="24938" />
		<options level="41" option1="24845" option2="24892" option3="24939" />
		<options level="42" option1="24846" option2="24893" option3="24940" />
		<options level="43" option1="24847" option2="24894" option3="24941" />
		<options level="44" option1="24848" option2="24895" option3="24942" />
		<options level="45" option1="24849" option2="24896" option3="24943" />
		<options level="46" option1="24850" option2="24897" option3="24944" />
		<options level="47" option1="24851" option2="24898" option3="24945" />
		<options level="48" option1="24852" option2="24899" option3="24946" />
		<options level="49" option1="24853" option2="24900" option3="24947" />
		<options level="50" option1="24854" option2="24901" option3="24948" />
	</item>
	<item id="20759"> <!-- Christmas Shirt - 24-hour limited period -->
		<options level="0" option1="24949" />
		<options level="1" option1="24805" />
		<options level="2" option1="24806" />
		<options level="3" option1="24807" />
		<options level="4" option1="24808" option2="24855" option3="24902" />
		<options level="5" option1="24809" option2="24856" option3="24903" />
		<options level="6" option1="24810" option2="24857" option3="24904" />
		<options level="7" option1="24811" option2="24858" option3="24905" />
		<options level="8" option1="24812" option2="24859" option3="24906" />
		<options level="9" option1="24813" option2="24860" option3="24907" />
		<options level="10" option1="24814" option2="24861" option3="24908" />
		<options level="11" option1="24815" option2="24862" option3="24909" />
		<options level="12" option1="24816" option2="24863" option3="24910" />
		<options level="13" option1="24817" option2="24864" option3="24911" />
		<options level="14" option1="24818" option2="24865" option3="24912" />
		<options level="15" option1="24819" option2="24866" option3="24913" />
		<options level="16" option1="24820" option2="24867" option3="24914" />
		<options level="17" option1="24821" option2="24868" option3="24915" />
		<options level="18" option1="24822" option2="24869" option3="24916" />
		<options level="19" option1="24823" option2="24870" option3="24917" />
		<options level="20" option1="24824" option2="24871" option3="24918" />
		<options level="21" option1="24825" option2="24872" option3="24919" />
		<options level="22" option1="24826" option2="24873" option3="24920" />
		<options level="23" option1="24827" option2="24874" option3="24921" />
		<options level="24" option1="24828" option2="24875" option3="24922" />
		<options level="25" option1="24829" option2="24876" option3="24923" />
		<options level="26" option1="24830" option2="24877" option3="24924" />
		<options level="27" option1="24831" option2="24878" option3="24925" />
		<options level="28" option1="24832" option2="24879" option3="24926" />
		<options level="29" option1="24833" option2="24880" option3="24927" />
		<options level="30" option1="24834" option2="24881" option3="24928" />
		<options level="31" option1="24835" option2="24882" option3="24929" />
		<options level="32" option1="24836" option2="24883" option3="24930" />
		<options level="33" option1="24837" option2="24884" option3="24931" />
		<options level="34" option1="24838" option2="24885" option3="24932" />
		<options level="35" option1="24839" option2="24886" option3="24933" />
		<options level="36" option1="24840" option2="24887" option3="24934" />
		<options level="37" option1="24841" option2="24888" option3="24935" />
		<options level="38" option1="24842" option2="24889" option3="24936" />
		<options level="39" option1="24843" option2="24890" option3="24937" />
		<options level="40" option1="24844" option2="24891" option3="24938" />
		<options level="41" option1="24845" option2="24892" option3="24939" />
		<options level="42" option1="24846" option2="24893" option3="24940" />
		<options level="43" option1="24847" option2="24894" option3="24941" />
		<options level="44" option1="24848" option2="24895" option3="24942" />
		<options level="45" option1="24849" option2="24896" option3="24943" />
		<options level="46" option1="24850" option2="24897" option3="24944" />
		<options level="47" option1="24851" option2="24898" option3="24945" />
		<options level="48" option1="24852" option2="24899" option3="24946" />
		<options level="49" option1="24853" option2="24900" option3="24947" />
		<options level="50" option1="24854" option2="24901" option3="24948" />
	</item>
	<item id="15393"> <!-- Vitality Belt (7-day limited period) -->
		<options level="0" option1="24949" />
		<options level="1" option1="24805" />
		<options level="2" option1="24806" />
		<options level="3" option1="24807" />
		<options level="4" option1="24808" />
		<options level="5" option1="24809" />
		<options level="6" option1="24810" />
		<options level="7" option1="24811" />
		<options level="8" option1="24812" />
		<options level="9" option1="24813" />
		<options level="10" option1="24814" />
		<options level="11" option1="24815" />
		<options level="12" option1="24816" />
		<options level="13" option1="24817" />
		<options level="14" option1="24818" />
		<options level="15" option1="24819" />
		<options level="16" option1="24820" />
		<options level="17" option1="24821" />
		<options level="18" option1="24822" />
		<options level="19" option1="24823" />
		<options level="20" option1="24824" />
		<options level="21" option1="24825" />
		<options level="22" option1="24826" />
		<options level="23" option1="24827" />
		<options level="24" option1="24828" />
		<options level="25" option1="24829" />
		<options level="26" option1="24830" />
		<options level="27" option1="24831" />
		<options level="28" option1="24832" />
		<options level="29" option1="24833" />
		<options level="30" option1="24834" />
		<options level="31" option1="24835" />
		<options level="32" option1="24836" />
		<options level="33" option1="24837" />
		<options level="34" option1="24838" />
		<options level="35" option1="24839" />
		<options level="36" option1="24840" />
		<options level="37" option1="24841" />
		<options level="38" option1="24842" />
		<options level="39" option1="24843" />
		<options level="40" option1="24844" />
		<options level="41" option1="24845" />
		<options level="42" option1="24846" />
		<options level="43" option1="24847" />
		<options level="44" option1="24848" />
		<options level="45" option1="24849" />
		<options level="46" option1="24850" />
		<options level="47" option1="24851" />
		<options level="48" option1="24852" />
		<options level="49" option1="24853" />
		<options level="50" option1="24854" />
	</item>
	<item id="15394"> <!-- Vitality Belt (30-day limited period) -->
		<options level="0" option1="24949" />
		<options level="1" option1="24805" />
		<options level="2" option1="24806" />
		<options level="3" option1="24807" />
		<options level="4" option1="24808" />
		<options level="5" option1="24809" />
		<options level="6" option1="24810" />
		<options level="7" option1="24811" />
		<options level="8" option1="24812" />
		<options level="9" option1="24813" />
		<options level="10" option1="24814" />
		<options level="11" option1="24815" />
		<options level="12" option1="24816" />
		<options level="13" option1="24817" />
		<options level="14" option1="24818" />
		<options level="15" option1="24819" />
		<options level="16" option1="24820" />
		<options level="17" option1="24821" />
		<options level="18" option1="24822" />
		<options level="19" option1="24823" />
		<options level="20" option1="24824" />
		<options level="21" option1="24825" />
		<options level="22" option1="24826" />
		<options level="23" option1="24827" />
		<options level="24" option1="24828" />
		<options level="25" option1="24829" />
		<options level="26" option1="24830" />
		<options level="27" option1="24831" />
		<options level="28" option1="24832" />
		<options level="29" option1="24833" />
		<options level="30" option1="24834" />
		<options level="31" option1="24835" />
		<options level="32" option1="24836" />
		<options level="33" option1="24837" />
		<options level="34" option1="24838" />
		<options level="35" option1="24839" />
		<options level="36" option1="24840" />
		<options level="37" option1="24841" />
		<options level="38" option1="24842" />
		<options level="39" option1="24843" />
		<options level="40" option1="24844" />
		<options level="41" option1="24845" />
		<options level="42" option1="24846" />
		<options level="43" option1="24847" />
		<options level="44" option1="24848" />
		<options level="45" option1="24849" />
		<options level="46" option1="24850" />
		<options level="47" option1="24851" />
		<options level="48" option1="24852" />
		<options level="49" option1="24853" />
		<options level="50" option1="24854" />
	</item>
	<item id="15395"> <!-- Vitality Belt (60-day limited period) -->
		<options level="0" option1="24949" />
		<options level="1" option1="24805" />
		<options level="2" option1="24806" />
		<options level="3" option1="24807" />
		<options level="4" option1="24808" />
		<options level="5" option1="24809" />
		<options level="6" option1="24810" />
		<options level="7" option1="24811" />
		<options level="8" option1="24812" />
		<options level="9" option1="24813" />
		<options level="10" option1="24814" />
		<options level="11" option1="24815" />
		<options level="12" option1="24816" />
		<options level="13" option1="24817" />
		<options level="14" option1="24818" />
		<options level="15" option1="24819" />
		<options level="16" option1="24820" />
		<options level="17" option1="24821" />
		<options level="18" option1="24822" />
		<options level="19" option1="24823" />
		<options level="20" option1="24824" />
		<options level="21" option1="24825" />
		<options level="22" option1="24826" />
		<options level="23" option1="24827" />
		<options level="24" option1="24828" />
		<options level="25" option1="24829" />
		<options level="26" option1="24830" />
		<options level="27" option1="24831" />
		<options level="28" option1="24832" />
		<options level="29" option1="24833" />
		<options level="30" option1="24834" />
		<options level="31" option1="24835" />
		<options level="32" option1="24836" />
		<options level="33" option1="24837" />
		<options level="34" option1="24838" />
		<options level="35" option1="24839" />
		<options level="36" option1="24840" />
		<options level="37" option1="24841" />
		<options level="38" option1="24842" />
		<options level="39" option1="24843" />
		<options level="40" option1="24844" />
		<options level="41" option1="24845" />
		<options level="42" option1="24846" />
		<options level="43" option1="24847" />
		<options level="44" option1="24848" />
		<options level="45" option1="24849" />
		<options level="46" option1="24850" />
		<options level="47" option1="24851" />
		<options level="48" option1="24852" />
		<options level="49" option1="24853" />
		<options level="50" option1="24854" />
	</item>
	<item id="15396"> <!-- Vitality Belt (90-day limited period) -->
		<options level="0" option1="24949" />
		<options level="1" option1="24805" />
		<options level="2" option1="24806" />
		<options level="3" option1="24807" />
		<options level="4" option1="24808" />
		<options level="5" option1="24809" />
		<options level="6" option1="24810" />
		<options level="7" option1="24811" />
		<options level="8" option1="24812" />
		<options level="9" option1="24813" />
		<options level="10" option1="24814" />
		<options level="11" option1="24815" />
		<options level="12" option1="24816" />
		<options level="13" option1="24817" />
		<options level="14" option1="24818" />
		<options level="15" option1="24819" />
		<options level="16" option1="24820" />
		<options level="17" option1="24821" />
		<options level="18" option1="24822" />
		<options level="19" option1="24823" />
		<options level="20" option1="24824" />
		<options level="21" option1="24825" />
		<options level="22" option1="24826" />
		<options level="23" option1="24827" />
		<options level="24" option1="24828" />
		<options level="25" option1="24829" />
		<options level="26" option1="24830" />
		<options level="27" option1="24831" />
		<options level="28" option1="24832" />
		<options level="29" option1="24833" />
		<options level="30" option1="24834" />
		<options level="31" option1="24835" />
		<options level="32" option1="24836" />
		<options level="33" option1="24837" />
		<options level="34" option1="24838" />
		<options level="35" option1="24839" />
		<options level="36" option1="24840" />
		<options level="37" option1="24841" />
		<options level="38" option1="24842" />
		<options level="39" option1="24843" />
		<options level="40" option1="24844" />
		<options level="41" option1="24845" />
		<options level="42" option1="24846" />
		<options level="43" option1="24847" />
		<options level="44" option1="24848" />
		<options level="45" option1="24849" />
		<options level="46" option1="24850" />
		<options level="47" option1="24851" />
		<options level="48" option1="24852" />
		<options level="49" option1="24853" />
		<options level="50" option1="24854" />
	</item>
	<item id="15397"> <!-- Vitality Belt (Permanent Use) -->
		<options level="0" option1="24949" />
		<options level="1" option1="24805" />
		<options level="2" option1="24806" />
		<options level="3" option1="24807" />
		<options level="4" option1="24808" />
		<options level="5" option1="24809" />
		<options level="6" option1="24810" />
		<options level="7" option1="24811" />
		<options level="8" option1="24812" />
		<options level="9" option1="24813" />
		<options level="10" option1="24814" />
		<options level="11" option1="24815" />
		<options level="12" option1="24816" />
		<options level="13" option1="24817" />
		<options level="14" option1="24818" />
		<options level="15" option1="24819" />
		<options level="16" option1="24820" />
		<options level="17" option1="24821" />
		<options level="18" option1="24822" />
		<options level="19" option1="24823" />
		<options level="20" option1="24824" />
		<options level="21" option1="24825" />
		<options level="22" option1="24826" />
		<options level="23" option1="24827" />
		<options level="24" option1="24828" />
		<options level="25" option1="24829" />
		<options level="26" option1="24830" />
		<options level="27" option1="24831" />
		<options level="28" option1="24832" />
		<options level="29" option1="24833" />
		<options level="30" option1="24834" />
		<options level="31" option1="24835" />
		<options level="32" option1="24836" />
		<options level="33" option1="24837" />
		<options level="34" option1="24838" />
		<options level="35" option1="24839" />
		<options level="36" option1="24840" />
		<options level="37" option1="24841" />
		<options level="38" option1="24842" />
		<options level="39" option1="24843" />
		<options level="40" option1="24844" />
		<options level="41" option1="24845" />
		<options level="42" option1="24846" />
		<options level="43" option1="24847" />
		<options level="44" option1="24848" />
		<options level="45" option1="24849" />
		<options level="46" option1="24850" />
		<options level="47" option1="24851" />
		<options level="48" option1="24852" />
		<options level="49" option1="24853" />
		<options level="50" option1="24854" />
	</item>
	<item id="15398"> <!-- Vitality Belt (Event) (7-day limited period) -->
		<options level="0" option1="24949" />
		<options level="1" option1="24805" />
		<options level="2" option1="24806" />
		<options level="3" option1="24807" />
		<options level="4" option1="24808" />
		<options level="5" option1="24809" />
		<options level="6" option1="24810" />
		<options level="7" option1="24811" />
		<options level="8" option1="24812" />
		<options level="9" option1="24813" />
		<options level="10" option1="24814" />
		<options level="11" option1="24815" />
		<options level="12" option1="24816" />
		<options level="13" option1="24817" />
		<options level="14" option1="24818" />
		<options level="15" option1="24819" />
		<options level="16" option1="24820" />
		<options level="17" option1="24821" />
		<options level="18" option1="24822" />
		<options level="19" option1="24823" />
		<options level="20" option1="24824" />
		<options level="21" option1="24825" />
		<options level="22" option1="24826" />
		<options level="23" option1="24827" />
		<options level="24" option1="24828" />
		<options level="25" option1="24829" />
		<options level="26" option1="24830" />
		<options level="27" option1="24831" />
		<options level="28" option1="24832" />
		<options level="29" option1="24833" />
		<options level="30" option1="24834" />
		<options level="31" option1="24835" />
		<options level="32" option1="24836" />
		<options level="33" option1="24837" />
		<options level="34" option1="24838" />
		<options level="35" option1="24839" />
		<options level="36" option1="24840" />
		<options level="37" option1="24841" />
		<options level="38" option1="24842" />
		<options level="39" option1="24843" />
		<options level="40" option1="24844" />
		<options level="41" option1="24845" />
		<options level="42" option1="24846" />
		<options level="43" option1="24847" />
		<options level="44" option1="24848" />
		<options level="45" option1="24849" />
		<options level="46" option1="24850" />
		<options level="47" option1="24851" />
		<options level="48" option1="24852" />
		<options level="49" option1="24853" />
		<options level="50" option1="24854" />
	</item>
	<item id="15399"> <!-- Vitality Belt (Event) (30-day limited period) -->
		<options level="0" option1="24949" />
		<options level="1" option1="24805" />
		<options level="2" option1="24806" />
		<options level="3" option1="24807" />
		<options level="4" option1="24808" />
		<options level="5" option1="24809" />
		<options level="6" option1="24810" />
		<options level="7" option1="24811" />
		<options level="8" option1="24812" />
		<options level="9" option1="24813" />
		<options level="10" option1="24814" />
		<options level="11" option1="24815" />
		<options level="12" option1="24816" />
		<options level="13" option1="24817" />
		<options level="14" option1="24818" />
		<options level="15" option1="24819" />
		<options level="16" option1="24820" />
		<options level="17" option1="24821" />
		<options level="18" option1="24822" />
		<options level="19" option1="24823" />
		<options level="20" option1="24824" />
		<options level="21" option1="24825" />
		<options level="22" option1="24826" />
		<options level="23" option1="24827" />
		<options level="24" option1="24828" />
		<options level="25" option1="24829" />
		<options level="26" option1="24830" />
		<options level="27" option1="24831" />
		<options level="28" option1="24832" />
		<options level="29" option1="24833" />
		<options level="30" option1="24834" />
		<options level="31" option1="24835" />
		<options level="32" option1="24836" />
		<options level="33" option1="24837" />
		<options level="34" option1="24838" />
		<options level="35" option1="24839" />
		<options level="36" option1="24840" />
		<options level="37" option1="24841" />
		<options level="38" option1="24842" />
		<options level="39" option1="24843" />
		<options level="40" option1="24844" />
		<options level="41" option1="24845" />
		<options level="42" option1="24846" />
		<options level="43" option1="24847" />
		<options level="44" option1="24848" />
		<options level="45" option1="24849" />
		<options level="46" option1="24850" />
		<options level="47" option1="24851" />
		<options level="48" option1="24852" />
		<options level="49" option1="24853" />
		<options level="50" option1="24854" />
	</item>
	<item id="15400"> <!-- Vitality Belt (Event) (60-day limited period) -->
		<options level="0" option1="24949" />
		<options level="1" option1="24805" />
		<options level="2" option1="24806" />
		<options level="3" option1="24807" />
		<options level="4" option1="24808" />
		<options level="5" option1="24809" />
		<options level="6" option1="24810" />
		<options level="7" option1="24811" />
		<options level="8" option1="24812" />
		<options level="9" option1="24813" />
		<options level="10" option1="24814" />
		<options level="11" option1="24815" />
		<options level="12" option1="24816" />
		<options level="13" option1="24817" />
		<options level="14" option1="24818" />
		<options level="15" option1="24819" />
		<options level="16" option1="24820" />
		<options level="17" option1="24821" />
		<options level="18" option1="24822" />
		<options level="19" option1="24823" />
		<options level="20" option1="24824" />
		<options level="21" option1="24825" />
		<options level="22" option1="24826" />
		<options level="23" option1="24827" />
		<options level="24" option1="24828" />
		<options level="25" option1="24829" />
		<options level="26" option1="24830" />
		<options level="27" option1="24831" />
		<options level="28" option1="24832" />
		<options level="29" option1="24833" />
		<options level="30" option1="24834" />
		<options level="31" option1="24835" />
		<options level="32" option1="24836" />
		<options level="33" option1="24837" />
		<options level="34" option1="24838" />
		<options level="35" option1="24839" />
		<options level="36" option1="24840" />
		<options level="37" option1="24841" />
		<options level="38" option1="24842" />
		<options level="39" option1="24843" />
		<options level="40" option1="24844" />
		<options level="41" option1="24845" />
		<options level="42" option1="24846" />
		<options level="43" option1="24847" />
		<options level="44" option1="24848" />
		<options level="45" option1="24849" />
		<options level="46" option1="24850" />
		<options level="47" option1="24851" />
		<options level="48" option1="24852" />
		<options level="49" option1="24853" />
		<options level="50" option1="24854" />
	</item>
	<item id="15401"> <!-- Vitality Belt (Event) (90-day limited period) -->
		<options level="0" option1="24949" />
		<options level="1" option1="24805" />
		<options level="2" option1="24806" />
		<options level="3" option1="24807" />
		<options level="4" option1="24808" />
		<options level="5" option1="24809" />
		<options level="6" option1="24810" />
		<options level="7" option1="24811" />
		<options level="8" option1="24812" />
		<options level="9" option1="24813" />
		<options level="10" option1="24814" />
		<options level="11" option1="24815" />
		<options level="12" option1="24816" />
		<options level="13" option1="24817" />
		<options level="14" option1="24818" />
		<options level="15" option1="24819" />
		<options level="16" option1="24820" />
		<options level="17" option1="24821" />
		<options level="18" option1="24822" />
		<options level="19" option1="24823" />
		<options level="20" option1="24824" />
		<options level="21" option1="24825" />
		<options level="22" option1="24826" />
		<options level="23" option1="24827" />
		<options level="24" option1="24828" />
		<options level="25" option1="24829" />
		<options level="26" option1="24830" />
		<options level="27" option1="24831" />
		<options level="28" option1="24832" />
		<options level="29" option1="24833" />
		<options level="30" option1="24834" />
		<options level="31" option1="24835" />
		<options level="32" option1="24836" />
		<options level="33" option1="24837" />
		<options level="34" option1="24838" />
		<options level="35" option1="24839" />
		<options level="36" option1="24840" />
		<options level="37" option1="24841" />
		<options level="38" option1="24842" />
		<options level="39" option1="24843" />
		<options level="40" option1="24844" />
		<options level="41" option1="24845" />
		<options level="42" option1="24846" />
		<options level="43" option1="24847" />
		<options level="44" option1="24848" />
		<options level="45" option1="24849" />
		<options level="46" option1="24850" />
		<options level="47" option1="24851" />
		<options level="48" option1="24852" />
		<options level="49" option1="24853" />
		<options level="50" option1="24854" />
	</item>
	<item id="15402"> <!-- Vitality Belt (Event) (Permanent Use) -->
		<options level="0" option1="24949" />
		<options level="1" option1="24805" />
		<options level="2" option1="24806" />
		<options level="3" option1="24807" />
		<options level="4" option1="24808" />
		<options level="5" option1="24809" />
		<options level="6" option1="24810" />
		<options level="7" option1="24811" />
		<options level="8" option1="24812" />
		<options level="9" option1="24813" />
		<options level="10" option1="24814" />
		<options level="11" option1="24815" />
		<options level="12" option1="24816" />
		<options level="13" option1="24817" />
		<options level="14" option1="24818" />
		<options level="15" option1="24819" />
		<options level="16" option1="24820" />
		<options level="17" option1="24821" />
		<options level="18" option1="24822" />
		<options level="19" option1="24823" />
		<options level="20" option1="24824" />
		<options level="21" option1="24825" />
		<options level="22" option1="24826" />
		<options level="23" option1="24827" />
		<options level="24" option1="24828" />
		<options level="25" option1="24829" />
		<options level="26" option1="24830" />
		<options level="27" option1="24831" />
		<options level="28" option1="24832" />
		<options level="29" option1="24833" />
		<options level="30" option1="24834" />
		<options level="31" option1="24835" />
		<options level="32" option1="24836" />
		<options level="33" option1="24837" />
		<options level="34" option1="24838" />
		<options level="35" option1="24839" />
		<options level="36" option1="24840" />
		<options level="37" option1="24841" />
		<options level="38" option1="24842" />
		<options level="39" option1="24843" />
		<options level="40" option1="24844" />
		<options level="41" option1="24845" />
		<options level="42" option1="24846" />
		<options level="43" option1="24847" />
		<options level="44" option1="24848" />
		<options level="45" option1="24849" />
		<options level="46" option1="24850" />
		<options level="47" option1="24851" />
		<options level="48" option1="24852" />
		<options level="49" option1="24853" />
		<options level="50" option1="24854" />
	</item>
</list>