<?xml version="1.0" encoding="UTF-8"?>
<list xmlns:xsi="http://www.w3.org/2001/XMLSchema-instance" xsi:noNamespaceSchemaLocation="xsd/ItemAuctions.xsd">
	<!-- Documentation: -->
	<!-- <instance id="NPC ID of the auctioneer" day_of_week="1 - Monday, 7 - Sunday" hour_of_day="0-23" minute_of_hour="0-59"> -->
	<!-- <item auctionItemId="1" itemId="9901" itemCount="1" auctionInitBid="1000000" auctionLength="300 (in minutes)"> -->
	<!-- <extra enchant_level="15" augmentation_id="you can take it from item_attributes table" augmentation_skill_id="3241" augmentation_skill_lvl="10" /> -->
	<!-- </item> -->
	<!-- </instance> -->
	<!-- instead of day_of_week you can use interval between auction in days -->
	<!-- <instance id="NPC ID of the auctioneer" interval="1" hour_of_day="0-23" minute_of_hour="0-59"> -->
	<!-- <item auctionItemId="1" itemId="10485" itemCount="1" auctionInitBid="1000000" auctionLength="300" /> -->
	<!-- </instance> -->
	<instance id="32320" day_of_week="5" hour_of_day="17">
		<!-- Improved Weapons (No-Grade) +15 -->
		<!-- Improved Falchion -->
		<item auctionItemId="1" itemId="9901" itemCount="1" auctionInitBid="1000000" auctionLength="300" />
		<!-- Improved Great Spear -->
		<item auctionItemId="2" itemId="9902" itemCount="1" auctionInitBid="1000000" auctionLength="300" />
		<!-- Improved Iron Hammer -->
		<item auctionItemId="3" itemId="9903" itemCount="1" auctionInitBid="1000000" auctionLength="300" />
		<!-- Improved Sword Breaker -->
		<item auctionItemId="4" itemId="9904" itemCount="1" auctionInitBid="1000000" auctionLength="300" />
		<!-- Improved Viper Fang -->
		<item auctionItemId="5" itemId="9905" itemCount="1" auctionInitBid="1000000" auctionLength="300" />
		<!-- Improved Composite Bow -->
		<item auctionItemId="6" itemId="9906" itemCount="1" auctionInitBid="1000000" auctionLength="300" />
		<!-- Improved Flanged Mace -->
		<item auctionItemId="7" itemId="9907" itemCount="1" auctionInitBid="1000000" auctionLength="300" />
		<!-- Improved Mage Staff -->
		<item auctionItemId="8" itemId="9908" itemCount="1" auctionInitBid="1000000" auctionLength="300" />
		<!-- Life Stones -->
		<!-- Top-Grade Life Stone - Level 80 -->
		<item auctionItemId="9" itemId="9576" itemCount="1" auctionInitBid="30000000" auctionLength="300" />
		<!-- Top-Grade Life Stone - Level 82 -->
		<item auctionItemId="10" itemId="10486" itemCount="1" auctionInitBid="30000000" auctionLength="300" />
		<!-- Red Soul Crystal - Stage 15 -->
		<item auctionItemId="11" itemId="10480" itemCount="1" auctionInitBid="40000000" auctionLength="300" />
		<!-- Green Soul Crystal - Stage 15 -->
		<item auctionItemId="12" itemId="10482" itemCount="1" auctionInitBid="40000000" auctionLength="300" />
		<!-- Blue Soul Crystal - Stage 15 -->
		<item auctionItemId="13" itemId="10481" itemCount="1" auctionInitBid="40000000" auctionLength="300" />
		<!-- Red Soul Crystal - Stage 16 -->
		<item auctionItemId="14" itemId="13071" itemCount="1" auctionInitBid="50000000" auctionLength="300" />
		<!-- Green Soul Crystal - Stage 16 -->
		<item auctionItemId="15" itemId="13073" itemCount="1" auctionInitBid="50000000" auctionLength="300" />
		<!-- Blue Soul Crystal - Stage 16 -->
		<item auctionItemId="16" itemId="13072" itemCount="1" auctionInitBid="50000000" auctionLength="300" />
		<!-- High-Grade Life Stone - Level 80 -->
		<item auctionItemId="17" itemId="9575" itemCount="1" auctionInitBid="20000000" auctionLength="300" />
		<!-- High-Grade Life Stone - Level 82 -->
		<item auctionItemId="18" itemId="10485" itemCount="1" auctionInitBid="20000000" auctionLength="300" />
		<!-- Forgotten Scrolls -->
		<!-- Forgotten Scroll - Protection of Rune -->
		<item auctionItemId="19" itemId="10549" itemCount="1" auctionInitBid="30000000" auctionLength="300" />
		<!-- Forgotten Scroll - Protection of Elemental -->
		<item auctionItemId="20" itemId="10550" itemCount="1" auctionInitBid="30000000" auctionLength="300" />
		<!-- Forgotten Scroll - Protection of Alignment -->
		<item auctionItemId="21" itemId="10551" itemCount="1" auctionInitBid="30000000" auctionLength="300" />
		<!-- Forgotten Scroll - Fighter's Will -->
		<item auctionItemId="22" itemId="10552" itemCount="1" auctionInitBid="30000000" auctionLength="300" />
		<!-- Forgotten Scroll - Archer's Will -->
		<item auctionItemId="23" itemId="10553" itemCount="1" auctionInitBid="30000000" auctionLength="300" />
		<!-- Forgotten Scroll - Magician's Will -->
		<item auctionItemId="24" itemId="14219" itemCount="1" auctionInitBid="30000000" auctionLength="300" />
		<!-- Hair Accessories -->
		<!-- Refined Chick Hat -->
		<item auctionItemId="25" itemId="13497" itemCount="1" auctionInitBid="20000000" auctionLength="300" />
		<!-- Refined Wizard Hat -->
		<item auctionItemId="26" itemId="13498" itemCount="1" auctionInitBid="20000000" auctionLength="300" />
		<!-- Refined Black Feather Mask -->
		<item auctionItemId="27" itemId="13500" itemCount="1" auctionInitBid="20000000" auctionLength="300" />
		<!-- Refined Romantic Chapeau -->
		<item auctionItemId="28" itemId="13501" itemCount="1" auctionInitBid="20000000" auctionLength="300" />
		<!-- Refined Carnival Circlet -->
		<item auctionItemId="29" itemId="13493" itemCount="1" auctionInitBid="20000000" auctionLength="300" />
		<!-- Refined Jester Hat -->
		<item auctionItemId="30" itemId="13499" itemCount="1" auctionInitBid="20000000" auctionLength="300" />
	</instance>
	<instance id="32321" day_of_week="1" hour_of_day="17">
		<!-- Improved Weapons (No-Grade) +15 -->
		<!-- Improved Falchion -->
		<item auctionItemId="1" itemId="9901" itemCount="1" auctionInitBid="1000000" auctionLength="300" />
		<!-- Improved Great Spear -->
		<item auctionItemId="2" itemId="9902" itemCount="1" auctionInitBid="1000000" auctionLength="300" />
		<!-- Improved Iron Hammer -->
		<item auctionItemId="3" itemId="9903" itemCount="1" auctionInitBid="1000000" auctionLength="300" />
		<!-- Improved Sword Breaker -->
		<item auctionItemId="4" itemId="9904" itemCount="1" auctionInitBid="1000000" auctionLength="300" />
		<!-- Improved Viper Fang -->
		<item auctionItemId="5" itemId="9905" itemCount="1" auctionInitBid="1000000" auctionLength="300" />
		<!-- Improved Composite Bow -->
		<item auctionItemId="6" itemId="9906" itemCount="1" auctionInitBid="1000000" auctionLength="300" />
		<!-- Improved Flanged Mace -->
		<item auctionItemId="7" itemId="9907" itemCount="1" auctionInitBid="1000000" auctionLength="300" />
		<!-- Improved Mage Staff -->
		<item auctionItemId="8" itemId="9908" itemCount="1" auctionInitBid="1000000" auctionLength="300" />
		<!-- Life Stones -->
		<!-- Top-Grade Life Stone - Level 80 -->
		<item auctionItemId="9" itemId="9576" itemCount="1" auctionInitBid="30000000" auctionLength="300" />
		<!-- Top-Grade Life Stone - Level 82 -->
		<item auctionItemId="10" itemId="10486" itemCount="1" auctionInitBid="30000000" auctionLength="300" />
		<!-- Red Soul Crystal - Stage 15 -->
		<item auctionItemId="11" itemId="10480" itemCount="1" auctionInitBid="40000000" auctionLength="300" />
		<!-- Green Soul Crystal - Stage 15 -->
		<item auctionItemId="12" itemId="10482" itemCount="1" auctionInitBid="40000000" auctionLength="300" />
		<!-- Blue Soul Crystal - Stage 15 -->
		<item auctionItemId="13" itemId="10481" itemCount="1" auctionInitBid="40000000" auctionLength="300" />
		<!-- Red Soul Crystal - Stage 16 -->
		<item auctionItemId="14" itemId="13071" itemCount="1" auctionInitBid="50000000" auctionLength="300" />
		<!-- Green Soul Crystal - Stage 16 -->
		<item auctionItemId="15" itemId="13073" itemCount="1" auctionInitBid="50000000" auctionLength="300" />
		<!-- Blue Soul Crystal - Stage 16 -->
		<item auctionItemId="16" itemId="13072" itemCount="1" auctionInitBid="50000000" auctionLength="300" />
		<!-- High-Grade Life Stone - Level 80 -->
		<item auctionItemId="17" itemId="9575" itemCount="1" auctionInitBid="20000000" auctionLength="300" />
		<!-- High-Grade Life Stone - Level 82 -->
		<item auctionItemId="18" itemId="10485" itemCount="1" auctionInitBid="20000000" auctionLength="300" />
		<!-- Forgotten Scrolls -->
		<!-- Forgotten Scroll - Protection of Rune -->
		<item auctionItemId="19" itemId="10549" itemCount="1" auctionInitBid="30000000" auctionLength="300" />
		<!-- Forgotten Scroll - Protection of Elemental -->
		<item auctionItemId="20" itemId="10550" itemCount="1" auctionInitBid="30000000" auctionLength="300" />
		<!-- Forgotten Scroll - Protection of Alignment -->
		<item auctionItemId="21" itemId="10551" itemCount="1" auctionInitBid="30000000" auctionLength="300" />
		<!-- Forgotten Scroll - Fighter's Will -->
		<item auctionItemId="22" itemId="10552" itemCount="1" auctionInitBid="30000000" auctionLength="300" />
		<!-- Forgotten Scroll - Archer's Will -->
		<item auctionItemId="23" itemId="10553" itemCount="1" auctionInitBid="30000000" auctionLength="300" />
		<!-- Forgotten Scroll - Magician's Will -->
		<item auctionItemId="24" itemId="14219" itemCount="1" auctionInitBid="30000000" auctionLength="300" />
		<!-- Hair Accessories -->
		<!-- Refined Chick Hat -->
		<item auctionItemId="25" itemId="13497" itemCount="1" auctionInitBid="20000000" auctionLength="300" />
		<!-- Refined Wizard Hat -->
		<item auctionItemId="26" itemId="13498" itemCount="1" auctionInitBid="20000000" auctionLength="300" />
		<!-- Refined Black Feather Mask -->
		<item auctionItemId="27" itemId="13500" itemCount="1" auctionInitBid="20000000" auctionLength="300" />
		<!-- Refined Romantic Chapeau -->
		<item auctionItemId="28" itemId="13501" itemCount="1" auctionInitBid="20000000" auctionLength="300" />
		<!-- Refined Carnival Circlet -->
		<item auctionItemId="29" itemId="13493" itemCount="1" auctionInitBid="20000000" auctionLength="300" />
		<!-- Refined Jester Hat -->
		<item auctionItemId="30" itemId="13499" itemCount="1" auctionInitBid="20000000" auctionLength="300" />
	</instance>
	<instance id="32322" day_of_week="3" hour_of_day="17">
		<!-- Improved Weapons (No-Grade) +15 -->
		<!-- Improved Falchion -->
		<item auctionItemId="1" itemId="9901" itemCount="1" auctionInitBid="1000000" auctionLength="300" />
		<!-- Improved Great Spear -->
		<item auctionItemId="2" itemId="9902" itemCount="1" auctionInitBid="1000000" auctionLength="300" />
		<!-- Improved Iron Hammer -->
		<item auctionItemId="3" itemId="9903" itemCount="1" auctionInitBid="1000000" auctionLength="300" />
		<!-- Improved Sword Breaker -->
		<item auctionItemId="4" itemId="9904" itemCount="1" auctionInitBid="1000000" auctionLength="300" />
		<!-- Improved Viper Fang -->
		<item auctionItemId="5" itemId="9905" itemCount="1" auctionInitBid="1000000" auctionLength="300" />
		<!-- Improved Composite Bow -->
		<item auctionItemId="6" itemId="9906" itemCount="1" auctionInitBid="1000000" auctionLength="300" />
		<!-- Improved Flanged Mace -->
		<item auctionItemId="7" itemId="9907" itemCount="1" auctionInitBid="1000000" auctionLength="300" />
		<!-- Improved Mage Staff -->
		<item auctionItemId="8" itemId="9908" itemCount="1" auctionInitBid="1000000" auctionLength="300" />
		<!-- Life Stones -->
		<!-- Top-Grade Life Stone - Level 80 -->
		<item auctionItemId="9" itemId="9576" itemCount="1" auctionInitBid="30000000" auctionLength="300" />
		<!-- Top-Grade Life Stone - Level 82 -->
		<item auctionItemId="10" itemId="10486" itemCount="1" auctionInitBid="30000000" auctionLength="300" />
		<!-- Red Soul Crystal - Stage 15 -->
		<item auctionItemId="11" itemId="10480" itemCount="1" auctionInitBid="40000000" auctionLength="300" />
		<!-- Green Soul Crystal - Stage 15 -->
		<item auctionItemId="12" itemId="10482" itemCount="1" auctionInitBid="40000000" auctionLength="300" />
		<!-- Blue Soul Crystal - Stage 15 -->
		<item auctionItemId="13" itemId="10481" itemCount="1" auctionInitBid="40000000" auctionLength="300" />
		<!-- Red Soul Crystal - Stage 16 -->
		<item auctionItemId="14" itemId="13071" itemCount="1" auctionInitBid="50000000" auctionLength="300" />
		<!-- Green Soul Crystal - Stage 16 -->
		<item auctionItemId="15" itemId="13073" itemCount="1" auctionInitBid="50000000" auctionLength="300" />
		<!-- Blue Soul Crystal - Stage 16 -->
		<item auctionItemId="16" itemId="13072" itemCount="1" auctionInitBid="50000000" auctionLength="300" />
		<!-- High-Grade Life Stone - Level 80 -->
		<item auctionItemId="17" itemId="9575" itemCount="1" auctionInitBid="20000000" auctionLength="300" />
		<!-- High-Grade Life Stone - Level 82 -->
		<item auctionItemId="18" itemId="10485" itemCount="1" auctionInitBid="20000000" auctionLength="300" />
		<!-- Forgotten Scrolls -->
		<!-- Forgotten Scroll - Protection of Rune -->
		<item auctionItemId="19" itemId="10549" itemCount="1" auctionInitBid="30000000" auctionLength="300" />
		<!-- Forgotten Scroll - Protection of Elemental -->
		<item auctionItemId="20" itemId="10550" itemCount="1" auctionInitBid="30000000" auctionLength="300" />
		<!-- Forgotten Scroll - Protection of Alignment -->
		<item auctionItemId="21" itemId="10551" itemCount="1" auctionInitBid="30000000" auctionLength="300" />
		<!-- Forgotten Scroll - Fighter's Will -->
		<item auctionItemId="22" itemId="10552" itemCount="1" auctionInitBid="30000000" auctionLength="300" />
		<!-- Forgotten Scroll - Archer's Will -->
		<item auctionItemId="23" itemId="10553" itemCount="1" auctionInitBid="30000000" auctionLength="300" />
		<!-- Forgotten Scroll - Magician's Will -->
		<item auctionItemId="24" itemId="14219" itemCount="1" auctionInitBid="30000000" auctionLength="300" />
		<!-- Hair Accessories -->
		<!-- Refined Chick Hat -->
		<item auctionItemId="25" itemId="13497" itemCount="1" auctionInitBid="20000000" auctionLength="300" />
		<!-- Refined Wizard Hat -->
		<item auctionItemId="26" itemId="13498" itemCount="1" auctionInitBid="20000000" auctionLength="300" />
		<!-- Refined Black Feather Mask -->
		<item auctionItemId="27" itemId="13500" itemCount="1" auctionInitBid="20000000" auctionLength="300" />
		<!-- Refined Romantic Chapeau -->
		<item auctionItemId="28" itemId="13501" itemCount="1" auctionInitBid="20000000" auctionLength="300" />
		<!-- Refined Carnival Circlet -->
		<item auctionItemId="29" itemId="13493" itemCount="1" auctionInitBid="20000000" auctionLength="300" />
		<!-- Refined Jester Hat -->
		<item auctionItemId="30" itemId="13499" itemCount="1" auctionInitBid="20000000" auctionLength="300" />
	</instance>
</list>