<?xml version="1.0" encoding="UTF-8"?>
<list xmlns:xsi="http://www.w3.org/2001/XMLSchema-instance" xsi:noNamespaceSchemaLocation="xsd/DailyMission.xsd">
	<reward id="2001" reward_id="2001" name="Daily Hunting I (Lv. 21-40)" requiredCompletion="30" isOneTime="false">
		<!-- Daily mission. A reward is given for killing any 30 monsters. Monsters whose level is lower than the character's for more than 10 levels do not count. -->
		<handler name="monster">
			<param name="minLevel">21</param>
			<param name="maxLevel">40</param>
		</handler>
		<items>
			<item id="90907" count="3" /> <!-- Soulshot Ticket -->
			<item id="3031" count="10" /> <!-- Spirit Ore -->
			<item id="91912" count="3" /> <!-- Hp Potion (Exchangeable) -->
		</items>
	</reward>
	<reward id="2002" reward_id="2002" name="Daily Hunting II (Lv. 21-40)" requiredCompletion="60" isOneTime="false">
		<!-- Daily mission. A reward is given for killing any 60 monsters. Monsters whose level is lower than the character's for more than 10 levels do not count. -->
		<handler name="monster">
			<param name="minLevel">21</param>
			<param name="maxLevel">40</param>
		</handler>
		<items>
			<item id="90907" count="3" /> <!-- Soulshot Ticket -->
			<item id="3031" count="10" /> <!-- Spirit Ore -->
			<item id="91912" count="3" /> <!-- Hp Potion (Exchangeable) -->
		</items>
	</reward>
	<reward id="2003" reward_id="2003" name="Daily Hunting III (Lv. 21-40)" requiredCompletion="100" isOneTime="false">
		<!-- Daily mission. A reward is given for killing any 100 monsters. Monsters whose level is lower than the character's for more than 10 levels do not count. -->
		<handler name="monster">
			<param name="minLevel">21</param>
			<param name="maxLevel">40</param>
		</handler>
		<items>
			<item id="90907" count="3" /> <!-- Soulshot Ticket -->
			<item id="3031" count="10" /> <!-- Spirit Ore -->
			<item id="91912" count="3" /> <!-- Hp Potion (Exchangeable) -->
		</items>
	</reward>
	<reward id="2004" reward_id="2004" name="Daily Hunting IV (Lv. 21-40)" requiredCompletion="130" isOneTime="false">
		<!-- Daily mission. A reward is given for killing any 130 monsters. Monsters whose level is lower than the character's for more than 10 levels do not count. -->
		<handler name="monster">
			<param name="minLevel">21</param>
			<param name="maxLevel">40</param>
		</handler>
		<items>
			<item id="90907" count="3" /> <!-- Soulshot Ticket -->
			<item id="3031" count="10" /> <!-- Spirit Ore -->
			<item id="91912" count="3" /> <!-- Hp Potion (Exchangeable) -->
		</items>
	</reward>
	<reward id="2005" reward_id="2005" name="Daily Hunting V (Lv. 21-40)" requiredCompletion="160" isOneTime="false">
		<!-- Daily mission. A reward is given for killing any 160 monsters. Monsters whose level is lower than the character's for more than 10 levels do not count. -->
		<handler name="monster">
			<param name="minLevel">21</param>
			<param name="maxLevel">40</param>
		</handler>
		<items>
			<item id="90907" count="3" /> <!-- Soulshot Ticket -->
			<item id="3031" count="10" /> <!-- Spirit Ore -->
			<item id="91912" count="3" /> <!-- Hp Potion (Exchangeable) -->
		</items>
	</reward>
	<reward id="2101" reward_id="2101" name="Daily Hunting I (Lv. 41-50)" requiredCompletion="40" isOneTime="false">
		<!-- Daily mission. A reward is given for killing any 40 monsters. Monsters whose level is lower than the character's for more than 10 levels do not count. -->
		<handler name="monster">
			<param name="minLevel">41</param>
			<param name="maxLevel">50</param>
		</handler>
		<items>
			<item id="90907" count="4" /> <!-- Soulshot Ticket -->
			<item id="3031" count="20" /> <!-- Spirit Ore -->
			<item id="91912" count="4" /> <!-- Hp Potion (Exchangeable) -->
		</items>
	</reward>
	<reward id="2102" reward_id="2102" name="Daily Hunting II (Lv. 41-50)" requiredCompletion="80" isOneTime="false">
		<!-- Daily mission. A reward is given for killing any 80 monsters. Monsters whose level is lower than the character's for more than 10 levels do not count. -->
		<handler name="monster">
			<param name="minLevel">41</param>
			<param name="maxLevel">50</param>
		</handler>
		<items>
			<item id="90907" count="4" /> <!-- Soulshot Ticket -->
			<item id="3031" count="20" /> <!-- Spirit Ore -->
			<item id="91912" count="4" /> <!-- Hp Potion (Exchangeable) -->
		</items>
	</reward>
	<reward id="2103" reward_id="2103" name="Daily Hunting III (Lv. 41-50)" requiredCompletion="120" isOneTime="false">
		<!-- Daily mission. A reward is given for killing any 120 monsters. Monsters whose level is lower than the character's for more than 10 levels do not count. -->
		<handler name="monster">
			<param name="minLevel">41</param>
			<param name="maxLevel">50</param>
		</handler>
		<items>
			<item id="90907" count="4" /> <!-- Soulshot Ticket -->
			<item id="3031" count="20" /> <!-- Spirit Ore -->
			<item id="91912" count="4" /> <!-- Hp Potion (Exchangeable) -->
		</items>
	</reward>
	<reward id="2104" reward_id="2104" name="Daily Hunting IV (Lv. 41-50)" requiredCompletion="160" isOneTime="false">
		<!-- Daily mission. A reward is given for killing any 160 monsters. Monsters whose level is lower than the character's for more than 10 levels do not count. -->
		<handler name="monster">
			<param name="minLevel">41</param>
			<param name="maxLevel">50</param>
		</handler>
		<items>
			<item id="90907" count="4" /> <!-- Soulshot Ticket -->
			<item id="3031" count="20" /> <!-- Spirit Ore -->
			<item id="91912" count="4" /> <!-- Hp Potion (Exchangeable) -->
		</items>
	</reward>
	<reward id="2105" reward_id="2105" name="Daily Hunting V (Lv. 41-50)" requiredCompletion="200" isOneTime="false">
		<!-- Daily mission. A reward is given for killing any 200 monsters. Monsters whose level is lower than the character's for more than 10 levels do not count. -->
		<handler name="monster">
			<param name="minLevel">41</param>
			<param name="maxLevel">50</param>
		</handler>
		<items>
			<item id="90907" count="4" /> <!-- Soulshot Ticket -->
			<item id="3031" count="20" /> <!-- Spirit Ore -->
			<item id="91912" count="4" /> <!-- Hp Potion (Exchangeable) -->
		</items>
	</reward>
	<reward id="2201" reward_id="2201" name="Daily Hunting I (Lv. 51-60)" requiredCompletion="50" isOneTime="false">
		<!-- Daily mission. A reward is given for killing any 50 monsters. Monsters whose level is lower than the character's for more than 10 levels do not count. -->
		<handler name="monster">
			<param name="minLevel">51</param>
			<param name="maxLevel">60</param>
		</handler>
		<items>
			<item id="90907" count="5" /> <!-- Soulshot Ticket -->
			<item id="3031" count="20" /> <!-- Spirit Ore -->
			<item id="91912" count="5" /> <!-- Hp Potion (Exchangeable) -->
		</items>
	</reward>
	<reward id="2202" reward_id="2202" name="Daily Hunting II (Lv. 51-60)" requiredCompletion="100" isOneTime="false">
		<!-- Daily mission. A reward is given for killing any 100 monsters. Monsters whose level is lower than the character's for more than 10 levels do not count. -->
		<handler name="monster">
			<param name="minLevel">51</param>
			<param name="maxLevel">60</param>
		</handler>
		<items>
			<item id="90907" count="5" /> <!-- Soulshot Ticket -->
			<item id="3031" count="20" /> <!-- Spirit Ore -->
			<item id="91912" count="5" /> <!-- Hp Potion (Exchangeable) -->
		</items>
	</reward>
	<reward id="2203" reward_id="2203" name="Daily Hunting III (Lv. 51-60)" requiredCompletion="150" isOneTime="false">
		<!-- Daily mission. A reward is given for killing any 150 monsters. Monsters whose level is lower than the character's for more than 10 levels do not count. -->
		<handler name="monster">
			<param name="minLevel">51</param>
			<param name="maxLevel">60</param>
		</handler>
		<items>
			<item id="90907" count="5" /> <!-- Soulshot Ticket -->
			<item id="3031" count="20" /> <!-- Spirit Ore -->
			<item id="91912" count="5" /> <!-- Hp Potion (Exchangeable) -->
		</items>
	</reward>
	<reward id="2204" reward_id="2204" name="Daily Hunting IV (Lv. 51-60)" requiredCompletion="200" isOneTime="false">
		<!-- Daily mission. A reward is given for killing any 200 monsters. Monsters whose level is lower than the character's for more than 10 levels do not count. -->
		<handler name="monster">
			<param name="minLevel">51</param>
			<param name="maxLevel">60</param>
		</handler>
		<items>
			<item id="90907" count="5" /> <!-- Soulshot Ticket -->
			<item id="3031" count="20" /> <!-- Spirit Ore -->
			<item id="91912" count="5" /> <!-- Hp Potion (Exchangeable) -->
		</items>
	</reward>
	<reward id="2205" reward_id="2205" name="Daily Hunting V (Lv. 51-60)" requiredCompletion="250" isOneTime="false">
		<!-- Daily mission. A reward is given for killing any 250 monsters. Monsters whose level is lower than the character's for more than 10 levels do not count. -->
		<handler name="monster">
			<param name="minLevel">51</param>
			<param name="maxLevel">60</param>
		</handler>
		<items>
			<item id="90907" count="5" /> <!-- Soulshot Ticket -->
			<item id="3031" count="20" /> <!-- Spirit Ore -->
			<item id="91912" count="5" /> <!-- Hp Potion (Exchangeable) -->
		</items>
	</reward>
	<reward id="2301" reward_id="2301" name="Daily Hunting I (Lv. 61-70)" requiredCompletion="60" isOneTime="false">
		<!-- Daily mission. A reward is given for killing any 60 monsters. Monsters whose level is lower than the character's for more than 10 levels do not count. -->
		<handler name="monster">
			<param name="minLevel">61</param>
			<param name="maxLevel">70</param>
		</handler>
		<items>
			<item id="90907" count="6" /> <!-- Soulshot Ticket -->
			<item id="3031" count="20" /> <!-- Spirit Ore -->
			<item id="91912" count="6" /> <!-- Hp Potion (Exchangeable) -->
			<item id="97224" count="10" /> <!-- Mission Points -->
		</items>
	</reward>
	<reward id="2302" reward_id="2302" name="Daily Hunting II (Lv. 61-70)" requiredCompletion="120" isOneTime="false">
		<!-- Daily mission. A reward is given for killing any 120 monsters. Monsters whose level is lower than the character's for more than 10 levels do not count. -->
		<handler name="monster">
			<param name="minLevel">61</param>
			<param name="maxLevel">70</param>
		</handler>
		<items>
			<item id="90907" count="6" /> <!-- Soulshot Ticket -->
			<item id="3031" count="20" /> <!-- Spirit Ore -->
			<item id="91912" count="6" /> <!-- Hp Potion (Exchangeable) -->
			<item id="97224" count="10" /> <!-- Mission Points -->
		</items>
	</reward>
	<reward id="2303" reward_id="2303" name="Daily Hunting III (Lv. 61-70)" requiredCompletion="180" isOneTime="false">
		<!-- Daily mission. A reward is given for killing any 180 monsters. Monsters whose level is lower than the character's for more than 10 levels do not count. -->
		<handler name="monster">
			<param name="minLevel">61</param>
			<param name="maxLevel">70</param>
		</handler>
		<items>
			<item id="90907" count="6" /> <!-- Soulshot Ticket -->
			<item id="3031" count="20" /> <!-- Spirit Ore -->
			<item id="91912" count="6" /> <!-- Hp Potion (Exchangeable) -->
			<item id="97224" count="10" /> <!-- Mission Points -->
		</items>
	</reward>
	<reward id="2304" reward_id="2304" name="Daily Hunting IV (Lv. 61-70)" requiredCompletion="240" isOneTime="false">
		<!-- Daily mission. A reward is given for killing any 240 monsters. Monsters whose level is lower than the character's for more than 10 levels do not count. -->
		<handler name="monster">
			<param name="minLevel">61</param>
			<param name="maxLevel">70</param>
		</handler>
		<items>
			<item id="90907" count="6" /> <!-- Soulshot Ticket -->
			<item id="3031" count="20" /> <!-- Spirit Ore -->
			<item id="91912" count="6" /> <!-- Hp Potion (Exchangeable) -->
			<item id="97224" count="10" /> <!-- Mission Points -->
		</items>
	</reward>
	<reward id="2305" reward_id="2305" name="Daily Hunting V (Lv. 61-70)" requiredCompletion="300" isOneTime="false">
		<!-- Daily mission. A reward is given for killing any 300 monsters. Monsters whose level is lower than the character's for more than 10 levels do not count. -->
		<handler name="monster">
			<param name="minLevel">61</param>
			<param name="maxLevel">70</param>
		</handler>
		<items>
			<item id="90907" count="6" /> <!-- Soulshot Ticket -->
			<item id="3031" count="20" /> <!-- Spirit Ore -->
			<item id="91912" count="6" /> <!-- Hp Potion (Exchangeable) -->
			<item id="97224" count="10" /> <!-- Mission Points -->
		</items>
	</reward>
	<reward id="2401" reward_id="2401" name="Daily Hunting I (Lv. 71-75)" requiredCompletion="80" isOneTime="false">
		<!-- Daily mission. A reward is given for killing any 80 monsters. Monsters whose level is lower than the character's for more than 10 levels do not count. -->
		<handler name="monster">
			<param name="minLevel">71</param>
			<param name="maxLevel">75</param>
		</handler>
		<items>
			<item id="90907" count="7" /> <!-- Soulshot Ticket -->
			<item id="3031" count="30" /> <!-- Spirit Ore -->
			<item id="91912" count="7" /> <!-- Hp Potion (Exchangeable) -->
			<item id="97224" count="10" /> <!-- Mission Points -->
		</items>
	</reward>
	<reward id="2402" reward_id="2402" name="Daily Hunting II (Lv. 71-75)" requiredCompletion="150" isOneTime="false">
		<!-- Daily mission. A reward is given for killing any 150 monsters. Monsters whose level is lower than the character's for more than 10 levels do not count. -->
		<handler name="monster">
			<param name="minLevel">71</param>
			<param name="maxLevel">75</param>
		</handler>
		<items>
			<item id="90907" count="7" /> <!-- Soulshot Ticket -->
			<item id="3031" count="30" /> <!-- Spirit Ore -->
			<item id="91912" count="7" /> <!-- Hp Potion (Exchangeable) -->
			<item id="97224" count="10" /> <!-- Mission Points -->
		</items>
	</reward>
	<reward id="2403" reward_id="2403" name="Daily Hunting III (Lv. 71-75)" requiredCompletion="200" isOneTime="false">
		<!-- Daily mission. A reward is given for killing any 200 monsters. Monsters whose level is lower than the character's for more than 10 levels do not count. -->
		<handler name="monster">
			<param name="minLevel">71</param>
			<param name="maxLevel">75</param>
		</handler>
		<items>
			<item id="90907" count="7" /> <!-- Soulshot Ticket -->
			<item id="3031" count="30" /> <!-- Spirit Ore -->
			<item id="91912" count="7" /> <!-- Hp Potion (Exchangeable) -->
			<item id="97224" count="10" /> <!-- Mission Points -->
		</items>
	</reward>
	<reward id="2404" reward_id="2404" name="Daily Hunting IV (Lv. 71-75)" requiredCompletion="300" isOneTime="false">
		<!-- Daily mission. A reward is given for killing any 300 monsters. Monsters whose level is lower than the character's for more than 10 levels do not count. -->
		<handler name="monster">
			<param name="minLevel">71</param>
			<param name="maxLevel">75</param>
		</handler>
		<items>
			<item id="90907" count="7" /> <!-- Soulshot Ticket -->
			<item id="3031" count="30" /> <!-- Spirit Ore -->
			<item id="91912" count="7" /> <!-- Hp Potion (Exchangeable) -->
			<item id="97224" count="10" /> <!-- Mission Points -->
		</items>
	</reward>
	<reward id="2405" reward_id="2405" name="Daily Hunting V (Lv. 71-75)" requiredCompletion="400" isOneTime="false">
		<!-- Daily mission. A reward is given for killing any 400 monsters. Monsters whose level is lower than the character's for more than 10 levels do not count. -->
		<handler name="monster">
			<param name="minLevel">71</param>
			<param name="maxLevel">75</param>
		</handler>
		<items>
			<item id="90907" count="7" /> <!-- Soulshot Ticket -->
			<item id="3031" count="30" /> <!-- Spirit Ore -->
			<item id="91912" count="7" /> <!-- Hp Potion (Exchangeable) -->
			<item id="97224" count="10" /> <!-- Mission Points -->
		</items>
	</reward>
	<reward id="2501" reward_id="2501" name="Daily Hunting I (Lv. 76+)" requiredCompletion="100" isOneTime="false">
		<!-- Daily mission. A reward is given for killing any 100 monsters. Monsters whose level is lower than the character's for more than 10 levels do not count. -->
		<handler name="monster">
			<param name="minLevel">76</param>
			<param name="maxLevel">99</param>
		</handler>
		<items>
			<item id="90907" count="8" /> <!-- Soulshot Ticket -->
			<item id="3031" count="40" /> <!-- Spirit Ore -->
			<item id="91912" count="8" /> <!-- Hp Potion (Exchangeable) -->
			<item id="97224" count="10" /> <!-- Mission Points -->
		</items>
	</reward>
	<reward id="2502" reward_id="2502" name="Daily Hunting II (Lv. 76+)" requiredCompletion="200" isOneTime="false">
		<!-- Daily mission. A reward is given for killing any 200 monsters. Monsters whose level is lower than the character's for more than 10 levels do not count. -->
		<handler name="monster">
			<param name="minLevel">76</param>
			<param name="maxLevel">99</param>
		</handler>
		<items>
			<item id="90907" count="8" /> <!-- Soulshot Ticket -->
			<item id="3031" count="40" /> <!-- Spirit Ore -->
			<item id="91912" count="8" /> <!-- Hp Potion (Exchangeable) -->
			<item id="97224" count="10" /> <!-- Mission Points -->
		</items>
	</reward>
	<reward id="2503" reward_id="2503" name="Daily Hunting III (Lv. 76+)" requiredCompletion="300" isOneTime="false">
		<!-- Daily mission. A reward is given for killing any 300 monsters. Monsters whose level is lower than the character's for more than 10 levels do not count. -->
		<handler name="monster">
			<param name="minLevel">76</param>
			<param name="maxLevel">99</param>
		</handler>
		<items>
			<item id="90907" count="8" /> <!-- Soulshot Ticket -->
			<item id="3031" count="40" /> <!-- Spirit Ore -->
			<item id="91912" count="8" /> <!-- Hp Potion (Exchangeable) -->
			<item id="97224" count="10" /> <!-- Mission Points -->
		</items>
	</reward>
	<reward id="2504" reward_id="2504" name="Daily Hunting IV (Lv. 76+)" requiredCompletion="400" isOneTime="false">
		<!-- Daily mission. A reward is given for killing any 400 monsters. Monsters whose level is lower than the character's for more than 10 levels do not count. -->
		<handler name="monster">
			<param name="minLevel">76</param>
			<param name="maxLevel">99</param>
		</handler>
		<items>
			<item id="90907" count="8" /> <!-- Soulshot Ticket -->
			<item id="3031" count="40" /> <!-- Spirit Ore -->
			<item id="91912" count="8" /> <!-- Hp Potion (Exchangeable) -->
			<item id="97224" count="10" /> <!-- Mission Points -->
			<item id="97145" count="30" /> <!-- Ancient Adena -->
		</items>
	</reward>
	<reward id="2505" reward_id="2505" name="Daily Hunting V (Lv. 76+)" requiredCompletion="500" isOneTime="false">
		<!-- Daily mission. A reward is given for killing any 500 monsters. Monsters whose level is lower than the character's for more than 10 levels do not count. -->
		<handler name="monster">
			<param name="minLevel">76</param>
			<param name="maxLevel">99</param>
		</handler>
		<items>
			<item id="90907" count="8" /> <!-- Soulshot Ticket -->
			<item id="3031" count="40" /> <!-- Spirit Ore -->
			<item id="91912" count="8" /> <!-- Hp Potion (Exchangeable) -->
			<item id="97224" count="10" /> <!-- Mission Points -->
			<item id="97145" count="30" /> <!-- Ancient Adena -->
		</items>
	</reward>
	<reward id="1141" reward_id="827" name="Adventurer's Journey I (Lv. 20-30)" requiredCompletion="70" isOneTime="true">
		<!-- Kill 70 monsters in the following hunting zones: Ruins of Agony, Abandoned Camp. -->
		<handler name="monster">
			<param name="minLevel">20</param>
			<param name="maxLevel">30</param>
		</handler>
		<items>
			<item id="91654" count="1" /> <!-- Adventurer's Mark Lv.1 -->
		</items>
	</reward>
	<reward id="1142" reward_id="828" name="Adventurer's Journey II (Lv. 30-40)" requiredCompletion="150" isOneTime="true">
		<!-- Kill 150 monsters in the following hunting zones: Gorgon Flower Garden, Death Pass. -->
		<handler name="monster">
			<param name="minLevel">30</param>
			<param name="maxLevel">40</param>
		</handler>
		<items>
			<item id="91655" count="1" /> <!-- Adventurer's Mark Lv.2 -->
		</items>
	</reward>
	<reward id="1143" reward_id="829" name="Adventurer's Journey III (Lv. 40-60)" requiredCompletion="500" isOneTime="true">
		<!-- Kill 500 monsters in the following hunting zones: Sea of Spores, Cemetery, Fields of Massacre. -->
		<handler name="monster">
			<param name="minLevel">40</param>
			<param name="maxLevel">60</param>
		</handler>
		<items>
			<item id="91656" count="1" /> <!-- Adventurer's Mark Lv.3 -->
		</items>
	</reward>
	<reward id="1144" reward_id="830" name="Adventurer's Journey IV (Lv. 60-75" requiredCompletion="700" isOneTime="true">
		<!-- Kill 700 monsters in the following hunting zones: Plains of Glory, War-Torn Plains, Silent Valley. -->
		<handler name="monster">
			<param name="minLevel">60</param>
			<param name="maxLevel">75</param>
		</handler>
		<items>
			<item id="91657" count="1" /> <!-- Adventurer's Mark Lv.4 -->
		</items>
	</reward>
	<reward id="1145" reward_id="831" name="Adventurer's Journey V (Lv. 76+)" requiredCompletion="1000" isOneTime="true">
		<!-- Kill 1000 monsters in the following hunting zones: Plains of the Lizardmen, Dragon Valley (west). -->
		<handler name="monster">
			<param name="minLevel">76</param>
			<param name="maxLevel">99</param>
		</handler>
		<items>
			<item id="91931" count="1" /> <!-- Adventurer's Mark Lv.5 -->
		</items>
	</reward>
	<reward id="4001" reward_id="1078" name="Reach Level 20" requiredCompletion="20">
		<!-- One-time mission. A reward is given when the character reaches Lv. 20. -->
		<handler name="level">
			<param name="level">20</param>
		</handler>
		<items>
			<item id="94269" count="2" /> <!-- Scroll: Boost Attack -->
		</items>
	</reward>
	<reward id="4002" reward_id="1079" name="Reach Level 30" requiredCompletion="30">
		<!-- One-time mission. A reward is given when the character reaches Lv. 30. -->
		<handler name="level">
			<param name="level">30</param>
		</handler>
		<items>
			<item id="94269" count="3" /> <!-- Scroll: Boost Attack -->
		</items>
	</reward>
	<reward id="4003" reward_id="1080" name="Reach Level 40" requiredCompletion="40">
		<!-- One-time mission. A reward is given when the character reaches Lv. 40. -->
		<handler name="level">
			<param name="level">40</param>
		</handler>
		<items>
			<item id="94269" count="4" /> <!-- Scroll: Boost Attack -->
			<item id="94271" count="1" /> <!-- Scroll: Boost Defense -->
		</items>
	</reward>
	<reward id="4004" reward_id="1081" name="Reach Level 45" requiredCompletion="45">
		<!-- One-time mission. A reward is given when the character reaches Lv. 45. -->
		<handler name="level">
			<param name="level">45</param>
		</handler>
		<items>
			<item id="94269" count="5" /> <!-- Scroll: Boost Attack -->
			<item id="94271" count="2" /> <!-- Scroll: Boost Defense -->
		</items>
	</reward>
	<reward id="5011" reward_id="5011" name="Reach Level 46" requiredCompletion="46">
		<!-- One-time mission. A reward is given when the character reaches Lv. 46. -->
		<handler name="level">
			<param name="level">46</param>
		</handler>
		<items>
			<item id="91910" count="5" /> <!-- Sayha's Blessing - Lv. 1-75 -->
		</items>
	</reward>
	<reward id="5012" reward_id="5012" name="Reach Level 47" requiredCompletion="47">
		<!-- One-time mission. A reward is given when the character reaches Lv. 47. -->
		<handler name="level">
			<param name="level">47</param>
		</handler>
		<items>
			<item id="91910" count="5" /> <!-- Sayha's Blessing - Lv. 1-75 -->
		</items>
	</reward>
	<reward id="5013" reward_id="5013" name="Reach Level 48" requiredCompletion="48">
		<!-- One-time mission. A reward is given when the character reaches Lv. 48. -->
		<handler name="level">
			<param name="level">48</param>
		</handler>
		<items>
			<item id="91910" count="5" /> <!-- Sayha's Blessing - Lv. 1-75 -->
		</items>
	</reward>
	<reward id="5014" reward_id="5014" name="Reach Level 49" requiredCompletion="49">
		<!-- One-time mission. A reward is given when the character reaches Lv. 49. -->
		<handler name="level">
			<param name="level">49</param>
		</handler>
		<items>
			<item id="91910" count="5" /> <!-- Sayha's Blessing - Lv. 1-75 -->
		</items>
	</reward>
	<reward id="4005" reward_id="1082" name="Reach Level 50" requiredCompletion="50">
		<!-- One-time mission. A reward is given when the character reaches Lv. 50. -->
		<handler name="level">
			<param name="level">50</param>
		</handler>
		<items>
			<item id="94269" count="6" /> <!-- Scroll: Boost Attack -->
			<item id="94271" count="3" /> <!-- Scroll: Boost Defense -->
		</items>
	</reward>
	<reward id="4006" reward_id="1083" name="Reach Level 55" requiredCompletion="55">
		<!-- One-time mission. A reward is given when the character reaches Lv. 55. -->
		<handler name="level">
			<param name="level">55</param>
		</handler>
		<items>
			<item id="94269" count="7" /> <!-- Scroll: Boost Attack -->
			<item id="94271" count="4" /> <!-- Scroll: Boost Defense -->
		</items>
	</reward>
	<reward id="4007" reward_id="1084" name="Reach Level 60" requiredCompletion="60">
		<!-- One-time mission. A reward is given when the character reaches Lv. 60. -->
		<handler name="level">
			<param name="level">60</param>
		</handler>
		<items>
			<item id="94269" count="8" /> <!-- Scroll: Boost Attack -->
			<item id="94271" count="5" /> <!-- Scroll: Boost Defense -->
		</items>
	</reward>
	<reward id="4008" reward_id="1085" name="Reach Level 65" requiredCompletion="65">
		<!-- One-time mission. A reward is given when the character reaches Lv. 65. -->
		<handler name="level">
			<param name="level">65</param>
		</handler>
		<items>
			<item id="94269" count="9" /> <!-- Scroll: Boost Attack -->
			<item id="94271" count="6" /> <!-- Scroll: Boost Defense -->
		</items>
	</reward>
	<reward id="4009" reward_id="1086" name="Reach Level 68" requiredCompletion="68">
		<!-- One-time mission. A reward is given when the character reaches Lv. 68. -->
		<handler name="level">
			<param name="level">68</param>
		</handler>
		<items>
			<item id="94269" count="10" /> <!-- Scroll: Boost Attack -->
			<item id="94271" count="7" /> <!-- Scroll: Boost Defense -->
		</items>
	</reward>
	<reward id="4010" reward_id="1087" name="Reach Level 71" requiredCompletion="71">
		<!-- One-time mission. A reward is given when the character reaches Lv. 71. -->
		<handler name="level">
			<param name="level">71</param>
		</handler>
		<items>
			<item id="94269" count="11" /> <!-- Scroll: Boost Attack -->
			<item id="94271" count="8" /> <!-- Scroll: Boost Defense -->
		</items>
	</reward>
	<reward id="4011" reward_id="1088" name="Reach Level 74" requiredCompletion="74">
		<!-- One-time mission. A reward is given when the character reaches Lv. 74. -->
		<handler name="level">
			<param name="level">74</param>
		</handler>
		<items>
			<item id="94269" count="12" /> <!-- Scroll: Boost Attack -->
			<item id="94271" count="9" /> <!-- Scroll: Boost Defense -->
			<item id="49674" count="2" /> <!-- XP Growth Scroll -->
		</items>
	</reward>
	<reward id="4012" reward_id="1089" name="Reach Level 76" requiredCompletion="76">
		<!-- One-time mission. A reward is given when the character reaches Lv. 76. -->
		<handler name="level">
			<param name="level">76</param>
		</handler>
		<items>
			<item id="94269" count="13" /> <!-- Scroll: Boost Attack -->
			<item id="94271" count="10" /> <!-- Scroll: Boost Defense -->
			<item id="49674" count="4" /> <!-- XP Growth Scroll -->
		</items>
	</reward>
	<reward id="4013" reward_id="1090" name="Reach Level 78" requiredCompletion="78">
		<!-- One-time mission. A reward is given when the character reaches Lv. 78. -->
		<handler name="level">
			<param name="level">78</param>
		</handler>
		<items>
			<item id="94269" count="14" /> <!-- Scroll: Boost Attack -->
			<item id="94271" count="11" /> <!-- Scroll: Boost Defense -->
			<item id="49674" count="6" /> <!-- XP Growth Scroll -->
		</items>
	</reward>
	<reward id="4014" reward_id="1091" name="Reach Level 79" requiredCompletion="79">
		<!-- One-time mission. A reward is given when the character reaches Lv. 79. -->
		<handler name="level">
			<param name="level">79</param>
		</handler>
		<items>
			<item id="94269" count="15" /> <!-- Scroll: Boost Attack -->
			<item id="94271" count="12" /> <!-- Scroll: Boost Defense -->
			<item id="49674" count="8" /> <!-- XP Growth Scroll -->
		</items>
	</reward>
	<reward id="4015" reward_id="1092" name="Reach Level 80" requiredCompletion="80">
		<!-- One-time mission. A reward is given when the character reaches Lv. 80. -->
		<handler name="level">
			<param name="level">80</param>
		</handler>
		<items>
			<item id="94269" count="16" /> <!-- Scroll: Boost Attack -->
			<item id="94271" count="13" /> <!-- Scroll: Boost Defense -->
			<item id="49674" count="10" /> <!-- XP Growth Scroll -->
		</items>
	</reward>
	<reward id="4016" reward_id="1093" name="Reach Level 81" requiredCompletion="81">
		<!-- One-time mission. A reward is given when the character reaches Lv. 81. -->
		<handler name="level">
			<param name="level">81</param>
		</handler>
		<items>
			<item id="94269" count="17" /> <!-- Scroll: Boost Attack -->
			<item id="94271" count="14" /> <!-- Scroll: Boost Defense -->
			<item id="49674" count="12" /> <!-- XP Growth Scroll -->
		</items>
	</reward>
	<reward id="4017" reward_id="1094" name="Reach Level 82" requiredCompletion="82">
		<!-- One-time mission. A reward is given when the character reaches Lv. 82. -->
		<handler name="level">
			<param name="level">82</param>
		</handler>
		<items>
			<item id="94269" count="18" /> <!-- Scroll: Boost Attack -->
			<item id="94271" count="15" /> <!-- Scroll: Boost Defense -->
			<item id="49674" count="14" /> <!-- XP Growth Scroll -->
		</items>
	</reward>
	<reward id="4018" reward_id="1095" name="Reach Level 83" requiredCompletion="83">
		<!-- One-time mission. A reward is given when the character reaches Lv. 83. -->
		<handler name="level">
			<param name="level">83</param>
		</handler>
		<items>
			<item id="94269" count="19" /> <!-- Scroll: Boost Attack -->
			<item id="94271" count="16" /> <!-- Scroll: Boost Defense -->
			<item id="49674" count="16" /> <!-- XP Growth Scroll -->
		</items>
	</reward>
	<reward id="4019" reward_id="1096" name="Reach Level 84" requiredCompletion="84">
		<!-- One-time mission. A reward is given when the character reaches Lv. 84. -->
		<handler name="level">
			<param name="level">84</param>
		</handler>
		<items>
			<item id="94269" count="20" /> <!-- Scroll: Boost Attack -->
			<item id="94271" count="17" /> <!-- Scroll: Boost Defense -->
			<item id="49674" count="18" /> <!-- XP Growth Scroll -->
		</items>
	</reward>
	<reward id="4020" reward_id="1097" name="Reach Level 85" requiredCompletion="85">
		<!-- One-time mission. A reward is given when the character reaches Lv. 85. -->
		<handler name="level">
			<param name="level">85</param>
		</handler>
		<items>
			<item id="94269" count="21" /> <!-- Scroll: Boost Attack -->
			<item id="94271" count="18" /> <!-- Scroll: Boost Defense -->
			<item id="49674" count="20" /> <!-- XP Growth Scroll -->
			<item id="94777" count="1" /> <!-- Berserker's Scroll -->
			<item id="93062" count="1" /> <!-- Hat of Glory -->
		</items>
	</reward>
	<reward id="4021" reward_id="1098" name="Reach Level 86" requiredCompletion="86">
		<!-- One-time mission. A reward is given when the character reaches Lv. 86. -->
		<handler name="level">
			<param name="level">86</param>
		</handler>
		<items>
			<item id="94269" count="22" /> <!-- Scroll: Boost Attack -->
			<item id="94271" count="19" /> <!-- Scroll: Boost Defense -->
			<item id="49674" count="22" /> <!-- XP Growth Scroll -->
			<item id="94777" count="2" /> <!-- Berserker's Scroll -->
			<item id="93064" count="1" /> <!-- <Rare> Weight Limit Ticket of Glory -->
		</items>
	</reward>
	<reward id="4022" reward_id="1099" name="Reach Level 87" requiredCompletion="87">
		<!-- One-time mission. A reward is given when the character reaches Lv. 87. -->
		<handler name="level">
			<param name="level">87</param>
		</handler>
		<items>
			<item id="94269" count="23" /> <!-- Scroll: Boost Attack -->
			<item id="94271" count="20" /> <!-- Scroll: Boost Defense -->
			<item id="49674" count="24" /> <!-- XP Growth Scroll -->
			<item id="94777" count="3" /> <!-- Berserker's Scroll -->
			<item id="93059" count="1" /> <!-- <Rare> Spellbook: Mount Glory of Champion -->
		</items>
	</reward>
	<reward id="4023" reward_id="1100" name="Reach Level 88" requiredCompletion="88">
		<!-- One-time mission. A reward is given when the character reaches Lv. 88. -->
		<handler name="level">
			<param name="level">88</param>
		</handler>
		<items>
			<item id="94269" count="24" /> <!-- Scroll: Boost Attack -->
			<item id="94271" count="22" /> <!-- Scroll: Boost Defense -->
			<item id="49674" count="24" /> <!-- XP Growth Scroll -->
			<item id="94777" count="4" /> <!-- Berserker's Scroll -->
			<item id="93063" count="1" /> <!-- <Rare> Inventory Expansion Ticket of Glory -->
		</items>
	</reward>
	<reward id="4024" reward_id="1101" name="Reach Level 89" requiredCompletion="89">
		<!-- One-time mission. A reward is given when the character reaches Lv. 89. -->
		<handler name="level">
			<param name="level">89</param>
		</handler>
		<items>
			<item id="94269" count="24" /> <!-- Scroll: Boost Attack -->
			<item id="94271" count="24" /> <!-- Scroll: Boost Defense -->
			<item id="49674" count="24" /> <!-- XP Growth Scroll -->
			<item id="94777" count="5" /> <!-- Berserker's Scroll -->
			<item id="93061" count="1" /> <!-- <Rare> Spellbook: Mount Shining Lady -->
		</items>
	</reward>
	<reward id="4025" reward_id="1102" name="Reach Level 90" requiredCompletion="90">
		<!-- One-time mission. A reward is given when the character reaches Lv. 90. -->
		<handler name="level">
			<param name="level">90</param>
		</handler>
		<items>
			<item id="94269" count="24" /> <!-- Scroll: Boost Attack -->
			<item id="94271" count="24" /> <!-- Scroll: Boost Defense -->
			<item id="49674" count="24" /> <!-- XP Growth Scroll -->
			<item id="94777" count="5" /> <!-- Berserker's Scroll -->
			<item id="94765" count="1" /> <!-- Lv. 90 Achievement Reward Box -->
		</items>
	</reward>
	<reward id="4026" reward_id="4026" name="Reach Level 91" requiredCompletion="91">
		<!-- One-time mission. A reward is given when you reach Lv. 91.-->
		<handler name="level">
			<param name="level">91</param>
		</handler>
		<items>
			<item id="94269" count="30" /> <!-- Scroll: Boost Attack -->
			<item id="94271" count="30" /> <!-- Scroll: Boost Defense -->
			<item id="49674" count="30" /> <!-- XP Growth Scroll -->
			<item id="94777" count="6" /> <!-- Berserker's Scroll -->
			<item id="95888" count="1" /> <!-- Lv. 91 Achievement Reward Box -->
		</items>
	</reward>
	<reward id="4027" reward_id="4027" name="Reach Level 92" requiredCompletion="92">
		<!-- One-time mission. A reward is given when you reach Lv. 92.-->
		<handler name="level">
			<param name="level">92</param>
		</handler>
		<items>
			<item id="94269" count="36" /> <!-- Scroll: Boost Attack -->
			<item id="94271" count="36" /> <!-- Scroll: Boost Defense -->
			<item id="49674" count="36" /> <!-- XP Growth Scroll -->
			<item id="94777" count="7" /> <!-- Berserker's Scroll -->
			<item id="95889" count="1" /> <!-- Lv. 92 Achievement Reward Box -->
		</items>
	</reward>
	<reward id="3007" reward_id="3007" name="Sayha's Blessing" requiredCompletion="10">
		<!-- A reward is given for using Sayha's Blessing that is not limited by level, 10 times. -->
		<handler name="useItem">
			<param name="maxUse">10</param>
			<param name="id">91910</param>
		</handler>
		<items>
			<item id="94780" count="2" /> <!-- Growth Rune Fragment Sealed -->
			<item id="97224" count="5" /> <!-- Mission Points -->
		</items>
	</reward>
	<reward id="1500" reward_id="1500" name="Hunt in Transcendent Instance Zones" requiredCompletion="300">
		<!-- Daily mission (once per account). A reward is given for killing 300 monsters in transcendent instance zones. -->
		<handler name="monster">
			<param name="minLevel">40</param>
			<param name="maxLevel">99</param>
			<param name="ids">22192,22193,22194,22195,22196,22197,22198,22199</param>
		</handler>
		<items>
			<item id="93274" count="100" /> <!-- Sayha's Cookie Sealed -->
			<item id="97224" count="20" /> <!-- Mission Points -->
			<item id="97145" count="50" /> <!-- Ancient Adena -->
		</items>
	</reward>
	<reward id="3019" reward_id="3011" name="Difficult Assault on the Orc Fortress" requiredCompletion="1">
		<!-- A reward is given for killing titled monsters during the battle for the Orc Fortress. -->
		<handler name="monster">
			<param name="minLevel">60</param>
			<param name="maxLevel">99</param>
		</handler>
		<items>
			<item id="93068" count="1" /> <!-- Red Lantern -->
			<item id="49674" count="3" /> <!-- XP Growth Scroll -->
		</items>
	</reward>
	<reward id="3020" reward_id="3012" name="Assault on Orc Fortress" requiredCompletion="50">
		<!-- A reward is given for killing titleless monsters during the battle for the Orc Fortress. -->
		<handler name="monster">
			<param name="minLevel">60</param>
			<param name="maxLevel">99</param>
		</handler>
		<items>
			<item id="93070" count="5" /> <!-- Blue Lantern -->
			<item id="49674" count="2" /> <!-- XP Growth Scroll -->
		</items>
	</reward>
	<reward id="3013" reward_id="3013" name="3 vs 3 Olympiad Winner I" requiredCompletion="1">
		<!-- One-time mission. A reward is given for winning a 3 vs 3 Olympiad match. Not available on Sundays. -->
		<handler name="olympiad" />
		<items>
			<item id="92991" count="3" /> <!-- Einhasad's Blessing Scroll -->
		</items>
	</reward>
	<reward id="3014" reward_id="3014" name="3 vs 3 Olympiad Winner II" requiredCompletion="2">
		<!-- One-time mission. A reward is given for winning 2 of 3 vs 3 Olympiad matches. Not available on Sundays. -->
		<handler name="olympiad" />
		<items>
			<item id="91690" count="50" /> <!-- Special HP Recovery Potion -->
		</items>
	</reward>
	<reward id="3015" reward_id="3015" name="3 vs 3 Olympiad Winner III" requiredCompletion="3">
		<!-- One-time mission. A reward is given for winning 3 of 3 vs 3 Olympiad matches. Not available on Sundays. -->
		<handler name="olympiad" />
		<items>
			<item id="92991" count="5" /> <!-- Einhasad's Blessing Scroll -->
		</items>
	</reward>
	<reward id="3016" reward_id="3016" name="3 vs 3 Olympiad Winner IV" requiredCompletion="4">
		<!-- One-time mission. A reward is given for winning 4 of 3 vs 3 Olympiad matches. Not available on Sundays. -->
		<handler name="olympiad" />
		<items>
			<item id="91690" count="100" /> <!-- Special HP Recovery Potion -->
		</items>
	</reward>
	<reward id="3017" reward_id="3017" name="3 vs 3 Olympiad Winner V" requiredCompletion="5">
		<!-- One-time mission. A reward is given for winning 5 of 3 vs 3 Olympiad matches. Not available on Sundays. -->
		<handler name="olympiad" />
		<items>
			<item id="93290" count="1" /> <!-- Victory Pack -->
		</items>
	</reward>
	<reward id="3018" reward_id="3018" name="Olympiad Competitor" requiredCompletion="50">
		<!-- A reward is given when player will participating in 50 Olympiad matches in a month. Available from monday to friday. -->
		<handler name="olympiad" />
		<items>
			<item id="97224" count="150" /> <!-- Mission Points -->
			<item id="95687" count="1" /> <!-- Olympiad Treasure Chest Sealed -->
		</items>
	</reward>
	<reward id="1017" reward_id="117" name="In-game Weekend" requiredCompletion="1">
		<!-- Weekly mission. A reward is given for playing the game on Saturday or Sunday. -->
		<handler name="loginweekend" />
		<items>
			<item id="94269" count="1" /> <!--  -->
			<item id="3031" count="50" /> <!--  -->
		</items>
	</reward>
	<reward id="1023" reward_id="501" name="Joining a Clan" requiredCompletion="1">
		<!-- One-time mission. A reward is given when joining a clan for the first time. -->
		<handler name="joinclan">
			<param name="minLevel">40</param>
			<param name="maxLevel">99</param>
		</handler>
		<items>
			<item id="90768" count="1" /> <!-- Hair Accessory Coupon -->
		</items>
	</reward>
	<reward id="9001" reward_id="9001" name="Clan Raid Attack" requiredCompletion="1">
		<!-- Weekly mission. A reward is given for defeating 1 enemy together with your clan members in the Clan Arena. -->
		<handler name="monster">
			<param name="ids">25794,25795,25796,25797,25798,25799,25800,25801,25802,25803,25804,25805,25806,25807,25808,25809,25810,25811,25812,25813,25834,25835,25836,25837,25838</param>
			<param name="minLevel">40</param>
			<param name="maxLevel">99</param>
		</handler>
		<items>
			<item id="3031" count="150" /> <!-- Spirit Ore -->
			<item id="94481" count="50" /> <!-- Clan XP -->
			<item id="94269" count="3" /> <!-- Scroll: Boost Attack -->
		</items>
	</reward>
	<reward id="9002" reward_id="9002" name="Dwelling of Spirits" requiredCompletion="50">
		<!-- Weekly mission. A reward is given for defeating monsters during a clan raid to the Dwelling of Spirits. -->
		<handler name="monster">
			<param name="ids">22271,22272,22273</param>
			<param name="minLevel">76</param>
			<param name="maxLevel">99</param>
		</handler>
		<items>
			<item id="91831" count="5" /> <!-- Improved Water Attack Potion -->
			<item id="91832" count="5" /> <!-- Improved Wind Attack Potion -->
			<item id="91833" count="5" /> <!-- Improved Earth Attack Potion -->
			<item id="91830" count="5" /> <!-- Improved Fire Attack Potion -->
			<item id="94481" count="250" /> <!-- Clan XP Sealed -->
			<item id="97224" count="10" /> <!-- Mission Points -->
		</items>
	</reward>
	<reward id="9003" reward_id="9003" name="Spirit Kings" requiredCompletion="1">
		<!-- Weekly mission. A reward is given for defeating Ignis, Nebula, Procella or Petram during a clan raid to the Dwelling of Spirits. -->
		<handler name="monster">
			<param name="ids">29105,29106,29107,29108</param>
			<param name="minLevel">76</param>
			<param name="maxLevel">99</param>
		</handler>
		<items>
			<item id="91831" count="5" /> <!-- Improved Water Attack Potion -->
			<item id="91832" count="5" /> <!-- Improved Wind Attack Potion -->
			<item id="91833" count="5" /> <!-- Improved Earth Attack Potion -->
			<item id="91830" count="5" /> <!-- Improved Fire Attack Potion -->
		</items>
	</reward>
	<reward id="9004" reward_id="9004" name="Battle with Frintezza" requiredCompletion="1">
		<!-- Weekly mission. A reward is given for defeating Scarlet van Halisha during a command channel raid to Frintezza. -->
		<handler name="monster">
			<param name="ids">22271,22272,22273</param>
			<param name="minLevel">76</param>
			<param name="maxLevel">99</param>
		</handler>
		<items>
			<item id="90907" count="20" /> <!-- Soulshot Ticket Sealed -->
			<item id="3031" count="200" /> <!-- Spirit Ore Sealed -->
			<item id="94481" count="200" /> <!-- Clan XP Sealed -->
			<item id="94879" count="300" /> <!-- Grace Potion Sealed -->
			<item id="97145" count="20" /> <!-- Ancient Adena -->
			<item id="97224" count="10" /> <!-- Mission Points -->
		</items>
	</reward>
	<reward id="1112" reward_id="508" name="Fire Spirit Lv. 3" requiredCompletion="3">
		<!-- One-time mission. A reward is given when evolving the Fire Spirit up to Lv. 3. -->
		<handler name="spiritevolve">
			<param name="element">FIRE</param>
		</handler>
		<items>
			<item id="91185" count="30" /> <!-- Mid-grade Spirit's Blessing -->
		</items>
	</reward>
	<reward id="1113" reward_id="509" name="Water Spirit Lv. 3" requiredCompletion="3">
		<!-- One-time mission. A reward is given when evolving the Water Spirit up to Lv. 3. -->
		<handler name="spiritevolve">
			<param name="element">WATER</param>
		</handler>
		<items>
			<item id="91185" count="30" /> <!-- Mid-grade Spirit's Blessing -->
		</items>
	</reward>
	<reward id="1114" reward_id="510" name="Wind Spirit Lv. 3" requiredCompletion="3">
		<!-- One-time mission. A reward is given when evolving the Wind Spirit up to Lv. 3. -->
		<handler name="spiritevolve">
			<param name="element">WIND</param>
		</handler>
		<items>
			<item id="91185" count="30" /> <!-- Mid-grade Spirit's Blessing -->
		</items>
	</reward>
	<reward id="1115" reward_id="511" name="Earth Spirit Lv. 3" requiredCompletion="3">
		<!-- One-time mission. A reward is given when evolving the Earth Spirit up to Lv. 3. -->
		<handler name="spiritevolve">
			<param name="element">EARTH</param>
		</handler>
		<items>
			<item id="91185" count="30" /> <!-- Mid-grade Spirit's Blessing -->
		</items>
	</reward>
	<reward id="1162" reward_id="2031" name="Fire Spirit Lv. 5" requiredCompletion="5">
		<!-- One-time quest. A reward is given when evolving the Fire Spirit up to Lv. 5. -->
		<handler name="spiritevolve">
			<param name="element">FIRE</param>
		</handler>
		<items>
			<item id="91186" count="30" />
		</items>
	</reward>
	<reward id="1163" reward_id="2032" name="Water Spirit Lv. 5" requiredCompletion="5">
		<!-- One-time quest. A reward is given when evolving the Water Spirit up to Lv. 5. -->
		<handler name="spiritevolve">
			<param name="element">WATER</param>
		</handler>
		<items>
			<item id="91186" count="30" />
		</items>
	</reward>
	<reward id="1164" reward_id="2033" name="Wind Spirit Lv. 5" requiredCompletion="5">
		<!-- One-time quest. A reward is given when evolving the Wind Spirit up to Lv. 5. -->
		<handler name="spiritevolve">
			<param name="element">WIND</param>
		</handler>
		<items>
			<item id="91186" count="30" />
		</items>
	</reward>
	<reward id="1165" reward_id="2034" name="Earth Spirit Lv. 5" requiredCompletion="5">
		<!-- One-time quest. A reward is given when evolving the Earth Spirit up to Lv. 5. -->
		<handler name="spiritevolve">
			<param name="element">EARTH</param>
		</handler>
		<items>
			<item id="91186" count="30" />
		</items>
	</reward>
	<reward id="1116" reward_id="118" name="Attribute monsters hunting" requiredCompletion="1800">
		<!-- A reward is given once a week for elemental monster hunting. -->
		<handler name="monster">
			<param name="ids">20792,20794,20795,20796,20797,20798,20799,20800,20801,20802,20803,20849,20995,21661,21662,21663,21664,21665,21666,21667,21668,21669,21670,21671,21672,21673,21674,21675,21676,21678,21685,21686,21761,21762,21763,21764,21765,21766,21767,21768,21769,21770,21771,21772,21773,21774,21775,21776,21777,21778,21779,21780,21781,21782,21783,21784,21785,21786,21787,21788,21789,21790,21791,21792,21793,21813,21814,21815,21816,21817,21818,21819,21820,21821,21822,21823,21824,21825,21826,21827,21828,21829,21830,21831,21832</param>
			<param name="minLevel">76</param>
			<param name="maxLevel">99</param>
		</handler>
		<items>
			<item id="91030" count="10" /> <!-- Blessed Soul -->
			<item id="97224" count="10" /> <!-- Mission Points -->
		</items>
	</reward>
	<reward id="1503" reward_id="1503" name="Explore Primeval Isle" requiredCompletion="200">
		<!-- A reward is given for killing 200 monsters on the Primeval Isle. -->
		<handler name="monster">
			<param name="minLevel">79</param>
			<param name="maxLevel">99</param>
			<param name="ids">22192,22193,22194,22195,22196,22197,22198,22199</param>
		</handler>
		<items>
			<item id="94879" count="50" /> <!-- Grace PotionSealed -->
			<item id="97224" count="20" /> <!-- Mission Points -->
		</items>
	</reward>
	<reward id="5036" reward_id="5036" name="Assault on Elmoreden Tower" requiredCompletion="50">
		<!-- Daily mission. A reward is given for killing 50 monsters in the Elmoreden Tower. Required level: 60-74. -->
		<handler name="monster">
			<param name="minLevel">60</param>
			<param name="maxLevel">74</param>
			<param name="ids">22192,22193,22194,22195,22196,22197,22198,22199</param>
		</handler>
		<items>
			<item id="91671" count="1" /> <!--  -->
			<item id="97247" count="1" /> <!--  -->
			<item id="97224" count="20" /> <!--  -->
		</items>
	</reward>
	<reward id="5037" reward_id="5037" name="Assault on Elmoreden Tower" requiredCompletion="50">
		<!-- Daily mission. A reward is given for killing 50 monsters in the Elmoreden Tower. Required level: 75-79. -->
		<handler name="monster">
			<param name="minLevel">75</param>
			<param name="maxLevel">79</param>
			<param name="ids">22192,22193,22194,22195,22196,22197,22198,22199</param>
		</handler>
		<items>
			<item id="91670" count="1" /> <!--  -->
			<item id="97247" count="3" /> <!--  -->
			<item id="97224" count="20" /> <!--  -->
		</items>
	</reward>
	<reward id="5038" reward_id="5038" name="Assault on Elmoreden Tower" requiredCompletion="50">
		<!-- Daily mission. A reward is given for killing 50 monsters in the Elmoreden Tower. Required level: 80-84. -->
		<handler name="monster">
			<param name="minLevel">80</param>
			<param name="maxLevel">84</param>
			<param name="ids">22192,22193,22194,22195,22196,22197,22198,22199</param>
		</handler>
		<items>
			<item id="91669" count="2" /> <!--  -->
			<item id="97247" count="5" /> <!--  -->
			<item id="97224" count="20" /> <!--  -->
		</items>
	</reward>
	<reward id="5039" reward_id="5039" name="Assault on Elmoreden Tower" requiredCompletion="50">
		<!-- Daily mission. A reward is given for killing 50 monsters in the Elmoreden Tower. Required level: 85+. -->
		<handler name="monster">
			<param name="minLevel">85</param>
			<param name="maxLevel">99</param>
			<param name="ids">22192,22193,22194,22195,22196,22197,22198,22199</param>
		</handler>
		<items>
			<item id="91668" count="2" /> <!--  -->
			<item id="97247" count="7" /> <!--  -->
			<item id="97224" count="20" /> <!--  -->
		</items>
	</reward>
	<reward id="1505" reward_id="1505" name="Monster Purge" requiredCompletion="1">
		<!-- A reward is given after receiving the reward for using the Purge system in the corresponding hunting zones. -->
		<handler name="purge" />
		<items>
			<item id="94879" count="1" /> <!-- Aden Purge Crystal Sealed -->
			<item id="97224" count="20" /> <!-- Mission Points -->
		</items>
	</reward>
	<reward id="1506" reward_id="1506" name="Forgotten Primeval Garden I" requiredCompletion="100">
		<!-- A reward is given for killing 100 Swift Hunter monsters in Forgotten Primeval Garden. -->
		<handler name="monster">
			<param name="minLevel">76</param>
			<param name="maxLevel">99</param>
			<param name="ids">22192,22193,22194,22195,22196,22197,22198,22199</param>
		</handler>
		<items>
			<item id="92459" count="1" /> <!--  -->
			<item id="97246" count="5" /> <!--  -->
		</items>
	</reward>
	<reward id="1507" reward_id="1507" name="Forgotten Primeval Garden II" requiredCompletion="300">
		<!-- A reward is given for killing 300 Swift Hunter monsters in Forgotten Primeval Garden. -->
		<handler name="monster">
			<param name="minLevel">76</param>
			<param name="maxLevel">99</param>
			<param name="ids">22192,22193,22194,22195,22196,22197,22198,22199</param>
		</handler>
		<items>
			<item id="92459" count="2" /> <!--  -->
		</items>
	</reward>
	<reward id="1508" reward_id="1508" name="Forgotten Primeval Garden III" requiredCompletion="1000">
		<!-- A reward is given for killing 1000 Swift Hunter monsters in Forgotten Primeval Garden. -->
		<handler name="monster">
			<param name="minLevel">76</param>
			<param name="maxLevel">99</param>
			<param name="ids">22192,22193,22194,22195,22196,22197,22198,22199</param>
		</handler>
		<items>
			<item id="96787" count="4" /> <!--  -->
			<item id="97145" count="100" /> <!--  -->
		</items>
	</reward>
	<reward id="1509" reward_id="1509" name="Exploring Dreamland" requiredCompletion="1">
		<!-- A reward is given for killing one of the following monsters in the Dream Dungeon: Gustav, Gustav's Steward, Gabrielle, Gabrielle's Minion, Ventus, Rekario, Tiat, Baint. / Kill 1 raid boss in one of the four dungeons. -->
		<handler name="monster">
			<param name="minLevel">76</param>
			<param name="maxLevel">99</param>
			<param name="ids">22192,22193,22194,22195,22196,22197,22198,22199</param>
		</handler>
		<items>
			<item id="96925" count="1" /> <!-- Dream Orb Sealed -->
			<item id="93068" count="1" /> <!-- Red Lantern - 1st Place Sealed -->
			<item id="97224" count="5" /> <!-- Mission Points -->
			<item id="97145" count="100" /> <!-- Ancient Adena -->
		</items>
	</reward>
	<reward id="1510" reward_id="1510" name="Exploring Dreamland's Secret Places" requiredCompletion="1">
		<!-- A reward is given for killing Feline King or Feline Queen in the Cat Guild's Lair of the Dream Dungeon. / Kill 1 raid boss in the Cat Guild's dungeon. -->
		<handler name="monster">
			<param name="minLevel">76</param>
			<param name="maxLevel">99</param>
			<param name="ids">22192,22193,22194,22195,22196,22197,22198,22199</param>
		</handler>
		<items>
			<item id="96925" count="1" /> <!-- Dream Orb Sealed -->
		</items>
	</reward>
	<reward id="1511" reward_id="1511" name="Exploring Alligator Island" requiredCompletion="100">
		<!-- A reward is given for killing 100 Evolved monsters on Alligator Island. / Kill 100 Evolved monsters. -->
		<handler name="monster">
			<param name="minLevel">70</param>
			<param name="maxLevel">99</param>
			<param name="ids">22192,22193,22194,22195,22196,22197,22198,22199</param>
		</handler>
		<items>
			<item id="96925" count="1" /> <!-- Dream Orb Sealed -->
		</items>
	</reward>
	<reward id="1512" reward_id="1512" name="Incessant Training" requiredCompletion="1">
		<!-- A reward is given for killing one of the following monsters in the Training Zone: Boojudu, Petron, Kerion, Furious Tukhak, Rilva, Ryun, Chel. -->
		<handler name="monster">
			<param name="minLevel">76</param>
			<param name="maxLevel">99</param>
			<param name="ids">22192,22193,22194,22195,22196,22197,22198,22199</param>
		</handler>
		<items>
			<item id="97145" count="50" /> <!--  -->
		</items>
	</reward>
	<reward id="1513" reward_id="1513" name="Combat on Balok Battleground" requiredCompletion="10">
		<!-- A reward is given for killing 10 monsters on the Balok Battleground. -->
		<handler name="monster">
			<param name="minLevel">60</param>
			<param name="maxLevel">99</param>
			<param name="ids">22192,22193,22194,22195,22196,22197,22198,22199</param>
		</handler>
		<items>
			<item id="97145" count="50" /> <!--  -->
		</items>
	</reward>
	<reward id="1514" reward_id="1514" name="Explore Goddard" requiredCompletion="1000">
		<!-- A reward is given for killing 1000 monsters in the Gorde Canyon, Morgos' Military Base, Xilenos Fortress, Hot Springs. -->
		<handler name="monster">
			<param name="minLevel">85</param>
			<param name="maxLevel">99</param>
			<param name="ids">22192,22193,22194,22195,22196,22197,22198,22199</param>
		</handler>
		<items>
			<item id="97145" count="100" /> <!--  -->
		</items>
	</reward>
	<reward id="1515" reward_id="1515" name="Explore Antharas' Lair" requiredCompletion="300">
		<!-- A reward is given for killing 300 monsters in Antharas' Lair. -->
		<handler name="monster">
			<param name="minLevel">85</param>
			<param name="maxLevel">99</param>
			<param name="ids">22192,22193,22194,22195,22196,22197,22198,22199</param>
		</handler>
		<items>
			<item id="97246" count="10" /> <!--  -->
		</items>
	</reward>
	<reward id="1516" reward_id="1516" name="Explore Frost Lord's Castle" requiredCompletion="300">
		<!-- A reward is given for killing 300 monsters in Frost Lord's Castle. -->
		<handler name="monster">
			<param name="minLevel">85</param>
			<param name="maxLevel">99</param>
			<param name="ids">22192,22193,22194,22195,22196,22197,22198,22199</param>
		</handler>
		<items>
			<item id="97246" count="10" /> <!--  -->
		</items>
	</reward>
	<reward id="5033" reward_id="5033" name="Ephemeral Frozen Canyon" requiredCompletion="50">
		<!-- Daily mission (once per account). A reward is given for killing 50 monsters in the Frozen Canyon during the event. -->
		<handler name="monster">
			<param name="minLevel">65</param>
			<param name="maxLevel">99</param>
			<param name="ids">22192,22193,22194,22195,22196,22197,22198,22199</param>
		</handler>
		<items>
			<item id="95836" count="50" /> <!-- Dream Orb Sealed -->
		</items>
	</reward>
</list>