<?xml version="1.0" encoding="UTF-8"?>
<list xmlns:xsi="http://www.w3.org/2001/XMLSchema-instance" xsi:noNamespaceSchemaLocation="xsd/EnchantSkillGroups.xsd">
	<enchant level="1" enchantFailLevel="0">
		<sps>
			<sp amount="4250000" type="NORMAL" />
			<sp amount="4250000" type="BLESSED" />
			<sp amount="4250000" type="CHANGE" />
		</sps>
		<chances>
			<chance value="90" type="NORMAL" />
			<chance value="90" type="BLESSED" />
		</chances>
		<items>
			<item id="30297" count="1" type="NORMAL" /> <!-- Superior Giant's Codex -->
			<item id="57" count="2380000" type="NORMAL" /> <!-- Adena -->
			<item id="30298" count="1" type="BLESSED" /> <!-- Superior Giant's Codex - Mastery -->
			<item id="57" count="2380000" type="BLESSED" /> <!-- Adena -->
			<item id="30299" count="1" type="CHANGE" /> <!-- Superior Giant's Codex - Discipline -->
			<item id="57" count="2380000" type="CHANGE" /> <!-- Adena -->
			<item id="37044" count="1" type="IMMORTAL" /> <!-- Immortal Scroll -->
		</items>
	</enchant>
	<enchant level="2" enchantFailLevel="0">
		<sps>
			<sp amount="4550000" type="NORMAL" />
			<sp amount="4550000" type="BLESSED" />
			<sp amount="4550000" type="CHANGE" />
		</sps>
		<chances>
			<chance value="87" type="NORMAL" />
			<chance value="87" type="BLESSED" />
		</chances>
		<items>
			<item id="30297" count="0" type="NORMAL" /> <!-- Superior Giant's Codex -->
			<item id="57" count="2540000" type="NORMAL" /> <!-- Adena -->
			<item id="30298" count="1" type="BLESSED" /> <!-- Superior Giant's Codex - Mastery -->
			<item id="57" count="2540000" type="BLESSED" /> <!-- Adena -->
			<item id="30299" count="1" type="CHANGE" /> <!-- Superior Giant's Codex - Discipline -->
			<item id="57" count="2540000" type="CHANGE" /> <!-- Adena -->
			<item id="37044" count="1" type="IMMORTAL" /> <!-- Immortal Scroll -->
		</items>
	</enchant>
	<enchant level="3" enchantFailLevel="0">
		<sps>
			<sp amount="4850000" type="NORMAL" />
			<sp amount="4850000" type="BLESSED" />
			<sp amount="4850000" type="CHANGE" />
		</sps>
		<chances>
			<chance value="84" type="NORMAL" />
			<chance value="84" type="BLESSED" />
		</chances>
		<items>
			<item id="30297" count="0" type="NORMAL" /> <!-- Superior Giant's Codex -->
			<item id="57" count="2720000" type="NORMAL" /> <!-- Adena -->
			<item id="30298" count="1" type="BLESSED" /> <!-- Superior Giant's Codex - Mastery -->
			<item id="57" count="2720000" type="BLESSED" /> <!-- Adena -->
			<item id="30299" count="1" type="CHANGE" /> <!-- Superior Giant's Codex - Discipline -->
			<item id="57" count="2720000" type="CHANGE" /> <!-- Adena -->
			<item id="37044" count="1" type="IMMORTAL" /> <!-- Immortal Scroll -->
		</items>
	</enchant>
	<enchant level="4" enchantFailLevel="0">
		<sps>
			<sp amount="5170000" type="NORMAL" />
			<sp amount="5170000" type="BLESSED" />
			<sp amount="5170000" type="CHANGE" />
		</sps>
		<chances>
			<chance value="81" type="NORMAL" />
			<chance value="81" type="BLESSED" />
		</chances>
		<items>
			<item id="30297" count="0" type="NORMAL" /> <!-- Superior Giant's Codex -->
			<item id="57" count="2890000" type="NORMAL" /> <!-- Adena -->
			<item id="30298" count="1" type="BLESSED" /> <!-- Superior Giant's Codex - Mastery -->
			<item id="57" count="2890000" type="BLESSED" /> <!-- Adena -->
			<item id="30299" count="1" type="CHANGE" /> <!-- Superior Giant's Codex - Discipline -->
			<item id="57" count="2890000" type="CHANGE" /> <!-- Adena -->
			<item id="37044" count="1" type="IMMORTAL" /> <!-- Immortal Scroll -->
		</items>
	</enchant>
	<enchant level="5" enchantFailLevel="0">
		<sps>
			<sp amount="5420000" type="NORMAL" />
			<sp amount="5420000" type="BLESSED" />
			<sp amount="5420000" type="CHANGE" />
		</sps>
		<chances>
			<chance value="78" type="NORMAL" />
			<chance value="78" type="BLESSED" />
		</chances>
		<items>
			<item id="30297" count="0" type="NORMAL" /> <!-- Superior Giant's Codex -->
			<item id="57" count="3030000" type="NORMAL" /> <!-- Adena -->
			<item id="30298" count="1" type="BLESSED" /> <!-- Superior Giant's Codex - Mastery -->
			<item id="57" count="3030000" type="BLESSED" /> <!-- Adena -->
			<item id="30299" count="1" type="CHANGE" /> <!-- Superior Giant's Codex - Discipline -->
			<item id="57" count="3030000" type="CHANGE" /> <!-- Adena -->
			<item id="37044" count="1" type="IMMORTAL" /> <!-- Immortal Scroll -->
		</items>
	</enchant>
	<enchant level="6" enchantFailLevel="0">
		<sps>
			<sp amount="5880000" type="NORMAL" />
			<sp amount="5880000" type="BLESSED" />
			<sp amount="5880000" type="CHANGE" />
		</sps>
		<chances>
			<chance value="75" type="NORMAL" />
			<chance value="75" type="BLESSED" />
		</chances>
		<items>
			<item id="30297" count="0" type="NORMAL" /> <!-- Superior Giant's Codex -->
			<item id="57" count="3290000" type="NORMAL" /> <!-- Adena -->
			<item id="30298" count="1" type="BLESSED" /> <!-- Superior Giant's Codex - Mastery -->
			<item id="57" count="3290000" type="BLESSED" /> <!-- Adena -->
			<item id="30299" count="1" type="CHANGE" /> <!-- Superior Giant's Codex - Discipline -->
			<item id="57" count="3290000" type="CHANGE" /> <!-- Adena -->
			<item id="37044" count="1" type="IMMORTAL" /> <!-- Immortal Scroll -->
		</items>
	</enchant>
	<enchant level="7" enchantFailLevel="0">
		<sps>
			<sp amount="6550000" type="NORMAL" />
			<sp amount="6550000" type="BLESSED" />
			<sp amount="6550000" type="CHANGE" />
		</sps>
		<chances>
			<chance value="72" type="NORMAL" />
			<chance value="72" type="BLESSED" />
		</chances>
		<items>
			<item id="30297" count="0" type="NORMAL" /> <!-- Superior Giant's Codex -->
			<item id="57" count="3670000" type="NORMAL" /> <!-- Adena -->
			<item id="30298" count="1" type="BLESSED" /> <!-- Superior Giant's Codex - Mastery -->
			<item id="57" count="3670000" type="BLESSED" /> <!-- Adena -->
			<item id="30299" count="1" type="CHANGE" /> <!-- Superior Giant's Codex - Discipline -->
			<item id="57" count="3670000" type="CHANGE" /> <!-- Adena -->
			<item id="37044" count="1" type="IMMORTAL" /> <!-- Immortal Scroll -->
		</items>
	</enchant>
	<enchant level="8" enchantFailLevel="0">
		<sps>
			<sp amount="13340000" type="NORMAL" />
			<sp amount="13340000" type="BLESSED" />
			<sp amount="13340000" type="CHANGE" />
		</sps>
		<chances>
			<chance value="68" type="NORMAL" />
			<chance value="68" type="BLESSED" />
		</chances>
		<items>
			<item id="30297" count="0" type="NORMAL" /> <!-- Superior Giant's Codex -->
			<item id="57" count="7470000" type="NORMAL" /> <!-- Adena -->
			<item id="30298" count="1" type="BLESSED" /> <!-- Superior Giant's Codex - Mastery -->
			<item id="57" count="7470000" type="BLESSED" /> <!-- Adena -->
			<item id="30299" count="1" type="CHANGE" /> <!-- Superior Giant's Codex - Discipline -->
			<item id="57" count="7470000" type="CHANGE" /> <!-- Adena -->
			<item id="37044" count="1" type="IMMORTAL" /> <!-- Immortal Scroll -->
		</items>
	</enchant>
	<enchant level="9" enchantFailLevel="0">
		<sps>
			<sp amount="18580000" type="NORMAL" />
			<sp amount="18580000" type="BLESSED" />
			<sp amount="18580000" type="CHANGE" />
		</sps>
		<chances>
			<chance value="64" type="NORMAL" />
			<chance value="64" type="BLESSED" />
		</chances>
		<items>
			<item id="30297" count="0" type="NORMAL" /> <!-- Superior Giant's Codex -->
			<item id="57" count="10400000" type="NORMAL" /> <!-- Adena -->
			<item id="30298" count="1" type="BLESSED" /> <!-- Superior Giant's Codex - Mastery -->
			<item id="57" count="10400000" type="BLESSED" /> <!-- Adena -->
			<item id="30299" count="1" type="CHANGE" /> <!-- Superior Giant's Codex - Discipline -->
			<item id="57" count="10400000" type="CHANGE" /> <!-- Adena -->
			<item id="37044" count="1" type="IMMORTAL" /> <!-- Immortal Scroll -->
		</items>
	</enchant>
	<enchant level="10" enchantFailLevel="0">
		<sps>
			<sp amount="36370000" type="NORMAL" />
			<sp amount="36370000" type="BLESSED" />
			<sp amount="36370000" type="CHANGE" />
		</sps>
		<chances>
			<chance value="60" type="NORMAL" />
			<chance value="60" type="BLESSED" />
		</chances>
		<items>
			<item id="30297" count="0" type="NORMAL" /> <!-- Superior Giant's Codex -->
			<item id="57" count="20700000" type="NORMAL" /> <!-- Adena -->
			<item id="30298" count="1" type="BLESSED" /> <!-- Superior Giant's Codex - Mastery -->
			<item id="57" count="20700000" type="BLESSED" /> <!-- Adena -->
			<item id="30299" count="1" type="CHANGE" /> <!-- Superior Giant's Codex - Discipline -->
			<item id="57" count="20700000" type="CHANGE" /> <!-- Adena -->
			<item id="37044" count="1" type="IMMORTAL" /> <!-- Immortal Scroll -->
		</items>
	</enchant>
	<enchant level="11" enchantFailLevel="10">
		<sps>
			<sp amount="15000000" type="NORMAL" />
			<sp amount="15000000" type="BLESSED" />
			<sp amount="15000000" type="CHANGE" />
		</sps>
		<chances>
			<chance value="89" type="NORMAL" />
			<chance value="89" type="BLESSED" />
		</chances>
		<items>
			<item id="46150" count="1" type="NORMAL" /> <!-- Superior Giant's Codex Chapter 1 -->
			<item id="57" count="8400000" type="NORMAL" /> <!-- Adena -->
			<item id="46151" count="1" type="BLESSED" /> <!-- Superior Giant's Codex - Mastery Chapter 1 -->
			<item id="57" count="8400000" type="BLESSED" /> <!-- Adena -->
			<item id="46152" count="1" type="CHANGE" /> <!-- Superior Giant's Codex - Discipline Chapter 1 -->
			<item id="57" count="8400000" type="CHANGE" /> <!-- Adena -->
			<item id="46153" count="1" type="IMMORTAL" /> <!-- Immortal Scroll Chapter 1 -->
		</items>
	</enchant>
	<enchant level="12" enchantFailLevel="10">
		<sps>
			<sp amount="16800000" type="NORMAL" />
			<sp amount="16800000" type="BLESSED" />
			<sp amount="16800000" type="CHANGE" />
		</sps>
		<chances>
			<chance value="86" type="NORMAL" />
			<chance value="86" type="BLESSED" />
		</chances>
		<items>
			<item id="46150" count="0" type="NORMAL" /> <!-- Superior Giant's Codex Chapter 1 -->
			<item id="57" count="9400000" type="NORMAL" /> <!-- Adena -->
			<item id="46151" count="1" type="BLESSED" /> <!-- Superior Giant's Codex - Mastery Chapter 1 -->
			<item id="57" count="9400000" type="BLESSED" /> <!-- Adena -->
			<item id="46152" count="1" type="CHANGE" /> <!-- Superior Giant's Codex - Discipline Chapter 1 -->
			<item id="57" count="9400000" type="CHANGE" /> <!-- Adena -->
			<item id="46153" count="1" type="IMMORTAL" /> <!-- Immortal Scroll Chapter 1 -->
		</items>
	</enchant>
	<enchant level="13" enchantFailLevel="10">
		<sps>
			<sp amount="47000000" type="NORMAL" />
			<sp amount="47000000" type="BLESSED" />
			<sp amount="47000000" type="CHANGE" />
		</sps>
		<chances>
			<chance value="83" type="NORMAL" />
			<chance value="83" type="BLESSED" />
		</chances>
		<items>
			<item id="46150" count="0" type="NORMAL" /> <!-- Superior Giant's Codex Chapter 1 -->
			<item id="57" count="26300000" type="NORMAL" /> <!-- Adena -->
			<item id="46151" count="1" type="BLESSED" /> <!-- Superior Giant's Codex - Mastery Chapter 1 -->
			<item id="57" count="26300000" type="BLESSED" /> <!-- Adena -->
			<item id="46152" count="1" type="CHANGE" /> <!-- Superior Giant's Codex - Discipline Chapter 1 -->
			<item id="57" count="26300000" type="CHANGE" /> <!-- Adena -->
			<item id="46153" count="1" type="IMMORTAL" /> <!-- Immortal Scroll Chapter 1 -->
		</items>
	</enchant>
	<enchant level="14" enchantFailLevel="10">
		<sps>
			<sp amount="56700000" type="NORMAL" />
			<sp amount="56700000" type="BLESSED" />
			<sp amount="56700000" type="CHANGE" />
		</sps>
		<chances>
			<chance value="80" type="NORMAL" />
			<chance value="80" type="BLESSED" />
		</chances>
		<items>
			<item id="46150" count="0" type="NORMAL" /> <!-- Superior Giant's Codex Chapter 1 -->
			<item id="57" count="31700000" type="NORMAL" /> <!-- Adena -->
			<item id="46151" count="1" type="BLESSED" /> <!-- Superior Giant's Codex - Mastery Chapter 1 -->
			<item id="57" count="31700000" type="BLESSED" /> <!-- Adena -->
			<item id="46152" count="1" type="CHANGE" /> <!-- Superior Giant's Codex - Discipline Chapter 1 -->
			<item id="57" count="31700000" type="CHANGE" /> <!-- Adena -->
			<item id="46153" count="1" type="IMMORTAL" /> <!-- Immortal Scroll Chapter 1 -->
		</items>
	</enchant>
	<enchant level="15" enchantFailLevel="10">
		<sps>
			<sp amount="85100000" type="NORMAL" />
			<sp amount="85100000" type="BLESSED" />
			<sp amount="85100000" type="CHANGE" />
		</sps>
		<chances>
			<chance value="77" type="NORMAL" />
			<chance value="77" type="BLESSED" />
		</chances>
		<items>
			<item id="46150" count="0" type="NORMAL" /> <!-- Superior Giant's Codex Chapter 1 -->
			<item id="57" count="47600000" type="NORMAL" /> <!-- Adena -->
			<item id="46151" count="1" type="BLESSED" /> <!-- Superior Giant's Codex - Mastery Chapter 1 -->
			<item id="57" count="47600000" type="BLESSED" /> <!-- Adena -->
			<item id="46152" count="1" type="CHANGE" /> <!-- Superior Giant's Codex - Discipline Chapter 1 -->
			<item id="57" count="47600000" type="CHANGE" /> <!-- Adena -->
			<item id="46153" count="1" type="IMMORTAL" /> <!-- Immortal Scroll Chapter 1 -->
		</items>
	</enchant>
	<enchant level="16" enchantFailLevel="10">
		<sps>
			<sp amount="110500000" type="NORMAL" />
			<sp amount="110500000" type="BLESSED" />
			<sp amount="110500000" type="CHANGE" />
		</sps>
		<chances>
			<chance value="74" type="NORMAL" />
			<chance value="74" type="BLESSED" />
		</chances>
		<items>
			<item id="46150" count="0" type="NORMAL" /> <!-- Superior Giant's Codex Chapter 1 -->
			<item id="57" count="61800000" type="NORMAL" /> <!-- Adena -->
			<item id="46151" count="1" type="BLESSED" /> <!-- Superior Giant's Codex - Mastery Chapter 1 -->
			<item id="57" count="61800000" type="BLESSED" /> <!-- Adena -->
			<item id="46152" count="1" type="CHANGE" /> <!-- Superior Giant's Codex - Discipline Chapter 1 -->
			<item id="57" count="61800000" type="CHANGE" /> <!-- Adena -->
			<item id="46153" count="1" type="IMMORTAL" /> <!-- Immortal Scroll Chapter 1 -->
		</items>
	</enchant>
	<enchant level="17" enchantFailLevel="10">
		<sps>
			<sp amount="358400000" type="NORMAL" />
			<sp amount="358400000" type="BLESSED" />
			<sp amount="358400000" type="CHANGE" />
		</sps>
		<chances>
			<chance value="71" type="NORMAL" />
			<chance value="71" type="BLESSED" />
		</chances>
		<items>
			<item id="46150" count="0" type="NORMAL" /> <!-- Superior Giant's Codex Chapter 1 -->
			<item id="57" count="200700000" type="NORMAL" /> <!-- Adena -->
			<item id="46151" count="1" type="BLESSED" /> <!-- Superior Giant's Codex - Mastery Chapter 1 -->
			<item id="57" count="200700000" type="BLESSED" /> <!-- Adena -->
			<item id="46152" count="1" type="CHANGE" /> <!-- Superior Giant's Codex - Discipline Chapter 1 -->
			<item id="57" count="200700000" type="CHANGE" /> <!-- Adena -->
			<item id="46153" count="1" type="IMMORTAL" /> <!-- Immortal Scroll Chapter 1 -->
		</items>
	</enchant>
	<enchant level="18" enchantFailLevel="10">
		<sps>
			<sp amount="575400000" type="NORMAL" />
			<sp amount="575400000" type="BLESSED" />
			<sp amount="575400000" type="CHANGE" />
		</sps>
		<chances>
			<chance value="67" type="NORMAL" />
			<chance value="67" type="BLESSED" />
		</chances>
		<items>
			<item id="46150" count="0" type="NORMAL" /> <!-- Superior Giant's Codex Chapter 1 -->
			<item id="57" count="322200000" type="NORMAL" /> <!-- Adena -->
			<item id="46151" count="1" type="BLESSED" /> <!-- Superior Giant's Codex - Mastery Chapter 1 -->
			<item id="57" count="322200000" type="BLESSED" /> <!-- Adena -->
			<item id="46152" count="1" type="CHANGE" /> <!-- Superior Giant's Codex - Discipline Chapter 1 -->
			<item id="57" count="322200000" type="CHANGE" /> <!-- Adena -->
			<item id="46153" count="1" type="IMMORTAL" /> <!-- Immortal Scroll Chapter 1 -->
		</items>
	</enchant>
	<enchant level="19" enchantFailLevel="10">
		<sps>
			<sp amount="690500000" type="NORMAL" />
			<sp amount="690500000" type="BLESSED" />
			<sp amount="690500000" type="CHANGE" />
		</sps>
		<chances>
			<chance value="63" type="NORMAL" />
			<chance value="63" type="BLESSED" />
		</chances>
		<items>
			<item id="46150" count="0" type="NORMAL" /> <!-- Superior Giant's Codex Chapter 1 -->
			<item id="57" count="386700000" type="NORMAL" /> <!-- Adena -->
			<item id="46151" count="1" type="BLESSED" /> <!-- Superior Giant's Codex - Mastery Chapter 1 -->
			<item id="57" count="386700000" type="BLESSED" /> <!-- Adena -->
			<item id="46152" count="1" type="CHANGE" /> <!-- Superior Giant's Codex - Discipline Chapter 1 -->
			<item id="57" count="386700000" type="CHANGE" /> <!-- Adena -->
			<item id="46153" count="1" type="IMMORTAL" /> <!-- Immortal Scroll Chapter 1 -->
		</items>
	</enchant>
	<enchant level="20" enchantFailLevel="10">
		<sps>
			<sp amount="690500000" type="NORMAL" />
			<sp amount="690500000" type="BLESSED" />
			<sp amount="690500000" type="CHANGE" />
		</sps>
		<chances>
			<chance value="59" type="NORMAL" />
			<chance value="59" type="BLESSED" />
		</chances>
		<items>
			<item id="46150" count="0" type="NORMAL" /> <!-- Superior Giant's Codex Chapter 1 -->
			<item id="57" count="386700000" type="NORMAL" /> <!-- Adena -->
			<item id="46151" count="1" type="BLESSED" /> <!-- Superior Giant's Codex - Mastery Chapter 1 -->
			<item id="57" count="386700000" type="BLESSED" /> <!-- Adena -->
			<item id="46152" count="1" type="CHANGE" /> <!-- Superior Giant's Codex - Discipline Chapter 1 -->
			<item id="57" count="386700000" type="CHANGE" /> <!-- Adena -->
			<item id="46153" count="1" type="IMMORTAL" /> <!-- Immortal Scroll Chapter 1 -->
		</items>
	</enchant>
	<enchant level="21" enchantFailLevel="20">
		<sps>
			<sp amount="690500000" type="NORMAL" />
			<sp amount="690500000" type="BLESSED" />
			<sp amount="690500000" type="CHANGE" />
		</sps>
		<chances>
			<chance value="88" type="NORMAL" />
			<chance value="88" type="BLESSED" />
		</chances>
		<items>
			<item id="46154" count="1" type="NORMAL" /> <!-- Superior Giant's Codex Chapter 2 -->
			<item id="57" count="386700000" type="NORMAL" /> <!-- Adena -->
			<item id="46155" count="1" type="BLESSED" /> <!-- Superior Giant's Codex - Mastery Chapter 2 -->
			<item id="57" count="386700000" type="BLESSED" /> <!-- Adena -->
			<item id="46156" count="1" type="CHANGE" /> <!-- Superior Giant's Codex - Discipline Chapter 2 -->
			<item id="57" count="386700000" type="CHANGE" /> <!-- Adena -->
			<item id="46157" count="1" type="IMMORTAL" /> <!-- Immortal Scroll Chapter 2 -->
		</items>
	</enchant>
	<enchant level="22" enchantFailLevel="20">
		<sps>
			<sp amount="690500000" type="NORMAL" />
			<sp amount="690500000" type="BLESSED" />
			<sp amount="690500000" type="CHANGE" />
		</sps>
		<chances>
			<chance value="84" type="NORMAL" />
			<chance value="84" type="BLESSED" />
		</chances>
		<items>
			<item id="46154" count="0" type="NORMAL" /> <!-- Superior Giant's Codex Chapter 2 -->
			<item id="57" count="386700000" type="NORMAL" /> <!-- Adena -->
			<item id="46155" count="1" type="BLESSED" /> <!-- Superior Giant's Codex - Mastery Chapter 2 -->
			<item id="57" count="386700000" type="BLESSED" /> <!-- Adena -->
			<item id="46156" count="1" type="CHANGE" /> <!-- Superior Giant's Codex - Discipline Chapter 2 -->
			<item id="57" count="386700000" type="CHANGE" /> <!-- Adena -->
			<item id="46157" count="1" type="IMMORTAL" /> <!-- Immortal Scroll Chapter 2 -->
		</items>
	</enchant>
	<enchant level="23" enchantFailLevel="20">
		<sps>
			<sp amount="690500000" type="NORMAL" />
			<sp amount="690500000" type="BLESSED" />
			<sp amount="690500000" type="CHANGE" />
		</sps>
		<chances>
			<chance value="80" type="NORMAL" />
			<chance value="80" type="BLESSED" />
		</chances>
		<items>
			<item id="46154" count="0" type="NORMAL" /> <!-- Superior Giant's Codex Chapter 2 -->
			<item id="57" count="386700000" type="NORMAL" /> <!-- Adena -->
			<item id="46155" count="1" type="BLESSED" /> <!-- Superior Giant's Codex - Mastery Chapter 2 -->
			<item id="57" count="386700000" type="BLESSED" /> <!-- Adena -->
			<item id="46156" count="1" type="CHANGE" /> <!-- Superior Giant's Codex - Discipline Chapter 2 -->
			<item id="57" count="386700000" type="CHANGE" /> <!-- Adena -->
			<item id="46157" count="1" type="IMMORTAL" /> <!-- Immortal Scroll Chapter 2 -->
		</items>
	</enchant>
	<enchant level="24" enchantFailLevel="20">
		<sps>
			<sp amount="690500000" type="NORMAL" />
			<sp amount="690500000" type="BLESSED" />
			<sp amount="690500000" type="CHANGE" />
		</sps>
		<chances>
			<chance value="76" type="NORMAL" />
			<chance value="76" type="BLESSED" />
		</chances>
		<items>
			<item id="46154" count="0" type="NORMAL" /> <!-- Superior Giant's Codex Chapter 2 -->
			<item id="57" count="386700000" type="NORMAL" /> <!-- Adena -->
			<item id="46155" count="1" type="BLESSED" /> <!-- Superior Giant's Codex - Mastery Chapter 2 -->
			<item id="57" count="386700000" type="BLESSED" /> <!-- Adena -->
			<item id="46156" count="1" type="CHANGE" /> <!-- Superior Giant's Codex - Discipline Chapter 2 -->
			<item id="57" count="386700000" type="CHANGE" /> <!-- Adena -->
			<item id="46157" count="1" type="IMMORTAL" /> <!-- Immortal Scroll Chapter 2 -->
		</items>
	</enchant>
	<enchant level="25" enchantFailLevel="20">
		<sps>
			<sp amount="690500000" type="NORMAL" />
			<sp amount="690500000" type="BLESSED" />
			<sp amount="690500000" type="CHANGE" />
		</sps>
		<chances>
			<chance value="72" type="NORMAL" />
			<chance value="72" type="BLESSED" />
		</chances>
		<items>
			<item id="46154" count="0" type="NORMAL" /> <!-- Superior Giant's Codex Chapter 2 -->
			<item id="57" count="386700000" type="NORMAL" /> <!-- Adena -->
			<item id="46155" count="1" type="BLESSED" /> <!-- Superior Giant's Codex - Mastery Chapter 2 -->
			<item id="57" count="386700000" type="BLESSED" /> <!-- Adena -->
			<item id="46156" count="1" type="CHANGE" /> <!-- Superior Giant's Codex - Discipline Chapter 2 -->
			<item id="57" count="386700000" type="CHANGE" /> <!-- Adena -->
			<item id="46157" count="1" type="IMMORTAL" /> <!-- Immortal Scroll Chapter 2 -->
		</items>
	</enchant>
	<enchant level="26" enchantFailLevel="20">
		<sps>
			<sp amount="690500000" type="NORMAL" />
			<sp amount="690500000" type="BLESSED" />
			<sp amount="690500000" type="CHANGE" />
		</sps>
		<chances>
			<chance value="68" type="NORMAL" />
			<chance value="68" type="BLESSED" />
		</chances>
		<items>
			<item id="46154" count="0" type="NORMAL" /> <!-- Superior Giant's Codex Chapter 2 -->
			<item id="57" count="386700000" type="NORMAL" /> <!-- Adena -->
			<item id="46155" count="1" type="BLESSED" /> <!-- Superior Giant's Codex - Mastery Chapter 2 -->
			<item id="57" count="386700000" type="BLESSED" /> <!-- Adena -->
			<item id="46156" count="1" type="CHANGE" /> <!-- Superior Giant's Codex - Discipline Chapter 2 -->
			<item id="57" count="386700000" type="CHANGE" /> <!-- Adena -->
			<item id="46157" count="1" type="IMMORTAL" /> <!-- Immortal Scroll Chapter 2 -->
		</items>
	</enchant>
	<enchant level="27" enchantFailLevel="20">
		<sps>
			<sp amount="690500000" type="NORMAL" />
			<sp amount="690500000" type="BLESSED" />
			<sp amount="690500000" type="CHANGE" />
		</sps>
		<chances>
			<chance value="64" type="NORMAL" />
			<chance value="64" type="BLESSED" />
		</chances>
		<items>
			<item id="46154" count="0" type="NORMAL" /> <!-- Superior Giant's Codex Chapter 2 -->
			<item id="57" count="386700000" type="NORMAL" /> <!-- Adena -->
			<item id="46155" count="1" type="BLESSED" /> <!-- Superior Giant's Codex - Mastery Chapter 2 -->
			<item id="57" count="386700000" type="BLESSED" /> <!-- Adena -->
			<item id="46156" count="1" type="CHANGE" /> <!-- Superior Giant's Codex - Discipline Chapter 2 -->
			<item id="57" count="386700000" type="CHANGE" /> <!-- Adena -->
			<item id="46157" count="1" type="IMMORTAL" /> <!-- Immortal Scroll Chapter 2 -->
		</items>
	</enchant>
	<enchant level="28" enchantFailLevel="20">
		<sps>
			<sp amount="690500000" type="NORMAL" />
			<sp amount="690500000" type="BLESSED" />
			<sp amount="690500000" type="CHANGE" />
		</sps>
		<chances>
			<chance value="60" type="NORMAL" />
			<chance value="60" type="BLESSED" />
		</chances>
		<items>
			<item id="46154" count="0" type="NORMAL" /> <!-- Superior Giant's Codex Chapter 2 -->
			<item id="57" count="386700000" type="NORMAL" /> <!-- Adena -->
			<item id="46155" count="1" type="BLESSED" /> <!-- Superior Giant's Codex - Mastery Chapter 2 -->
			<item id="57" count="386700000" type="BLESSED" /> <!-- Adena -->
			<item id="46156" count="1" type="CHANGE" /> <!-- Superior Giant's Codex - Discipline Chapter 2 -->
			<item id="57" count="386700000" type="CHANGE" /> <!-- Adena -->
			<item id="46157" count="1" type="IMMORTAL" /> <!-- Immortal Scroll Chapter 2 -->
		</items>
	</enchant>
	<enchant level="29" enchantFailLevel="20">
		<sps>
			<sp amount="690500000" type="NORMAL" />
			<sp amount="690500000" type="BLESSED" />
			<sp amount="690500000" type="CHANGE" />
		</sps>
		<chances>
			<chance value="56" type="NORMAL" />
			<chance value="56" type="BLESSED" />
		</chances>
		<items>
			<item id="46154" count="0" type="NORMAL" /> <!-- Superior Giant's Codex Chapter 2 -->
			<item id="57" count="386700000" type="NORMAL" /> <!-- Adena -->
			<item id="46155" count="1" type="BLESSED" /> <!-- Superior Giant's Codex - Mastery Chapter 2 -->
			<item id="57" count="386700000" type="BLESSED" /> <!-- Adena -->
			<item id="46156" count="1" type="CHANGE" /> <!-- Superior Giant's Codex - Discipline Chapter 2 -->
			<item id="57" count="386700000" type="CHANGE" /> <!-- Adena -->
			<item id="46157" count="1" type="IMMORTAL" /> <!-- Immortal Scroll Chapter 2 -->
		</items>
	</enchant>
	<enchant level="30" enchantFailLevel="20">
		<sps>
			<sp amount="690500000" type="NORMAL" />
			<sp amount="690500000" type="BLESSED" />
			<sp amount="690500000" type="CHANGE" />
		</sps>
		<chances>
			<chance value="52" type="NORMAL" />
			<chance value="52" type="BLESSED" />
		</chances>
		<items>
			<item id="46154" count="0" type="NORMAL" /> <!-- Superior Giant's Codex Chapter 2 -->
			<item id="57" count="386700000" type="NORMAL" /> <!-- Adena -->
			<item id="46155" count="1" type="BLESSED" /> <!-- Superior Giant's Codex - Mastery Chapter 2 -->
			<item id="57" count="386700000" type="BLESSED" /> <!-- Adena -->
			<item id="46156" count="1" type="CHANGE" /> <!-- Superior Giant's Codex - Discipline Chapter 2 -->
			<item id="57" count="386700000" type="CHANGE" /> <!-- Adena -->
			<item id="46157" count="1" type="IMMORTAL" /> <!-- Immortal Scroll Chapter 2 -->
		</items>
	</enchant>
</list>