<?xml version="1.0" encoding="UTF-8"?>
<list xmlns:xsi="http://www.w3.org/2001/XMLSchema-instance" xsi:noNamespaceSchemaLocation="xsd/HuntPass.xsd">
	<!-- Page 1 -->
	<item id="72286" count="200" premiumId="91757" premiumCount="2" /> <!-- Sayha Points / Magic Lamp Charging Potion -->
	<item id="72286" count="30" premiumId="49674" premiumCount="2" /> <!-- Sayha Points / XP Scroll -->
	<item id="72286" count="30" premiumId="94269" premiumCount="2" /> <!-- Sayha Points / Boost Attack Scroll -->
	<item id="72286" count="30" premiumId="96729" premiumCount="1" /> <!-- Sayha Points / Einhasad protection -->
	<item id="72286" count="30" premiumId="90907" premiumCount="20" /> <!-- Sayha Points / Soulshot Ticket -->
	<item id="72286" count="30" premiumId="94271" premiumCount="2" /> <!-- Sayha Points / Boost Defense -->
	<item id="72286" count="30" premiumId="3031" premiumCount="2500" /> <!-- Sayha Points / Spirit Ore -->
	<item id="72286" count="30" premiumId="91690" premiumCount="7" /> <!-- Sayha Points / Special Hp Recovery Potion -->
	<item id="72286" count="30" premiumId="91076" premiumCount="2" /> <!-- Sayha Points / Venir Talisman -->
	<item id="72286" count="60" premiumId="94732" premiumCount="4" /> <!-- Sayha Points / Agathion Coupon -->
	<!-- Page 2 -->
	<item id="72286" count="30" premiumId="91641" premiumCount="2" /> <!-- Sayha Points / Sayha Potion -->
	<item id="72286" count="30" premiumId="49674" premiumCount="2" /> <!-- Sayha Points / XP Scroll -->
	<item id="72286" count="30" premiumId="94269" premiumCount="2" /> <!-- Sayha Points / Boost Attack Scroll -->
	<item id="72286" count="30" premiumId="96729" premiumCount="1" /> <!-- Sayha Points / Einhasad protection -->
	<item id="72286" count="30" premiumId="90907" premiumCount="20" /> <!-- Sayha Points / Soulshot Ticket -->
	<item id="72286" count="30" premiumId="94271" premiumCount="2" /> <!-- Sayha Points / Boost Defense -->
	<item id="72286" count="30" premiumId="3031" premiumCount="2500" /> <!-- Sayha Points / Spirit Ore -->
	<item id="72286" count="30" premiumId="91690" premiumCount="7" /> <!-- Sayha Points / Special Hp Recovery Potion -->
	<item id="72286" count="30" premiumId="91076" premiumCount="2" /> <!-- Sayha Points / Venir Talisman -->
	<item id="72286" count="60" premiumId="94210" premiumCount="1" /> <!-- Sayha Points / LifeStone lvl 2 Weapon -->
	<!-- Page 3 -->
	<item id="72286" count="30" premiumId="91641" premiumCount="2" /> <!-- Sayha Points / Sayha Potion -->
	<item id="72286" count="30" premiumId="49674" premiumCount="2" /> <!-- Sayha Points / XP Scroll -->
	<item id="72286" count="30" premiumId="94269" premiumCount="2" /> <!-- Sayha Points / Boost Attack Scroll -->
	<item id="72286" count="30" premiumId="96729" premiumCount="1" /> <!-- Sayha Points / Einhasad protection -->
	<item id="72286" count="30" premiumId="90907" premiumCount="20" /> <!-- Sayha Points / Soulshot Ticket -->
	<item id="72286" count="30" premiumId="94271" premiumCount="2" /> <!-- Sayha Points / Boost Defense -->
	<item id="72286" count="30" premiumId="3031" premiumCount="2500" /> <!-- Sayha Points / Spirit Ore -->
	<item id="72286" count="30" premiumId="91690" premiumCount="7" /> <!-- Sayha Points / Special Hp Recovery Potion -->
	<item id="72286" count="30" premiumId="91076" premiumCount="2" /> <!-- Sayha Points / Venir Talisman -->
	<item id="72286" count="60" premiumId="94212" premiumCount="1" /> <!-- Sayha Points / LifeStone lvl 2 Armor -->
	<!-- Page 4 -->
	<item id="72286" count="30" premiumId="91641" premiumCount="2" /> <!-- Sayha Points / Sayha Potion -->
	<item id="72286" count="30" premiumId="49674" premiumCount="2" /> <!-- Sayha Points / XP Scroll -->
	<item id="72286" count="30" premiumId="94269" premiumCount="2" /> <!-- Sayha Points / Boost Attack Scroll -->
	<item id="72286" count="30" premiumId="96729" premiumCount="1" /> <!-- Sayha Points / Einhasad protection -->
	<item id="72286" count="30" premiumId="90907" premiumCount="20" /> <!-- Sayha Points / Soulshot Ticket -->
	<item id="72286" count="30" premiumId="94271" premiumCount="2" /> <!-- Sayha Points / Boost Defense -->
	<item id="72286" count="30" premiumId="3031" premiumCount="2500" /> <!-- Sayha Points / Spirit Ore -->
	<item id="72286" count="30" premiumId="91690" premiumCount="7" /> <!-- Sayha Points / Special Hp Recovery Potion -->
	<item id="72286" count="30" premiumId="91076" premiumCount="2" /> <!-- Sayha Points / Venir Talisman -->
	<item id="72286" count="60" premiumId="93122" premiumCount="1" /> <!-- Sayha Points / LifeStone lvl 2 shield Sigil -->
	<!-- Page 5 -->
	<item id="72286" count="30" premiumId="91641" premiumCount="2" /> <!-- Sayha Points / Sayha Potion -->
	<item id="72286" count="30" premiumId="49674" premiumCount="2" /> <!-- Sayha Points / XP Scroll -->
	<item id="72286" count="30" premiumId="94269" premiumCount="2" /> <!-- Sayha Points / Boost Attack Scroll -->
	<item id="72286" count="30" premiumId="96729" premiumCount="1" /> <!-- Sayha Points / Einhasad protection -->
	<item id="72286" count="30" premiumId="90907" premiumCount="20" /> <!-- Sayha Points / Soulshot Ticket -->
	<item id="72286" count="30" premiumId="94271" premiumCount="2" /> <!-- Sayha Points / Boost Defense -->
	<item id="72286" count="30" premiumId="3031" premiumCount="2500" /> <!-- Sayha Points / Spirit Ore -->
	<item id="72286" count="30" premiumId="91690" premiumCount="7" /> <!-- Sayha Points / Special Hp Recovery Potion -->
	<item id="72286" count="30" premiumId="91076" premiumCount="2" /> <!-- Sayha Points / Venir Talisman -->
	<item id="72286" count="110" premiumId="93449" premiumCount="1" /> <!-- Sayha Points / A grade Armor Coupon -->
	<!-- Page 6 -->
	<item id="72286" count="30" premiumId="91641" premiumCount="2" /> <!-- Sayha Points / Sayha Potion -->
	<item id="72286" count="30" premiumId="49674" premiumCount="2" /> <!-- Sayha Points / XP Scroll -->
	<item id="72286" count="30" premiumId="94269" premiumCount="2" /> <!-- Sayha Points / Boost Attack Scroll -->
	<item id="72286" count="30" premiumId="96729" premiumCount="1" /> <!-- Sayha Points / Einhasad protection -->
	<item id="72286" count="30" premiumId="90907" premiumCount="20" /> <!-- Sayha Points / Soulshot Ticket -->
	<item id="72286" count="30" premiumId="94271" premiumCount="2" /> <!-- Sayha Points / Boost Defense -->
	<item id="72286" count="30" premiumId="3031" premiumCount="2500" /> <!-- Sayha Points / Spirit Ore -->
	<item id="72286" count="30" premiumId="91690" premiumCount="7" /> <!-- Sayha Points / Special Hp Recovery Potion -->
	<item id="72286" count="30" premiumId="91076" premiumCount="2" /> <!-- Sayha Points / Venir Talisman -->
	<item id="72286" count="60" premiumId="90479" premiumCount="1" /> <!-- Sayha Points / Shiny Jewerly box -->
	<!-- Page 7 -->
	<item id="72286" count="30" premiumId="91641" premiumCount="2" /> <!-- Sayha Points / Sayha Potion -->
	<item id="72286" count="30" premiumId="49674" premiumCount="2" /> <!-- Sayha Points / XP Scroll -->
	<item id="72286" count="30" premiumId="94269" premiumCount="2" /> <!-- Sayha Points / Boost Attack Scroll -->
	<item id="72286" count="30" premiumId="96729" premiumCount="1" /> <!-- Sayha Points / Einhasad protection -->
	<item id="72286" count="30" premiumId="90907" premiumCount="20" /> <!-- Sayha Points / Soulshot Ticket -->
	<item id="72286" count="30" premiumId="94271" premiumCount="2" /> <!-- Sayha Points / Boost Defense -->
	<item id="72286" count="30" premiumId="3031" premiumCount="2500" /> <!-- Sayha Points / Spirit Ore -->
	<item id="72286" count="30" premiumId="91690" premiumCount="7" /> <!-- Sayha Points / Special Hp Recovery Potion -->
	<item id="72286" count="30" premiumId="91076" premiumCount="2" /> <!-- Sayha Points / Venir Talisman -->
	<item id="72286" count="60" premiumId="94424" premiumCount="1" /> <!-- Sayha Points / LifeStone accesories -->
	<!-- Page 8 -->
	<item id="72286" count="30" premiumId="91641" premiumCount="2" /> <!-- Sayha Points / Sayha Potion -->
	<item id="72286" count="30" premiumId="49674" premiumCount="2" /> <!-- Sayha Points / XP Scroll -->
	<item id="72286" count="30" premiumId="94269" premiumCount="2" /> <!-- Sayha Points / Boost Attack Scroll -->
	<item id="72286" count="30" premiumId="96729" premiumCount="1" /> <!-- Sayha Points / Einhasad protection -->
	<item id="72286" count="30" premiumId="90907" premiumCount="20" /> <!-- Sayha Points / Soulshot Ticket -->
	<item id="72286" count="30" premiumId="94271" premiumCount="2" /> <!-- Sayha Points / Boost Defense -->
	<item id="72286" count="30" premiumId="3031" premiumCount="2500" /> <!-- Sayha Points / Spirit Ore -->
	<item id="72286" count="30" premiumId="91690" premiumCount="7" /> <!-- Sayha Points / Special Hp Recovery Potion -->
	<item id="72286" count="30" premiumId="91076" premiumCount="2" /> <!-- Sayha Points / Venir Talisman -->
	<item id="72286" count="60" premiumId="94732" premiumCount="4" /> <!-- Sayha Points / Agathion Coupon -->
	<!-- Page 9 -->
	<item id="72286" count="30" premiumId="91641" premiumCount="2" /> <!-- Sayha Points / Sayha Potion -->
	<item id="72286" count="30" premiumId="49674" premiumCount="2" /> <!-- Sayha Points / XP Scroll -->
	<item id="72286" count="30" premiumId="94269" premiumCount="2" /> <!-- Sayha Points / Boost Attack Scroll -->
	<item id="72286" count="30" premiumId="96729" premiumCount="1" /> <!-- Sayha Points / Einhasad protection -->
	<item id="72286" count="30" premiumId="90907" premiumCount="20" /> <!-- Sayha Points / Soulshot Ticket -->
	<item id="72286" count="30" premiumId="94271" premiumCount="2" /> <!-- Sayha Points / Boost Defense -->
	<item id="72286" count="30" premiumId="3031" premiumCount="2500" /> <!-- Sayha Points / Spirit Ore -->
	<item id="72286" count="30" premiumId="91690" premiumCount="7" /> <!-- Sayha Points / Special Hp Recovery Potion -->
	<item id="72286" count="30" premiumId="91076" premiumCount="2" /> <!-- Sayha Points / Venir Talisman -->
	<item id="72286" count="60" premiumId="94210" premiumCount="1" /> <!-- Sayha Points / LifeStone lvl 2 Weapon -->
	<!-- Page 10 -->
	<item id="72286" count="30" premiumId="91641" premiumCount="2" /> <!-- Sayha Points / Sayha Potion -->
	<item id="72286" count="30" premiumId="49674" premiumCount="2" /> <!-- Sayha Points / XP Scroll -->
	<item id="72286" count="30" premiumId="94269" premiumCount="2" /> <!-- Sayha Points / Boost Attack Scroll -->
	<item id="72286" count="30" premiumId="96729" premiumCount="1" /> <!-- Sayha Points / Einhasad protection -->
	<item id="72286" count="30" premiumId="90907" premiumCount="20" /> <!-- Sayha Points / Soulshot Ticket -->
	<item id="72286" count="30" premiumId="94271" premiumCount="2" /> <!-- Sayha Points / Boost Defense -->
	<item id="72286" count="30" premiumId="3031" premiumCount="2500" /> <!-- Sayha Points / Spirit Ore -->
	<item id="72286" count="30" premiumId="91690" premiumCount="7" /> <!-- Sayha Points / Special Hp Recovery Potion -->
	<item id="72286" count="30" premiumId="91076" premiumCount="2" /> <!-- Sayha Points / Venir Talisman -->
	<item id="72286" count="110" premiumId="93449" premiumCount="1" /> <!-- Sayha Points / A grade Armor Coupon -->
	<!-- Page 11 -->
	<item id="72286" count="30" premiumId="91641" premiumCount="2" /> <!-- Sayha Points / Sayha Potion -->
	<item id="72286" count="30" premiumId="49674" premiumCount="2" /> <!-- Sayha Points / XP Scroll -->
	<item id="72286" count="30" premiumId="94269" premiumCount="2" /> <!-- Sayha Points / Boost Attack Scroll -->
	<item id="72286" count="30" premiumId="96729" premiumCount="1" /> <!-- Sayha Points / Einhasad protection -->
	<item id="72286" count="30" premiumId="90907" premiumCount="20" /> <!-- Sayha Points / Soulshot Ticket -->
	<item id="72286" count="30" premiumId="94271" premiumCount="2" /> <!-- Sayha Points / Boost Defense -->
	<item id="72286" count="30" premiumId="3031" premiumCount="2500" /> <!-- Sayha Points / Spirit Ore -->
	<item id="72286" count="30" premiumId="91690" premiumCount="7" /> <!-- Sayha Points / Special Hp Recovery Potion -->
	<item id="72286" count="30" premiumId="91076" premiumCount="2" /> <!-- Sayha Points / Venir Talisman -->
	<item id="72286" count="60" premiumId="94212" premiumCount="1" /> <!-- Sayha Points / LifeStone lvl 2 Armor -->
	<!-- Page 12 -->
	<item id="72286" count="30" premiumId="91641" premiumCount="2" /> <!-- Sayha Points / Sayha Potion -->
	<item id="72286" count="30" premiumId="49674" premiumCount="2" /> <!-- Sayha Points / XP Scroll -->
	<item id="72286" count="30" premiumId="94269" premiumCount="2" /> <!-- Sayha Points / Boost Attack Scroll -->
	<item id="72286" count="30" premiumId="96729" premiumCount="1" /> <!-- Sayha Points / Einhasad protection -->
	<item id="72286" count="30" premiumId="90907" premiumCount="20" /> <!-- Sayha Points / Soulshot Ticket -->
	<item id="72286" count="30" premiumId="94271" premiumCount="2" /> <!-- Sayha Points / Boost Defense -->
	<item id="72286" count="30" premiumId="3031" premiumCount="2500" /> <!-- Sayha Points / Spirit Ore -->
	<item id="72286" count="30" premiumId="91690" premiumCount="7" /> <!-- Sayha Points / Special Hp Recovery Potion -->
	<item id="72286" count="30" premiumId="91076" premiumCount="2" /> <!-- Sayha Points / Venir Talisman -->
	<item id="72286" count="60" premiumId="93122" premiumCount="1" /> <!-- Sayha Points / LifeStone lvl 2 shield Sigil -->
	<!-- Page 13 -->
	<item id="72286" count="30" premiumId="91641" premiumCount="2" /> <!-- Sayha Points / Sayha Potion -->
	<item id="72286" count="30" premiumId="49674" premiumCount="2" /> <!-- Sayha Points / XP Scroll -->
	<item id="72286" count="30" premiumId="94269" premiumCount="2" /> <!-- Sayha Points / Boost Attack Scroll -->
	<item id="72286" count="30" premiumId="96729" premiumCount="1" /> <!-- Sayha Points / Einhasad protection -->
	<item id="72286" count="30" premiumId="90907" premiumCount="20" /> <!-- Sayha Points / Soulshot Ticket -->
	<item id="72286" count="30" premiumId="94271" premiumCount="2" /> <!-- Sayha Points / Boost Defense -->
	<item id="72286" count="30" premiumId="3031" premiumCount="2500" /> <!-- Sayha Points / Spirit Ore -->
	<item id="72286" count="30" premiumId="91690" premiumCount="7" /> <!-- Sayha Points / Special Hp Recovery Potion -->
	<item id="72286" count="30" premiumId="91076" premiumCount="2" /> <!-- Sayha Points / Venir Talisman -->
	<item id="72286" count="60" premiumId="90479" premiumCount="4" /> <!-- Sayha Points / Shiny Jewerly box -->
	<!-- Page 14 -->
	<item id="72286" count="30" premiumId="91641" premiumCount="2" /> <!-- Sayha Points / Sayha Potion -->
	<item id="72286" count="30" premiumId="49674" premiumCount="2" /> <!-- Sayha Points / XP Scroll -->
	<item id="72286" count="30" premiumId="94269" premiumCount="2" /> <!-- Sayha Points / Boost Attack Scroll -->
	<item id="72286" count="30" premiumId="96729" premiumCount="1" /> <!-- Sayha Points / Einhasad protection -->
	<item id="72286" count="30" premiumId="90907" premiumCount="20" /> <!-- Sayha Points / Soulshot Ticket -->
	<item id="72286" count="30" premiumId="94271" premiumCount="2" /> <!-- Sayha Points / Boost Defense -->
	<item id="72286" count="30" premiumId="3031" premiumCount="2500" /> <!-- Sayha Points / Spirit Ore -->
	<item id="72286" count="30" premiumId="91690" premiumCount="7" /> <!-- Sayha Points / Special Hp Recovery Potion -->
	<item id="72286" count="30" premiumId="91076" premiumCount="2" /> <!-- Sayha Points / Venir Talisman -->
	<item id="72286" count="60" premiumId="94424" premiumCount="1" /> <!-- Sayha Points / LifeStone accesories -->
	<!-- Page 15 -->
	<item id="72286" count="30" premiumId="91641" premiumCount="2" /> <!-- Sayha Points / Sayha Potion -->
	<item id="72286" count="30" premiumId="49674" premiumCount="2" /> <!-- Sayha Points / XP Scroll -->
	<item id="72286" count="30" premiumId="94269" premiumCount="2" /> <!-- Sayha Points / Boost Attack Scroll -->
	<item id="72286" count="30" premiumId="96729" premiumCount="1" /> <!-- Sayha Points / Einhasad protection -->
	<item id="72286" count="30" premiumId="90907" premiumCount="20" /> <!-- Sayha Points / Soulshot Ticket -->
	<item id="72286" count="30" premiumId="94271" premiumCount="2" /> <!-- Sayha Points / Boost Defense -->
	<item id="72286" count="30" premiumId="3031" premiumCount="2500" /> <!-- Sayha Points / Spirit Ore -->
	<item id="72286" count="30" premiumId="91690" premiumCount="7" /> <!-- Sayha Points / Special Hp Recovery Potion -->
	<item id="72286" count="30" premiumId="91076" premiumCount="2" /> <!-- Sayha Points / Venir Talisman -->
	<item id="72286" count="110" premiumId="93449" premiumCount="1" /> <!-- Sayha Points / A grade Armor Coupon -->
	<!-- Page 16 -->
	<item id="72286" count="30" premiumId="91641" premiumCount="2" /> <!-- Sayha Points / Sayha Potion -->
	<item id="72286" count="30" premiumId="49674" premiumCount="2" /> <!-- Sayha Points / XP Scroll -->
	<item id="72286" count="30" premiumId="94269" premiumCount="2" /> <!-- Sayha Points / Boost Attack Scroll -->
	<item id="72286" count="30" premiumId="96729" premiumCount="1" /> <!-- Sayha Points / Einhasad protection -->
	<item id="72286" count="30" premiumId="90907" premiumCount="20" /> <!-- Sayha Points / Soulshot Ticket -->
	<item id="72286" count="30" premiumId="94271" premiumCount="2" /> <!-- Sayha Points / Boost Defense -->
	<item id="72286" count="30" premiumId="3031" premiumCount="2500" /> <!-- Sayha Points / Spirit Ore -->
	<item id="72286" count="30" premiumId="91690" premiumCount="7" /> <!-- Sayha Points / Special Hp Recovery Potion -->
	<item id="72286" count="30" premiumId="91076" premiumCount="2" /> <!-- Sayha Points / Venir Talisman -->
	<item id="72286" count="60" premiumId="94732" premiumCount="4" /> <!-- Sayha Points / Agathion Coupon -->
	<!-- Page 17 -->
	<item id="72286" count="30" premiumId="91641" premiumCount="2" /> <!-- Sayha Points / Sayha Potion -->
	<item id="72286" count="30" premiumId="49674" premiumCount="2" /> <!-- Sayha Points / XP Scroll -->
	<item id="72286" count="30" premiumId="94269" premiumCount="2" /> <!-- Sayha Points / Boost Attack Scroll -->
	<item id="72286" count="30" premiumId="96729" premiumCount="1" /> <!-- Sayha Points / Einhasad protection -->
	<item id="72286" count="30" premiumId="90907" premiumCount="20" /> <!-- Sayha Points / Soulshot Ticket -->
	<item id="72286" count="30" premiumId="94271" premiumCount="2" /> <!-- Sayha Points / Boost Defense -->
	<item id="72286" count="30" premiumId="3031" premiumCount="2500" /> <!-- Sayha Points / Spirit Ore -->
	<item id="72286" count="30" premiumId="91690" premiumCount="7" /> <!-- Sayha Points / Special Hp Recovery Potion -->
	<item id="72286" count="30" premiumId="91076" premiumCount="2" /> <!-- Sayha Points / Venir Talisman -->
	<item id="72286" count="60" premiumId="94210" premiumCount="1" /> <!-- Sayha Points / LifeStone lvl 2 Weapon -->
	<!-- Page 18 -->
	<item id="72286" count="30" premiumId="91641" premiumCount="2" /> <!-- Sayha Points / Sayha Potion -->
	<item id="72286" count="30" premiumId="49674" premiumCount="2" /> <!-- Sayha Points / XP Scroll -->
	<item id="72286" count="30" premiumId="94269" premiumCount="2" /> <!-- Sayha Points / Boost Attack Scroll -->
	<item id="72286" count="30" premiumId="96729" premiumCount="1" /> <!-- Sayha Points / Einhasad protection -->
	<item id="72286" count="30" premiumId="90907" premiumCount="20" /> <!-- Sayha Points / Soulshot Ticket -->
	<item id="72286" count="30" premiumId="94271" premiumCount="2" /> <!-- Sayha Points / Boost Defense -->
	<item id="72286" count="30" premiumId="3031" premiumCount="2500" /> <!-- Sayha Points / Spirit Ore -->
	<item id="72286" count="30" premiumId="91690" premiumCount="7" /> <!-- Sayha Points / Special Hp Recovery Potion -->
	<item id="72286" count="30" premiumId="91076" premiumCount="2" /> <!-- Sayha Points / Venir Talisman -->
	<item id="72286" count="60" premiumId="94212" premiumCount="1" /> <!-- Sayha Points / LifeStone lvl 2 Armor -->
	<!-- Page 19 -->
	<item id="72286" count="30" premiumId="91641" premiumCount="2" /> <!-- Sayha Points / Sayha Potion -->
	<item id="72286" count="30" premiumId="49674" premiumCount="2" /> <!-- Sayha Points / XP Scroll -->
	<item id="72286" count="30" premiumId="94269" premiumCount="2" /> <!-- Sayha Points / Boost Attack Scroll -->
	<item id="72286" count="30" premiumId="96729" premiumCount="1" /> <!-- Sayha Points / Einhasad protection -->
	<item id="72286" count="30" premiumId="90907" premiumCount="20" /> <!-- Sayha Points / Soulshot Ticket -->
	<item id="72286" count="30" premiumId="94271" premiumCount="2" /> <!-- Sayha Points / Boost Defense -->
	<item id="72286" count="30" premiumId="3031" premiumCount="2500" /> <!-- Sayha Points / Spirit Ore -->
	<item id="72286" count="30" premiumId="91690" premiumCount="7" /> <!-- Sayha Points / Special Hp Recovery Potion -->
	<item id="72286" count="30" premiumId="91076" premiumCount="2" /> <!-- Sayha Points / Venir Talisman -->
	<item id="72286" count="60" premiumId="93122" premiumCount="1" /> <!-- Sayha Points / LifeStone lvl 2 shield Sigil -->
	<!-- Page 20 -->
	<item id="72286" count="30" premiumId="91641" premiumCount="2" /> <!-- Sayha Points / Sayha Potion -->
	<item id="72286" count="30" premiumId="49674" premiumCount="2" /> <!-- Sayha Points / XP Scroll -->
	<item id="72286" count="30" premiumId="94269" premiumCount="2" /> <!-- Sayha Points / Boost Attack Scroll -->
	<item id="72286" count="30" premiumId="96729" premiumCount="1" /> <!-- Sayha Points / Einhasad protection -->
	<item id="72286" count="30" premiumId="90907" premiumCount="20" /> <!-- Sayha Points / Soulshot Ticket -->
	<item id="72286" count="30" premiumId="94271" premiumCount="2" /> <!-- Sayha Points / Boost Defense -->
	<item id="72286" count="30" premiumId="3031" premiumCount="2500" /> <!-- Sayha Points / Spirit Ore -->
	<item id="72286" count="30" premiumId="91690" premiumCount="7" /> <!-- Sayha Points / Special Hp Recovery Potion -->
	<item id="72286" count="30" premiumId="91076" premiumCount="2" /> <!-- Sayha Points / Venir Talisman -->
	<item id="72286" count="110" premiumId="93449" premiumCount="1" /> <!-- Sayha Points / A grade Armor Coupon -->
	<!-- Page 21 -->
	<item id="72286" count="30" premiumId="91641" premiumCount="2" /> <!-- Sayha Points / Sayha Potion -->
	<item id="72286" count="30" premiumId="49674" premiumCount="2" /> <!-- Sayha Points / XP Scroll -->
	<item id="72286" count="30" premiumId="94269" premiumCount="2" /> <!-- Sayha Points / Boost Attack Scroll -->
	<item id="72286" count="30" premiumId="96729" premiumCount="1" /> <!-- Sayha Points / Einhasad protection -->
	<item id="72286" count="30" premiumId="90907" premiumCount="20" /> <!-- Sayha Points / Soulshot Ticket -->
	<item id="72286" count="30" premiumId="94271" premiumCount="2" /> <!-- Sayha Points / Boost Defense -->
	<item id="72286" count="30" premiumId="3031" premiumCount="2500" /> <!-- Sayha Points / Spirit Ore -->
	<item id="72286" count="30" premiumId="91690" premiumCount="7" /> <!-- Sayha Points / Special Hp Recovery Potion -->
	<item id="72286" count="30" premiumId="91076" premiumCount="2" /> <!-- Sayha Points / Venir Talisman -->
	<item id="72286" count="60" premiumId="90479" premiumCount="4" /> <!-- Sayha Points / Shiny Jewerly box -->
	<!-- Page 22 -->
	<item id="72286" count="30" premiumId="91641" premiumCount="2" /> <!-- Sayha Points / Sayha Potion -->
	<item id="72286" count="30" premiumId="49674" premiumCount="2" /> <!-- Sayha Points / XP Scroll -->
	<item id="72286" count="30" premiumId="94269" premiumCount="2" /> <!-- Sayha Points / Boost Attack Scroll -->
	<item id="72286" count="30" premiumId="96729" premiumCount="1" /> <!-- Sayha Points / Einhasad protection -->
	<item id="72286" count="30" premiumId="90907" premiumCount="20" /> <!-- Sayha Points / Soulshot Ticket -->
	<item id="72286" count="30" premiumId="94271" premiumCount="2" /> <!-- Sayha Points / Boost Defense -->
	<item id="72286" count="30" premiumId="3031" premiumCount="2500" /> <!-- Sayha Points / Spirit Ore -->
	<item id="72286" count="30" premiumId="91690" premiumCount="7" /> <!-- Sayha Points / Special Hp Recovery Potion -->
	<item id="72286" count="30" premiumId="91076" premiumCount="2" /> <!-- Sayha Points / Venir Talisman -->
	<item id="72286" count="60" premiumId="94424" premiumCount="1" /> <!-- Sayha Points / LifeStone accesories -->
	<!-- Page 23 -->
	<item id="72286" count="30" premiumId="91641" premiumCount="2" /> <!-- Sayha Points / Sayha Potion -->
	<item id="72286" count="30" premiumId="49674" premiumCount="2" /> <!-- Sayha Points / XP Scroll -->
	<item id="72286" count="30" premiumId="94269" premiumCount="2" /> <!-- Sayha Points / Boost Attack Scroll -->
	<item id="72286" count="30" premiumId="96729" premiumCount="1" /> <!-- Sayha Points / Einhasad protection -->
	<item id="72286" count="30" premiumId="90907" premiumCount="20" /> <!-- Sayha Points / Soulshot Ticket -->
	<item id="72286" count="30" premiumId="94271" premiumCount="2" /> <!-- Sayha Points / Boost Defense -->
	<item id="72286" count="30" premiumId="3031" premiumCount="2500" /> <!-- Sayha Points / Spirit Ore -->
	<item id="72286" count="30" premiumId="91690" premiumCount="7" /> <!-- Sayha Points / Special Hp Recovery Potion -->
	<item id="72286" count="30" premiumId="91076" premiumCount="2" /> <!-- Sayha Points / Venir Talisman -->
	<item id="72286" count="60" premiumId="94732" premiumCount="4" /> <!-- Sayha Points / Agathion Coupon -->
	<!-- Page 24 -->
	<item id="72286" count="30" premiumId="91641" premiumCount="2" /> <!-- Sayha Points / Sayha Potion -->
	<item id="72286" count="30" premiumId="49674" premiumCount="2" /> <!-- Sayha Points / XP Scroll -->
	<item id="72286" count="30" premiumId="94269" premiumCount="2" /> <!-- Sayha Points / Boost Attack Scroll -->
	<item id="72286" count="30" premiumId="96729" premiumCount="1" /> <!-- Sayha Points / Einhasad protection -->
	<item id="72286" count="30" premiumId="90907" premiumCount="20" /> <!-- Sayha Points / Soulshot Ticket -->
	<item id="72286" count="30" premiumId="94271" premiumCount="2" /> <!-- Sayha Points / Boost Defense -->
	<item id="72286" count="30" premiumId="3031" premiumCount="2500" /> <!-- Sayha Points / Spirit Ore -->
	<item id="72286" count="30" premiumId="91690" premiumCount="7" /> <!-- Sayha Points / Special Hp Recovery Potion -->
	<item id="72286" count="30" premiumId="91076" premiumCount="2" /> <!-- Sayha Points / Venir Talisman -->
	<item id="72286" count="60" premiumId="94210" premiumCount="1" /> <!-- Sayha Points / LifeStone lvl 2 Weapon -->
	<!-- Page 25 -->
	<item id="72286" count="30" premiumId="91641" premiumCount="2" /> <!-- Sayha Points / Sayha Potion -->
	<item id="72286" count="30" premiumId="49674" premiumCount="2" /> <!-- Sayha Points / XP Scroll -->
	<item id="72286" count="30" premiumId="94269" premiumCount="2" /> <!-- Sayha Points / Boost Attack Scroll -->
	<item id="72286" count="30" premiumId="96729" premiumCount="1" /> <!-- Sayha Points / Einhasad protection -->
	<item id="72286" count="30" premiumId="90907" premiumCount="20" /> <!-- Sayha Points / Soulshot Ticket -->
	<item id="72286" count="30" premiumId="94271" premiumCount="2" /> <!-- Sayha Points / Boost Defense -->
	<item id="72286" count="30" premiumId="3031" premiumCount="2500" /> <!-- Sayha Points / Spirit Ore -->
	<item id="72286" count="30" premiumId="91690" premiumCount="7" /> <!-- Sayha Points / Special Hp Recovery Potion -->
	<item id="72286" count="30" premiumId="91076" premiumCount="2" /> <!-- Sayha Points / Venir Talisman -->
	<item id="72286" count="110" premiumId="93448" premiumCount="1" /> <!-- Sayha Points / A grade Weapon Coupon -->
	<!-- Page 26 -->
	<item id="72286" count="30" premiumId="91641" premiumCount="2" /> <!-- Sayha Points / Sayha Potion -->
	<item id="72286" count="30" premiumId="49674" premiumCount="2" /> <!-- Sayha Points / XP Scroll -->
	<item id="72286" count="30" premiumId="94269" premiumCount="2" /> <!-- Sayha Points / Boost Attack Scroll -->
	<item id="72286" count="30" premiumId="96729" premiumCount="1" /> <!-- Sayha Points / Einhasad protection -->
	<item id="72286" count="30" premiumId="90907" premiumCount="20" /> <!-- Sayha Points / Soulshot Ticket -->
	<item id="72286" count="30" premiumId="94271" premiumCount="2" /> <!-- Sayha Points / Boost Defense -->
	<item id="72286" count="30" premiumId="3031" premiumCount="2500" /> <!-- Sayha Points / Spirit Ore -->
	<item id="72286" count="30" premiumId="91690" premiumCount="7" /> <!-- Sayha Points / Special Hp Recovery Potion -->
	<item id="72286" count="30" premiumId="91076" premiumCount="2" /> <!-- Sayha Points / Venir Talisman -->
	<item id="72286" count="60" premiumId="94212" premiumCount="1" /> <!-- Sayha Points / LifeStone lvl 2 Armor -->
	<!-- Page 27 -->
	<item id="72286" count="30" premiumId="91641" premiumCount="2" /> <!-- Sayha Points / Sayha Potion -->
	<item id="72286" count="30" premiumId="49674" premiumCount="2" /> <!-- Sayha Points / XP Scroll -->
	<item id="72286" count="30" premiumId="94269" premiumCount="2" /> <!-- Sayha Points / Boost Attack Scroll -->
	<item id="72286" count="30" premiumId="96729" premiumCount="1" /> <!-- Sayha Points / Einhasad protection -->
	<item id="72286" count="30" premiumId="90907" premiumCount="20" /> <!-- Sayha Points / Soulshot Ticket -->
	<item id="72286" count="30" premiumId="94271" premiumCount="2" /> <!-- Sayha Points / Boost Defense -->
	<item id="72286" count="30" premiumId="3031" premiumCount="2500" /> <!-- Sayha Points / Spirit Ore -->
	<item id="72286" count="30" premiumId="91690" premiumCount="7" /> <!-- Sayha Points / Special Hp Recovery Potion -->
	<item id="72286" count="30" premiumId="91076" premiumCount="2" /> <!-- Sayha Points / Venir Talisman -->
	<item id="72286" count="60" premiumId="93122" premiumCount="1" /> <!-- Sayha Points / LifeStone lvl 2 shield Sigil -->
	<!-- Page 28 -->
	<item id="72286" count="30" premiumId="91641" premiumCount="2" /> <!-- Sayha Points / Sayha Potion -->
	<item id="72286" count="30" premiumId="49674" premiumCount="2" /> <!-- Sayha Points / XP Scroll -->
	<item id="72286" count="30" premiumId="94269" premiumCount="2" /> <!-- Sayha Points / Boost Attack Scroll -->
	<item id="72286" count="30" premiumId="96729" premiumCount="1" /> <!-- Sayha Points / Einhasad protection -->
	<item id="72286" count="30" premiumId="90907" premiumCount="20" /> <!-- Sayha Points / Soulshot Ticket -->
	<item id="72286" count="30" premiumId="94271" premiumCount="2" /> <!-- Sayha Points / Boost Defense -->
	<item id="72286" count="30" premiumId="3031" premiumCount="2500" /> <!-- Sayha Points / Spirit Ore -->
	<item id="72286" count="30" premiumId="91690" premiumCount="7" /> <!-- Sayha Points / Special Hp Recovery Potion -->
	<item id="72286" count="30" premiumId="91076" premiumCount="2" /> <!-- Sayha Points / Venir Talisman -->
	<item id="72286" count="1" premiumId="95716" premiumCount="1" /> <!-- Great Hunter Reward / +3 Cloack Of Protection -->
</list>