<?xml version="1.0" encoding="UTF-8"?>
<list xmlns:xsi="http://www.w3.org/2001/XMLSchema-instance" xsi:noNamespaceSchemaLocation="xsd/PetTypes.xsd">
	<pet id="1" name="Wolf's Secret 1" />
	<pet id="2" name="Wolf's Secret 2" />
	<pet id="3" name="Wolf's Secret 3" />
	<pet id="4" name="Wolf's Secret 4" />
	<pet id="5" name="Wolf's Secret 5" />
	<pet id="6" name="Wolf's Secret 6" />
	<pet id="7" name="Wolf's Secret 7" />
	<pet id="8" name="Wolf's Secret 8" />
	<pet id="9" name="Wolf's Secret 9" />
	<pet id="10" name="Wolf's Secret 10" />
	<pet id="11" name="Strong" skillId="49201" skillLvl="1" />
	<pet id="12" name="Mighty" skillId="49201" skillLvl="2" />
	<pet id="13" name="Powerful" skillId="49201" skillLvl="3" />
	<pet id="14" name="Swift" skillId="49202" skillLvl="1" />
	<pet id="15" name="Quick" skillId="49202" skillLvl="2" />
	<pet id="16" name="Dexterous" skillId="49202" skillLvl="3" />
	<pet id="17" name="Healthy" skillId="49203" skillLvl="1" />
	<pet id="18" name="Enduring" skillId="49203" skillLvl="2" />
	<pet id="19" name="Tough" skillId="49203" skillLvl="3" />
	<pet id="20" name="Clever" skillId="49204" skillLvl="1" />
	<pet id="21" name="Smart" skillId="49204" skillLvl="2" />
	<pet id="22" name="Intelligent" skillId="49204" skillLvl="3" />
	<pet id="23" name="Sharp" skillId="49205" skillLvl="1" />
	<pet id="24" name="Wise" skillId="49205" skillLvl="2" />
	<pet id="25" name="Insightful" skillId="49205" skillLvl="3" />
	<pet id="26" name="Vigorous" skillId="49206" skillLvl="1" />
	<pet id="27" name="Resolute" skillId="49206" skillLvl="2" />
	<pet id="28" name="Strong-spirited" skillId="49206" skillLvl="3" />
	<pet id="29" name="Wolf" />
	<pet id="30" name="Buffalo" />
	<pet id="31" name="Tiger" />
	<pet id="32" name="Kookaburra" />
	<pet id="33" name="Dragon" />
	<pet id="34" name="Thunder Hawk" />
	<pet id="101" name="Woof-woof" />
	<pet id="102" name="Silver Hide" />
	<pet id="103" name="Chun" />
	<pet id="104" name="Watchdog" />
	<pet id="105" name="Red Eye" />
	<pet id="106" name="Robo" />
	<pet id="107" name="Shepherd" />
	<pet id="108" name="Hindo" />
	<pet id="109" name="Mary" />
	<pet id="110" name="Cu Chulainn" />
	<pet id="111" name="Cu Chulainn" />
	<pet id="112" name="Robo" />
	<pet id="113" name="Romulus" />
	<pet id="114" name="Phenyl" />
	<pet id="115" name="Allen" />
	<pet id="116" name="Alexander" />
	<pet id="117" name="Cardiff Wolf" />
	<pet id="118" name="Werewolf" />
	<pet id="119" name="Garum Wolf" />
	<pet id="120" name="Kasha Wolf" />
	<pet id="121" name="Kerope Wolf" />
	<pet id="122" name="Chanlan" />
	<pet id="123" name="Lupine King" />
	<pet id="124" name="Forest Hunter" />
	<pet id="125" name="Blue Wolf" />
	<pet id="126" name="Limonite" />
	<pet id="127" name="Minota" />
	<pet id="128" name="Minota" />
	<pet id="129" name="Thick Skull" />
	<pet id="130" name="Cattle King" />
	<pet id="131" name="Bison" />
	<pet id="132" name="Auroch" />
	<pet id="133" name="Bison" />
	<pet id="134" name="Apis" />
	<pet id="135" name="Charles" />
	<pet id="136" name="Denver" />
	<pet id="137" name="Mathorn" />
	<pet id="138" name="Desert Rogue" />
	<pet id="139" name="Puss" />
	<pet id="140" name="Tigger" />
	<pet id="141" name="Moggy" />
	<pet id="142" name="Kitty" />
	<pet id="143" name="Amos" />
	<pet id="144" name="Sel Mahum" />
	<pet id="145" name="Irene" />
	<pet id="146" name="Marillia" />
	<pet id="147" name="Changun" />
	<pet id="148" name="Dreadful Hunter" />
	<pet id="149" name="Forest Ghost" />
	<pet id="150" name="Beast King" />
	<pet id="151" name="Dark Assassin" />
	<pet id="152" name="Master of the Jungle" />
	<pet id="153" name="Hatchling" />
	<pet id="154" name="Fafnir" />
	<pet id="155" name="Quetzalcoatl" />
	<pet id="156" name="Fafnir" />
	<pet id="157" name="Britra" />
	<pet id="158" name="Python" />
	<pet id="159" name="Baxter" />
	<pet id="160" name="Aydan" />
	<pet id="161" name="Fire Lord" />
	<pet id="162" name="Ancient Dragon" />
	<pet id="163" name="Antharas' Offspring" />
	<pet id="164" name="Lucky Coin: Attack" />
	<pet id="165" name="Condor" />
	<pet id="166" name="Horus" />
	<pet id="167" name="Attila" />
	<pet id="168" name="Lachman" />
	<pet id="169" name="Phoenix" />
	<pet id="170" name="Arvid" />
	<pet id="171" name="Kalan" />
	<pet id="172" name="Roxxy" />
	<pet id="173" name="Condor" />
	<pet id="174" name="Falco Peregrinus" />
	<pet id="175" name="Marsh Harrier" />
	<pet id="176" name="Seer" />
	<pet id="177" name="Sky Lord" />
	<pet id="178" name="Ostrich" />
	<pet id="179" name="Cloud" />
	<pet id="180" name="Andrew" />
	<pet id="181" name="Cloud" />
	<pet id="182" name="Hazel" />
	<pet id="183" name="Pepper" />
	<pet id="184" name="Savannah" />
	<pet id="185" name="Ruffian of Plains" />
	<pet id="186" name="King of Snow Peaks" />
	<pet id="187" name="Salamander" />
	<pet id="188" name="Hawkeye" />
	<pet id="189" name="Tanker" />
	<pet id="190" name="Tom" />
	<pet id="191" name="Andrew" />
	<pet id="192" name="Bartz" />
	<pet id="193" name="Sieghardt" />
	<pet id="194" name="Kain" />
	<pet id="195" name="Liona" />
	<pet id="196" name="Erica" />
	<pet id="197" name="Gustin" />
	<pet id="198" name="Devianne" />
	<pet id="199" name="Hindemith" />
	<pet id="200" name="Teon" />
	<pet id="201" name="Franz" />
	<pet id="202" name="Lunar" />
	<pet id="203" name="Kastien" />
	<pet id="204" name="Irene" />
	<pet id="205" name="Staris" />
	<pet id="206" name="Ceriel" />
	<pet id="207" name="Feyshar" />
	<pet id="208" name="Elwyn" />
	<pet id="209" name="Elikia" />
	<pet id="210" name="Shiken" />
	<pet id="211" name="Scryde" />
	<pet id="212" name="Frikios" />
	<pet id="213" name="Ophilia" />
	<pet id="214" name="Sake Dun" />
	<pet id="215" name="Tazyph" />
	<pet id="216" name="Arian" />
	<pet id="217" name="Asyen" />
	<pet id="218" name="Elcadia" />
	<pet id="219" name="Ian" />
	<pet id="220" name="Seresin" />
	<pet id="221" name="Tarkai" />
	<pet id="222" name="Cardia" />
	<pet id="223" name="Roien" />
	<pet id="224" name="Gallint" />
	<pet id="225" name="Tiat" />
	<pet id="226" name="Nevit" />
	<pet id="227" name="Karan" />
	<pet id="228" name="Tersi" />
	<pet id="229" name="Bremnon" />
	<pet id="230" name="Lionel" />
	<pet id="231" name="Adat" />
	<pet id="232" name="Elizabeth" />
	<pet id="233" name="Wunderkind" />
	<pet id="234" name="Lucky" />
</list>