﻿<?xml version="1.0" encoding="UTF-8"?>
<list xmlns:xsi="http://www.w3.org/2001/XMLSchema-instance" xsi:noNamespaceSchemaLocation="../xsd/buylist.xsd">
	<npcs>
		<npc>30841</npc> <!-- Carson -->
	</npcs>
	<item id="49863" price="24000" /> <!-- Best Dye of STR <STR + 1 CON -3> (3rd Class tranfer) -->
	<item id="49864" price="24000" /> <!-- Best Dye of STR <STR + 1 DEX -3> (3rd Class tranfer) -->
	<item id="49865" price="24000" /> <!-- Best Dye of CON <CON + 1 STR -3> (3rd Class tranfer) -->
	<item id="49866" price="24000" /> <!-- Best Dye of CON <CON + 1 DEX -3> (3rd Class tranfer) -->
	<item id="49867" price="24000" /> <!-- Best Dye of DEX <DEX + 1 STR -3> (3rd Class tranfer) -->
	<item id="49868" price="24000" /> <!-- Best Dye of DEX <DEX + 1 CON -3> (3rd Class tranfer) -->
	<item id="49869" price="24000" /> <!-- Best Dye of INT <INT + 1 MEN -3> (3rd Class tranfer) -->
	<item id="49870" price="24000" /> <!-- Best Dye of INT <INT + 1 WIT -3> (3rd Class tranfer) -->
</list>
