<?xml version="1.0" encoding="UTF-8"?>
<list xmlns:xsi="http://www.w3.org/2001/XMLSchema-instance" xsi:noNamespaceSchemaLocation="../../xsd/buylist.xsd">
	<item id="90" price="0" /> <!-- Goat Head Staff -->
	<item id="178" price="0" /> <!-- Bone Staff -->
	<item id="183" price="0" /> <!-- Mystic Staff -->
	<item id="184" price="0" /> <!-- ConjurorÂ´s Staff -->
	<item id="185" price="0" /> <!-- Staff of Mana -->
	<item id="186" price="0" /> <!-- Staff of Magic -->
	<item id="187" price="0" /> <!-- Atuba Hammer -->
	<item id="188" price="0" /> <!-- Ghost Staff -->
	<item id="190" price="0" /> <!-- Atuba Mace -->
	<item id="93033" price="0" /> <!-- Two-Handed Blunt Weapon of Aden -->
</list>
