<?xml version="1.0" encoding="UTF-8"?>
<list xmlns:xsi="http://www.w3.org/2001/XMLSchema-instance" xsi:noNamespaceSchemaLocation="../../xsd/buylist.xsd">
	<item id="253" price="0" /> <!-- Spiked Gloves -->
	<item id="254" price="0" /> <!-- Iron Gloves -->
	<item id="255" price="0" /> <!-- Fox Claw Gloves -->
	<item id="256" price="0" /> <!-- Cestus -->
	<item id="257" price="0" /> <!-- Viper Fang -->
	<item id="2368" price="0" /> <!-- Training Gloves -->
	<item id="2371" price="0" /> <!-- Fist of Butcher -->
	<item id="91679" price="0" /> <!-- Reinforced Viper Fang -->
</list>
