<?xml version="1.0" encoding="UTF-8"?>
<list xmlns:xsi="http://www.w3.org/2001/XMLSchema-instance" xsi:noNamespaceSchemaLocation="../../xsd/buylist.xsd">
	<item id="10" price="0" /> <!-- Dagger -->
	<item id="11" price="0" /> <!-- Bone Dagger -->
	<item id="12" price="0" /> <!-- Knife -->
	<item id="215" price="0" /> <!-- Doom Dagger -->
	<item id="216" price="0" /> <!-- Dirk -->
	<item id="217" price="0" /> <!-- Shining Knife -->
	<item id="218" price="0" /> <!-- Throwing Knife -->
	<item id="219" price="0" /> <!-- Sword Breaker -->
	<item id="946" price="0" /> <!-- Skeleton Dagger -->
	<item id="989" price="0" /> <!-- Eldritch Dagger -->
	<item id="2372" price="0" /> <!-- Dagger of Adept -->
	<item id="2374" price="0" /> <!-- Red Sunset Dagger -->
	<item id="3471" price="0" /> <!-- Cybellin's Dagger -->
	<item id="91678" price="0" /> <!-- Reinforced Sword Breaker -->
</list>
