<?xml version="1.0" encoding="UTF-8"?>
<list xmlns:xsi="http://www.w3.org/2001/XMLSchema-instance" xsi:noNamespaceSchemaLocation="../xsd/buylist.xsd">
	<npcs>
		<npc>30684</npc> <!-- Viktor -->
	</npcs>
	<item id="176" price="176800" /> <!-- Apprentice's Staff -->
	<item id="310" price="176800" /> <!-- Relic of the Saints -->
	<item id="177" price="317200" /> <!-- Mage Staff -->
	<item id="311" price="317200" /> <!-- Crucifix of Blessing -->
	<item id="100" price="317200" /> <!-- Voodoo Doll -->
	<item id="178" price="531700" /> <!-- Bone Staff -->
	<item id="101" price="531700" /> <!-- Scroll of Wisdom -->
	<item id="7885" price="531700" /> <!-- Priest Sword -->
	<item id="312" price="531700" /> <!-- Branch of Life -->
	<item id="314" price="531700" /> <!-- Proof of Revenge -->
	<item id="179" price="837200" /> <!-- Mace of Prayer -->
	<item id="182" price="837200" /> <!-- Doom Hammer -->
	<item id="183" price="837200" /> <!-- Mystic Staff -->
	<item id="185" price="837200" /> <!-- Staff of Mana -->
	<item id="315" price="837200" /> <!-- Divine Tome -->
	<item id="83" price="930800" /> <!-- Sword of Magic -->
	<item id="143" price="930800" /> <!-- Sword of Mystic -->
	<item id="144" price="930800" /> <!-- Sword of Occult -->
	<item id="238" price="1257100" /> <!-- Dagger of Mana -->
	<item id="239" price="1257100" /> <!-- Mystic Knife -->
	<item id="240" price="1257100" /> <!-- Conjurer's Knife -->
</list>
