<?xml version="1.0" encoding="UTF-8"?>
<list xmlns:xsi="http://www.w3.org/2001/XMLSchema-instance" xsi:noNamespaceSchemaLocation="../xsd/buylist.xsd">
	<npcs>
		<npc>30892</npc>
	</npcs>
	<item id="908" price="14280" /> <!-- Necklace of Wisdom -->
	<item id="845" price="10668" /> <!-- Cat's Eye Earring -->
	<item id="877" price="7104" /> <!-- Ring of Wisdom -->
	<item id="909" price="25560" /> <!-- Blue Diamond Necklace -->
	<item id="846" price="19200" /> <!-- Coral Earring -->
	<item id="878" price="12840" /> <!-- Blue Coral Ring -->
	<item id="910" price="43080" /> <!-- Necklace of Devotion -->
	<item id="847" price="32280" /> <!-- Red Crescent -->
	<item id="890" price="21600" /> <!-- Ring of Devotion -->
	<item id="911" price="68160" /> <!-- Magic Necklace -->
	<item id="848" price="51120" /> <!-- Earring of Magic -->
	<item id="879" price="34080" /> <!-- Ring of Magic -->
	<item id="912" price="102840" /> <!-- Near Forest Necklace -->
	<item id="849" price="77160" /> <!-- Tiger's Eye -->
	<item id="880" price="51360" /> <!-- Black Pearl Ring -->
	<item id="913" price="150000" /> <!-- Elven Necklace -->
	<item id="850" price="112080" /> <!-- Elven Earring -->
	<item id="881" price="74760" /> <!-- Elven Ring -->
</list>
