<?xml version="1.0" encoding="UTF-8"?>
<list xmlns:xsi="http://www.w3.org/2001/XMLSchema-instance" xsi:noNamespaceSchemaLocation="../xsd/buylist.xsd">
	<npcs>
		<npc>31262</npc>
	</npcs>
	<item id="1835" price="8" /> <!-- Soulshot (No-grade) -->
	<item id="2509" price="18" /> <!-- Spiritshot (No-grade) -->
	<item id="3947" price="42" /> <!-- Blessed Spiritshot (No-grade) -->
	<item id="5146" price="13860" /> <!-- Blessed Spiritshot Compressed Package (No-grade) -->
	<item id="5140" price="5940" /> <!-- Spiritshot Compressed Package (No-grade) -->
	<item id="5134" price="2760" /> <!-- Soulshot Compressed Package (No-grade) -->
	<item id="5262" price="46200" /> <!-- Greater Blessed Spiritshot Compressed Package (No-grade) -->
	<item id="5256" price="19800" /> <!-- Greater Spiritshot Compressed Package (No-grade) -->
	<item id="5250" price="9240" /> <!-- Greater Soulshot Compressed Package (No-grade) -->
	<item id="17" price="2" /> <!-- Wooden Arrow -->
	<item id="1341" price="3" /> <!-- Bone Arrow -->
	<item id="1342" price="6" /> <!-- Steel Arrow -->
	<item id="1343" price="8" /> <!-- Silver Arrow -->
	<item id="1060" price="108" /> <!-- Healing Potion -->
	<item id="1061" price="396" /> <!-- Major Healing Potion -->
	<item id="1539" price="1080" /> <!-- Major Healing Potion -->
	<item id="1831" price="90" /> <!-- Antidote -->
	<item id="1832" price="216" /> <!-- Greater Antidote -->
	<item id="1833" price="90" /> <!-- Bandage -->
	<item id="1834" price="216" /> <!-- Emergency Dressing -->
	<item id="734" price="1440" /> <!-- Wind Walk Potion -->
	<item id="735" price="2880" /> <!-- Haste Potion -->
	<item id="6035" price="2880" /> <!-- Magic Haste Potion -->
	<item id="6037" price="120" /> <!-- Cancel Sleep Scroll -->
	<item id="736" price="480" /> <!-- Scroll of Escape -->
	<item id="737" price="2400" /> <!-- Scroll of Resurrection -->
	<item id="1829" price="600" /> <!-- Scroll of Escape : Clan Hall -->
	<item id="1830" price="600" /> <!-- Scroll of Escape : Castle -->
	<item id="3031" price="480" /> <!-- Spirit Ore -->
	<item id="1785" price="300" /> <!-- Soulstone -->
	<item id="5589" price="120" /> <!-- Momentum Stone -->
	<item id="1661" price="1200" /> <!-- Thief Key -->
	<item id="5192" price="120" /> <!-- Magic Rope (D-grade) -->
	<item id="5193" price="180" /> <!-- Magic Rope (C-grade) -->
	<item id="5194" price="300" /> <!-- Magic Rope (B-grade) -->
	<item id="2130" price="1200" /> <!-- Gemstone (D-grade) -->
	<item id="2131" price="3600" /> <!-- Gemstone (C-grade) -->
	<item id="2132" price="12000" /> <!-- Gemstone (B-grade) -->
	<item id="4679" price="600" /> <!-- Eva's Blessing -->
</list>
