<?xml version="1.0" encoding="UTF-8"?>
<list baseTax="50" xmlns:xsi="http://www.w3.org/2001/XMLSchema-instance" xsi:noNamespaceSchemaLocation="../xsd/buylist.xsd">
	<npcs>
		<npc>31366</npc> <!-- Feed Seller -->
	</npcs>
	<item id="15474" /> <!-- Golden Spice -->
	<item id="15475" /> <!-- Crystal Spice -->
	<item id="15482" /> <!-- Golden Spice Crate -->
	<item id="15483" /> <!-- Crystal Spice Compressed Pack -->
	<item id="736" /> <!-- Scroll of Escape -->
	<item id="8599" /> <!-- Scroll: Recovery (Grade S) -->
</list>
