<?xml version="1.0" encoding="UTF-8"?>
<list baseTax="50" xmlns:xsi="http://www.w3.org/2001/XMLSchema-instance" xsi:noNamespaceSchemaLocation="../xsd/buylist.xsd">
	<npcs>
		<npc>32105</npc> <!-- Dinn -->
	</npcs>
	<item id="736" /> <!-- Scroll of Escape -->
	<item id="737" /> <!-- Scroll of Resurrection -->
	<item id="734" /> <!-- Haste Potion -->
	<item id="735" /> <!-- Alacrity Potion -->
	<item id="1831" /> <!-- Antidote -->
	<item id="1833" /> <!-- Bandage -->
	<item id="1061" /> <!-- Greater Healing Potion -->
	<item id="8786" /> <!-- Primeval Potion -->
	<item id="8598" /> <!-- Scroll: Recovery (Grade A) -->
	<item id="8599" /> <!-- Scroll: Recovery (Grade S) -->
	<item id="8615" /> <!-- Summoning Crystal -->
</list>
