<?xml version="1.0" encoding="UTF-8"?>
<list baseTax="20" xmlns:xsi="http://www.w3.org/2001/XMLSchema-instance" xsi:noNamespaceSchemaLocation="../xsd/buylist.xsd">
	<npcs>
		<npc>35365</npc> <!-- Rowell -->
	</npcs>
	<item id="6779" /> <!-- Mercenary Posting Ticket (Sword/Stationary) -->
	<item id="6780" /> <!-- Mercenary Posting Ticket (Spear/Stationary) -->
	<item id="6781" /> <!-- Mercenary Posting Ticket (Bow/Stationary) -->
	<item id="6782" /> <!-- Mercenary Posting Ticket (Cleric/Stationary) -->
	<item id="6783" /> <!-- Mercenary Posting Ticket (Wizard/Stationary) -->
	<item id="6784" /> <!-- Mercenary Posting Ticket (Sword/Mobile) -->
	<item id="6785" /> <!-- Mercenary Posting Ticket (Spear/Mobile) -->
	<item id="6786" /> <!-- Mercenary Posting Ticket (Bow/Mobile) -->
	<item id="6787" /> <!-- Mercenary Posting Ticket (Cleric/Mobile) -->
	<item id="6788" /> <!-- Mercenary Posting Ticket (Wizard/Mobile) -->
</list>
