<?xml version="1.0" encoding="UTF-8"?>
<list baseTax="10" xmlns:xsi="http://www.w3.org/2001/XMLSchema-instance" xsi:noNamespaceSchemaLocation="../xsd/buylist.xsd">
	<npcs>
		<npc>35394</npc> <!-- Kalis -->
	</npcs>
	<item id="6902" /> <!-- Pledge Shield -->
	<item id="1829" count="5" restock_delay="60" /> <!-- Scroll of Escape: Clan Hall -->
	<item id="5858" count="1" restock_delay="60" /> <!-- Blessed Scroll of Escape: Clan Hall -->
	<item id="5169" count="10" restock_delay="60" /> <!-- Deluxe Strider Food -->
	<item id="7130" count="1" restock_delay="60" /> <!-- Scroll of Escape: Ivory Tower -->
	<item id="7127" count="1" restock_delay="60" /> <!-- Scroll of Escape: Hardin's Academy -->
	<item id="7583" count="1" restock_delay="120" /> <!-- Pet Coupon: Buffalo -->
	<item id="6927" count="1" restock_delay="60" /> <!-- Recipe: Major Healing Potion -->
	<item id="6933" count="1" restock_delay="60" /> <!-- Recipe: Wind Walk Potion -->
	<item id="6934" count="1" restock_delay="60" /> <!-- Recipe: Haste Potion -->
	<item id="6930" count="1" restock_delay="60" /> <!-- Recipe: Greater Antidote -->
	<item id="6932" count="1" restock_delay="60" /> <!-- Recipe: Emergency Dressing -->
	<item id="6937" count="1" restock_delay="60" /> <!-- Recipe: Magic Haste Potion -->
	<item id="6922" count="1" restock_delay="60" /> <!-- Recipe: Party Mask -->
	<item id="6923" count="1" restock_delay="60" /> <!-- Recipe: Lady's Hairpin -->
	<item id="6943" count="1" restock_delay="60" /> <!-- Recipe: Dye Potion - A -->
	<item id="6944" count="1" restock_delay="60" /> <!-- Recipe: Dye Potion - B -->
	<item id="6945" count="1" restock_delay="60" /> <!-- Recipe: Dye Potion - C -->
	<item id="6946" count="1" restock_delay="60" /> <!-- Recipe: Dye Potion - D -->
	<item id="6966" count="1" restock_delay="60" /> <!-- Recipe: Greater STR Dye (STR + 1 CON - 1) -->
	<item id="6967" count="1" restock_delay="60" /> <!-- Recipe: Greater STR Dye (STR + 1 DEX - 1) -->
	<item id="6968" count="1" restock_delay="60" /> <!-- Recipe: Greater CON Dye (Con + 1 Str - 1) -->
	<item id="6969" count="1" restock_delay="60" /> <!-- Recipe: Greater CON Dye (Con + 1 DEX - 1) -->
	<item id="6970" count="1" restock_delay="60" /> <!-- Recipe: Greater DEX Dye (Dex + 1 Str - 1) -->
	<item id="6971" count="1" restock_delay="60" /> <!-- Recipe: Greater DEX Dye (Dex + 1 CON - 1) -->
	<item id="6972" count="1" restock_delay="60" /> <!-- Recipe: Greater INT Dye (Int + 1 Men - 1) -->
	<item id="6973" count="1" restock_delay="60" /> <!-- Recipe: Greater INT Dye (Int + 1 Wit - 1) -->
	<item id="6974" count="1" restock_delay="60" /> <!-- Recipe: Greater MEN Dye (Men + 1 Int - 1) -->
	<item id="6975" count="1" restock_delay="60" /> <!-- Recipe: Greater MEN Dye (Men + 1 Wit - 1) -->
	<item id="6976" count="1" restock_delay="60" /> <!-- Recipe: Greater WIT Dye (Wit + 1 Int - 1) -->
	<item id="6977" count="1" restock_delay="60" /> <!-- Recipe: Greater WIT Dye (Wit + 1 Men - 1) -->
	<item id="8643" count="1" restock_delay="120" /> <!-- Recipe: Elixir of Life (B-grade) -->
	<item id="8648" count="1" restock_delay="120" /> <!-- Recipe: Elixir of Mind (C-grade) -->
	<item id="9898" count="1" restock_delay="480" /> <!-- SP Scroll (Top-grade) -->
	<item id="952" count="1" restock_delay="120" /> <!-- Scroll: Enchant Armor (C-grade) -->
</list>
