<?xml version="1.0" encoding="UTF-8"?>
<list baseTax="10" xmlns:xsi="http://www.w3.org/2001/XMLSchema-instance" xsi:noNamespaceSchemaLocation="../xsd/buylist.xsd">
	<npcs>
		<npc>35405</npc> <!-- Flynn -->
	</npcs>
	<item id="6902" /> <!-- Pledge Shield -->
	<item id="1829" count="5" restock_delay="60" /> <!-- Scroll of Escape: Clan Hall -->
	<item id="5858" count="1" restock_delay="60" /> <!-- Blessed Scroll of Escape: Clan Hall -->
	<item id="5169" count="10" restock_delay="60" /> <!-- Deluxe Strider Food -->
	<item id="7128" count="1" restock_delay="60" /> <!-- Scroll of Escape: Heine -->
	<item id="7131" count="1" restock_delay="60" /> <!-- Scroll of Escape: Hunter's Village -->
	<item id="7585" count="1" restock_delay="120" /> <!-- Pet Coupon: Kookaburra -->
	<item id="6926" count="1" restock_delay="60" /> <!-- Recipe: Healing Potion -->
	<item id="6929" count="1" restock_delay="60" /> <!-- Recipe: Antidote -->
	<item id="6931" count="1" restock_delay="60" /> <!-- Recipe: Bandage -->
	<item id="7691" count="1" restock_delay="60" /> <!-- Recipe: Maiden's Hairpin -->
	<item id="6925" count="1" restock_delay="60" /> <!-- Recipe: Monocle -->
	<item id="6940" count="1" restock_delay="60" /> <!-- Recipe: Facelifting Potion - A -->
	<item id="6941" count="1" restock_delay="60" /> <!-- Recipe: Facelifting Potion - B -->
	<item id="6942" count="1" restock_delay="60" /> <!-- Recipe: Facelifting Potion - C -->
	<item id="6954" count="1" restock_delay="60" /> <!-- Recipe: STR Dye (STR + 1 CON - 1) -->
	<item id="6955" count="1" restock_delay="60" /> <!-- Recipe: STR Dye (STR + 1 DEX - 1) -->
	<item id="6956" count="1" restock_delay="60" /> <!-- Recipe: CON Dye (Con + 1 Str - 1) -->
	<item id="6957" count="1" restock_delay="60" /> <!-- Recipe: CON Dye (Con + 1 DEX - 1) -->
	<item id="6958" count="1" restock_delay="60" /> <!-- Recipe: DEX Dye (Dex + 1 Str - 1) -->
	<item id="6959" count="1" restock_delay="60" /> <!-- Recipe: DEX Dye (Dex + 1 CON - 1) -->
	<item id="6960" count="1" restock_delay="60" /> <!-- Recipe: INT Dye (Int + 1 Men - 1) -->
	<item id="6961" count="1" restock_delay="60" /> <!-- Recipe: INT Dye (Int + 1 Wit - 1) -->
	<item id="6962" count="1" restock_delay="60" /> <!-- Recipe: MEN Dye (Men + 1 Int - 1) -->
	<item id="6963" count="1" restock_delay="60" /> <!-- Recipe: MEN Dye (Men + 1 Wit - 1) -->
	<item id="6964" count="1" restock_delay="60" /> <!-- Recipe: WIT Dye (Wit + 1 Int - 1) -->
	<item id="6965" count="1" restock_delay="60" /> <!-- Recipe: WIT Dye (Wit + 1 Men - 1) -->
	<item id="8643" count="1" restock_delay="120" /> <!-- Recipe: Elixir of Life (B-grade) -->
	<item id="8648" count="1" restock_delay="120" /> <!-- Recipe: Elixir of Mind (C-grade) -->
	<item id="9898" count="1" restock_delay="480" /> <!-- SP Scroll (Top-grade) -->
	<item id="952" count="1" restock_delay="120" /> <!-- Scroll: Enchant Armor (C-grade) -->
</list>
