<?xml version="1.0" encoding="UTF-8"?>
<list baseTax="10" xmlns:xsi="http://www.w3.org/2001/XMLSchema-instance" xsi:noNamespaceSchemaLocation="../xsd/buylist.xsd">
	<npcs>
		<npc>35449</npc> <!-- DiMaggio -->
	</npcs>
	<item id="6902" /> <!-- Pledge Shield -->
	<item id="1829" count="5" restock_delay="60" /> <!-- Scroll of Escape: Clan Hall -->
	<item id="5858" count="3" restock_delay="60" /> <!-- Blessed Scroll of Escape: Clan Hall -->
	<item id="5169" count="10" restock_delay="60" /> <!-- Deluxe Strider Food -->
	<item id="7134" count="1" restock_delay="60" /> <!-- Scroll of Escape: Town of Rune -->
	<item id="7126" count="1" restock_delay="60" /> <!-- Scroll of Escape: Town of Giran -->
	<item id="7584" count="1" restock_delay="120" /> <!-- Pet Coupon: Cougar -->
	<item id="6928" count="1" restock_delay="60" /> <!-- Recipe: Major Healing Potion -->
	<item id="6935" count="1" restock_delay="60" /> <!-- Recipe: Greater Wind Walk Potion -->
	<item id="6936" count="1" restock_delay="60" /> <!-- Recipe: Greater Haste Potion -->
	<item id="6938" count="1" restock_delay="60" /> <!-- Recipe: Greater Magic Haste Potion -->
	<item id="8371" count="1" restock_delay="60" /> <!-- Recipe: Little Angel Wings -->
	<item id="7691" count="1" restock_delay="60" /> <!-- Recipe: Maiden's Hairpin -->
	<item id="6947" count="1" restock_delay="60" /> <!-- Recipe: Hair Style Change Potion - A -->
	<item id="6948" count="1" restock_delay="60" /> <!-- Recipe: Hair Style Change Potion - B -->
	<item id="6949" count="1" restock_delay="60" /> <!-- Recipe: Hair Style Change Potion - C -->
	<item id="6950" count="1" restock_delay="60" /> <!-- Recipe: Hair Style Change Potion - D -->
	<item id="6951" count="1" restock_delay="60" /> <!-- Recipe: Hair Style Change Potion - E -->
	<item id="6952" count="1" restock_delay="60" /> <!-- Recipe: Hair Style Change Potion - F -->
	<item id="6953" count="1" restock_delay="60" /> <!-- Recipe: Hair Style Change Potion - G -->
	<item id="7002" count="1" restock_delay="60" /> <!-- Recipe: Greater STR Dye (STR + 4 CON - 4) -->
	<item id="7003" count="1" restock_delay="60" /> <!-- Recipe: Greater STR Dye (STR + 4 DEX - 4) -->
	<item id="7004" count="1" restock_delay="60" /> <!-- Recipe: Greater CON Dye (Con + 4 Str - 4) -->
	<item id="7005" count="1" restock_delay="60" /> <!-- Recipe: Greater CON Dye (Con + 4 DEX - 4) -->
	<item id="7006" count="1" restock_delay="60" /> <!-- Recipe: Greater DEX Dye (Dex + 4 Str - 4) -->
	<item id="7007" count="1" restock_delay="60" /> <!-- Recipe: Greater DEX Dye (Dex + 4 CON - 4) -->
	<item id="7008" count="1" restock_delay="60" /> <!-- Recipe: Greater INT Dye (Int + 4 Men - 4) -->
	<item id="7009" count="1" restock_delay="60" /> <!-- Recipe: Greater INT Dye (Int + 4 Wit - 4) -->
	<item id="7010" count="1" restock_delay="60" /> <!-- Recipe: Greater MEN Dye (Men + 4 Int - 4) -->
	<item id="7011" count="1" restock_delay="60" /> <!-- Recipe: Greater MEN Dye (Men + 4 Wit - 4) -->
	<item id="7012" count="1" restock_delay="60" /> <!-- Recipe: Greater WIT Dye (Wit + 4 Int - 4) -->
	<item id="7013" count="1" restock_delay="60" /> <!-- Recipe: Greater WIT Dye (Wit + 4 Men - 4) -->
	<item id="8644" count="1" restock_delay="120" /> <!-- Recipe: Elixir of Life (A-grade) -->
	<item id="8650" count="1" restock_delay="120" /> <!-- Recipe: Elixir of Mind (A-grade) -->
	<item id="9898" count="1" restock_delay="480" /> <!-- SP Scroll (Top-grade) -->
	<item id="948" count="1" restock_delay="240" /> <!-- Scroll: Enchant Armor (B-grade) -->
	<item id="730" count="1" restock_delay="360" /> <!-- Scroll: Enchant Armor (A-grade) -->
</list>
