<?xml version="1.0" encoding="UTF-8"?>
<list baseTax="10" xmlns:xsi="http://www.w3.org/2001/XMLSchema-instance" xsi:noNamespaceSchemaLocation="../xsd/buylist.xsd">
	<npcs>
		<npc>35461</npc> <!-- Aida -->
	</npcs>
	<item id="6902" /> <!-- Pledge Shield -->
	<item id="1829" count="5" restock_delay="60" /> <!-- Scroll of Escape: Clan Hall -->
	<item id="5858" count="3" restock_delay="60" /> <!-- Blessed Scroll of Escape: Clan Hall -->
	<item id="5169" count="10" restock_delay="60" /> <!-- Deluxe Strider Food -->
	<item id="7129" count="1" restock_delay="60" /> <!-- Scroll of Escape: Town of Oren -->
	<item id="7126" count="1" restock_delay="60" /> <!-- Scroll of Escape: Town of Giran -->
	<item id="8643" count="1" restock_delay="120" /> <!-- Recipe: Elixir of Life (B-grade) -->
	<item id="8649" count="1" restock_delay="120" /> <!-- Recipe: Elixir of Mind (B-grade) -->
</list>
