<?xml version="1.0" encoding="UTF-8"?>
<list xmlns:xsi="http://www.w3.org/2001/XMLSchema-instance" xsi:noNamespaceSchemaLocation="../../xsd/buylist.xsd">
	<item id="274" price="0" /> <!-- Reinforced Bow -->
	<item id="277" price="0" /> <!-- Dark Elven Bow -->
	<item id="276" price="0" /> <!-- Elven Bow -->
	<item id="275" price="0" /> <!-- Long Bow -->
	<item id="278" price="0" /> <!-- Gastraphetes -->
	<item id="279" price="0" /> <!-- Reinforced Long Bow -->
	<item id="280" price="0" /> <!-- Light Crossbow -->
	<item id="1341" price="0" /> <!-- Bone Arrow -->
</list>
